216
0 0.4999999999999999 0.4999999999999999 0.4999999999999999 -0.0 -0.0 -0.0 0.4999999999999999 0.4999999999999999 0.4999999999999999 -3.0 0.5 0.5 0.5 -0.0 -0.0 -0.0 -0.9999999999999998 -0.9999999999999998 -0.9999999999999998 2.220446049250313e-16 3.3306690738754696e-16 3.3306690738754696e-16 0.49999999999999983 0.4999999999999998 0.4999999999999998 1.0000000000000004 1.0000000000000007 1.0000000000000004 0.5000000000000002 0.5000000000000002 0.5000000000000002 0.4999999999999998 0.4999999999999998 0.4999999999999998 -0.9999999999999998 -0.9999999999999998 -0.9999999999999998 -0.9999999999999998 -0.9999999999999998 -0.9999999999999998 0.5000000000000007 0.5000000000000007 0.5000000000000006 0.4999999999999999 0.49999999999999983 0.49999999999999983 0.49999999999999983 0.49999999999999983 0.4999999999999998 0.5000000000000002 0.5000000000000002 0.5000000000000002 -0.0 -0.0 -0.0 0.4999999999999997 0.4999999999999998 0.4999999999999998 0.49999999999999967 0.49999999999999967 0.49999999999999967 0.49999999999999967 0.49999999999999967 0.49999999999999967 -0.0 -1.0000000000000002 -1.0000000000000002 -1.0000000000000002 1.0000000000000002 1.0000000000000002 1.0000000000000002 -1.0000000000000002 -1.0000000000000002 -1.0000000000000002 -0.9999999999999999 -0.9999999999999999 -0.9999999999999999 -1.0 -1.0 -1.0 0.5000000000000001 0.5000000000000001 0.5000000000000001 0.49999999999999956 0.49999999999999956 0.49999999999999956 0.5000000000000001 0.5000000000000001 0.5 -0.0 -0.0 -0.0 -0.0 0.5000000000000011 0.5000000000000011 0.5000000000000011 0.49999999999999917 0.4999999999999992 0.4999999999999992 -1.0 -1.0 -1.0 -1.0 -1.0 -1.0 0.5 0.5 0.5 -4.440892098500626e-16 -4.440892098500626e-16 -4.440892098500626e-16 0.49999999999999967 0.4999999999999997 0.49999999999999967 0.5000000000000003 0.5000000000000003 0.5000000000000002 0.5000000000000003 0.5000000000000004 0.5000000000000004 0.49999999999999933 0.49999999999999933 0.4999999999999993 -0.5000000000000013 -0.5000000000000013 -0.5000000000000013 -0.5000000000000004 -0.5000000000000004 -0.9999999999999999 -0.9999999999999999 -0.9999999999999999 -0.9999999999999999 0.5000000000000004 0.5000000000000004 0.5000000000000001 0.5000000000000001 0.5 0.5 0.4999999999999994 -1.0 -1.0 0.4999999999999994 0.49999999999999944 -0.49999999999999983 -0.4999999999999998 0.4999999999999999 0.4999999999999999 -0.5000000000000008 0.5000000000000009 -1.0 -0.9999999999999999 -1.0000000000000004 -1.0 -1.0000000000000004 -1.0000000000000004 0.5000000000000001 0.5000000000000002 0.5000000000000001 0.5000000000000001 0.5000000000000001 0.500000000000001 0.500000000000001 1.0000000000000004 1.0000000000000004 0.5 -1.0 -1.0000000000000002 -1.0000000000000002 -1.0000000000000002 -1.0000000000000002 0.4999999999999998 0.4999999999999998 0.5000000000000003 1.5000000000000009 0.49999999999999967 0.49999999999999967 0.5 -1.0 -1.0000000000000002 -1.0000000000000002 -1.0000000000000004 -0.9999999999999999 0.5 -0.4999999999999994 -1.0 0.4999999999999999 -0.5000000000000004 -0.5000000000000004 0.500000000000001 0.49999999999999994 -1.0000000000000004 -1.0000000000000004 1.0000000000000002 1.114362908377419e-16 -1.0000000000000004 1.4999999999999998 -0.0 0.49999999999999956 0.49999999999999956 0.5000000000000001 0.5000000000000001 -0.9999999999999998 0.500000000000001 0.5 0.49999999999999994 -0.5000000000000004 -0.0 0.4999999999999994 -0.5000000000000001 -0.5 -0.5 -0.5 -0.5000000000000001 -0.5000000000000001 0.5000000000000011
0 0.8660254037844386 0.8660254037844386 0.8660254037844386 -0.0 -0.0 -0.0 0.8660254037844386 0.8660254037844386 0.8660254037844386 -0.0 -0.8660254037844382 -0.866025403784438 -0.8660254037844382 -0.0 -0.0 -0.0 5.551115123125783e-17 5.551115123125783e-17 1.1102230246251565e-16 2.7755575615628914e-16 3.3306690738754696e-16 2.220446049250313e-16 -0.8660254037844388 -0.8660254037844388 -0.8660254037844386 3.1589169742449165e-16 3.1589169742449165e-16 3.1589169742449165e-16 0.8660254037844385 0.8660254037844384 0.8660254037844385 -0.8660254037844387 -0.8660254037844387 -0.8660254037844387 -0.0 -0.0 -0.0 -1.1102230246251565e-16 -1.1102230246251565e-16 -1.1102230246251565e-16 0.8660254037844384 0.8660254037844384 0.8660254037844384 -0.8660254037844394 -0.8660254037844394 -0.8660254037844394 -0.8660254037844393 -0.8660254037844393 -0.8660254037844392 0.8660254037844385 0.8660254037844384 0.8660254037844385 -0.0 -0.0 -0.0 -0.8660254037844387 -0.8660254037844386 -0.8660254037844386 -0.8660254037844385 -0.8660254037844385 -0.8660254037844385 -0.8660254037844385 -0.8660254037844385 -0.8660254037844385 -0.0 1.1657341758564144e-15 1.1657341758564144e-15 1.2212453270876722e-15 -1.942890293094024e-16 -1.942890293094024e-16 -1.942890293094024e-16 2.220446049250313e-16 2.220446049250313e-16 2.220446049250313e-16 1.1102230246251565e-16 5.551115123125783e-17 5.551115123125783e-17 1.1102230246251565e-16 1.1102230246251565e-16 1.1102230246251565e-16 0.8660254037844388 0.8660254037844388 0.8660254037844388 -0.8660254037844386 -0.8660254037844386 -0.8660254037844386 -0.8660254037844394 -0.8660254037844394 -0.8660254037844394 -0.0 -0.0 -0.0 -0.0 0.8660254037844388 0.8660254037844388 0.8660254037844388 0.8660254037844384 0.8660254037844384 0.8660254037844382 2.220446049250313e-16 2.220446049250313e-16 2.220446049250313e-16 2.220446049250313e-16 2.220446049250313e-16 2.220446049250313e-16 0.866025403784438 0.8660254037844379 0.8660254037844382 6.661338147750939e-16 6.661338147750939e-16 6.661338147750939e-16 -0.8660254037844388 -0.8660254037844388 -0.8660254037844388 0.8660254037844385 0.8660254037844385 0.8660254037844385 0.8660254037844385 0.8660254037844384 0.8660254037844384 -0.8660254037844393 -0.8660254037844393 -0.866025403784439 -0.8660254037844387 -0.8660254037844387 -0.8660254037844387 -0.8660254037844384 -0.8660254037844384 1.1102230246251565e-16 1.1102230246251565e-16 1.1102230246251565e-16 1.1102230246251565e-16 0.8660254037844388 0.8660254037844388 -0.8660254037844386 -0.8660254037844385 0.8660254037844386 0.8660254037844385 -0.8660254037844393 4.996003610813204e-16 4.440892098500626e-16 -0.8660254037844393 -0.8660254037844393 0.8660254037844392 0.8660254037844392 0.8660254037844386 0.8660254037844385 -0.8660254037844384 0.8660254037844385 3.3306690738754696e-16 3.3306690738754696e-16 6.106226635438361e-16 2.7755575615628914e-16 8.326672684688674e-16 8.881784197001252e-16 0.8660254037844386 0.8660254037844386 -0.8660254037844388 -0.8660254037844388 -0.8660254037844388 0.8660254037844385 0.8660254037844385 -1.1952864270591845e-15 -1.1952864270591843e-15 -0.866025403784439 -0.0 5.551115123125783e-16 5.551115123125783e-16 6.661338147750939e-16 6.661338147750939e-16 -0.8660254037844395 -0.8660254037844395 -0.8660254037844382 2.598076211353315 -0.8660254037844389 -0.8660254037844389 0.8660254037844386 3.3306690738754696e-16 4.440892098500626e-16 3.885780586188048e-16 7.771561172376096e-16 1.1102230246251565e-16 0.8660254037844384 0.8660254037844392 5.551115123125783e-16 0.8660254037844386 -0.8660254037844386 -0.8660254037844386 0.8660254037844385 -0.8660254037844385 -1.1102230246251565e-16 -1.1102230246251565e-16 -1.2490009027033011e-15 2.369187730683687e-16 8.881784197001252e-16 -2.598076211353316 -0.0 -0.8660254037844384 -0.8660254037844384 0.8660254037844382 0.8660254037844382 2.7755575615628914e-16 0.8660254037844383 0.8660254037844379 0.866025403784438 -0.8660254037844387 -0.0 -0.8660254037844384 0.8660254037844389 0.8660254037844389 0.8660254037844389 0.8660254037844389 0.8660254037844389 0.8660254037844389 0.8660254037844386
90 152 140 141 109 110 111 181 167 168 0 101 102 100 21 22 20 169 170 178 93 91 92 114 112 113 28 26 27 3 1 2 189 161 162 177 156 157 121 122 123 87 88 89 18 19 17 185 179 180 81 82 83 6 4 5 11 12 13 62 63 64 117 115 116 207 183 137 138 125 126 124 9 7 8 39 40 38 35 36 37 85 86 84 52 50 51 135 136 139 10 14 15 16 23 24 25 33 34 32 58 56 57 203 200 201 147 186 146 54 55 53 95 96 94 60 61 59 215 204 205 77 75 76 211 212 213 164 193 142 143 130 182 66 67 41 42 134 149 43 31 29 166 131 127 128 192 195 163 68 158 159 30 160 103 104 79 80 190 175 176 97 98 184 144 132 129 74 72 46 44 47 48 49 65 151 153 78 45 172 173 73 165 133 148 171 191 206 187 99 150 107 108 145 196 106 197 194 119 120 155 202 105 154 198 199 188 174 118 214 209 71 69 70 210 208 
141 212 26 163 142 140 41 66 112 183 1 14 0 111 135 2 129 157 156 32 43 152 165 117 19 178 11 100 57 28 127 126 185 81 172 85 83 168 192 18 146 164 125 188 35 37 97 137 122 39 114 23 123 3 136 130 4 92 10 177 150 153 160 159 80 42 186 115 60 101 120 105 25 67 134 147 45 106 7 82 50 113 75 96 95 38 24 211 206 184 31 131 88 29 17 63 46 48 51 180 20 90 55 109 16 65 151 34 33 30 89 132 44 61 170 36 175 190 6 93 196 169 191 107 58 204 200 205 102 209 144 214 193 116 108 187 128 62 195 70 145 71 148 213 201 118 158 161 155 64 181 9 27 49 174 5 74 52 167 179 72 47 173 198 56 210 69 149 138 78 162 76 68 40 139 8 73 86 79 121 133 94 124 59 13 77 189 104 203 84 171 176 99 103 166 98 182 143 54 21 207 53 91 22 197 110 202 87 194 215 199 208 154 12 119 15 
152 164 213 27 42 143 141 137 67 113 2 109 15 0 130 136 3 33 177 157 142 41 140 169 115 17 58 12 101 124 26 128 173 179 82 181 86 81 147 195 19 206 193 126 98 36 35 40 138 123 121 112 24 182 1 139 10 5 93 150 156 151 78 158 160 43 61 146 116 103 102 118 149 23 68 107 186 46 51 8 83 94 114 76 25 96 39 144 212 187 29 30 132 89 44 18 64 185 49 52 53 21 90 65 110 14 34 153 32 166 31 87 178 45 59 175 37 176 196 4 91 108 170 192 201 56 205 202 215 125 210 70 209 62 117 71 188 60 63 148 28 184 214 127 11 203 161 159 100 106 47 167 69 7 92 174 84 72 73 168 180 85 48 104 199 211 163 95 133 80 79 38 77 66 135 172 9 50 189 75 122 183 145 191 119 134 162 154 105 171 74 99 190 57 131 97 129 165 194 55 20 207 6 54 16 197 200 88 22 120 204 13 198 155 208 111 
140 28 193 211 152 43 165 114 138 68 3 0 110 16 1 182 139 177 34 156 141 143 42 18 170 116 102 56 13 148 125 27 83 171 180 82 167 84 17 186 191 124 187 163 36 99 37 121 38 183 25 122 113 135 129 2 91 10 6 153 151 157 158 79 159 41 117 59 147 119 104 100 66 133 24 44 108 146 81 52 9 77 95 112 40 23 94 188 145 213 30 87 31 166 62 45 19 50 179 47 90 54 22 15 65 111 33 32 150 88 131 29 60 169 46 190 176 35 92 196 5 195 106 178 215 203 57 101 154 184 126 164 71 107 63 127 69 192 61 206 70 26 212 209 120 12 189 162 204 115 8 48 144 168 4 93 51 85 185 74 181 172 86 58 105 128 210 137 96 161 78 67 39 75 136 72 173 73 80 149 76 134 214 64 200 123 160 201 155 49 7 98 97 208 132 175 130 142 20 194 55 21 174 207 109 14 103 89 53 198 118 202 11 199 205 197 
111 136 1 129 93 92 91 49 82 73 4 201 100 208 65 0 197 178 63 146 207 90 194 67 123 95 127 163 145 31 131 89 33 157 151 97 37 175 76 24 137 152 142 42 17 61 106 181 173 51 86 7 180 20 22 21 204 103 11 170 62 186 116 195 46 109 40 112 134 27 214 187 52 167 171 121 96 68 160 162 78 168 172 50 74 47 83 132 87 29 55 196 174 10 113 149 38 98 35 176 155 57 120 101 198 203 64 147 169 14 16 15 23 183 75 19 60 108 105 13 215 114 133 39 28 209 188 213 126 182 135 166 88 138 77 139 2 66 122 130 165 41 43 140 211 124 115 192 70 25 177 153 141 34 104 12 150 32 159 161 80 158 189 69 212 143 30 9 179 117 191 84 8 185 5 36 190 156 44 81 72 85 3 94 71 48 45 184 128 79 99 59 107 125 54 18 6 110 154 56 202 58 205 118 199 200 164 53 119 193 144 210 206 26 148 102 
109 130 139 2 92 91 93 74 47 83 5 198 203 101 197 65 0 147 169 64 194 207 90 96 68 121 184 128 164 87 29 132 153 34 177 176 98 35 138 77 25 43 140 143 107 18 59 52 167 171 185 84 8 22 21 20 12 205 104 146 178 63 44 117 191 110 149 38 113 188 28 209 172 50 168 66 122 94 79 158 189 51 181 173 81 72 48 30 166 88 53 10 196 174 39 114 133 190 99 36 118 202 58 200 102 199 170 62 186 16 15 14 76 24 137 106 17 61 204 103 11 40 112 134 206 26 210 71 211 1 129 31 131 23 183 182 135 95 67 3 152 142 165 41 69 212 46 116 124 75 32 156 42 150 215 105 157 151 78 160 162 80 159 126 70 141 89 86 7 45 115 179 85 9 6 97 37 33 192 49 82 180 136 123 125 73 195 193 144 161 175 19 60 213 55 108 4 111 120 155 119 154 13 56 100 208 148 54 57 127 163 27 214 187 145 201 
110 3 182 135 91 93 92 81 72 48 6 102 199 200 0 197 65 62 186 170 90 194 207 122 94 66 193 144 148 166 88 30 156 150 32 36 190 99 23 183 75 165 41 141 60 108 19 172 50 168 9 179 85 21 20 22 105 13 215 64 147 169 192 45 115 111 114 133 39 210 206 26 181 173 51 95 67 123 161 80 159 171 52 167 49 82 73 89 31 131 54 174 10 196 134 40 112 37 175 97 56 119 154 208 201 100 146 178 63 15 14 16 138 77 25 59 107 18 12 205 104 149 38 113 214 187 27 125 69 139 2 87 29 76 24 1 129 121 96 136 43 140 152 142 126 70 191 44 212 137 151 33 143 157 11 204 34 177 189 79 158 162 78 211 124 42 132 185 84 195 46 7 180 86 4 176 98 153 116 74 47 8 130 68 213 83 117 127 163 160 35 106 17 71 53 61 5 109 58 118 57 120 103 155 203 101 145 55 202 184 128 188 28 209 164 198 
168 36 161 33 172 181 52 214 126 127 7 112 40 39 185 86 9 53 0 91 173 50 167 43 136 166 61 63 117 34 98 80 100 120 205 155 215 200 1 131 142 159 32 175 109 10 22 213 148 188 128 26 70 8 85 180 76 25 77 92 55 197 4 194 14 51 2 30 42 17 62 192 71 145 210 31 165 130 105 201 119 27 125 164 28 211 184 162 150 190 74 73 48 83 143 135 89 11 208 118 94 122 121 134 38 149 93 54 65 72 82 47 182 88 41 20 111 196 23 137 24 129 132 141 178 116 107 146 115 79 156 157 37 139 29 160 153 87 152 97 189 177 78 151 46 106 15 6 19 140 13 203 99 58 183 138 154 103 202 12 102 198 57 191 59 35 158 163 209 90 16 187 124 144 84 56 104 199 5 206 69 212 176 3 64 193 207 18 169 204 101 21 110 170 49 174 179 171 95 68 67 66 75 123 114 113 45 81 96 108 186 60 147 44 195 133 
181 34 37 162 50 173 167 128 209 124 8 40 113 38 7 179 84 92 54 0 168 171 51 131 41 139 115 59 64 78 32 99 215 101 118 201 202 204 143 2 132 176 160 33 20 110 10 206 211 127 71 148 27 185 9 86 75 77 23 197 93 53 15 5 194 52 43 3 31 195 18 63 214 69 184 182 29 142 120 103 203 193 28 126 144 26 212 175 189 151 72 81 74 49 87 165 136 119 12 198 122 95 123 133 149 39 65 91 55 48 73 83 42 129 89 196 21 109 25 24 138 152 130 166 108 169 117 17 147 190 80 159 177 141 135 98 158 1 88 150 97 161 36 79 62 44 207 16 116 30 56 11 156 200 76 137 208 155 100 154 13 205 199 178 192 153 35 213 164 6 90 145 188 125 85 102 57 104 14 163 187 210 157 140 107 70 4 46 19 58 105 174 22 60 47 111 180 172 94 96 121 68 183 67 134 112 170 82 66 191 106 45 61 186 146 114 
167 189 32 35 168 51 171 125 148 210 9 39 38 114 85 8 180 0 93 55 52 181 172 135 132 42 62 116 60 97 79 33 119 204 102 205 203 154 166 165 3 34 190 158 10 21 111 128 187 212 28 69 127 84 179 7 24 76 75 54 197 91 194 16 6 50 29 41 1 64 191 19 144 209 70 143 129 30 200 118 104 124 163 26 213 145 27 153 176 161 73 47 82 72 139 88 142 199 120 13 121 123 96 40 134 133 53 65 92 81 49 74 87 43 130 110 196 22 183 23 25 131 140 182 115 106 170 117 18 177 175 36 160 31 152 151 99 141 2 159 157 98 150 37 108 63 5 207 186 136 201 57 162 12 137 77 105 198 11 101 155 56 215 61 169 80 156 214 211 15 4 126 184 206 86 103 100 202 90 71 164 193 78 89 45 188 14 178 44 208 58 109 174 195 48 20 185 173 67 95 68 122 138 66 112 149 17 83 94 147 192 146 46 59 107 113 
0 1 2 3 4 5 6 7 8 9 10 11 12 13 14 15 16 17 18 19 20 21 22 23 24 25 26 27 28 29 30 31 32 33 34 35 36 37 38 39 40 41 42 43 44 45 46 47 48 49 50 51 52 53 54 55 56 57 58 59 60 61 62 63 64 65 66 67 68 69 70 71 72 73 74 75 76 77 78 79 80 81 82 83 84 85 86 87 88 89 90 91 92 93 94 95 96 97 98 99 100 101 102 103 104 105 106 107 108 109 110 111 112 113 114 115 116 117 118 119 120 121 122 123 124 125 126 127 128 129 130 131 132 133 134 135 136 137 138 139 140 141 142 143 144 145 146 147 148 149 150 151 152 153 154 155 156 157 158 159 160 161 162 163 164 165 166 167 168 169 170 171 172 173 174 175 176 177 178 179 180 181 182 183 184 185 186 187 188 189 190 191 192 193 194 195 196 197 198 199 200 201 202 203 204 205 206 207 208 209 210 211 212 213 214 215 
100 4 0 20 204 12 105 160 36 153 11 127 26 71 201 102 198 113 24 123 155 56 118 7 83 52 1 141 31 10 14 55 146 169 147 17 19 61 47 51 185 91 109 207 23 96 38 158 98 34 78 35 32 58 154 120 212 145 28 94 134 183 66 149 25 203 49 167 8 30 130 41 80 190 150 172 84 48 117 44 46 157 162 37 79 97 156 53 174 16 57 205 103 13 85 74 50 106 18 107 163 27 126 125 184 187 68 39 77 101 200 208 82 168 86 112 138 67 124 148 214 81 173 180 3 142 89 131 2 197 21 196 15 72 171 65 22 181 179 5 92 111 93 110 135 165 137 121 43 9 62 64 90 186 206 70 63 178 115 195 116 192 191 129 152 194 54 159 175 114 75 99 151 189 104 60 59 170 95 161 176 177 6 73 29 33 40 139 42 45 108 133 76 88 119 122 215 199 69 144 188 211 164 128 209 213 87 202 210 182 143 132 136 140 166 193 
101 21 5 0 103 205 13 150 158 37 12 69 128 27 199 203 100 121 114 25 119 202 57 50 8 81 29 2 152 53 10 15 186 147 170 59 18 17 179 48 52 207 92 110 39 24 94 32 159 99 33 79 36 118 56 155 26 213 184 137 95 149 23 67 133 200 9 47 168 42 31 182 151 78 175 49 173 85 44 115 45 35 177 189 157 80 98 14 54 174 58 11 215 104 51 86 72 108 107 19 124 164 28 188 126 144 75 66 40 198 102 201 84 83 181 68 113 183 209 125 127 185 82 171 87 1 143 41 132 4 197 55 196 7 73 6 65 74 167 20 90 93 194 91 30 136 38 138 3 172 146 63 109 62 193 187 178 64 117 116 191 46 195 89 130 111 16 156 160 96 112 161 97 153 105 106 61 169 76 34 162 176 22 180 142 190 122 88 135 192 60 123 134 140 120 77 204 208 214 70 148 206 71 212 163 210 43 154 145 131 129 141 166 139 165 211 
102 0 22 6 11 104 215 35 151 159 13 28 70 148 101 208 200 23 122 112 58 120 154 82 51 9 140 30 3 16 54 10 178 146 186 18 60 19 50 180 49 111 207 93 95 40 25 97 33 160 37 34 80 202 119 57 144 27 211 133 138 96 134 24 68 201 181 7 48 129 43 29 176 153 79 86 47 171 46 45 116 161 36 156 99 177 78 174 15 55 56 105 12 204 73 52 84 17 106 108 26 125 193 145 206 124 38 76 67 203 199 100 167 85 81 137 66 114 128 210 126 172 179 83 165 88 2 1 42 20 5 14 53 173 8 21 4 185 72 65 110 90 109 194 143 31 123 39 166 74 63 147 91 64 69 163 170 169 192 115 117 195 44 141 87 92 196 190 157 77 94 150 162 98 103 61 107 62 113 175 32 158 197 168 139 189 183 41 89 191 59 75 121 182 118 149 205 198 184 209 213 127 188 187 212 164 136 155 71 142 132 135 152 131 130 214 
20 142 141 43 197 0 65 72 83 49 14 205 11 105 53 55 54 61 19 107 5 4 6 66 96 123 212 71 126 1 135 130 158 78 161 157 32 153 137 23 77 131 30 87 117 46 192 167 51 172 7 85 185 10 174 196 154 118 57 17 108 59 186 64 178 22 39 149 112 127 144 164 50 171 181 68 95 122 190 35 97 52 173 168 82 48 74 3 139 129 92 110 109 111 38 134 114 151 156 34 198 100 200 204 13 104 60 18 106 90 207 194 75 138 24 44 195 115 58 155 119 113 40 133 163 148 184 214 26 143 152 182 2 25 76 42 165 94 121 140 88 132 29 89 187 210 62 169 188 183 160 80 31 189 202 120 159 79 36 98 175 99 176 209 27 166 136 179 8 170 147 180 9 84 16 150 177 162 63 47 73 86 41 67 28 81 146 70 125 37 33 116 45 206 93 191 15 21 101 201 203 208 56 102 215 12 211 91 199 124 213 193 128 145 69 103 
21 41 143 152 65 197 0 47 73 81 15 103 215 12 55 54 53 108 59 17 4 6 5 121 67 94 124 213 69 182 2 136 162 159 79 150 177 33 75 138 24 88 132 31 195 115 44 173 168 52 179 8 86 196 10 174 58 155 119 60 18 106 169 146 62 20 113 40 133 193 128 145 167 51 172 123 66 96 98 175 36 181 50 171 72 83 49 130 1 135 93 109 111 110 112 39 149 32 153 157 201 199 101 105 205 11 107 61 19 194 90 207 25 76 183 116 45 191 120 56 202 134 114 38 144 164 127 206 209 42 165 139 129 137 23 141 43 68 95 142 29 89 131 30 26 188 147 63 27 77 161 158 166 78 57 154 189 160 176 37 99 35 97 187 210 87 3 84 180 64 178 85 185 7 14 34 151 80 186 82 48 9 140 122 214 74 170 212 71 190 156 192 117 28 91 46 16 22 208 102 100 200 118 198 104 204 126 92 203 70 125 184 163 148 211 13 
22 140 42 165 0 65 197 82 48 74 16 13 104 204 54 53 55 18 106 60 6 5 4 95 122 68 70 125 211 139 129 3 80 189 160 34 151 156 25 76 183 29 89 166 45 191 116 50 171 181 84 180 9 174 196 10 120 56 202 107 61 19 63 170 147 21 134 114 38 184 163 148 173 168 52 94 121 67 37 99 176 172 167 51 47 73 81 136 182 2 91 111 110 109 133 113 40 177 33 150 102 203 208 12 103 215 17 108 59 207 194 90 137 23 77 192 117 46 154 118 57 39 149 112 128 145 193 28 187 141 43 1 135 75 138 143 152 123 66 41 131 30 88 132 209 27 178 186 210 24 79 162 87 159 119 58 78 161 97 190 35 175 36 26 188 31 130 7 85 146 62 8 86 179 15 157 32 158 169 72 83 185 142 96 206 49 64 124 213 98 153 44 195 214 92 115 14 20 200 198 199 101 155 201 11 105 69 93 100 212 71 127 144 164 126 205 
178 134 122 137 191 115 46 21 0 4 17 159 34 176 45 117 195 164 126 187 18 61 108 13 204 215 50 83 86 40 68 138 1 89 152 129 166 140 100 201 101 112 95 183 128 71 206 196 54 16 109 92 207 64 170 146 158 153 99 26 145 69 127 124 27 147 118 154 202 7 171 81 10 55 15 11 103 12 3 131 143 14 174 53 20 65 5 23 149 94 44 186 169 63 119 56 120 31 41 2 190 161 151 36 78 150 209 148 211 59 19 106 199 102 208 28 163 213 162 33 35 155 58 57 168 49 84 180 181 96 75 114 123 203 198 67 25 104 205 113 133 66 38 121 52 47 210 193 82 200 43 139 77 132 175 80 30 165 42 130 88 29 141 172 72 24 76 111 93 212 188 91 194 110 107 135 87 182 184 22 197 90 39 105 8 6 70 173 48 136 142 214 144 85 116 125 60 62 32 98 160 177 156 37 157 97 185 192 79 167 73 179 51 74 9 189 
169 138 149 123 44 192 116 5 22 0 18 190 160 32 191 46 115 188 193 124 106 19 59 204 11 205 84 51 81 183 38 66 140 2 87 141 130 131 102 101 203 137 113 96 187 148 69 14 196 55 207 110 93 147 62 178 97 159 150 70 27 184 28 128 125 186 154 119 155 82 8 172 16 10 53 13 12 104 165 1 132 54 15 174 6 21 65 95 24 133 45 64 146 170 118 120 57 3 29 42 153 175 162 151 37 79 212 210 127 107 60 17 198 208 100 211 26 164 36 189 34 58 202 56 85 181 47 83 185 40 94 77 112 201 200 114 68 103 105 23 75 134 25 39 9 50 71 214 167 199 166 41 67 135 157 176 129 31 89 43 182 139 30 86 173 122 121 90 109 144 213 111 92 194 108 143 136 142 206 4 20 91 76 215 48 197 163 179 171 152 88 126 209 73 117 145 61 63 80 33 35 158 78 156 161 177 49 195 99 7 168 72 180 52 74 98 
170 121 183 133 117 45 195 0 6 20 19 33 175 158 116 192 44 125 206 163 60 107 17 215 205 12 82 85 52 67 137 39 88 141 3 132 152 182 200 100 102 94 138 114 70 188 127 53 15 196 91 207 111 169 186 63 151 98 160 144 71 28 126 26 148 146 202 155 120 173 83 9 54 14 10 105 11 13 166 142 2 174 55 16 65 4 22 134 96 25 46 178 62 147 58 119 118 43 1 30 189 150 176 80 153 35 128 213 214 18 108 61 101 199 198 193 212 27 32 37 161 57 56 154 48 86 167 168 81 77 38 122 75 208 203 24 112 204 104 66 68 76 123 23 49 7 164 69 179 201 136 131 149 42 79 177 143 130 129 87 41 140 135 74 84 40 113 92 90 187 145 194 109 93 106 89 165 29 211 197 5 110 95 103 51 21 209 47 180 31 139 184 124 171 115 210 59 64 97 78 157 36 190 159 99 162 172 191 34 72 8 50 73 185 181 156 
92 31 88 132 90 207 194 86 179 8 20 100 200 198 4 6 5 170 147 63 111 110 109 24 75 138 126 212 71 43 142 141 37 99 176 162 159 79 113 40 133 3 139 129 19 107 61 81 47 73 52 173 168 65 197 0 205 11 105 186 64 178 115 44 195 91 67 94 121 148 184 163 49 72 83 23 77 137 157 32 153 48 74 82 185 7 85 42 165 140 14 53 55 54 66 96 123 78 161 158 57 154 118 102 203 208 169 146 62 174 196 10 134 114 38 108 59 17 103 215 12 122 68 95 193 128 145 27 206 29 89 152 41 39 149 131 30 76 183 87 130 1 136 182 214 26 45 191 209 112 36 98 135 175 204 13 35 97 33 150 177 151 156 28 187 2 143 181 50 192 117 167 51 172 22 80 189 190 46 9 84 171 166 25 188 180 116 211 70 34 160 18 106 210 15 60 21 93 155 119 120 56 104 202 101 201 125 16 58 69 124 164 127 144 213 199 
93 166 29 89 194 90 207 9 84 180 21 199 101 201 6 5 4 64 178 186 110 109 111 183 25 76 69 124 213 152 41 143 190 35 97 80 189 160 134 114 38 130 1 135 59 17 108 74 82 48 181 50 171 0 65 197 103 215 12 169 146 62 191 116 45 92 122 68 95 164 127 144 81 47 73 138 24 75 150 177 33 83 49 72 86 179 8 141 43 142 15 55 54 53 121 67 94 159 79 162 119 58 155 198 100 200 63 170 147 10 174 196 39 149 112 18 106 60 13 104 204 96 123 66 184 163 148 210 28 131 30 165 140 113 40 88 132 23 77 31 136 182 3 139 206 209 117 46 187 133 176 37 2 99 105 205 175 36 156 34 151 32 153 214 26 129 42 172 167 44 195 173 168 52 20 158 78 98 115 185 7 51 87 137 27 85 192 126 212 157 161 61 19 188 16 107 22 91 56 202 154 118 11 57 208 102 71 14 120 211 70 145 193 128 125 203 
91 87 131 30 207 194 90 185 7 85 22 203 208 102 5 4 6 146 62 169 109 111 110 77 137 23 211 70 125 165 140 42 98 175 36 158 78 161 39 149 112 136 182 2 106 60 18 49 72 83 172 167 51 197 0 65 13 104 204 63 170 147 46 192 117 93 96 123 66 145 193 128 74 82 48 76 183 25 34 151 156 73 81 47 9 84 180 143 152 41 16 54 53 55 95 122 68 189 160 80 202 120 56 201 199 101 186 64 178 196 10 174 113 40 133 61 19 107 205 11 105 67 94 121 127 144 164 188 214 88 132 43 142 134 114 29 89 138 24 166 3 139 130 1 28 187 195 115 26 38 97 190 129 35 12 103 99 176 153 157 32 177 33 206 209 135 141 52 173 116 45 50 171 181 21 162 159 37 191 86 179 168 31 75 210 8 44 69 124 150 79 108 59 27 14 17 20 92 118 57 58 155 215 119 200 198 213 15 154 126 212 148 184 163 71 100 
113 8 179 185 75 137 25 120 102 11 23 115 186 107 40 114 149 87 2 41 122 96 67 148 212 214 37 156 78 49 48 72 0 55 91 20 196 110 26 127 125 167 52 168 42 29 136 205 119 200 203 12 155 68 94 123 192 64 108 140 31 129 1 165 30 39 128 69 188 35 150 161 13 57 208 28 145 70 6 14 194 101 103 202 58 201 104 82 74 73 95 183 77 24 210 144 126 10 111 22 59 195 147 60 46 63 142 166 135 133 112 38 209 193 71 3 141 131 44 146 18 163 211 27 157 160 99 32 158 84 86 81 83 187 184 7 9 206 164 85 173 181 50 172 80 97 132 182 36 213 93 65 171 53 61 116 54 92 207 5 15 16 90 162 176 51 47 100 204 152 89 105 118 199 76 21 174 197 139 154 198 56 180 124 151 215 43 98 33 4 109 130 143 177 66 88 138 134 178 106 117 62 170 19 169 17 189 121 45 190 153 175 34 79 159 191 
114 179 9 180 23 76 138 12 118 100 24 108 116 146 133 38 112 42 88 3 68 123 94 209 127 213 79 35 157 73 47 49 92 0 53 111 21 196 126 27 128 181 168 50 139 43 30 201 215 120 202 200 13 121 66 95 106 195 62 130 141 29 31 2 142 40 206 148 70 162 36 151 198 11 58 71 26 184 194 4 15 154 102 104 105 56 203 74 83 72 96 25 137 75 124 214 145 20 10 109 186 60 191 64 61 44 136 143 131 39 134 113 69 210 163 132 1 152 19 45 147 28 164 212 97 177 158 37 33 185 85 48 82 211 188 86 8 125 187 7 172 171 52 51 153 78 41 166 159 144 54 91 167 65 178 59 197 55 16 207 6 5 14 156 189 173 81 57 101 135 140 208 103 119 77 110 22 93 87 204 155 205 84 193 98 199 129 161 99 90 174 89 182 190 67 165 183 149 46 169 17 115 117 63 192 170 34 122 107 160 175 80 176 32 150 18 
112 185 180 7 183 24 77 101 13 119 25 147 106 117 113 134 39 1 43 89 95 66 121 211 210 128 177 80 36 47 74 48 54 93 0 196 109 22 148 124 28 51 167 181 31 135 41 118 203 204 11 154 201 96 122 67 63 107 191 30 182 152 143 29 3 38 71 187 127 153 189 37 56 199 12 144 69 27 16 194 5 105 155 100 200 103 57 73 72 81 94 76 23 138 184 125 209 110 21 10 192 146 61 45 62 59 132 139 165 114 40 149 164 70 214 140 166 2 186 17 46 213 26 193 159 98 156 160 35 85 179 82 49 145 212 8 84 163 126 9 168 173 171 50 99 150 130 42 34 206 65 55 172 92 115 169 91 197 4 14 207 90 6 175 157 52 83 215 58 88 136 120 198 104 75 174 111 53 141 208 205 102 86 188 79 202 131 32 162 15 20 142 87 161 68 129 137 133 108 44 64 18 60 116 19 195 97 123 170 151 158 33 78 190 176 178 
27 56 12 100 125 213 71 62 115 61 26 30 2 141 144 128 163 81 86 52 148 164 145 78 36 157 10 0 90 58 11 102 40 121 75 94 24 113 161 98 32 202 103 200 51 83 85 146 195 107 169 44 19 124 212 70 1 140 29 181 74 9 7 167 72 188 153 158 175 109 55 6 64 117 60 34 189 97 23 112 96 17 170 45 178 46 18 201 154 104 28 127 193 184 35 156 80 77 39 123 3 152 31 42 89 135 172 49 185 69 126 211 79 37 177 8 168 73 182 142 131 33 162 99 53 4 110 91 15 204 199 120 215 160 190 105 203 150 159 155 57 13 119 205 14 22 47 179 20 151 137 149 101 66 88 139 95 25 67 138 133 38 122 16 21 208 198 63 116 50 82 192 106 186 187 68 183 114 84 147 191 59 118 176 93 108 173 174 65 76 134 180 171 92 214 48 209 210 166 130 43 87 41 136 129 143 207 206 165 196 197 111 54 5 194 132 
28 101 57 13 69 126 211 59 63 116 27 152 31 3 164 145 148 50 82 84 184 127 193 177 79 37 90 10 0 100 56 12 76 38 122 114 95 25 33 162 99 201 154 104 86 52 81 108 147 191 17 170 45 71 125 213 30 2 141 7 167 72 73 8 168 206 176 150 159 4 110 53 61 62 115 98 32 161 94 24 113 46 18 178 19 169 44 105 203 155 26 144 128 163 78 36 157 121 75 40 29 1 140 136 43 87 179 173 47 212 70 124 156 80 35 74 9 181 132 129 143 97 34 189 111 54 5 21 92 119 205 199 118 153 158 202 103 190 151 200 102 58 198 120 91 15 171 48 16 175 67 138 11 133 42 89 112 96 134 68 183 77 39 93 14 215 204 60 64 85 51 146 195 107 188 149 66 23 83 106 186 117 208 160 20 192 180 207 174 123 137 49 185 22 209 172 210 214 142 131 139 41 135 88 166 130 65 187 182 194 196 6 109 55 197 165 
26 11 102 58 212 70 124 117 60 64 28 1 140 29 127 193 184 85 51 83 163 144 128 35 156 80 0 90 10 13 101 57 123 77 39 23 112 96 97 34 189 105 203 155 82 84 50 192 106 186 46 18 178 211 69 126 152 31 3 73 8 168 181 74 9 187 160 190 151 54 5 111 116 59 63 162 99 33 114 95 25 169 44 19 45 17 170 202 103 200 27 164 145 148 177 79 37 38 122 76 141 30 2 88 139 41 48 180 171 125 213 71 36 157 78 167 72 7 165 166 130 161 98 32 6 109 55 14 22 198 120 205 208 176 150 201 154 158 175 104 12 100 204 199 21 92 185 172 93 159 134 68 56 183 136 43 24 113 137 149 66 121 75 20 91 118 119 115 61 81 86 108 147 191 206 138 133 94 52 195 107 62 215 153 16 146 49 65 207 40 67 173 47 15 210 179 214 209 129 143 89 135 87 42 142 131 174 188 132 197 194 53 4 110 196 182 
2 26 128 124 1 139 182 23 68 149 29 10 5 93 30 132 89 35 98 36 3 130 136 44 18 64 12 101 58 184 69 28 52 185 49 51 8 83 46 107 186 71 188 148 79 189 80 38 77 66 96 39 25 87 166 31 21 90 53 176 175 37 150 156 151 135 62 117 106 198 155 13 133 183 95 170 192 108 50 84 72 121 112 24 76 94 114 206 193 126 152 41 140 142 59 178 45 85 48 171 0 109 15 92 174 6 97 99 190 42 143 141 115 17 169 158 160 78 22 194 55 147 195 19 118 103 102 11 203 163 70 127 211 191 60 144 212 146 116 187 213 27 125 210 199 57 32 34 119 63 74 172 164 9 54 20 86 81 47 167 7 179 82 100 202 145 214 67 113 33 177 134 75 122 88 168 180 181 157 138 123 137 209 61 104 40 153 105 200 173 73 162 161 215 165 159 131 129 16 197 110 14 207 65 4 91 154 43 111 204 208 201 56 205 120 196 
3 125 27 148 129 2 135 133 24 66 30 91 10 6 87 31 166 37 36 99 139 1 182 62 45 19 56 13 102 26 144 70 47 50 179 81 52 9 146 44 108 127 69 206 78 80 161 67 39 75 23 94 40 29 88 131 54 22 90 35 190 176 153 151 157 136 107 63 115 11 199 202 96 134 137 106 178 195 73 51 85 25 122 113 112 77 95 124 187 163 140 143 42 141 46 60 169 172 86 49 16 0 110 4 93 174 175 98 97 152 43 165 170 116 18 79 159 158 53 20 194 17 186 191 100 119 104 120 12 210 164 209 128 64 192 188 145 59 147 213 193 211 184 126 105 208 150 33 200 61 7 72 28 173 207 55 167 84 8 48 168 171 180 204 101 214 212 138 68 177 34 123 149 76 89 74 181 82 156 38 183 114 71 117 58 121 32 155 103 83 185 160 189 154 142 162 132 130 109 14 65 111 21 15 196 5 201 41 197 118 205 215 203 57 198 92 
1 127 126 28 136 130 3 67 134 25 31 4 92 10 131 88 29 97 35 37 129 135 2 17 63 46 100 57 11 71 27 145 180 48 51 7 82 50 106 147 45 187 128 70 162 79 78 76 68 40 38 24 95 132 30 89 90 55 20 190 36 175 177 150 153 139 116 108 64 154 12 208 138 94 149 191 107 169 86 74 52 114 23 123 96 113 75 164 125 188 141 152 165 43 170 44 61 47 173 84 111 14 0 174 5 91 98 176 99 142 140 41 19 178 117 159 80 160 194 54 21 192 18 146 105 101 120 201 118 69 214 213 210 59 62 211 206 115 60 184 26 163 209 144 56 103 33 151 13 195 171 8 212 73 22 207 83 168 181 9 49 81 172 155 205 124 148 112 183 157 156 77 121 133 87 179 72 85 32 122 39 66 193 186 198 137 34 203 202 185 167 189 158 102 143 161 166 182 197 110 16 65 53 109 93 196 104 42 15 199 119 58 204 200 215 6 
162 169 59 116 190 37 98 141 41 43 32 81 8 167 175 99 35 204 202 198 150 34 157 15 110 0 75 38 123 115 62 18 206 71 163 193 27 124 207 20 55 17 195 170 120 203 205 3 2 182 131 87 132 78 189 159 9 51 72 201 105 57 200 11 155 158 91 5 196 40 96 183 136 135 1 65 14 111 69 148 26 139 130 129 42 142 165 108 46 178 97 79 160 161 10 93 6 188 212 127 84 181 73 50 49 85 102 12 119 156 33 153 90 21 54 103 154 100 185 168 47 92 4 174 122 24 149 138 113 106 192 191 147 194 22 19 44 197 16 186 60 45 107 117 39 66 56 101 121 53 128 214 64 125 82 86 213 144 209 211 164 145 187 134 95 146 61 88 31 104 118 166 30 29 151 184 210 28 208 143 140 89 63 109 23 152 215 137 133 126 70 13 58 76 36 199 177 80 48 7 52 83 171 179 180 173 68 176 172 25 112 114 67 77 94 74 
189 117 170 60 99 175 35 41 152 42 33 168 82 9 36 176 97 199 205 154 177 151 32 0 16 111 121 76 39 19 116 63 164 187 69 125 163 28 53 207 21 178 18 191 215 118 200 129 1 3 166 132 88 160 79 161 73 7 52 58 203 103 202 201 12 159 196 92 6 137 38 94 2 139 136 109 65 15 27 70 127 130 135 182 142 43 143 169 106 44 98 162 80 158 4 10 91 128 206 213 74 85 167 86 51 47 120 100 13 150 157 34 55 90 22 101 104 155 48 179 181 174 93 5 133 123 25 122 183 64 107 59 192 54 194 146 17 110 197 45 62 61 147 108 24 40 204 57 114 20 126 148 46 209 172 83 26 211 193 210 212 124 184 77 149 115 186 87 89 198 105 30 131 31 153 71 144 145 119 140 165 29 195 14 67 141 102 66 138 188 214 208 11 96 37 56 156 78 173 49 180 50 84 81 72 185 134 190 8 95 23 75 112 68 113 171 
161 61 115 178 36 97 176 43 42 140 34 7 181 83 98 37 190 155 208 215 33 156 153 109 0 14 40 122 77 64 17 117 70 193 188 26 126 164 22 54 207 192 169 19 201 204 119 1 130 2 89 131 166 162 158 80 50 74 8 104 56 200 13 154 203 160 4 196 93 95 138 39 139 3 135 16 110 65 128 28 71 129 182 136 165 143 41 45 170 107 99 159 189 78 92 5 10 211 148 187 168 72 86 48 84 52 11 118 101 32 151 177 20 53 90 202 102 105 167 49 180 6 174 91 23 134 121 112 123 191 62 146 60 21 55 46 147 15 111 18 44 63 116 186 68 25 100 205 137 194 210 124 59 127 85 173 184 27 213 163 214 206 125 94 75 106 195 30 88 120 199 29 31 132 150 209 69 212 103 152 141 87 108 197 38 142 58 149 67 144 145 57 198 133 35 12 157 79 9 171 82 185 81 51 172 73 183 175 47 114 96 66 76 113 24 179 
157 60 195 146 162 158 80 130 2 1 35 167 49 180 189 78 159 202 102 105 98 37 190 93 4 196 96 24 114 186 106 116 26 126 164 163 214 213 0 14 109 115 178 61 203 13 154 131 166 89 42 140 43 151 177 32 47 9 171 12 57 198 11 118 101 34 22 54 207 23 134 121 29 31 132 10 92 5 124 127 210 30 88 87 3 135 139 44 63 59 79 153 33 156 194 21 55 28 71 128 73 179 172 8 50 74 204 119 201 176 36 97 197 15 111 58 100 205 82 185 51 20 53 90 113 66 76 123 137 45 170 169 19 65 16 117 64 174 91 17 191 62 46 147 25 38 208 215 112 110 148 187 108 211 168 72 69 145 188 70 193 184 27 75 133 18 192 141 142 56 200 41 165 143 99 144 206 209 104 136 129 152 107 6 68 182 155 122 77 212 125 120 199 94 160 103 175 150 52 48 7 181 86 83 81 85 40 161 84 67 183 138 39 95 149 173 
177 147 61 191 78 189 159 2 182 3 36 185 168 47 160 161 79 103 154 100 175 99 35 196 91 5 112 94 25 117 146 107 193 27 124 211 164 209 110 0 15 59 116 169 155 200 11 87 132 131 41 43 141 33 153 156 172 48 7 199 13 58 102 12 119 32 207 20 55 122 24 149 166 30 29 6 10 93 214 125 128 88 31 89 135 1 136 60 45 64 80 157 150 34 53 194 22 148 26 69 173 74 180 72 9 51 203 205 120 98 190 37 109 197 16 215 56 101 52 83 179 90 21 54 77 114 67 113 121 108 46 195 170 111 65 18 115 4 174 62 106 192 19 44 66 23 202 198 138 14 212 127 63 188 84 181 210 70 163 206 71 213 144 95 76 186 17 140 152 105 57 165 42 142 97 126 145 184 201 129 139 143 178 92 39 130 204 38 123 28 187 104 118 134 158 208 176 151 85 50 81 8 73 167 171 82 75 162 49 133 68 96 183 40 137 86 
156 192 186 59 160 79 161 1 3 129 37 48 179 181 80 158 162 101 104 155 36 176 97 6 196 92 23 113 95 108 115 147 125 163 28 210 212 193 16 111 0 170 60 117 12 202 201 132 88 166 152 42 41 157 34 150 8 173 49 56 208 11 120 100 13 33 53 207 21 133 123 25 30 131 31 91 4 10 148 209 126 87 89 29 139 136 2 62 61 46 78 32 177 151 20 54 194 70 127 27 185 171 72 52 73 7 118 200 215 35 99 175 14 110 197 102 204 57 180 50 81 55 90 22 68 75 112 183 114 169 106 18 191 15 109 63 19 93 5 116 64 107 146 17 40 67 205 154 122 65 206 213 195 128 74 85 144 214 69 164 187 26 211 149 96 45 178 165 141 203 103 143 142 43 98 188 124 71 58 182 130 140 44 174 24 135 199 76 39 145 184 198 105 77 159 119 190 153 47 86 168 82 167 9 84 172 121 189 51 138 134 38 94 137 66 83 
123 181 51 167 40 149 114 201 11 154 38 64 18 116 95 66 121 131 130 42 23 138 76 28 148 124 97 32 162 84 9 8 14 207 4 54 93 0 71 187 127 83 82 49 165 132 139 119 101 13 204 118 203 183 24 77 62 59 45 141 88 136 135 41 31 68 210 128 211 190 33 78 57 200 103 212 206 145 10 110 21 205 202 208 198 104 120 85 179 86 75 39 113 134 69 27 144 92 65 55 115 169 60 44 170 108 143 29 3 67 96 122 213 26 193 1 43 89 147 106 117 188 163 126 153 189 37 34 160 168 173 7 185 125 209 171 50 70 214 52 73 72 48 47 79 99 166 2 35 184 5 16 81 194 195 178 90 6 22 196 109 111 20 161 175 74 180 105 155 142 87 56 199 12 133 53 91 15 129 102 215 100 172 164 150 58 140 176 151 174 197 182 152 157 25 30 112 94 107 191 186 17 19 46 61 192 158 137 63 36 177 98 156 159 80 146 
121 168 167 52 112 38 133 155 203 12 39 117 62 19 122 96 67 43 132 182 77 24 183 125 26 127 189 98 33 9 85 7 5 15 207 0 55 91 128 69 188 47 81 83 135 142 166 11 120 102 200 205 119 75 137 25 46 63 60 139 152 89 29 136 42 66 212 214 148 79 175 34 104 58 201 184 213 187 22 10 111 198 215 154 118 199 105 84 86 180 76 149 40 114 145 70 28 53 93 65 61 116 170 106 45 178 1 165 30 123 68 94 163 211 27 87 2 41 115 186 107 124 206 164 35 150 161 36 32 173 181 185 8 144 126 50 172 193 71 51 82 74 72 49 151 80 141 131 158 210 194 6 73 14 17 191 16 90 110 20 196 174 109 177 162 48 179 101 103 130 143 13 57 208 134 197 54 4 88 56 100 202 171 209 97 204 3 159 190 21 92 31 129 176 23 140 113 95 64 108 44 146 169 18 147 59 153 138 192 78 37 160 99 157 156 195 
122 50 181 168 134 113 39 13 202 200 40 17 115 63 68 123 94 129 41 166 137 75 25 128 126 27 34 161 99 8 7 86 207 6 16 92 0 53 206 148 70 81 48 82 131 136 143 100 12 118 120 201 215 23 76 138 61 44 64 87 135 140 43 30 139 67 127 213 209 32 80 176 203 105 56 188 144 211 109 20 10 155 199 204 103 119 208 185 85 84 77 112 133 38 26 184 71 65 54 91 178 59 117 169 107 46 31 2 142 95 121 66 28 164 212 42 88 3 108 116 146 193 125 187 162 36 151 159 37 172 171 180 179 214 145 52 51 210 163 173 74 83 49 73 98 153 1 152 33 124 15 194 72 4 170 18 5 14 196 111 21 22 174 190 156 47 9 154 102 89 182 198 11 58 149 93 197 90 165 205 57 104 167 69 78 101 132 150 160 110 55 141 29 189 24 130 114 96 195 62 19 45 192 147 191 186 175 183 106 157 79 177 158 97 35 60 
89 163 124 187 131 29 88 113 25 122 41 55 21 207 141 143 42 160 189 162 31 166 87 191 17 186 103 201 155 69 206 127 74 181 185 83 171 180 117 59 147 210 164 71 150 33 32 68 114 138 183 121 38 152 43 165 65 111 15 80 161 78 99 37 36 132 170 116 18 199 202 11 94 40 23 63 115 107 47 50 179 76 123 149 39 75 67 184 126 214 136 139 1 182 108 146 44 168 8 48 4 93 174 194 53 20 158 79 159 2 135 129 195 106 178 177 34 156 0 110 16 64 192 61 119 104 100 204 101 70 26 211 28 45 19 212 209 169 46 128 188 145 27 148 200 120 176 35 154 62 9 81 213 52 14 197 172 86 84 82 167 173 7 208 58 125 193 77 95 98 97 66 133 24 142 73 51 49 175 134 137 112 144 60 12 96 190 205 198 72 85 151 157 105 3 153 140 30 10 6 92 196 109 5 22 90 118 130 91 13 102 203 57 215 56 54 
87 188 164 125 89 132 30 123 114 23 42 207 53 22 43 152 165 189 158 161 88 29 131 146 192 18 202 104 203 128 70 187 179 72 167 185 81 172 186 115 60 69 214 193 33 151 34 183 66 112 39 137 122 142 140 41 16 65 109 79 78 162 37 97 35 166 19 178 117 12 208 154 24 95 38 108 64 116 180 48 51 133 77 121 68 40 76 209 144 124 139 129 135 2 45 106 147 49 181 9 174 5 91 21 194 54 160 159 80 130 3 136 169 191 107 157 156 32 14 0 111 59 62 195 101 120 105 155 205 145 71 163 212 63 46 148 213 61 170 210 211 206 126 28 13 201 175 190 102 17 50 7 184 82 110 15 47 173 168 85 83 73 171 103 198 127 26 113 75 176 99 25 67 134 143 86 74 84 98 94 149 96 27 44 118 138 36 119 215 8 52 150 153 56 1 177 141 31 92 10 6 93 197 196 55 20 199 182 4 57 11 204 200 58 100 90 
88 126 206 193 31 87 166 24 121 112 43 20 207 54 142 41 140 162 161 159 132 89 30 19 147 195 200 154 105 188 148 71 168 180 73 173 179 82 61 146 116 163 70 209 32 34 153 113 137 67 123 40 138 42 143 141 110 14 65 189 80 79 36 35 98 131 115 17 169 155 13 198 39 25 96 117 106 62 52 185 49 122 134 75 77 66 38 125 210 145 135 3 130 136 186 46 107 7 47 167 92 174 6 55 22 194 78 158 160 139 182 1 108 170 192 33 177 157 109 15 0 191 60 63 103 102 118 100 202 28 184 27 164 18 64 214 127 45 59 211 144 212 128 124 119 11 37 176 215 44 83 51 187 8 197 111 85 48 81 181 86 9 74 57 104 26 213 94 114 99 190 149 23 68 165 50 84 171 97 183 95 76 69 178 203 133 175 208 120 172 72 156 151 199 2 150 152 29 5 93 196 4 16 91 90 53 204 129 10 101 58 56 205 201 12 21 
17 68 138 40 170 146 64 55 15 10 44 158 153 99 186 169 63 206 128 71 195 45 117 119 56 120 83 86 50 66 77 133 2 31 41 3 131 143 12 11 103 67 25 113 188 184 212 91 194 110 65 5 20 106 59 19 161 151 190 213 28 163 26 145 69 107 203 198 200 51 74 179 93 90 111 58 57 155 182 30 165 109 92 207 53 14 174 112 95 183 178 61 108 18 208 199 102 29 141 136 176 159 34 175 80 156 125 214 144 191 115 46 204 215 13 124 27 127 79 32 98 100 201 101 81 7 171 52 47 76 114 121 24 105 104 23 149 154 202 94 122 137 96 75 72 85 211 209 8 205 142 135 134 87 37 160 166 140 43 139 132 89 152 82 180 39 38 0 4 164 126 6 22 197 192 130 88 129 187 54 16 21 123 118 172 196 148 48 185 1 42 70 210 181 62 193 116 60 157 97 78 150 177 36 33 35 173 147 189 73 9 168 49 84 167 162 
18 38 66 183 62 178 147 10 53 16 45 97 159 150 64 146 170 69 187 148 115 191 46 118 120 57 51 81 84 134 67 75 42 3 29 165 1 132 104 13 12 114 68 23 213 206 144 111 92 194 21 65 6 17 107 60 175 162 153 164 211 26 70 27 184 108 201 200 199 180 52 72 109 91 90 202 56 58 142 129 31 207 110 93 174 54 15 137 113 96 169 19 59 106 100 198 208 139 30 152 32 190 160 157 176 78 145 126 209 44 192 116 11 205 204 128 125 28 99 80 33 102 101 203 172 82 8 9 50 121 77 39 122 215 103 95 24 119 155 133 149 123 40 94 173 73 127 212 48 105 88 143 138 136 156 35 130 131 166 41 135 2 87 167 83 76 25 22 0 188 193 197 4 20 195 43 182 141 124 196 55 5 112 154 86 14 210 171 49 140 89 163 71 185 63 214 117 61 161 177 37 79 158 151 189 34 179 186 98 168 74 85 181 47 7 36 
19 137 39 67 186 63 169 14 10 54 46 151 98 160 178 62 147 127 70 188 44 116 192 58 119 118 85 52 82 76 149 68 30 43 1 166 142 2 13 105 11 24 112 66 145 211 187 194 109 93 4 22 65 61 18 108 150 176 189 27 193 212 144 71 28 106 208 203 201 73 185 50 90 110 92 56 154 57 29 143 130 91 207 111 16 174 55 94 138 114 170 107 17 60 198 101 199 140 135 31 158 33 175 79 177 190 210 184 124 117 45 195 205 12 215 26 148 126 34 97 78 200 100 102 9 173 83 49 7 113 122 23 40 103 204 134 96 155 120 25 183 133 77 38 84 171 214 128 51 104 139 89 121 165 159 157 152 182 136 131 42 141 3 179 168 95 123 6 20 125 206 21 197 5 191 87 41 132 163 15 196 0 75 202 74 53 213 180 172 88 129 209 164 81 64 69 115 59 99 162 153 35 36 80 37 161 47 146 156 8 181 48 86 167 72 32 
180 177 35 159 185 9 86 211 127 206 47 25 24 138 74 49 81 196 21 109 7 179 84 31 43 3 106 146 191 79 153 36 201 202 204 154 13 100 41 139 131 37 162 34 194 15 5 148 27 71 209 124 128 73 83 48 66 94 96 111 174 22 65 91 55 8 143 2 132 108 169 117 145 188 125 136 87 165 11 200 56 213 164 210 69 184 214 97 161 156 172 51 168 171 30 141 135 103 203 120 112 114 134 23 75 77 110 10 20 167 50 173 140 1 88 4 207 16 121 68 67 42 129 89 186 45 61 147 116 175 189 160 33 142 182 99 78 130 166 32 190 80 98 158 44 107 54 0 17 29 12 198 157 119 122 95 57 105 118 215 101 208 155 192 60 150 176 187 70 93 53 212 144 26 72 58 205 102 197 126 193 163 151 152 62 28 92 59 64 104 199 6 90 178 52 14 82 85 39 133 40 113 123 38 183 76 115 181 149 19 170 18 63 195 46 137 
185 160 156 36 84 179 7 187 212 128 48 183 23 25 82 72 47 110 196 22 85 8 180 1 29 41 192 107 147 37 80 150 205 203 154 101 155 11 132 42 135 32 35 189 6 194 16 69 127 28 148 210 125 49 74 81 94 67 95 20 109 174 53 65 92 9 166 165 3 115 106 170 126 184 206 142 139 88 57 12 201 214 211 193 209 70 144 157 98 162 173 172 52 181 136 31 152 118 104 200 149 113 112 75 24 76 21 111 10 171 168 51 89 141 2 14 5 207 68 122 66 87 43 130 59 146 46 18 186 153 176 190 158 30 143 33 97 140 182 79 177 175 151 99 63 45 93 55 117 129 120 13 78 199 121 123 100 58 102 119 204 105 198 169 195 159 34 164 188 197 91 27 213 145 73 208 56 103 54 26 124 71 161 131 108 163 0 116 60 202 215 15 4 61 50 90 83 86 133 40 39 38 96 114 138 137 62 167 134 44 17 191 19 64 178 77 
179 37 158 157 8 85 180 148 188 213 49 23 137 24 48 83 73 20 111 196 185 86 9 42 2 30 186 195 108 151 35 78 155 215 200 12 102 202 136 166 43 161 33 36 14 4 194 26 70 128 126 127 214 82 47 72 96 95 68 174 21 110 93 54 65 7 1 131 142 178 116 107 187 124 144 89 143 135 203 58 13 163 209 212 145 210 71 189 177 99 171 167 173 50 140 139 29 201 119 105 113 133 114 77 76 25 10 22 109 52 172 181 3 87 152 207 15 6 67 66 123 182 88 41 44 60 147 115 19 162 150 32 175 130 31 80 34 132 141 98 79 156 160 153 106 64 0 91 146 165 208 118 176 11 94 122 104 101 205 100 120 154 103 59 170 97 159 69 193 55 197 184 28 211 74 204 198 56 92 164 27 206 190 129 46 125 53 63 117 199 57 90 16 191 51 5 81 84 149 134 112 40 121 39 75 183 61 168 38 169 45 62 192 17 18 138 
83 158 34 190 49 74 81 127 28 69 50 68 122 66 52 181 172 14 5 207 82 72 47 3 166 165 17 178 44 99 159 151 101 155 11 119 204 102 29 41 1 156 36 160 92 53 65 210 125 148 212 128 187 168 51 171 134 133 40 90 15 4 21 111 10 48 132 42 135 59 146 46 27 213 145 152 136 31 13 199 120 164 188 71 184 206 126 177 175 78 86 180 85 8 129 30 143 12 201 57 137 77 138 95 94 67 194 16 6 7 84 179 131 140 182 0 93 55 39 38 114 89 141 2 64 191 19 186 117 157 98 35 189 88 142 150 37 43 130 80 153 176 33 97 45 108 196 22 18 139 104 200 161 118 149 113 56 215 154 205 203 100 58 195 61 79 32 124 163 109 174 144 209 70 173 202 105 208 20 193 214 26 162 87 63 211 110 107 147 103 198 197 91 169 9 54 167 73 76 75 183 23 112 25 96 121 192 185 24 60 62 106 170 115 116 123 
81 175 159 32 82 47 72 70 128 26 51 67 66 123 173 50 167 207 15 6 48 83 73 142 1 131 45 18 169 153 97 160 12 102 202 100 120 205 2 30 42 158 157 37 65 93 54 127 214 126 188 213 148 172 181 52 38 149 134 5 90 16 10 22 109 49 136 166 43 44 60 147 184 28 211 29 140 139 118 11 208 69 193 206 124 144 187 79 156 176 84 9 185 86 165 130 31 58 13 203 183 138 75 68 96 95 4 194 14 180 8 85 129 132 141 53 0 91 112 40 39 3 87 152 17 62 192 19 146 189 177 33 36 135 89 78 151 88 41 35 162 150 80 34 64 46 111 196 115 143 119 105 190 201 113 133 198 57 200 155 215 104 101 170 191 98 161 27 125 21 110 71 145 210 171 199 154 204 174 212 163 164 99 182 106 209 20 195 108 56 103 55 197 59 7 92 168 74 25 77 23 137 114 24 121 94 186 179 76 117 61 116 107 178 63 122 
82 33 176 160 73 83 48 27 71 148 52 121 68 67 168 171 51 4 207 16 74 49 81 132 143 2 170 46 19 158 150 98 154 13 100 215 101 118 43 3 31 35 159 177 55 65 91 124 128 209 127 206 211 50 173 167 149 39 133 14 6 90 110 10 20 47 41 139 131 186 45 61 212 144 26 135 30 141 198 119 12 187 70 163 188 125 145 190 80 157 85 84 7 179 29 142 182 200 56 11 76 137 183 96 66 94 15 5 194 86 185 9 152 130 166 92 54 0 40 113 38 140 1 88 195 18 63 116 17 97 161 162 34 165 136 36 79 129 89 153 175 189 99 78 107 62 21 109 147 87 203 120 151 103 112 114 205 199 204 201 202 57 105 60 178 32 37 193 28 174 22 214 69 184 172 104 208 58 111 210 213 126 156 42 44 164 196 146 191 102 155 93 53 192 8 197 181 72 77 23 25 24 134 138 123 122 106 180 75 64 115 169 117 108 59 95 
5 29 132 87 21 20 22 50 168 172 53 12 205 104 10 196 174 59 107 18 0 197 65 39 114 133 128 164 184 142 42 152 36 190 99 79 158 189 94 66 122 182 135 3 115 192 45 179 85 9 72 48 81 14 16 15 202 58 118 61 106 17 146 178 63 6 23 183 75 214 187 27 7 180 86 112 134 40 33 157 151 185 84 8 173 51 181 43 140 143 109 207 90 194 137 76 24 80 159 161 101 198 203 215 105 13 108 19 60 92 91 93 68 121 96 117 191 44 57 120 155 138 77 25 209 188 28 69 212 89 31 41 141 123 95 30 166 38 113 88 139 2 1 129 70 213 186 170 125 67 175 97 130 37 56 119 98 35 32 156 150 34 177 124 71 136 165 47 83 147 169 73 49 82 54 160 162 176 64 167 171 74 131 149 126 52 62 144 148 153 78 195 46 211 111 116 55 4 100 208 102 199 154 200 103 11 193 110 201 163 145 206 26 210 127 204 
6 88 30 166 20 22 21 173 51 181 54 105 13 215 174 10 196 19 60 108 65 0 197 134 40 112 144 148 193 140 143 43 97 37 175 161 80 159 123 95 67 1 129 136 46 116 195 7 180 86 82 73 49 16 15 14 119 154 56 18 59 107 64 147 169 4 76 24 137 28 209 188 84 8 185 38 113 149 153 34 177 9 179 85 167 171 52 165 41 141 110 194 207 90 25 138 77 162 78 160 200 102 199 11 204 103 61 106 17 91 93 92 94 66 122 45 115 192 202 58 118 23 183 75 26 210 206 126 70 132 87 142 42 68 121 89 31 133 39 131 182 135 139 2 124 71 63 146 213 96 35 176 3 98 155 57 190 99 151 33 157 150 32 212 125 130 152 72 48 62 186 83 74 47 55 79 158 36 170 50 168 81 29 114 211 172 178 163 145 156 189 117 191 69 109 44 53 5 203 101 201 100 120 208 205 104 127 111 198 128 164 214 187 27 184 12 
4 131 89 31 22 21 20 167 171 52 55 204 103 11 196 174 10 106 17 61 197 65 0 113 149 38 163 145 127 41 141 165 176 98 35 160 162 78 68 121 96 139 2 130 191 44 117 84 8 185 47 83 74 15 14 16 57 120 155 108 19 60 170 62 186 5 138 77 25 206 26 210 179 85 9 133 39 114 156 150 32 86 7 180 50 168 172 152 142 42 111 90 194 207 75 23 183 158 189 79 208 201 100 104 12 205 18 59 107 93 92 91 123 95 67 195 46 116 119 154 56 76 24 137 187 27 214 211 124 30 166 140 143 94 66 132 87 112 134 29 1 129 182 135 212 125 169 64 71 122 99 36 136 190 118 202 37 175 177 153 34 157 151 70 213 3 43 82 73 178 63 48 81 72 53 161 80 97 146 173 51 49 88 40 69 181 147 128 164 33 159 45 115 126 110 192 54 6 199 200 198 203 58 101 13 215 184 109 102 144 148 28 209 188 193 105 
13 54 10 16 119 57 202 153 79 176 56 144 27 211 105 12 204 25 95 40 200 101 208 73 52 84 30 3 140 90 91 110 108 17 106 46 45 116 171 86 47 21 4 65 94 113 77 150 162 98 177 78 99 100 203 199 125 193 26 114 137 66 133 138 96 103 173 8 74 152 131 135 157 158 190 179 83 172 62 170 169 37 34 80 156 161 36 111 207 93 102 120 154 58 81 167 85 195 44 191 148 28 70 69 163 188 149 75 121 11 104 215 51 9 82 24 68 134 71 184 209 50 180 49 29 129 43 143 31 196 14 194 92 168 185 174 15 7 48 55 22 6 20 5 87 182 67 38 139 72 59 61 0 107 187 213 60 19 63 147 64 146 186 166 1 197 109 151 159 23 122 189 175 32 155 115 117 18 112 33 160 35 53 181 141 97 76 89 136 178 192 183 123 42 198 39 118 205 212 164 206 124 127 145 210 126 41 201 214 132 130 165 88 2 142 128 
11 14 55 10 154 120 58 190 150 80 57 212 145 28 205 103 13 38 23 96 198 201 102 85 74 50 141 31 1 111 90 92 107 106 18 117 44 46 48 172 84 65 22 5 75 95 114 99 151 189 97 156 79 208 101 200 27 126 163 67 112 138 94 134 183 104 72 171 9 136 140 132 175 177 159 173 180 81 170 63 178 78 35 32 37 157 162 91 109 207 100 56 118 155 86 82 168 192 191 45 71 127 26 206 70 164 122 133 76 204 12 105 83 52 7 149 25 66 210 69 144 47 51 185 41 30 130 135 165 54 196 110 194 73 181 53 174 167 8 16 0 20 197 21 152 88 77 68 29 179 108 60 4 59 128 188 19 61 62 64 186 169 147 43 131 6 93 36 153 113 24 33 161 176 202 195 116 17 123 98 34 160 15 49 129 158 39 42 87 146 115 40 137 2 199 121 119 215 209 213 184 187 211 125 148 214 139 203 193 143 166 3 142 89 182 124 
12 10 15 53 56 155 118 78 175 151 58 26 213 184 11 215 104 94 39 24 100 199 203 51 86 72 2 152 29 93 109 90 19 108 107 44 115 45 85 49 173 6 65 20 112 76 96 161 97 153 80 98 157 201 198 102 164 28 124 183 68 113 137 95 149 105 7 73 172 166 139 141 160 176 156 82 171 185 169 178 64 33 79 36 189 35 177 207 92 110 101 202 57 119 181 84 83 46 195 192 27 69 128 193 187 71 77 123 134 103 205 13 8 81 50 67 133 23 145 214 70 179 48 52 182 42 31 30 136 16 55 91 111 180 74 14 54 47 168 174 5 0 4 197 130 140 40 75 142 167 60 106 21 61 212 148 18 17 146 63 62 147 170 3 41 22 194 158 37 121 114 190 34 162 154 116 191 59 25 159 99 150 196 9 89 32 66 135 43 186 117 122 38 132 208 138 120 204 163 210 126 144 206 188 125 127 88 200 211 129 165 87 1 143 131 209 
64 95 77 38 195 117 45 197 5 21 59 156 99 162 192 44 116 71 28 144 107 17 60 104 103 204 72 8 181 122 75 113 29 143 130 89 165 139 101 199 198 68 76 149 212 27 193 55 16 174 92 90 110 63 169 186 32 37 161 128 213 214 69 209 164 170 57 56 154 50 73 185 53 15 196 12 215 205 87 41 129 10 54 14 0 6 20 39 67 137 115 62 147 178 120 202 155 152 182 132 78 34 97 158 33 175 163 125 206 61 18 108 208 203 201 184 124 210 177 190 79 119 118 58 83 9 173 171 74 24 112 96 25 200 100 183 133 105 11 121 123 23 94 138 81 179 145 211 84 102 3 88 40 141 160 151 42 136 135 31 140 142 2 49 7 114 134 93 194 26 148 207 111 91 19 30 43 131 126 65 4 109 66 13 168 22 187 82 85 166 1 127 70 51 191 188 106 146 36 159 150 176 98 189 35 80 52 46 157 47 180 167 48 86 172 153 
62 39 96 75 46 191 115 22 197 6 60 189 157 97 117 195 45 145 69 26 61 108 18 205 105 104 167 73 9 114 123 76 182 30 165 135 87 142 199 102 208 133 66 77 163 213 28 174 53 14 111 93 90 146 64 170 162 33 35 209 148 211 193 70 210 178 155 58 57 179 51 74 196 54 16 215 13 204 130 88 42 15 10 55 21 0 4 138 40 68 116 169 63 186 202 118 154 166 140 129 98 79 32 176 159 34 187 164 126 106 59 19 203 198 200 214 144 125 80 156 175 56 120 119 171 81 7 85 172 67 25 149 94 100 201 122 137 11 103 134 38 121 112 95 181 82 188 184 72 101 152 1 24 89 99 158 132 43 141 136 29 131 143 52 47 183 23 110 91 124 27 92 207 109 17 2 31 139 127 20 65 194 113 12 180 5 212 50 83 3 41 206 128 8 192 71 107 147 177 37 161 151 153 190 150 36 86 44 160 173 48 84 168 49 185 78 
63 76 40 94 116 44 192 4 20 197 61 98 161 177 46 115 191 27 184 70 19 59 106 105 215 103 7 168 74 77 112 121 142 129 31 143 136 88 198 208 100 75 134 67 26 164 211 15 174 54 90 109 91 178 147 62 36 189 34 212 210 127 214 163 71 169 58 202 56 72 180 52 14 196 55 205 204 11 43 182 89 53 16 10 5 22 0 66 183 38 117 146 170 64 155 154 119 130 131 141 33 99 80 32 190 160 124 188 193 17 107 60 201 200 199 126 209 145 176 78 157 120 57 118 8 172 82 73 86 114 68 24 133 102 101 149 123 13 12 138 25 39 137 113 185 167 213 206 173 203 87 140 122 2 150 97 135 166 30 152 139 1 132 9 50 96 95 194 111 128 125 110 93 207 18 42 3 41 28 6 21 92 23 104 83 65 144 84 51 165 29 69 187 48 195 148 108 186 158 156 175 162 159 153 79 151 81 45 35 179 171 47 85 181 49 37 
116 24 38 121 106 59 19 194 110 91 62 79 32 98 108 18 61 124 27 127 186 169 63 200 203 198 9 167 73 75 39 96 3 131 143 139 132 43 56 120 119 138 40 68 69 26 145 5 20 65 15 10 55 115 46 191 189 157 97 193 70 210 125 214 144 44 12 11 103 81 7 171 6 22 197 102 208 199 135 87 142 0 4 21 90 111 93 122 137 134 60 117 195 45 205 105 104 30 165 182 35 162 33 190 161 151 184 212 188 64 170 146 118 154 202 148 211 209 78 150 36 204 215 13 84 168 49 47 8 112 95 25 113 155 58 133 66 201 101 77 76 114 23 149 85 172 128 71 52 57 141 136 123 29 176 159 88 42 41 2 31 166 140 180 181 94 67 16 196 28 163 174 53 14 178 1 89 130 213 207 109 54 183 100 72 92 206 86 50 129 152 164 126 82 107 187 147 192 156 175 158 153 34 99 177 37 83 17 80 185 173 74 179 51 48 160 
117 122 25 39 17 107 60 92 194 111 63 99 80 33 59 106 19 128 125 28 64 146 170 199 201 200 74 7 168 94 76 40 165 1 132 41 135 166 120 57 118 66 183 38 184 70 27 65 6 21 53 16 10 192 116 44 98 161 177 214 163 71 145 126 209 45 104 13 12 172 82 8 197 4 20 208 100 198 143 136 88 22 0 5 91 90 109 149 123 138 61 46 115 191 105 215 103 129 31 142 34 36 189 153 175 162 206 144 213 147 62 178 154 119 155 210 127 212 37 79 151 11 205 204 47 85 181 50 48 137 113 68 23 58 202 75 134 101 203 67 121 77 95 24 73 86 187 148 9 56 30 152 112 139 32 190 182 89 29 42 3 130 131 83 185 133 114 55 14 211 26 15 174 54 169 140 2 43 164 93 207 196 96 102 173 110 69 81 84 141 87 188 193 167 108 124 186 195 78 157 97 159 160 150 158 156 51 18 176 49 179 52 72 180 171 35 
115 40 123 23 61 18 108 109 93 194 64 34 97 78 17 60 107 26 148 126 178 62 147 201 208 203 181 72 8 38 95 77 166 142 2 131 42 136 119 118 58 39 67 137 28 144 71 22 65 4 10 54 14 45 195 117 156 99 162 69 209 164 210 184 124 46 13 105 11 9 173 83 21 197 5 199 198 101 89 165 139 6 20 0 110 92 90 183 133 121 59 192 44 116 104 103 204 143 130 29 161 32 37 189 150 176 211 187 145 169 186 63 202 155 120 213 214 128 153 35 80 205 12 215 167 48 86 7 51 94 138 112 66 57 56 68 76 100 102 149 113 122 134 96 171 74 70 188 49 154 135 31 75 140 158 33 41 129 1 30 43 152 182 168 81 25 24 196 53 193 212 55 16 174 170 88 141 87 27 111 91 15 114 200 84 207 127 52 82 132 3 125 206 179 106 163 146 191 190 79 151 98 175 160 36 159 85 19 177 172 47 185 50 73 180 157 
207 43 41 42 110 111 109 52 50 51 65 200 201 203 20 21 22 186 146 147 92 93 91 40 38 39 206 187 188 136 139 135 159 160 158 32 33 34 66 67 68 166 131 132 108 106 107 9 7 8 49 47 48 4 5 6 104 105 103 178 169 170 45 46 44 194 24 25 23 213 211 212 86 84 85 134 149 133 99 97 98 180 185 179 172 173 171 129 130 182 174 16 14 15 76 77 75 153 150 151 154 155 202 199 208 198 62 63 64 55 53 54 121 122 123 17 18 19 11 12 13 183 137 138 69 70 71 148 127 140 141 3 1 95 96 142 143 113 114 165 87 88 31 29 184 144 116 117 128 94 80 78 89 79 205 215 161 162 37 35 36 176 190 193 163 30 2 81 82 191 192 72 73 74 197 177 156 189 195 181 167 83 152 112 145 168 115 214 209 175 157 60 61 164 10 59 0 90 57 58 118 119 204 120 102 100 210 196 56 28 26 125 126 124 27 101 
138 83 47 81 68 94 123 119 200 205 66 44 146 18 77 24 183 3 141 131 40 114 149 188 128 69 153 159 190 172 51 50 20 196 110 5 15 207 212 214 148 179 185 8 30 1 165 12 155 203 102 11 120 112 38 133 45 178 106 88 130 143 142 166 135 23 26 127 125 157 160 99 105 118 199 126 210 144 65 53 93 100 204 56 57 208 13 173 181 171 134 67 122 96 213 187 184 14 194 6 17 191 169 108 192 64 29 136 42 25 75 137 124 206 164 43 132 182 117 62 19 209 193 71 79 175 34 158 36 82 74 52 168 70 28 72 49 211 27 48 84 86 7 9 97 151 2 41 32 145 111 22 180 10 59 195 174 109 91 0 55 54 92 176 177 85 167 198 215 31 129 104 58 201 95 4 16 21 140 202 101 154 73 163 80 103 87 156 78 197 90 152 89 162 39 139 121 76 63 60 115 186 147 107 170 61 37 113 46 33 189 150 161 35 98 116 
183 82 81 48 121 66 95 215 120 201 67 19 45 147 137 75 25 132 1 152 133 38 112 70 206 148 175 150 160 51 173 52 111 21 196 207 6 16 127 213 209 9 180 179 142 31 2 200 13 202 118 100 12 134 113 39 107 46 169 165 89 182 136 143 131 24 126 27 128 97 177 158 208 103 119 145 124 214 91 65 54 57 101 205 11 58 198 172 171 167 149 94 68 123 144 211 188 4 15 194 170 18 192 62 106 195 43 30 139 138 23 76 193 125 187 129 41 166 17 115 63 69 210 163 32 80 176 33 159 74 83 168 50 184 71 49 73 164 212 47 185 85 86 8 78 98 88 3 37 26 10 109 84 20 186 60 22 174 53 92 0 197 55 189 190 7 181 155 199 141 29 203 105 56 96 90 5 110 130 104 154 204 72 28 153 102 42 35 157 93 14 135 140 156 40 87 122 77 44 64 108 116 191 146 117 178 79 114 61 99 34 36 151 162 161 59 
137 49 83 82 96 122 67 203 204 118 68 186 17 46 23 138 76 140 166 2 113 134 39 127 71 187 158 176 151 50 52 171 196 109 22 14 207 4 210 128 211 180 7 185 3 143 29 154 201 11 13 119 101 40 149 114 170 108 44 129 142 87 132 139 165 25 148 124 28 159 98 156 120 198 104 209 184 125 55 92 65 215 58 102 199 12 56 168 173 172 133 121 95 66 206 145 212 194 5 16 195 178 19 191 63 107 135 41 31 77 183 24 188 163 126 131 130 42 64 18 116 164 70 214 190 33 78 35 34 73 72 167 181 27 144 48 47 26 193 74 85 179 8 84 150 79 43 89 160 69 21 10 86 110 192 146 111 20 0 54 93 91 197 157 161 9 51 205 202 182 152 57 200 103 94 15 90 174 30 100 105 208 81 213 99 155 1 80 36 53 6 88 136 175 38 141 123 75 59 45 147 106 61 117 60 115 177 112 62 162 97 189 37 153 32 169 
124 103 101 119 163 128 144 191 18 62 69 41 29 182 206 28 214 83 8 171 187 26 209 150 189 36 21 93 15 12 199 155 38 96 138 121 25 149 32 79 190 11 198 154 50 72 179 117 107 170 44 59 186 184 193 127 166 136 152 51 73 180 9 172 81 212 99 156 158 10 197 207 45 60 146 97 157 159 183 39 94 64 195 17 115 108 178 118 105 100 213 210 188 27 80 175 33 75 114 66 89 2 143 1 142 88 168 48 85 164 148 145 177 160 98 84 167 47 87 3 165 35 153 162 0 194 174 55 5 208 202 204 203 151 161 200 57 176 34 205 215 201 104 102 6 111 74 185 110 37 23 133 58 122 43 31 67 76 68 77 113 134 123 4 109 120 56 116 106 181 49 19 63 192 126 95 137 112 86 46 61 169 13 78 53 147 52 20 92 24 40 7 173 54 125 82 211 70 42 30 135 141 130 132 131 139 14 71 129 22 91 196 65 90 16 140 
125 120 104 102 145 164 148 63 192 19 70 129 42 30 209 187 26 172 81 9 210 188 27 37 151 161 16 22 91 202 13 208 183 39 94 133 122 23 175 33 80 155 12 199 180 51 73 178 115 108 146 45 60 128 144 163 140 131 139 185 52 74 82 7 173 213 159 97 157 207 10 197 147 46 61 160 98 177 95 137 40 18 62 191 169 116 106 101 119 103 211 28 214 206 34 78 176 67 76 112 165 87 3 89 2 143 86 181 49 184 193 127 99 156 158 48 85 168 142 88 1 189 36 150 174 0 194 111 53 11 198 57 205 35 153 215 201 79 190 58 56 204 118 105 54 4 50 72 6 162 123 24 203 134 182 41 113 68 114 66 75 25 149 55 5 100 200 170 117 84 167 195 17 64 124 38 96 77 47 186 44 107 154 32 109 59 179 15 21 121 138 83 8 110 126 171 212 71 130 43 166 136 29 152 141 132 93 69 31 14 20 90 196 65 92 135 
126 100 118 105 127 184 193 17 64 195 71 31 130 43 27 210 188 7 173 82 28 214 206 162 35 153 92 14 20 198 154 11 95 137 40 24 134 123 78 176 34 208 202 13 74 185 52 106 169 116 61 147 46 164 148 145 135 141 132 72 179 50 171 83 8 211 177 160 98 197 207 10 59 186 44 156 158 99 38 96 138 192 19 63 107 170 117 104 102 120 212 187 26 209 190 32 79 113 68 77 1 142 88 165 87 3 47 84 167 128 144 163 159 97 157 181 49 86 2 143 89 151 161 37 194 174 0 4 109 155 12 201 58 189 36 56 204 33 80 203 200 57 101 119 110 55 180 51 54 150 149 121 205 25 30 129 75 114 76 112 67 122 23 111 53 103 215 108 178 48 85 62 191 18 125 183 39 66 168 60 146 115 199 175 5 45 73 91 16 133 94 172 81 6 124 9 213 69 29 182 140 131 42 139 136 152 22 70 41 93 15 65 90 196 21 166 
8 32 99 78 9 86 185 69 184 214 72 75 77 23 81 74 49 10 20 110 84 7 179 87 165 136 59 64 115 161 156 97 198 119 12 120 103 203 142 182 29 98 158 150 90 14 6 145 188 125 26 212 144 83 48 73 95 123 122 109 196 21 197 93 53 85 141 135 30 61 186 45 164 210 213 130 166 152 104 208 155 71 148 27 126 193 28 176 160 33 181 171 51 168 89 42 129 205 199 58 38 40 113 76 137 183 111 174 22 50 173 167 41 139 131 5 194 15 66 94 96 143 2 132 63 195 18 62 44 35 159 79 153 140 1 175 189 3 31 151 37 162 190 80 192 60 55 65 107 88 105 102 34 57 67 121 202 204 56 11 200 101 118 116 17 157 36 209 124 92 54 70 163 187 82 154 13 201 0 211 127 128 177 43 178 206 91 19 170 215 100 4 207 147 172 16 47 180 134 112 149 39 68 133 24 138 46 52 114 106 146 108 169 117 191 25 
9 79 33 97 179 7 84 209 70 144 73 24 76 75 47 82 72 111 10 21 180 85 8 139 88 142 116 60 62 98 162 157 13 199 120 200 118 104 30 143 129 151 99 159 4 90 15 126 184 206 145 27 213 74 81 49 123 96 121 22 110 196 54 197 91 86 31 152 136 46 59 146 211 193 214 140 182 131 202 105 198 28 69 127 26 124 163 34 190 158 167 181 172 52 130 87 43 56 215 208 114 39 38 137 77 138 20 109 174 168 51 171 132 42 135 16 6 194 94 67 95 166 165 3 19 64 191 108 63 156 36 37 80 89 141 153 176 41 1 161 32 35 177 175 169 195 92 53 45 2 58 103 189 100 66 68 203 154 201 57 12 204 102 186 117 78 150 148 210 0 93 188 71 164 83 101 155 205 55 187 212 125 160 29 61 128 65 44 17 119 11 14 5 18 173 207 48 185 112 149 134 133 122 40 23 25 178 50 113 192 107 115 106 170 147 183 
7 98 80 34 85 180 8 145 210 71 74 76 25 77 73 48 83 22 109 10 9 185 86 143 135 89 63 117 61 177 99 189 118 11 208 105 201 119 130 31 165 160 153 97 16 5 90 187 124 144 211 184 28 47 72 82 122 121 94 196 20 111 92 55 197 84 139 29 140 147 44 60 209 212 163 132 141 129 199 154 103 128 26 70 164 27 125 159 32 175 168 50 167 173 41 182 88 198 57 204 39 112 40 183 138 75 174 21 110 172 181 52 136 166 43 194 14 4 96 95 68 1 131 142 192 17 62 46 106 158 157 151 35 3 87 162 150 30 42 190 161 33 79 156 59 170 65 93 64 152 101 56 36 104 123 67 215 200 13 203 58 120 205 19 146 176 78 126 127 53 0 193 206 69 81 12 102 155 91 148 188 214 37 2 191 213 54 169 45 100 202 207 15 115 171 6 49 179 114 113 38 149 66 134 137 24 18 51 133 186 195 178 116 107 108 23 
38 9 8 84 24 77 183 200 103 57 75 62 59 45 39 113 134 139 165 132 121 95 66 69 27 144 32 162 97 72 81 73 55 92 65 10 110 21 145 212 206 171 50 52 87 129 142 56 199 12 104 120 198 122 67 96 169 60 115 89 1 43 141 88 136 133 125 209 184 156 159 98 155 100 105 163 126 188 15 90 6 204 118 203 208 205 202 83 82 49 123 138 76 23 193 213 26 111 20 174 116 64 18 195 178 19 30 182 152 40 149 114 148 124 28 41 31 135 63 107 191 71 187 127 78 190 33 79 99 180 7 47 74 164 70 85 179 128 211 86 51 167 168 173 175 157 3 143 150 214 197 53 181 91 46 186 93 0 5 16 194 207 4 35 34 172 48 11 154 131 130 58 102 215 137 196 109 54 42 101 13 201 185 210 161 119 29 151 158 14 22 140 166 160 94 2 25 112 61 192 170 108 17 44 106 117 176 68 146 177 80 153 189 37 36 147 
39 85 7 9 137 25 75 58 201 104 76 46 63 60 149 40 114 166 135 142 67 122 96 145 70 28 98 33 189 74 73 82 65 53 93 22 10 111 187 184 213 50 172 51 143 88 130 13 57 208 199 105 118 94 123 68 116 170 61 41 87 2 139 152 89 134 144 126 210 99 157 160 103 202 101 206 164 124 4 16 90 200 205 119 154 198 215 47 81 83 121 24 183 77 27 163 211 174 109 21 19 117 62 17 191 169 140 31 129 112 38 133 26 127 125 136 42 29 192 64 108 128 69 188 34 79 175 151 80 179 185 49 48 209 193 84 86 214 148 180 167 52 173 181 162 176 30 1 97 71 92 197 168 54 18 44 55 91 194 6 14 15 207 158 36 171 72 203 12 43 132 204 56 100 138 20 196 0 182 120 102 155 8 212 177 11 165 190 153 5 110 3 141 32 95 131 23 113 147 59 45 178 146 106 186 107 159 66 195 37 156 35 150 161 78 115 
40 7 86 8 76 138 23 105 56 203 77 61 44 64 112 133 38 143 131 136 94 68 123 26 184 71 161 99 34 83 72 74 91 65 54 109 20 10 211 188 144 52 51 173 182 165 89 198 11 58 119 208 103 66 95 121 59 117 178 3 42 88 87 135 140 149 214 145 124 158 97 177 102 104 154 125 187 193 90 5 14 120 201 215 204 155 199 81 48 82 122 75 25 137 212 28 164 22 174 110 63 17 115 170 18 192 130 141 29 134 113 39 126 27 128 30 139 43 106 195 62 206 148 70 176 32 80 98 153 9 180 73 47 69 210 185 85 213 209 84 181 168 172 171 156 189 142 31 78 163 55 93 50 197 147 19 0 53 15 194 4 6 16 33 159 167 49 202 200 129 41 101 205 57 183 111 21 92 166 12 118 13 179 127 190 100 2 160 175 207 196 132 1 37 96 152 24 114 191 186 107 46 45 169 116 146 150 67 60 79 35 162 36 151 157 108 
37 115 147 108 34 150 157 131 31 30 78 8 173 49 32 177 151 201 12 202 162 80 158 20 54 194 113 95 23 107 195 64 27 70 127 148 209 126 10 91 4 63 19 116 103 58 203 143 142 43 136 2 139 175 35 99 171 72 185 57 102 204 56 208 11 98 15 109 65 94 137 38 141 140 165 90 22 55 71 144 214 152 42 41 29 87 89 170 60 117 156 176 97 36 197 14 110 26 211 145 181 48 179 74 85 167 119 198 105 160 79 161 196 92 6 100 13 120 51 47 86 16 111 0 25 133 123 40 67 178 18 17 45 174 93 62 61 207 21 46 186 59 169 106 96 77 215 118 24 5 184 188 192 124 9 168 212 193 206 213 128 163 28 122 183 44 146 3 129 101 104 135 182 130 189 164 187 210 155 88 166 1 191 53 149 132 200 39 121 125 69 199 205 114 153 154 159 190 84 172 73 7 82 52 50 81 76 33 83 134 66 68 75 112 138 180 
35 106 116 186 177 32 151 31 132 29 79 47 9 171 153 33 156 154 203 13 159 189 78 194 21 55 24 114 96 62 108 191 128 28 71 124 127 210 5 10 92 117 64 17 200 104 56 41 165 143 135 139 3 97 176 36 179 172 73 205 58 100 12 57 198 99 65 16 110 39 95 138 142 152 141 53 90 20 209 69 145 42 140 43 87 30 88 115 178 61 157 37 190 98 111 197 15 184 27 212 180 167 49 168 72 86 103 120 199 162 158 80 4 196 93 118 101 11 84 52 48 0 14 109 121 23 134 25 38 192 169 147 18 6 174 44 63 54 207 59 195 146 45 170 133 94 201 204 68 91 125 144 60 206 83 7 214 213 148 187 211 126 164 112 123 107 46 2 1 202 102 182 136 129 161 70 193 163 105 166 89 130 19 22 75 131 119 77 40 26 188 155 208 137 150 215 160 175 81 85 50 74 181 8 185 51 122 34 173 183 149 113 66 76 67 82 
36 146 107 117 153 156 33 30 29 166 80 172 48 7 157 150 34 11 155 200 79 160 161 53 194 22 94 25 112 192 63 106 69 148 26 214 125 128 93 6 10 18 115 62 57 201 105 165 42 142 1 136 135 37 98 190 74 180 173 101 215 56 199 13 58 97 111 65 14 183 40 96 152 143 140 21 54 90 184 210 70 41 43 141 89 88 31 59 116 169 177 99 35 175 16 109 197 213 144 28 47 185 168 84 181 73 208 104 118 78 189 159 91 5 196 12 119 102 49 85 50 110 0 15 149 122 24 66 23 17 195 44 186 92 4 60 45 20 55 64 61 191 108 46 76 134 120 203 39 174 187 126 147 145 167 81 164 209 212 127 188 27 124 138 113 178 19 182 3 103 154 130 129 139 162 206 71 211 100 132 131 2 170 207 95 87 205 123 75 193 163 204 202 121 151 198 158 176 171 82 9 51 8 72 83 179 38 32 86 68 137 77 114 67 133 52 
84 190 162 150 180 8 85 164 27 125 81 138 75 183 83 73 48 21 110 174 86 9 185 141 129 132 169 45 18 32 175 159 56 104 101 204 198 57 3 87 152 79 156 176 15 6 207 209 212 163 69 193 206 72 82 47 67 66 123 10 22 109 91 53 0 179 182 88 41 62 192 17 26 70 128 30 42 2 100 120 205 144 187 124 148 188 213 78 151 35 51 173 50 167 142 1 131 102 202 12 134 38 149 24 23 137 196 20 111 181 52 172 130 31 165 90 16 5 122 121 94 139 29 140 116 107 178 191 59 80 34 177 99 136 166 158 157 89 143 37 160 153 161 33 19 146 197 92 170 43 200 155 97 215 68 96 11 208 103 199 154 58 13 106 64 36 189 211 184 54 65 127 214 126 49 105 201 118 93 145 210 28 98 135 115 71 55 186 195 203 119 194 14 46 168 4 74 7 40 39 133 114 95 113 25 77 108 171 112 63 117 147 44 60 61 76 
85 151 175 189 86 185 9 126 193 28 82 137 183 76 49 81 74 174 22 111 179 84 7 166 152 130 19 170 46 160 33 176 102 57 105 58 205 199 140 1 88 190 80 157 207 16 4 164 210 213 187 70 163 48 73 83 121 68 67 110 10 20 0 92 54 180 42 129 89 18 63 195 148 27 71 3 31 43 215 101 118 125 145 188 211 127 206 36 79 153 52 168 171 51 132 143 2 13 100 154 133 149 39 138 25 24 109 196 21 173 167 50 142 182 29 6 90 14 95 123 122 141 135 30 169 117 108 178 192 99 78 161 156 41 139 35 159 136 87 177 98 158 37 162 116 17 53 197 60 131 204 201 150 202 96 66 119 12 155 104 208 200 56 44 107 34 97 26 212 91 55 124 128 209 47 120 103 198 65 69 184 144 32 165 147 214 93 106 146 11 203 5 194 62 181 15 72 8 113 38 114 134 94 112 77 23 191 172 40 59 64 61 186 45 115 75 
86 161 153 176 7 84 179 26 124 163 83 77 138 137 72 47 82 109 174 20 8 180 85 182 131 140 44 17 178 190 158 34 103 100 58 208 56 215 89 141 2 177 175 78 5 207 14 211 193 214 164 188 71 81 49 74 68 122 66 21 111 10 55 0 93 185 87 43 130 191 19 64 69 127 28 41 1 29 119 204 102 206 126 184 187 212 128 150 37 80 50 52 181 172 3 166 165 155 11 101 40 134 133 25 183 23 22 110 196 51 171 168 30 143 129 15 4 90 123 96 121 31 152 136 106 170 115 61 169 33 97 98 162 132 42 156 36 142 139 160 151 99 32 35 186 117 91 54 195 135 154 205 159 203 95 94 199 120 198 202 105 12 201 63 45 189 157 145 27 65 92 210 125 148 48 200 118 13 53 209 70 213 79 88 18 144 197 192 107 57 104 16 6 108 167 194 73 9 38 114 113 112 67 149 76 75 147 173 39 116 60 46 59 146 62 24 
51 97 160 153 181 52 172 28 211 184 84 38 149 134 9 185 86 54 65 93 167 173 50 165 130 31 18 169 45 150 190 162 203 58 13 118 11 208 139 29 140 78 151 35 110 174 21 71 145 210 144 187 124 85 180 8 138 75 183 91 53 0 5 90 16 171 135 89 143 107 178 116 125 164 27 87 152 3 204 198 57 188 213 148 206 69 193 158 157 37 81 83 73 48 141 129 132 104 101 56 123 67 66 113 133 114 92 55 197 82 47 72 1 131 142 22 109 10 76 25 77 2 30 42 147 44 60 64 46 161 33 34 98 182 88 79 156 166 43 176 159 32 189 177 191 59 14 4 106 41 103 199 175 154 24 23 120 205 119 105 201 102 202 115 19 99 80 128 26 207 15 209 212 163 179 155 215 100 6 214 126 70 36 136 170 127 194 108 186 12 200 20 111 146 74 196 7 168 121 94 96 95 137 68 40 39 195 49 122 61 63 17 62 192 117 112 
52 150 98 158 173 167 50 144 26 212 85 149 39 133 84 7 179 91 55 65 51 168 171 29 142 182 46 19 170 189 151 175 11 200 56 198 119 12 141 135 30 36 79 153 22 111 174 214 69 184 125 145 188 9 86 185 137 183 76 0 92 54 14 6 90 172 165 136 87 117 108 169 28 126 193 1 88 140 58 205 199 127 206 211 163 187 70 35 159 177 82 49 81 74 166 152 130 57 105 102 67 121 68 112 114 134 197 93 53 73 83 48 143 2 132 10 20 110 75 77 23 43 3 31 61 186 45 107 62 37 162 78 32 42 129 190 80 139 131 157 176 160 97 161 178 192 194 15 44 89 155 104 33 208 138 25 101 118 203 120 103 13 100 147 116 156 99 71 148 4 207 164 210 213 180 201 202 215 16 128 209 27 34 41 60 124 5 191 106 154 204 196 21 17 72 109 8 181 123 122 66 94 24 96 113 38 146 47 95 115 59 195 18 63 64 40 
50 159 151 99 51 171 168 213 145 27 86 134 133 40 180 85 8 65 92 53 172 52 181 129 30 143 178 44 17 176 161 153 57 12 201 13 199 120 31 152 136 150 37 80 174 20 109 144 209 70 206 126 184 179 7 84 77 138 137 55 0 93 90 15 4 173 88 142 139 170 115 106 163 26 124 141 2 89 208 56 215 212 128 187 71 164 188 156 36 160 83 72 47 82 182 131 140 100 58 103 66 68 122 149 113 112 54 197 91 49 74 81 166 165 3 111 10 21 24 76 75 29 41 1 46 59 146 45 108 32 35 97 79 87 43 177 175 42 135 78 34 190 157 98 61 169 6 194 63 130 198 202 158 105 25 183 204 102 104 200 118 155 11 18 186 162 33 28 69 14 5 211 193 214 185 205 203 119 207 125 148 127 189 132 195 210 16 147 192 101 154 110 196 117 73 22 9 167 96 121 94 67 23 95 38 114 107 48 123 62 116 64 191 19 60 39 
139 184 211 206 130 3 136 96 113 75 87 5 91 174 29 131 88 176 99 98 2 129 135 107 169 191 203 202 104 125 188 164 8 73 171 84 47 173 59 62 195 209 144 124 158 161 189 138 94 149 133 77 121 30 89 132 207 53 22 37 97 35 32 157 156 182 44 61 170 120 105 101 23 123 114 115 60 186 185 81 172 40 76 68 122 39 137 148 213 210 42 43 152 165 146 192 18 72 167 179 109 16 65 196 6 93 190 36 175 140 41 142 106 147 45 78 162 79 90 55 20 116 108 64 204 200 58 198 56 126 28 71 27 19 178 69 214 46 17 193 187 128 26 163 155 205 153 177 103 117 168 85 70 83 21 194 48 51 52 86 74 49 181 118 13 212 145 38 24 34 33 183 66 112 166 7 82 180 151 67 134 95 127 63 102 25 150 199 119 9 50 159 80 201 141 160 31 1 0 111 15 197 54 110 92 10 215 143 14 100 57 154 12 208 11 4 
135 187 144 212 139 182 1 76 94 114 88 174 6 92 89 30 132 99 190 97 136 3 130 192 108 170 105 200 154 193 126 206 172 9 74 171 85 48 191 60 63 125 210 145 161 159 162 133 183 95 122 134 75 166 31 87 20 207 54 36 35 98 157 33 177 129 178 45 59 102 118 103 112 24 121 146 116 61 173 179 82 66 38 77 138 123 40 214 127 211 43 142 41 140 19 147 195 180 73 168 65 110 14 91 196 4 176 175 37 143 141 42 46 107 186 80 79 189 21 90 53 62 117 106 56 205 201 104 199 128 124 184 69 115 17 163 70 64 44 209 71 188 213 27 100 202 151 150 57 169 81 181 148 86 55 22 185 49 72 50 84 7 47 203 119 164 28 96 39 153 32 113 137 67 131 51 8 52 34 23 68 25 26 18 215 149 156 204 208 167 83 158 160 11 152 78 29 2 15 0 111 16 194 197 5 93 120 165 109 12 101 198 155 13 58 10 
136 213 188 145 2 135 129 112 77 95 89 93 174 4 166 87 31 98 97 175 182 139 1 178 195 106 155 103 201 187 163 124 72 173 7 49 172 86 64 192 61 184 126 214 189 162 160 96 134 137 76 123 149 88 131 29 55 21 207 99 37 36 156 177 34 130 60 169 46 104 100 119 122 113 25 59 147 117 83 171 180 75 67 39 38 183 121 212 209 128 41 141 143 42 191 17 186 181 185 74 15 65 111 5 92 196 35 190 176 43 165 152 146 44 108 161 78 80 54 22 90 107 63 115 203 57 215 58 105 27 148 26 144 170 116 210 164 19 62 71 127 69 193 211 204 101 157 153 208 18 84 82 206 167 194 53 50 179 85 73 51 168 8 12 200 28 70 23 94 32 150 68 114 138 132 81 52 47 33 133 24 40 125 45 154 66 151 118 205 48 9 79 159 120 140 158 30 3 110 16 197 109 20 14 10 6 198 142 0 56 13 11 199 202 102 91 
10 30 31 29 54 55 53 73 74 72 90 56 57 58 91 92 93 46 44 45 16 14 15 94 95 96 27 28 26 141 152 140 99 97 98 78 79 80 77 75 76 135 136 139 170 178 169 171 172 173 85 86 84 111 109 110 101 102 100 117 115 116 59 60 61 174 133 134 149 212 213 211 168 181 167 122 123 121 177 156 157 50 51 52 83 81 82 41 42 43 0 21 22 20 114 112 113 161 162 189 13 11 12 154 155 202 195 191 192 4 5 6 24 25 23 63 64 62 208 198 199 38 39 40 71 69 70 144 145 166 131 143 165 183 137 87 88 67 68 89 2 3 129 130 164 193 108 106 184 138 190 175 1 176 203 200 36 37 150 151 153 33 34 148 127 182 142 8 9 17 18 185 179 180 207 159 160 35 19 48 49 7 132 66 163 47 107 188 206 32 158 186 146 128 197 147 194 196 204 205 104 105 201 103 119 120 187 65 215 210 214 124 125 126 209 118 
16 129 3 139 196 10 174 168 52 173 91 120 56 202 111 110 109 116 45 191 55 54 53 133 113 40 125 211 70 30 87 131 150 177 33 37 99 176 67 94 121 143 152 41 62 169 146 8 86 179 73 81 47 90 207 194 203 208 102 46 192 117 107 61 19 15 75 138 24 144 164 127 85 185 7 149 112 39 158 78 161 84 180 9 51 172 167 29 89 166 22 5 4 6 77 137 23 175 36 98 204 13 104 119 58 155 115 44 195 0 65 197 122 68 95 170 147 63 100 200 198 25 76 183 148 184 163 209 27 130 1 132 31 96 123 136 182 114 38 2 42 165 141 43 188 214 59 17 206 66 153 157 140 32 201 199 151 156 79 162 159 189 160 210 28 142 88 48 74 18 106 49 72 83 93 190 35 34 60 171 181 82 135 134 26 50 108 213 69 80 97 64 178 187 20 186 92 14 11 105 103 215 101 12 118 57 124 21 205 71 126 128 145 193 212 154 
14 135 130 1 174 196 10 171 181 50 92 154 118 57 110 109 111 192 117 46 54 53 55 38 134 114 71 126 212 132 31 88 34 151 156 190 35 97 122 68 95 42 165 140 147 63 170 180 9 84 48 74 82 194 90 207 100 200 198 115 44 195 17 108 59 16 25 76 183 128 145 193 8 86 179 40 133 113 162 159 79 7 85 185 168 52 173 131 30 87 20 4 6 5 24 75 138 99 176 37 105 205 11 202 120 56 191 116 45 197 0 65 96 123 66 64 178 186 199 101 201 137 23 77 164 127 144 187 210 136 182 89 166 67 94 3 139 149 112 129 141 43 143 152 27 206 106 60 28 121 33 150 142 177 102 203 32 153 160 80 189 78 161 188 214 41 29 83 49 61 19 81 47 73 91 98 175 157 107 51 172 72 2 39 209 167 18 125 211 158 36 146 62 26 21 169 93 15 215 12 13 104 208 204 155 119 70 22 103 213 69 163 148 184 124 58 
15 2 136 182 10 174 196 51 172 167 93 58 155 119 109 111 110 44 195 115 53 55 54 112 39 149 213 69 124 89 166 29 157 32 153 98 175 36 96 123 66 141 43 142 178 186 64 85 185 7 83 49 72 207 194 90 199 101 201 191 116 45 60 18 106 14 137 23 77 163 148 184 180 9 84 114 38 134 80 189 160 179 8 86 171 181 50 88 132 31 21 6 5 4 183 25 76 35 97 190 12 103 215 57 154 118 46 192 117 65 197 0 67 94 121 146 62 169 203 208 102 75 138 24 145 193 128 26 188 3 139 30 87 122 68 130 1 40 133 135 143 152 42 165 210 28 19 107 214 95 156 34 41 151 198 100 177 33 161 158 78 159 79 27 206 140 131 73 81 108 59 74 82 48 92 37 99 150 17 168 52 47 129 113 187 173 61 71 126 162 176 170 147 209 22 63 91 16 104 204 205 11 200 105 56 202 212 20 13 125 211 144 164 127 70 120 
25 74 48 47 122 67 96 199 12 56 94 63 107 191 76 23 138 41 31 135 39 113 134 184 125 209 80 36 177 173 172 168 10 110 21 16 194 5 27 144 69 8 84 9 136 141 88 120 198 104 103 57 200 149 114 40 146 61 192 2 140 166 30 182 152 75 145 212 206 78 190 33 58 102 215 26 193 213 53 91 197 11 154 201 100 105 155 51 167 181 112 66 121 95 214 164 70 90 6 15 117 147 106 115 169 60 129 142 87 183 24 77 210 128 211 29 3 143 170 108 44 148 124 28 37 153 189 99 150 83 82 50 52 188 163 73 72 187 127 81 180 7 85 179 157 161 165 132 79 126 20 174 185 111 116 64 109 22 65 55 92 93 0 34 160 86 171 13 119 1 43 202 208 205 123 14 207 196 89 203 204 101 49 71 175 118 139 162 97 54 4 131 130 35 133 42 68 137 19 195 62 59 18 45 17 46 32 38 178 158 176 159 98 156 151 186 
23 48 72 49 94 123 68 57 208 13 95 192 64 108 183 77 24 136 42 29 149 40 114 210 144 126 156 78 37 181 171 173 22 10 111 6 14 194 70 28 145 7 9 85 89 139 152 105 118 199 201 104 58 38 133 112 195 147 59 131 3 141 140 31 129 76 187 184 213 34 79 175 204 56 100 211 27 163 197 54 92 203 12 155 202 101 103 167 52 168 113 96 67 122 71 209 193 16 90 4 107 115 186 61 116 170 88 130 143 75 137 25 212 214 148 165 30 1 45 178 106 26 127 125 161 35 150 80 97 47 81 172 51 124 206 82 74 69 188 73 179 185 84 86 176 177 135 142 151 164 109 21 8 174 19 117 196 110 93 65 53 55 91 36 32 180 50 102 11 87 2 215 154 198 121 5 15 20 41 119 200 120 83 128 162 205 166 33 189 0 207 43 132 158 134 182 66 138 169 17 46 63 62 60 146 18 98 39 191 153 159 157 160 99 190 44 
24 47 49 73 66 95 121 11 58 198 96 106 195 62 25 137 75 30 139 43 112 133 38 124 214 145 35 157 79 171 167 172 109 20 10 194 4 15 184 71 26 86 8 7 140 87 135 208 103 119 56 203 105 113 39 134 60 191 186 152 132 1 130 141 29 77 211 188 144 176 32 80 101 205 57 164 212 28 93 197 55 202 200 13 104 154 102 181 168 50 114 123 94 68 163 69 210 5 14 90 146 108 116 178 59 117 165 89 182 23 76 138 127 213 209 2 142 31 107 46 169 126 27 128 151 162 36 153 78 81 48 51 173 193 125 74 83 148 70 72 9 180 185 85 189 190 131 136 98 187 174 110 179 22 63 17 21 196 54 91 65 0 53 159 37 84 52 118 100 42 88 199 204 155 122 207 6 111 3 215 120 12 82 206 156 201 143 99 34 92 16 129 41 33 149 166 67 183 192 170 61 44 115 64 45 147 161 40 18 175 150 97 177 158 160 19 
32 62 18 115 189 159 78 135 1 136 97 9 51 72 79 160 161 205 120 203 35 175 99 10 93 6 38 123 75 45 64 60 127 188 212 69 148 26 111 65 14 19 44 186 118 208 104 166 30 29 142 165 42 153 156 33 181 73 84 100 103 154 201 105 57 151 194 22 53 67 77 114 31 89 88 4 174 92 28 213 144 131 87 132 129 139 130 17 195 170 162 34 157 150 54 90 21 145 187 126 167 81 8 82 86 171 199 13 58 190 37 98 110 0 15 11 155 200 172 48 7 207 20 55 183 40 96 39 66 61 191 117 146 109 197 108 46 5 196 178 59 116 106 192 95 76 119 102 23 16 70 184 169 210 179 52 27 124 128 214 125 71 163 121 138 63 107 41 43 204 202 152 143 140 176 211 164 193 198 2 182 141 147 91 134 3 12 133 68 206 209 215 56 113 80 101 36 177 180 173 49 85 83 50 168 47 137 158 74 112 94 122 24 149 25 185 
33 116 63 19 79 161 160 139 136 2 98 73 7 52 162 80 158 200 215 118 97 36 176 4 10 91 76 39 121 61 46 62 213 128 206 27 70 127 15 109 65 146 17 45 105 119 198 30 131 31 43 143 142 34 150 157 85 167 74 155 101 104 58 203 103 153 54 194 20 112 68 75 89 29 87 93 5 174 145 26 211 166 132 88 182 130 135 178 18 191 189 151 32 177 22 55 90 124 184 188 9 168 82 172 83 84 56 208 11 99 175 35 16 111 0 201 12 202 8 173 49 53 207 21 94 137 38 24 40 186 59 108 115 14 110 169 106 92 6 44 170 60 64 107 149 96 13 120 67 197 214 71 117 144 81 180 163 28 126 148 209 187 69 114 122 195 147 152 42 199 205 141 140 165 190 210 212 125 154 1 3 41 192 196 77 129 100 138 134 164 193 102 204 183 78 57 37 156 72 185 51 47 50 86 179 181 66 159 171 23 113 133 123 25 95 48 
34 17 117 64 158 80 162 3 135 139 99 50 74 8 159 189 78 119 201 204 190 98 37 92 5 10 122 77 40 63 59 44 187 211 148 128 28 71 65 16 110 46 147 18 199 103 120 29 31 132 143 41 165 177 32 151 72 86 168 105 202 102 104 56 200 150 21 55 194 76 113 66 88 87 30 174 91 6 212 184 27 89 131 166 136 129 182 192 169 19 161 156 153 33 90 20 53 206 125 144 83 7 181 85 173 81 12 57 198 36 97 176 0 14 109 154 203 13 47 9 171 22 54 207 39 95 138 68 25 195 146 186 106 197 15 45 170 196 93 107 115 178 191 62 75 133 101 11 38 111 145 209 61 69 51 82 126 164 210 124 127 193 188 137 112 108 116 42 140 155 208 142 152 141 175 163 214 26 215 130 2 43 60 4 94 1 118 67 183 70 213 58 100 123 79 205 35 157 172 73 84 52 185 48 49 180 149 160 179 96 24 23 134 121 114 167 
57 90 92 111 101 200 208 177 159 175 100 27 126 163 56 118 155 114 75 95 13 205 103 86 82 168 31 1 141 20 4 0 45 192 191 170 63 178 81 173 180 53 174 16 24 123 113 33 161 176 157 162 37 105 204 12 127 26 71 66 149 25 67 112 138 202 73 181 179 142 89 3 153 160 36 51 185 47 17 19 61 97 156 79 32 78 35 65 22 5 11 201 102 198 7 83 52 169 147 146 28 212 145 128 188 211 121 40 137 154 120 58 74 50 85 134 183 94 193 209 213 48 172 84 132 136 140 152 88 93 110 21 6 49 167 91 109 171 9 207 55 10 54 196 131 2 76 122 129 8 115 195 14 116 125 184 44 46 108 60 59 106 18 29 135 15 197 150 80 38 23 158 98 34 203 64 186 117 96 151 189 190 194 72 43 99 133 87 139 107 62 39 77 165 215 68 199 119 148 214 70 164 187 206 69 144 42 104 124 166 182 41 30 130 143 210 
58 109 90 93 198 102 201 176 156 160 101 164 28 124 202 57 119 96 112 76 104 11 215 181 84 83 152 29 2 0 21 5 192 46 195 169 178 64 185 82 171 14 54 174 114 25 121 190 34 162 35 177 189 13 103 205 69 128 27 23 67 133 183 68 113 154 180 74 167 1 143 87 37 150 158 48 52 179 59 18 17 80 98 157 36 33 79 6 65 20 12 199 203 100 50 8 81 147 170 186 184 26 213 212 148 206 138 122 38 56 155 118 86 72 51 95 149 137 211 163 210 85 49 173 141 166 139 130 140 194 91 197 22 9 47 207 92 73 172 110 15 53 16 55 41 132 134 77 89 168 117 116 10 191 188 126 115 45 60 106 61 108 107 142 30 196 4 175 151 94 39 32 159 99 200 63 62 44 24 97 153 78 111 7 3 161 123 43 88 19 146 66 40 136 204 75 208 120 125 127 187 71 144 193 214 70 135 105 209 165 131 182 42 31 129 145 
56 91 110 90 203 199 100 158 190 157 102 125 193 26 120 154 58 77 94 113 204 105 12 81 167 85 3 140 30 6 0 22 191 195 44 62 170 169 172 179 83 174 15 55 122 112 23 189 175 32 161 36 156 215 11 104 28 70 148 134 24 68 114 137 66 155 168 185 72 88 2 165 159 35 151 180 49 50 18 60 19 177 78 99 80 37 34 21 4 65 13 101 208 200 82 51 9 146 186 178 211 144 27 187 213 127 39 183 123 119 57 202 52 84 73 138 96 133 214 212 164 171 86 47 135 152 131 87 182 109 194 5 197 181 7 111 207 8 74 93 10 16 196 14 1 42 121 149 141 48 192 115 54 117 145 206 45 116 59 61 107 17 106 139 143 53 20 79 176 25 95 97 33 160 201 147 64 46 40 162 98 153 92 173 166 150 75 136 41 108 63 76 67 31 205 38 198 118 210 126 163 188 124 69 184 209 89 103 128 130 142 29 129 43 132 71 
201 65 21 4 104 215 11 99 177 78 103 206 124 145 200 101 208 76 67 38 154 58 120 47 171 86 41 89 136 15 55 174 147 64 63 108 17 106 173 8 74 109 194 92 121 149 75 176 153 79 98 150 162 119 57 202 163 188 69 112 23 122 113 77 94 198 52 84 73 2 165 88 36 156 161 185 72 168 191 195 44 160 97 33 175 32 189 196 14 53 155 204 105 12 83 172 179 107 59 61 187 213 127 164 214 212 133 138 96 199 100 203 50 180 49 25 95 40 144 27 211 181 7 48 152 131 135 139 143 22 6 16 54 167 85 20 5 9 82 197 111 207 110 90 141 87 68 134 31 81 169 62 93 170 126 128 146 186 116 46 45 117 192 42 166 91 10 37 34 183 123 157 158 190 205 18 60 178 39 35 151 80 0 51 182 159 24 142 132 115 19 137 66 1 56 114 13 102 193 26 71 184 210 209 70 148 130 118 125 140 30 129 43 29 3 28 
203 5 65 22 12 105 204 79 97 156 104 184 187 125 198 201 102 39 77 68 118 155 56 84 48 172 139 42 87 174 16 53 64 186 62 107 106 18 72 171 9 93 110 194 76 122 133 80 190 150 189 99 151 154 120 58 70 164 206 123 113 24 95 114 75 199 74 50 85 89 3 142 162 37 157 181 179 73 45 192 191 34 158 98 161 176 33 54 196 15 202 13 205 103 180 81 173 59 108 60 128 188 211 213 193 209 94 134 183 200 208 101 47 51 185 38 23 96 212 145 28 49 167 8 136 140 132 29 135 0 20 10 14 82 168 197 21 52 7 6 91 109 92 111 129 152 25 66 165 86 178 170 207 63 214 124 169 147 46 117 44 116 115 2 43 90 55 78 35 40 137 175 177 159 215 17 19 146 121 160 36 32 4 83 88 153 149 182 143 195 61 112 138 131 57 67 11 100 126 163 210 69 148 144 26 71 166 119 27 1 141 30 130 41 31 127 
200 20 6 65 205 13 103 157 80 98 105 126 144 188 100 199 203 66 40 75 57 119 202 173 85 49 88 135 43 54 174 14 63 62 146 19 108 107 7 73 172 194 91 111 134 77 123 151 78 175 153 161 97 56 155 118 187 71 193 25 121 114 76 96 112 208 86 72 51 143 87 1 177 189 35 74 167 180 192 46 195 99 32 159 34 162 190 16 55 196 154 104 11 215 171 185 82 61 60 106 212 148 206 210 211 163 137 95 149 102 201 198 179 48 52 94 39 24 26 213 184 9 47 168 166 139 141 142 30 5 0 53 10 84 83 4 197 81 50 22 207 92 90 93 89 130 133 23 136 181 64 169 110 178 127 209 147 170 45 44 115 191 117 132 3 109 15 33 79 122 38 160 176 156 204 59 18 186 138 150 158 36 21 8 140 37 67 131 129 116 17 68 113 41 58 183 12 101 28 124 145 214 125 70 128 27 165 120 164 29 2 42 31 182 152 69 
146 66 24 112 45 195 117 65 4 22 106 153 35 80 44 116 192 213 214 128 17 60 107 11 13 105 47 180 172 96 25 134 131 42 136 30 43 1 208 203 201 123 23 40 124 210 184 54 14 10 93 194 109 186 63 169 177 190 79 163 125 206 211 187 145 64 119 118 58 167 48 86 55 16 174 204 104 103 31 140 135 196 53 15 197 5 21 113 122 75 191 147 178 62 154 57 56 165 139 89 159 157 36 162 156 99 144 71 28 108 61 18 200 100 102 127 70 188 151 98 160 202 155 120 73 185 50 51 49 183 133 67 137 101 199 77 38 12 215 95 94 138 68 76 74 84 148 126 7 198 130 29 114 143 161 32 141 3 2 166 142 41 129 81 179 149 39 91 207 209 164 90 110 92 59 132 152 88 69 0 6 111 121 205 171 20 26 72 8 87 182 193 212 168 46 27 19 170 176 189 34 97 37 78 175 158 181 115 150 82 85 173 83 9 52 33 
147 113 67 25 115 46 191 20 65 5 107 78 150 36 195 45 117 148 211 209 108 18 61 103 12 11 173 48 185 149 94 23 139 132 43 2 31 41 203 198 200 38 121 24 144 125 214 10 55 15 110 91 194 170 146 64 80 156 175 187 164 126 184 212 188 62 56 120 119 84 168 49 174 53 14 104 205 105 136 29 141 16 196 54 22 197 6 76 114 123 192 63 186 169 57 155 58 87 142 135 37 160 177 97 189 157 26 145 69 19 106 59 100 201 101 206 128 71 158 153 99 118 154 202 51 74 179 8 52 122 137 40 68 199 102 96 75 215 13 39 112 95 133 66 172 72 27 127 47 208 165 182 183 30 35 162 89 152 143 3 131 88 42 181 82 77 138 109 92 70 210 93 90 111 60 129 166 1 193 21 0 207 134 204 85 4 124 167 73 130 140 28 163 180 44 213 17 178 151 190 79 32 33 98 34 176 9 116 161 50 83 7 171 81 86 159 
186 23 114 68 192 116 44 6 21 65 108 37 79 151 115 191 46 210 127 212 59 106 19 12 104 13 179 171 49 24 133 95 41 135 166 42 3 29 201 200 199 25 39 122 209 145 126 16 10 53 194 111 92 62 178 147 176 78 157 124 188 193 206 144 213 63 120 57 118 47 85 181 15 174 54 103 105 215 152 139 30 55 14 196 4 20 197 121 77 112 195 170 64 146 56 58 202 136 88 143 156 35 158 177 98 161 70 27 184 60 17 107 102 101 203 69 187 148 97 159 150 154 119 155 180 52 72 48 9 149 123 183 38 198 208 40 94 205 204 76 137 113 75 134 86 173 125 28 50 100 31 142 96 129 34 36 2 87 132 165 1 182 89 185 167 67 66 207 110 163 71 109 91 90 61 141 130 140 214 5 22 93 138 11 73 0 128 7 168 43 131 211 26 83 45 164 18 169 162 153 99 80 189 33 160 32 74 117 175 84 51 82 8 172 81 190 
53 42 152 142 16 15 14 180 86 7 109 202 58 118 207 90 194 45 115 192 174 10 196 137 76 24 164 184 128 2 130 139 161 80 159 33 157 151 40 112 134 30 166 88 169 64 147 73 49 82 51 181 173 93 92 91 198 203 101 44 117 191 61 106 17 54 123 95 67 26 210 206 83 74 47 77 25 138 176 98 35 72 48 81 8 185 84 182 135 3 5 197 65 0 96 68 121 34 177 153 104 12 205 56 119 154 116 195 46 21 20 22 114 133 39 178 63 146 201 100 208 94 66 122 27 214 187 70 213 165 41 129 136 149 38 43 140 183 75 143 132 87 89 31 71 211 60 108 126 113 78 160 29 162 200 102 158 189 175 97 37 190 99 125 69 131 1 168 172 59 107 52 167 171 110 156 150 79 18 85 9 50 141 23 124 179 19 148 193 36 32 62 186 212 4 170 111 55 103 11 105 13 199 215 120 155 144 6 204 145 127 209 188 28 163 57 
54 143 43 140 15 14 16 8 185 84 110 119 154 56 194 207 90 195 46 116 196 174 10 25 138 77 148 193 144 135 3 182 160 162 78 153 34 177 149 38 113 89 31 131 186 170 62 83 74 47 171 52 167 92 91 93 102 199 200 192 45 115 18 59 107 55 68 121 96 187 27 214 48 81 72 183 75 23 36 190 99 82 73 49 85 9 179 1 129 136 6 0 197 65 122 94 66 150 32 156 215 105 13 155 57 120 44 117 191 20 22 21 40 112 134 147 169 64 198 203 101 123 95 67 188 28 209 124 71 152 142 2 130 114 133 165 41 24 137 141 30 166 132 87 125 69 17 61 211 39 189 79 88 158 208 201 80 159 35 176 98 37 175 213 126 29 139 51 181 19 60 172 50 168 111 33 157 161 108 180 86 173 42 76 212 7 106 145 127 97 151 178 63 70 5 146 109 53 205 104 204 103 100 11 58 118 163 4 12 164 184 26 210 206 128 202 
55 141 165 41 14 16 15 85 9 179 111 57 120 155 90 194 207 117 191 44 10 196 174 75 23 183 145 127 163 129 136 1 79 158 189 156 150 32 114 133 39 132 87 29 63 146 178 48 81 72 168 172 50 91 93 92 201 100 208 116 195 46 108 19 60 53 94 66 122 209 188 28 73 49 82 24 137 76 97 37 175 47 83 74 180 86 7 139 2 130 4 65 0 197 67 123 95 157 151 33 11 204 103 118 202 58 192 45 115 22 21 20 149 38 113 62 186 170 102 199 200 68 121 96 210 206 26 212 125 43 140 135 3 40 112 152 142 77 25 42 89 31 30 166 213 126 107 18 69 134 159 161 131 80 101 198 162 78 99 36 190 98 35 71 211 88 182 171 52 106 17 181 173 51 109 153 34 160 61 8 185 167 143 138 70 84 59 164 184 176 177 147 169 124 6 64 110 54 13 215 12 205 203 104 154 56 128 5 105 148 193 187 27 214 144 119 
94 172 168 173 114 40 149 102 215 58 112 146 61 192 66 121 95 88 136 141 138 76 23 214 164 70 36 177 80 7 185 180 15 90 6 53 91 197 213 26 193 73 72 81 43 89 1 202 208 205 105 155 100 77 183 24 147 106 117 143 29 3 2 140 166 123 188 163 126 98 156 159 119 101 13 124 28 148 196 109 22 103 57 200 201 11 154 8 84 9 25 113 134 39 211 210 128 93 0 54 191 63 107 116 64 18 42 131 130 122 67 96 125 209 184 182 152 30 178 19 195 27 144 69 33 78 190 157 161 171 50 179 86 71 187 51 167 212 206 181 48 47 83 82 160 35 87 129 175 127 4 14 74 207 45 62 194 5 20 174 111 110 21 79 99 49 85 12 56 41 31 118 203 204 38 55 92 16 135 198 104 199 52 145 34 120 142 97 32 10 65 139 165 150 137 132 133 68 17 46 169 60 59 115 108 44 162 75 186 176 151 37 153 189 158 170 
95 171 173 181 133 112 38 56 100 204 113 195 147 59 96 67 122 152 89 139 24 183 77 71 209 193 78 37 156 185 8 179 4 16 90 197 54 92 163 211 27 82 74 73 2 41 87 215 154 198 101 103 202 25 75 137 115 186 107 1 165 30 131 3 141 121 124 206 164 160 99 157 11 120 102 127 125 26 20 196 110 201 104 58 155 203 12 7 9 85 23 40 114 149 148 212 214 55 91 0 108 192 64 19 117 62 182 43 132 94 123 68 144 126 210 31 129 140 191 169 17 70 28 145 175 34 79 176 177 50 172 86 180 128 69 167 52 184 213 168 72 49 47 81 32 158 143 88 162 188 207 5 48 15 60 46 14 194 109 21 174 10 111 151 80 83 84 208 13 136 42 205 119 200 39 65 53 6 29 118 199 57 51 187 36 105 130 189 98 22 93 166 135 97 138 142 134 66 146 18 116 170 63 61 178 106 33 76 44 159 190 161 35 150 153 45 
96 167 172 171 39 134 113 205 57 101 114 60 191 186 123 94 68 135 140 87 75 25 137 163 69 210 157 79 35 180 179 9 90 5 14 93 197 55 28 164 212 74 83 72 88 3 42 199 204 155 154 102 104 138 23 76 108 116 146 31 2 142 152 132 1 122 193 125 187 177 158 97 100 12 118 27 128 126 111 21 196 56 203 105 13 202 200 86 8 7 24 133 38 112 209 127 213 0 53 92 62 106 195 63 17 115 166 129 41 66 95 121 214 145 124 141 29 130 18 192 170 184 71 26 80 176 32 189 190 52 51 85 84 206 148 181 168 188 144 50 49 73 81 48 37 33 182 165 156 70 16 207 47 6 64 61 4 15 174 110 22 20 10 98 153 82 185 58 198 30 139 201 215 120 40 91 65 194 43 103 119 11 173 211 159 208 89 34 161 109 54 143 131 78 183 136 149 67 45 147 59 117 44 178 46 169 99 77 19 150 160 151 162 36 175 107 
59 75 113 122 169 186 63 15 196 53 115 32 37 161 62 147 178 193 212 27 116 192 44 120 202 155 8 181 72 23 40 123 132 152 182 87 41 129 205 12 215 183 133 121 148 126 26 207 111 91 6 20 0 108 61 18 34 97 78 210 184 124 128 213 214 19 200 100 102 48 86 167 194 109 93 118 58 119 131 42 136 92 90 110 14 10 54 68 76 149 64 17 60 107 201 208 203 142 2 166 162 156 99 160 151 98 188 127 70 195 117 45 103 204 104 209 164 69 157 36 159 101 199 198 185 50 73 81 179 134 96 138 114 13 105 39 67 56 154 137 77 38 24 112 7 51 206 163 168 11 1 30 95 43 189 150 165 139 3 88 141 143 130 84 171 66 94 5 21 71 28 22 65 4 46 31 140 89 144 16 174 197 25 57 49 55 125 85 52 29 135 187 145 74 146 211 191 106 35 80 33 175 176 158 190 79 82 170 153 180 172 83 9 173 47 177 
60 123 76 114 64 170 146 54 16 196 116 162 33 35 169 63 186 28 163 213 45 117 195 202 118 154 73 9 167 121 24 38 129 166 140 130 88 42 204 215 13 122 137 134 27 127 124 92 207 109 0 4 21 19 106 59 79 32 98 125 214 144 209 148 211 17 100 201 101 168 49 84 91 194 110 120 119 56 139 132 43 111 93 90 55 15 10 133 66 77 62 108 18 61 200 203 198 131 143 3 97 189 157 99 158 153 71 206 128 46 191 115 105 104 205 70 210 193 160 177 37 199 102 208 74 179 51 181 82 23 149 95 183 12 11 138 40 58 57 68 96 75 67 25 47 8 126 187 180 103 41 2 39 31 190 161 87 142 152 1 89 30 165 72 85 113 112 197 6 145 69 5 20 65 44 136 29 135 26 53 14 22 94 155 52 174 164 83 86 182 141 212 188 172 147 184 192 107 150 36 159 34 151 176 156 175 50 178 78 48 185 171 81 7 173 80 
61 112 121 77 147 62 178 196 55 14 117 36 189 34 146 170 64 211 26 164 191 46 115 155 154 119 168 74 7 39 122 25 141 130 131 43 182 89 11 205 204 149 123 138 125 28 128 110 93 207 22 0 5 60 17 107 99 80 33 145 126 209 212 210 127 18 102 101 203 85 181 47 111 92 194 57 118 120 41 135 166 90 109 91 10 53 16 75 134 67 63 59 106 19 199 201 200 1 132 165 177 98 161 150 97 159 148 69 187 116 44 192 215 103 105 163 71 214 35 158 156 198 208 100 52 72 180 185 167 95 24 113 96 104 13 66 183 202 56 38 40 94 114 68 50 48 193 124 83 12 29 42 76 3 153 175 136 88 87 140 2 129 31 173 73 23 137 20 197 27 184 65 6 21 45 152 139 143 70 174 54 4 133 58 9 15 188 51 81 142 30 144 213 86 186 206 195 108 79 151 190 160 162 32 78 157 84 169 37 171 49 8 172 82 179 176 
205 53 196 14 202 119 57 33 160 97 118 128 210 126 12 204 105 137 66 114 101 208 200 48 181 7 132 130 142 194 92 109 18 60 19 115 117 192 51 9 82 22 6 0 68 134 24 34 80 37 151 159 35 199 100 203 71 184 209 149 75 121 38 76 67 13 50 180 49 165 88 2 150 162 98 84 73 52 147 64 63 190 157 158 153 79 176 110 90 91 198 154 58 120 74 173 8 45 116 46 164 214 212 211 144 27 40 25 95 215 11 104 168 185 72 183 123 39 213 127 187 167 85 81 131 135 152 42 166 174 15 207 93 171 86 10 16 179 83 54 20 5 21 4 31 139 122 112 1 47 106 108 197 17 26 125 107 59 186 178 146 170 169 87 182 65 111 32 189 138 96 78 99 177 56 191 195 61 133 156 161 175 55 172 143 36 23 30 3 62 44 77 94 141 201 113 155 103 124 145 28 70 193 148 188 69 140 102 206 89 136 43 29 129 41 163 
215 15 54 196 58 154 120 98 34 158 119 124 148 214 103 13 205 112 138 67 201 102 198 8 49 167 143 166 182 110 194 93 17 19 61 195 116 115 83 52 7 0 20 4 25 66 149 35 32 78 36 153 160 200 208 101 210 69 144 122 133 76 68 39 77 11 47 51 185 3 142 89 99 151 189 50 85 74 64 186 62 159 175 177 190 150 80 92 111 90 199 118 155 56 9 72 171 44 46 117 213 193 209 28 212 145 96 38 23 105 204 12 73 181 179 40 137 121 188 211 128 82 168 86 140 132 136 2 43 53 174 109 207 48 172 55 10 173 180 14 197 21 65 22 165 29 24 123 131 84 18 107 6 106 163 27 59 108 147 146 169 63 178 152 88 5 91 176 33 134 183 156 79 97 57 45 192 60 94 37 157 161 16 81 135 162 113 141 31 170 191 114 75 129 203 95 202 104 187 125 127 26 126 71 164 206 1 100 184 42 87 130 41 30 139 70 
204 196 16 55 118 56 155 159 99 32 120 209 125 127 215 104 11 68 113 183 199 203 100 168 9 47 129 165 131 91 111 194 59 18 17 116 191 117 8 81 50 5 0 21 133 23 67 79 36 33 158 37 150 102 201 198 145 214 70 77 123 134 75 66 40 12 179 48 52 87 1 143 161 97 153 72 51 86 63 62 146 156 160 176 78 175 151 90 93 109 208 57 119 202 172 7 73 115 45 44 210 211 163 184 26 213 24 94 39 13 103 205 180 74 167 122 38 138 148 206 212 84 83 181 139 141 166 132 3 14 54 92 110 85 49 15 53 82 171 10 4 197 6 65 136 142 114 25 41 173 107 19 22 108 124 164 61 60 170 186 147 178 64 130 140 20 207 162 190 95 149 98 157 80 58 192 46 106 137 189 35 34 174 185 30 177 121 2 152 169 195 96 112 89 200 76 154 105 144 188 69 128 28 27 71 193 29 101 126 135 43 31 182 42 88 187 
76 73 82 74 123 68 94 202 101 103 121 116 170 61 24 183 77 130 143 88 114 149 40 27 163 211 33 189 98 52 168 167 21 174 109 4 16 90 124 206 164 84 86 180 132 182 43 204 56 100 198 215 154 133 112 38 117 62 19 29 136 42 41 87 2 138 209 193 71 150 161 35 12 155 203 69 188 128 0 55 91 199 105 118 119 200 205 50 172 51 39 122 96 67 125 26 127 15 207 5 60 46 63 18 44 146 131 3 141 137 25 75 70 28 145 152 89 139 195 147 59 187 184 213 160 99 157 162 176 72 49 181 171 212 214 47 81 126 210 83 7 9 179 185 36 32 129 140 177 148 110 20 85 196 106 45 10 111 92 197 54 53 93 97 151 8 173 201 104 166 135 11 120 102 66 6 14 22 142 57 208 58 48 144 158 13 31 153 159 65 194 165 30 80 113 1 95 23 186 107 191 169 178 17 64 108 190 134 115 156 78 34 79 175 37 192 
77 72 74 83 95 121 66 104 154 102 122 59 117 178 75 25 137 89 182 165 38 112 133 212 28 164 99 34 161 168 50 181 110 22 174 90 5 14 193 125 187 185 85 84 41 166 129 101 205 57 155 199 204 39 134 113 17 115 63 43 30 139 3 42 88 183 69 210 163 36 151 162 200 13 202 148 70 206 92 0 53 119 208 103 215 120 201 52 51 173 40 68 123 94 128 126 27 6 16 207 64 61 44 147 19 45 152 132 1 76 138 23 184 71 26 135 140 87 60 191 186 211 188 144 177 158 97 156 189 49 73 171 167 127 213 81 48 145 124 82 86 8 9 180 159 37 29 130 190 209 196 111 7 21 169 107 20 10 55 93 197 65 54 78 98 179 172 56 203 143 131 100 12 118 67 194 4 109 136 11 58 105 47 214 33 198 141 175 150 91 15 2 142 153 114 31 96 24 116 146 18 192 46 170 195 62 160 149 108 35 157 176 32 80 79 106 
75 81 73 72 67 96 122 100 105 155 123 169 60 115 138 76 23 142 87 129 134 39 113 193 213 26 162 97 32 167 181 51 174 111 20 15 90 6 188 163 126 85 179 86 130 42 131 58 102 215 205 202 208 114 40 149 64 18 116 135 41 31 89 1 43 137 164 70 214 189 37 153 154 201 11 187 127 71 54 93 0 104 120 198 203 204 118 171 50 52 38 95 66 121 28 148 124 207 4 14 45 62 59 46 186 17 2 140 166 24 77 183 27 144 69 88 136 141 146 61 192 145 212 206 98 156 159 175 157 48 47 173 172 210 128 83 82 209 184 49 8 84 180 7 34 160 152 30 161 211 22 196 9 109 44 170 110 21 197 53 91 92 65 150 79 185 168 103 57 139 165 119 101 13 68 16 194 10 132 199 12 200 74 125 35 56 182 158 176 55 5 29 3 99 112 143 94 25 106 117 178 19 108 195 107 191 151 133 147 80 36 78 190 33 177 63 
213 58 215 201 164 148 145 169 116 106 124 2 143 89 26 209 187 181 49 86 27 210 188 98 177 160 15 21 93 119 103 101 24 134 123 112 67 76 35 153 162 118 105 100 8 171 83 147 46 61 64 195 17 144 163 128 41 29 182 9 172 81 47 84 167 71 78 176 34 194 174 0 62 191 18 79 190 32 121 25 149 108 178 115 186 44 59 200 57 205 69 206 28 214 150 189 36 96 138 38 152 166 136 132 135 141 185 52 74 193 127 184 175 33 80 73 180 51 140 131 139 159 97 157 196 65 90 109 54 104 102 202 13 99 156 11 198 161 37 154 155 12 56 204 55 5 173 82 4 158 68 77 199 113 1 142 39 94 40 95 137 75 114 53 6 203 208 146 45 179 50 117 107 170 212 133 122 183 72 63 192 60 120 151 110 19 7 14 20 66 23 48 85 111 211 168 70 125 3 165 31 130 88 43 42 30 92 126 87 16 22 207 10 197 91 129 
211 203 56 204 184 193 127 107 170 117 125 87 3 165 188 27 210 84 167 47 206 28 214 158 99 156 91 16 22 102 120 104 121 25 149 77 113 68 189 36 150 101 119 103 81 9 172 59 186 44 18 62 191 148 145 164 129 42 30 82 7 173 168 48 85 69 32 79 190 0 194 174 19 63 192 33 80 175 133 122 23 116 106 169 60 146 45 215 201 58 70 209 187 26 37 151 161 39 94 183 139 140 131 152 166 136 72 179 50 144 163 128 78 176 34 52 74 185 135 141 132 177 160 98 90 196 65 5 110 118 105 198 154 159 97 155 12 153 162 199 208 202 200 57 111 53 8 171 55 157 114 66 13 75 89 2 137 40 138 38 96 67 76 109 54 205 11 61 147 73 180 178 115 108 213 24 134 95 51 17 64 46 100 35 6 195 83 93 15 112 123 181 49 4 212 86 71 126 88 1 41 29 143 182 130 43 21 124 142 92 14 197 207 10 20 31 
212 205 200 57 128 144 163 115 108 178 126 142 88 1 214 206 28 48 85 168 209 187 26 157 159 97 20 92 14 105 100 118 133 122 23 66 75 114 151 161 37 104 102 120 173 82 7 45 60 146 192 19 63 193 127 184 31 130 43 171 83 8 86 181 49 70 175 33 80 174 0 194 195 17 64 176 34 78 24 134 123 170 117 107 46 61 147 56 204 203 71 27 210 188 162 35 153 137 40 95 132 135 141 139 140 131 51 73 180 148 145 164 32 79 190 179 50 72 166 136 152 99 156 158 65 90 196 53 6 101 119 12 199 177 160 208 202 36 150 13 11 198 215 201 4 109 81 9 111 98 76 112 154 67 165 87 96 138 94 183 39 113 68 5 110 58 155 44 59 52 74 106 169 116 211 121 25 38 185 191 18 186 103 189 54 62 172 22 91 77 149 84 167 55 213 47 69 124 143 89 129 42 3 30 29 182 16 125 2 21 93 10 197 207 15 41 
163 204 100 155 209 26 187 116 19 186 127 131 1 41 211 126 69 168 83 180 70 212 124 160 37 32 4 111 55 11 201 120 137 114 121 113 123 183 158 35 33 205 101 202 7 50 47 115 18 147 117 17 146 28 206 214 136 165 31 85 171 73 49 9 52 128 34 159 36 14 21 91 46 108 62 151 79 98 67 23 38 178 191 61 44 106 63 58 104 198 145 213 125 71 97 150 78 68 24 39 129 141 89 142 29 139 8 51 48 27 188 210 162 175 156 82 179 167 3 43 166 157 189 176 20 93 16 196 0 199 56 215 102 80 99 203 118 177 161 12 103 208 13 200 65 194 181 81 207 153 66 25 57 40 87 130 149 95 112 122 138 76 133 197 90 119 154 195 60 86 172 107 64 45 184 134 94 75 74 192 59 170 105 190 10 169 185 5 109 96 77 72 84 174 148 173 193 144 30 135 42 132 152 2 182 140 53 164 143 6 110 15 22 92 54 88 
164 202 205 101 188 210 27 146 117 17 128 42 132 2 70 212 124 185 181 81 125 71 213 33 158 35 53 5 109 118 12 203 122 138 112 137 114 121 34 159 36 154 215 102 48 8 51 186 116 19 147 115 18 209 26 187 29 139 142 74 86 172 50 47 7 148 37 32 160 92 15 22 63 44 106 99 153 80 39 68 24 59 169 192 64 45 107 199 56 105 184 69 211 126 79 98 151 40 66 25 87 130 152 135 143 30 49 9 52 214 28 206 157 189 176 168 83 180 131 1 41 190 177 161 14 21 91 207 196 103 208 155 204 150 78 13 200 175 156 119 58 104 120 11 10 65 179 167 0 97 38 67 198 23 140 88 76 133 183 113 123 94 77 174 197 201 100 178 191 72 84 46 108 62 144 75 149 96 173 170 195 61 57 162 194 60 82 54 6 134 95 171 73 90 127 85 163 145 165 31 3 43 182 166 89 129 110 193 136 55 4 93 16 20 111 141 
165 145 125 210 141 42 143 75 122 134 129 111 16 197 136 3 130 156 151 150 41 140 142 63 191 60 120 204 208 70 209 163 50 84 72 172 9 74 178 45 59 28 184 69 37 176 175 114 76 94 95 133 183 139 182 1 196 4 91 34 153 32 159 162 161 152 108 170 192 13 198 155 40 138 123 17 169 115 168 180 73 68 149 23 137 67 113 128 124 26 131 132 89 30 116 61 146 86 81 181 55 22 194 0 109 15 157 33 177 87 166 31 62 117 106 99 190 97 174 6 92 18 64 44 102 118 103 57 104 71 188 212 187 147 195 213 27 107 186 164 214 127 206 193 215 100 79 189 199 19 82 173 211 179 93 10 7 47 48 171 85 8 83 11 203 126 144 66 38 158 160 112 24 121 2 52 185 167 78 25 96 77 148 46 202 39 80 58 12 51 49 35 98 119 88 36 135 43 207 54 21 90 5 53 14 65 101 29 20 154 105 205 201 56 200 110 
142 214 184 126 165 152 43 149 76 123 130 197 109 14 182 139 1 151 157 153 143 42 141 61 64 192 198 118 205 164 71 210 73 51 85 72 173 7 60 169 46 70 26 144 176 35 190 95 112 77 137 96 134 2 135 129 92 196 5 33 32 150 162 160 189 140 195 106 178 202 11 199 121 38 183 116 18 170 74 181 185 24 66 133 114 138 68 27 148 125 132 31 166 87 147 117 59 167 84 82 194 53 20 16 0 110 156 177 34 29 88 131 107 63 115 98 97 175 93 174 4 45 19 62 104 100 119 208 58 127 69 145 213 17 186 193 211 44 108 28 212 209 124 187 154 204 78 80 105 191 180 83 128 171 6 91 168 8 86 49 172 52 9 120 12 163 188 75 67 79 159 122 113 25 3 47 50 48 158 40 23 39 206 146 101 94 161 102 56 81 179 37 36 200 89 99 136 41 21 207 54 22 10 90 111 15 13 30 55 201 155 57 215 203 103 65 
129 209 163 70 182 1 139 138 123 40 131 196 4 91 132 89 30 175 37 176 130 136 3 116 61 146 204 208 120 127 211 214 181 86 81 168 180 73 115 17 169 213 27 164 160 78 158 112 24 121 67 113 137 31 87 166 22 194 55 97 99 190 34 153 32 2 147 195 19 201 56 205 38 77 66 64 44 18 167 7 47 95 133 183 23 68 149 28 184 69 165 140 142 41 106 62 117 8 83 51 197 111 16 93 10 5 36 35 98 141 42 143 191 60 63 162 161 159 20 207 54 178 45 59 155 13 198 215 100 144 212 193 126 46 107 128 124 170 192 26 125 210 71 188 203 119 177 157 202 186 49 52 145 185 53 21 9 74 82 173 179 84 72 199 57 148 206 122 134 156 151 39 25 96 29 171 85 172 150 76 94 75 187 108 11 114 33 12 101 50 48 80 79 104 43 189 88 135 14 65 109 15 90 0 6 92 58 152 110 105 200 102 118 103 154 174 
130 71 210 164 135 129 2 38 183 121 132 92 196 5 31 166 87 190 176 35 1 182 139 147 117 59 118 205 198 209 128 212 82 167 84 74 181 185 170 116 18 193 211 28 159 158 79 122 113 25 138 68 114 131 29 88 53 20 194 175 98 97 33 32 150 3 17 186 191 215 203 57 67 39 75 19 62 45 48 168 8 137 96 134 133 24 66 70 26 144 142 42 141 143 115 107 63 52 9 81 14 197 109 6 91 10 99 37 36 165 152 43 64 192 61 160 189 162 55 21 207 60 169 46 199 202 11 154 204 188 145 187 163 146 44 27 148 106 178 125 184 126 127 69 12 200 34 156 101 108 179 47 214 50 90 54 173 7 180 83 171 51 85 105 208 206 124 76 123 151 157 94 40 23 30 49 172 72 153 112 77 149 213 195 120 95 177 56 13 73 86 161 78 58 41 80 89 136 111 15 0 110 22 16 174 4 102 140 65 155 103 104 100 119 201 93 
68 52 171 50 149 114 40 198 104 120 133 170 108 44 121 95 66 29 3 143 76 23 138 206 145 212 176 151 158 179 86 85 16 194 5 55 92 65 125 209 184 48 47 74 152 30 182 57 200 103 12 56 199 24 77 183 178 19 195 42 131 130 129 142 87 94 27 144 69 37 153 189 202 208 205 70 214 164 174 111 20 13 119 101 102 215 58 180 7 185 137 134 39 113 126 188 163 91 197 53 46 186 17 192 146 61 141 88 136 96 122 67 71 187 127 139 165 132 62 59 45 210 128 211 156 159 98 150 79 51 167 84 9 213 26 168 173 124 28 172 83 82 73 72 161 175 31 135 99 193 6 15 49 90 117 147 207 4 21 10 110 109 22 160 35 81 8 204 118 140 166 155 100 105 112 54 93 14 2 201 11 203 181 148 157 154 41 36 177 196 0 1 43 34 75 89 38 123 60 115 63 107 106 191 18 116 80 25 169 97 32 190 33 78 162 64 
66 51 50 172 38 133 112 118 199 105 134 45 178 106 67 122 96 165 30 1 183 77 24 213 187 184 159 190 153 86 180 84 6 14 194 65 53 93 144 126 210 72 49 48 129 140 31 104 58 201 208 13 57 137 25 75 191 169 17 182 43 132 88 130 143 95 70 28 145 161 35 150 215 154 198 193 71 209 21 174 109 102 11 120 56 100 204 179 185 8 138 114 149 40 164 124 206 54 92 197 18 44 146 59 195 147 139 152 89 68 94 123 128 69 188 166 135 142 46 63 60 212 214 148 99 157 160 97 151 167 52 9 85 163 211 173 181 127 125 171 47 81 82 74 177 162 42 29 80 27 90 4 83 16 107 115 15 207 111 22 10 196 110 32 158 73 7 200 205 3 141 103 202 101 113 0 55 5 131 155 203 119 168 26 176 12 136 78 37 20 91 87 2 36 76 41 39 121 170 61 192 64 186 108 62 19 156 23 116 189 98 79 175 34 33 117 
43 148 71 188 143 141 42 25 96 39 135 110 14 65 3 130 136 153 32 34 140 142 41 186 46 107 154 105 200 212 187 144 167 7 47 52 185 49 62 117 106 214 127 211 190 97 99 149 23 68 66 38 77 1 139 182 174 6 92 157 33 177 189 80 79 165 18 64 44 205 201 56 114 76 94 60 63 191 171 85 48 123 40 138 75 122 134 163 70 209 88 89 30 132 192 108 170 9 74 172 54 20 207 197 111 16 150 156 151 31 87 166 147 195 19 35 98 36 10 5 93 61 146 116 198 155 13 119 11 213 27 124 26 178 45 125 210 17 169 145 206 193 28 184 104 199 160 78 203 59 72 50 126 84 91 196 179 82 83 51 8 180 73 215 100 69 128 121 112 162 161 133 183 95 129 181 86 173 159 137 67 24 164 115 57 113 158 120 204 168 81 175 37 202 29 176 2 152 90 53 22 194 4 55 15 0 208 131 21 58 12 103 102 118 101 109 
41 206 127 69 43 165 152 40 23 94 136 65 111 15 139 1 182 32 150 33 42 141 143 108 146 44 201 155 103 145 213 188 48 168 8 47 50 179 107 63 115 212 209 128 97 175 98 66 133 24 75 67 39 129 2 135 93 174 4 156 177 34 80 161 78 142 45 19 62 57 215 203 95 112 77 192 61 64 49 172 86 183 121 38 149 76 123 210 164 71 89 166 87 31 178 195 106 173 7 72 207 55 21 14 197 109 153 151 157 131 29 88 17 186 191 37 36 99 91 10 6 117 59 147 11 199 202 200 120 193 211 148 125 60 169 184 126 116 18 214 124 187 70 26 58 105 159 158 12 46 85 73 163 51 5 92 171 180 9 81 52 181 185 154 204 144 27 25 122 160 189 96 134 137 130 82 167 83 162 114 138 113 28 170 208 68 79 198 118 74 84 190 176 101 30 35 3 140 22 90 53 20 196 194 110 16 205 132 54 102 56 119 104 100 13 0 
133 86 85 179 77 183 24 208 205 202 137 178 19 195 134 39 113 182 152 30 66 121 95 126 188 163 151 158 176 82 49 83 53 91 197 174 111 20 164 70 214 168 173 172 166 2 140 155 100 105 215 58 102 67 96 122 186 17 46 132 139 165 42 131 130 112 213 26 193 33 78 190 118 203 204 128 211 210 14 207 4 12 56 199 101 13 119 48 47 74 68 23 138 76 127 71 187 109 22 196 44 170 108 117 147 106 89 1 43 149 114 40 145 212 206 142 87 129 169 60 115 125 209 184 189 37 153 161 175 8 84 72 81 148 124 180 7 144 69 185 171 50 51 167 35 34 136 141 157 28 0 54 52 93 191 63 92 65 6 15 90 194 5 99 150 181 73 104 120 29 3 154 201 11 25 10 110 55 143 200 103 198 9 27 160 57 88 177 80 16 21 41 31 79 123 135 75 38 18 116 146 61 107 192 59 45 36 94 64 32 162 156 159 98 97 62 
134 180 84 86 25 75 137 154 198 215 138 191 169 17 114 149 40 31 129 140 96 67 122 164 124 206 190 153 159 81 83 47 197 54 92 21 174 109 209 193 71 173 181 171 141 131 3 103 202 101 100 204 56 123 68 94 44 146 18 142 166 135 182 43 132 113 163 211 27 175 34 79 205 119 200 214 148 212 5 15 207 208 13 57 120 102 11 72 49 48 66 77 24 183 188 128 69 196 110 20 106 45 178 107 115 186 41 87 2 38 133 112 187 184 213 130 143 88 116 170 61 144 126 210 150 161 35 177 162 7 9 74 73 26 127 179 185 28 145 8 50 172 167 52 158 36 89 139 176 125 91 0 51 55 108 192 53 93 90 4 16 14 194 80 97 168 82 199 105 165 30 12 155 203 23 22 10 65 1 58 201 118 85 70 32 104 152 37 156 6 111 136 42 151 121 29 76 39 62 19 195 147 64 59 63 60 78 95 117 98 33 99 157 160 189 46 
42 70 187 128 140 41 142 95 38 24 139 16 65 109 129 135 2 34 33 151 165 43 152 45 106 147 104 203 202 206 184 211 9 49 181 180 48 51 116 108 64 148 213 210 99 98 176 25 67 134 40 76 68 136 130 3 5 91 174 32 157 156 79 78 162 143 63 46 17 200 58 204 75 96 113 62 195 59 84 47 173 39 137 122 121 133 77 69 214 193 87 29 131 88 107 169 191 73 171 8 22 207 53 110 15 197 177 150 153 89 132 30 192 18 146 97 35 37 4 92 10 186 115 60 154 12 208 13 201 26 163 28 127 44 61 209 144 178 117 124 164 125 145 71 198 56 80 160 118 170 52 86 188 74 196 6 81 172 50 7 82 72 167 102 155 27 126 114 23 189 158 138 94 149 182 85 83 185 161 66 112 123 212 19 103 183 159 215 199 179 168 36 175 205 31 190 1 141 55 20 194 54 93 21 0 111 119 166 90 11 100 101 120 105 57 14 
30 144 70 26 88 131 29 134 137 96 140 54 22 90 143 42 141 161 78 80 166 87 31 46 60 169 13 102 56 211 28 193 49 172 86 73 51 85 195 106 178 188 145 213 34 156 177 123 149 76 77 95 112 165 152 43 0 110 16 158 79 159 35 190 176 89 64 192 61 203 57 215 68 114 138 186 191 17 82 167 84 23 94 40 113 25 122 127 69 206 3 1 182 139 18 170 116 171 180 83 6 91 10 207 55 21 162 160 189 129 2 135 45 19 62 151 157 153 197 109 14 146 44 108 202 11 199 105 208 212 209 126 214 117 59 124 187 63 115 163 27 148 210 164 101 154 97 175 58 147 185 74 125 181 15 65 52 9 7 72 173 50 179 200 120 71 184 24 66 37 36 121 38 183 41 48 168 81 99 39 75 133 128 107 204 67 98 103 201 47 8 32 150 12 130 33 142 132 196 5 93 174 111 4 20 194 155 136 92 205 198 100 119 104 118 53 
31 27 145 71 30 89 132 94 149 138 141 90 55 20 152 165 43 78 162 79 29 131 88 170 44 61 57 11 100 163 212 26 84 47 173 86 74 52 169 191 107 211 206 184 156 32 157 77 121 133 113 75 96 41 142 140 14 0 111 160 159 80 190 36 175 87 59 62 195 204 200 58 183 66 112 18 146 192 85 83 168 38 24 95 123 114 23 187 128 70 1 135 2 129 117 19 178 81 172 185 10 4 92 22 207 53 161 189 158 136 130 3 63 46 17 150 153 177 15 197 110 106 147 45 208 154 12 56 103 148 213 144 124 186 115 164 125 108 64 188 126 28 69 214 205 102 99 98 198 60 167 179 127 72 109 16 82 50 171 8 73 48 51 13 201 193 209 134 25 97 35 137 122 39 42 9 49 7 37 68 40 67 210 116 155 76 176 202 104 180 181 34 33 118 182 151 143 166 93 196 5 91 65 174 54 21 203 139 6 119 215 105 101 120 199 194 
132 128 212 209 29 88 131 39 75 67 142 53 20 194 42 141 143 79 159 158 87 31 166 115 107 63 205 198 118 126 214 184 81 52 9 48 168 8 45 19 62 27 148 125 157 153 151 94 40 23 24 66 133 43 165 152 197 109 14 162 160 189 175 98 97 30 146 44 108 100 119 104 123 149 76 169 46 60 72 173 7 138 68 114 134 137 96 193 211 28 130 182 139 1 61 64 192 51 85 73 5 92 196 90 54 22 80 161 78 135 129 2 117 59 147 32 150 33 65 111 15 170 116 18 57 215 203 12 200 124 187 69 206 195 106 70 26 186 191 144 210 164 188 145 208 58 36 99 120 178 86 49 71 172 16 0 181 185 179 47 50 167 84 101 154 213 127 183 121 190 176 95 112 77 140 83 171 74 35 113 25 38 163 17 105 122 37 13 102 82 180 177 34 204 136 156 41 89 174 4 91 10 110 6 21 207 56 3 93 103 201 199 202 11 155 55 
166 210 148 213 132 30 89 68 40 76 143 194 54 21 165 43 152 159 80 160 131 88 29 64 116 108 119 215 199 144 124 209 7 82 50 9 49 181 63 46 17 126 28 127 153 177 150 24 95 38 134 25 67 140 41 142 15 197 110 161 189 158 98 176 99 31 106 147 45 105 101 120 77 121 133 61 170 44 8 73 171 112 183 66 94 149 138 26 163 212 182 2 129 135 195 59 62 74 52 86 196 6 93 20 90 55 79 78 162 3 136 130 186 115 60 34 33 151 16 65 109 19 178 117 200 58 204 118 13 164 125 128 70 169 191 145 71 18 146 27 69 214 211 206 103 198 35 37 201 107 173 84 193 47 111 14 72 167 51 180 48 83 168 205 102 184 187 39 137 36 175 75 96 113 141 185 81 179 190 123 114 122 188 192 56 23 97 57 11 85 172 157 156 155 139 32 42 87 91 174 4 92 0 10 53 22 100 1 5 202 104 12 208 154 203 207 
148 119 13 200 210 27 188 64 45 107 144 143 30 135 124 70 212 9 52 49 213 125 71 153 80 99 54 6 110 56 105 199 67 23 38 25 40 66 150 78 97 120 11 201 73 85 171 63 44 106 62 46 108 26 187 209 88 182 140 81 185 181 173 72 84 145 98 151 79 91 14 21 169 192 59 175 156 162 134 94 77 19 186 116 170 195 60 100 155 204 193 126 69 211 161 190 177 149 95 75 166 3 43 129 141 89 74 86 172 28 206 214 34 159 36 51 48 8 29 139 142 37 32 160 16 20 93 194 10 205 101 118 12 157 189 103 208 35 33 57 154 215 58 104 174 197 7 50 65 176 133 96 102 76 41 131 138 112 24 39 68 123 183 196 0 198 203 147 115 82 179 191 61 178 163 137 114 122 167 146 117 18 202 158 90 17 47 55 4 113 121 168 83 207 184 180 128 164 152 87 136 165 1 31 132 2 111 127 130 53 5 92 15 22 109 42 
127 201 120 11 206 214 28 108 62 46 145 136 165 31 213 125 71 47 7 50 69 211 126 97 150 78 111 55 4 208 57 103 39 68 24 67 23 38 98 151 79 203 118 12 172 74 86 107 64 45 106 63 44 210 27 188 141 89 129 167 82 179 85 171 73 184 80 99 153 22 92 15 60 170 195 189 176 157 75 149 95 117 17 146 61 178 191 205 101 202 163 212 124 70 156 162 175 76 133 96 41 131 1 87 130 152 173 72 84 209 26 187 37 32 160 9 52 49 143 30 135 158 35 33 91 14 21 65 194 154 215 200 119 190 177 58 104 159 36 198 100 155 199 56 90 174 48 8 10 161 77 134 204 94 2 42 123 183 66 25 40 114 121 207 196 105 13 19 186 168 83 169 192 59 164 122 138 113 180 18 147 116 102 34 197 115 51 109 53 137 112 185 181 0 144 81 148 193 182 140 29 139 132 142 43 166 5 128 88 110 54 20 93 16 6 3 
191 114 94 138 108 61 18 111 91 207 146 157 36 159 60 107 17 209 164 69 62 147 178 102 200 100 172 47 180 112 66 24 87 41 129 88 141 3 202 155 120 113 122 75 214 128 213 20 0 6 196 53 15 117 45 195 153 35 80 211 187 145 188 127 70 115 205 12 215 185 50 73 22 65 4 203 201 208 30 43 1 5 21 197 109 93 194 77 38 95 106 44 116 192 11 13 105 42 136 131 79 177 190 78 34 97 126 26 148 63 169 186 57 56 154 125 206 163 33 175 158 103 204 104 173 83 9 179 168 68 76 133 121 119 118 123 23 199 198 40 134 96 39 67 51 49 212 27 81 58 2 166 25 142 162 156 140 135 182 132 152 165 139 171 74 137 183 174 55 184 124 54 14 10 64 29 143 31 210 110 92 16 149 101 7 90 193 181 72 89 130 71 28 84 19 144 170 46 98 160 32 37 99 161 176 189 8 59 151 52 82 86 167 48 85 150 
192 183 112 95 19 106 59 207 109 92 147 160 177 37 18 61 108 70 210 193 169 63 186 101 100 201 185 173 48 25 113 67 130 88 42 1 89 152 118 154 202 76 114 123 211 209 148 4 21 0 16 196 54 191 115 46 78 150 36 184 212 188 71 206 128 116 204 215 13 74 179 51 5 20 65 198 200 203 2 31 41 197 6 22 194 110 91 96 75 39 107 195 45 117 103 12 11 132 43 139 175 80 156 98 79 32 127 124 27 146 64 170 155 58 57 164 126 187 159 34 176 105 104 205 7 171 81 82 180 133 66 137 134 56 120 38 121 102 208 24 23 149 138 40 8 52 163 213 181 119 143 3 94 131 97 189 29 141 140 129 166 87 142 85 172 68 122 14 174 214 144 10 55 15 62 182 30 136 125 90 111 53 77 199 47 93 28 9 167 135 165 145 69 72 17 26 178 44 153 99 162 33 157 35 151 190 73 60 158 86 50 49 84 168 83 161 
193 102 154 215 28 206 214 18 147 115 148 3 43 166 125 71 213 82 179 167 211 126 69 36 34 159 110 54 6 200 119 13 113 123 183 122 138 112 37 32 160 100 155 204 52 49 9 17 146 117 19 186 116 188 210 27 143 30 135 173 72 84 8 51 48 127 158 35 33 20 93 16 107 64 45 78 97 150 25 40 66 195 60 170 108 62 46 103 208 57 144 124 70 212 153 80 99 23 38 67 140 88 182 31 136 165 50 47 7 187 209 26 190 177 161 185 181 81 42 132 2 162 175 156 92 15 22 0 207 58 104 101 202 98 151 120 11 189 176 201 199 56 203 118 194 10 83 180 196 79 24 39 105 68 129 141 94 77 121 137 114 149 95 90 174 12 205 59 169 171 73 63 44 106 145 96 76 134 85 61 178 192 198 157 65 191 168 111 55 75 133 86 172 197 128 74 164 184 139 142 131 1 89 41 152 87 4 163 29 109 53 21 91 14 5 130 
67 173 52 51 113 39 134 103 119 208 149 107 46 169 94 68 123 2 142 31 25 137 75 144 211 188 150 160 175 85 84 185 194 4 15 91 65 54 214 145 124 49 73 47 29 130 141 203 105 56 58 198 11 76 138 23 18 192 170 166 129 41 165 89 182 96 184 71 26 151 162 36 199 204 155 210 163 69 110 22 174 118 100 12 205 57 101 9 180 179 183 38 112 133 187 193 125 197 55 93 147 19 45 186 60 191 87 135 140 121 66 95 206 148 70 143 131 136 61 44 64 127 213 209 158 97 177 78 98 181 168 8 7 28 164 172 171 27 128 167 81 48 74 83 190 156 139 43 153 212 14 90 82 5 146 108 6 16 10 109 20 21 196 37 33 72 86 120 201 132 1 102 104 154 114 92 0 207 152 13 202 215 50 126 189 200 30 157 79 111 53 42 88 159 77 3 40 122 117 178 106 195 116 62 115 63 35 24 59 34 161 32 80 176 99 17 
160 18 46 147 97 176 36 165 143 41 150 84 52 48 190 98 37 118 101 11 153 33 156 110 65 16 149 67 183 170 107 45 124 127 210 187 211 148 21 55 194 116 186 106 198 12 57 139 3 135 132 29 31 158 80 162 173 81 85 215 155 208 103 120 199 79 5 10 92 121 23 134 182 136 129 15 111 197 144 206 125 2 1 130 152 141 142 195 146 60 175 78 159 189 91 6 174 69 145 209 51 82 185 73 179 172 104 56 200 151 177 32 22 54 207 119 201 204 50 74 8 4 196 93 76 113 66 38 68 115 178 64 17 20 53 191 62 14 109 108 192 169 44 63 94 75 203 13 25 90 27 212 19 184 180 167 193 188 71 128 28 214 213 123 137 59 117 89 131 58 100 88 87 30 157 26 126 70 205 43 42 166 61 0 133 140 154 114 96 163 164 202 102 112 99 105 34 161 86 168 47 9 49 171 181 83 24 35 72 40 122 95 138 39 77 7 
158 186 19 44 37 98 190 42 142 165 151 49 85 50 35 175 99 12 119 102 157 150 34 14 111 65 137 133 68 46 178 108 214 125 128 127 188 212 194 22 53 107 117 146 58 199 13 136 135 1 29 166 30 189 159 78 86 171 82 198 204 202 208 104 118 80 93 6 10 149 122 24 130 129 139 197 16 109 126 145 187 182 3 2 143 140 152 61 191 147 176 161 79 160 174 92 4 210 70 184 179 52 83 173 74 180 201 105 57 33 153 156 207 20 55 205 120 203 9 51 72 91 5 196 67 77 114 23 39 59 116 115 62 90 21 106 192 0 15 63 17 195 60 45 134 95 155 200 66 54 144 28 170 213 47 185 71 163 26 69 148 164 209 113 121 64 18 131 87 215 56 31 89 88 177 193 27 206 101 141 41 132 169 110 76 43 11 25 112 211 124 103 154 138 97 100 32 162 73 84 172 48 168 7 8 167 94 36 181 75 38 40 96 183 123 81 
29 69 28 184 166 31 87 183 95 133 152 21 90 53 41 140 142 80 79 189 89 30 132 59 178 45 101 58 12 27 164 213 171 85 48 50 84 72 108 170 192 144 212 187 177 157 33 134 75 122 94 114 76 141 42 143 109 15 0 78 158 160 176 175 37 88 191 60 63 56 205 201 113 137 67 195 19 147 181 86 81 96 39 25 24 121 112 71 188 148 2 130 136 3 169 115 17 179 82 173 93 10 5 54 20 207 159 162 161 1 139 182 18 64 44 156 151 150 111 16 197 46 107 186 13 198 155 199 57 214 127 210 145 61 146 206 193 117 106 126 128 124 163 70 202 215 190 97 104 116 73 168 26 180 65 110 8 83 74 172 9 185 49 119 11 209 125 68 149 35 98 40 138 123 43 167 7 51 36 77 66 23 211 62 100 38 99 200 154 52 47 153 32 203 129 34 165 131 4 91 174 6 14 92 194 55 105 135 196 208 120 118 103 102 204 22 
159 45 146 17 175 35 99 142 43 143 153 51 47 86 97 36 176 100 13 120 32 177 151 65 15 109 66 138 134 106 44 169 148 209 126 213 128 206 54 194 20 147 108 115 11 56 208 2 139 136 31 30 131 79 161 160 83 84 172 154 199 205 119 198 105 78 10 91 4 25 133 123 135 182 130 110 197 14 188 124 184 3 129 1 140 165 141 186 59 192 190 158 162 80 5 174 93 144 214 71 81 180 50 185 171 72 58 203 103 157 34 150 53 207 21 200 215 118 73 7 52 196 92 6 112 68 75 67 24 170 60 19 116 55 90 64 107 111 0 195 178 18 62 61 77 149 12 202 40 22 211 145 191 26 181 48 187 69 127 27 70 212 193 183 114 46 63 166 132 102 204 89 29 87 156 125 163 164 57 41 152 88 117 16 96 42 201 95 23 210 28 101 104 122 98 155 33 189 167 74 8 173 179 49 82 9 113 37 85 121 76 137 38 94 39 168 
105 174 14 54 155 118 56 189 35 177 154 187 71 193 104 11 215 123 134 77 203 100 199 171 185 82 135 43 88 92 110 207 106 61 60 192 46 195 180 74 167 4 197 22 38 138 122 160 176 156 162 190 34 198 102 201 148 206 212 24 94 39 25 121 114 204 84 83 181 31 182 42 79 36 33 47 168 9 186 147 170 153 161 97 159 99 32 194 91 111 200 119 202 57 52 179 48 191 117 116 188 126 144 127 209 125 183 68 113 205 13 103 85 49 173 96 112 76 164 28 124 7 73 172 1 143 87 89 130 15 53 93 109 8 81 16 55 72 51 196 6 65 5 0 3 41 149 137 140 50 17 59 20 18 70 145 108 107 64 169 178 62 146 136 142 21 90 80 98 66 40 37 150 158 120 44 115 19 75 78 175 157 10 86 132 151 95 129 165 63 45 67 133 30 101 23 58 12 128 27 211 163 214 210 213 184 131 208 69 2 152 166 139 141 29 26 
103 55 174 15 57 202 119 156 161 36 155 163 188 69 204 105 12 75 121 149 208 200 101 83 172 179 89 136 41 207 93 111 61 107 59 191 195 44 168 185 72 20 5 197 123 39 183 157 158 190 32 189 175 203 199 100 213 127 187 40 25 95 112 23 122 205 167 85 81 43 29 129 34 80 37 7 48 181 178 146 186 98 150 162 33 160 97 109 194 92 201 58 120 154 49 50 180 117 192 115 145 206 124 126 128 210 114 137 66 104 215 11 171 86 47 77 94 113 125 193 26 173 8 74 88 2 165 141 87 10 16 90 91 51 9 196 14 84 73 53 21 4 22 6 166 1 96 133 182 82 19 18 65 60 209 71 17 106 169 62 170 64 63 31 139 0 110 177 78 76 67 159 35 151 118 46 45 108 38 153 79 99 54 52 42 176 138 132 130 147 116 24 68 143 102 134 56 13 70 148 214 212 184 164 27 211 142 198 28 30 3 152 131 135 140 144 
78 195 64 107 35 99 175 140 165 141 156 171 72 185 176 97 36 203 103 58 151 32 177 197 14 110 95 23 113 59 192 186 145 26 211 71 144 214 55 90 22 62 61 46 104 155 101 135 182 130 87 89 29 161 160 79 48 179 181 120 100 13 57 102 204 189 174 93 5 75 112 68 129 1 3 111 0 16 210 212 193 136 2 139 41 152 42 63 19 116 37 80 158 162 6 196 92 163 28 125 49 8 173 9 168 82 154 199 205 34 150 157 54 194 20 208 11 56 83 84 172 10 91 4 38 94 137 96 77 146 17 106 44 53 207 170 60 109 65 117 147 108 178 18 183 114 105 119 149 21 69 164 115 187 52 73 209 126 184 188 124 70 127 24 40 191 169 31 30 201 12 132 88 166 33 213 128 148 202 142 43 131 45 15 122 143 198 121 76 27 206 200 215 67 190 118 153 159 50 81 85 167 7 74 47 86 39 98 180 66 138 25 133 123 134 51 
79 108 191 62 176 36 97 152 141 142 157 179 172 73 37 190 98 56 200 104 156 153 33 111 197 15 114 96 24 146 60 195 212 184 27 209 69 145 20 53 90 44 63 59 102 105 202 182 136 129 30 88 87 80 162 158 167 49 180 11 118 101 205 58 100 161 6 174 91 66 76 113 1 130 2 14 109 0 163 214 213 135 139 3 43 42 140 117 64 17 35 189 78 159 93 4 196 126 164 26 171 47 9 83 7 181 215 155 208 177 32 151 21 55 194 57 198 12 173 81 85 5 10 92 138 39 95 133 94 46 147 170 107 22 54 115 178 16 110 61 116 186 192 169 123 137 199 103 75 207 188 70 106 193 8 50 127 210 125 144 206 28 71 68 25 19 45 132 29 154 203 131 166 89 34 187 211 124 13 165 143 31 18 65 112 41 120 40 122 128 148 119 201 38 175 204 150 160 185 51 72 86 74 168 52 48 77 99 82 149 67 121 23 134 183 84 
176 170 17 195 33 153 156 132 131 87 158 52 83 179 150 34 157 215 56 101 160 161 79 55 207 20 68 137 133 44 186 19 211 164 209 206 71 163 91 5 196 61 191 147 119 102 12 43 141 41 182 3 2 190 37 98 49 85 50 208 104 118 203 205 120 36 110 0 15 77 114 67 165 42 142 22 53 194 127 188 212 140 152 143 30 29 166 106 192 63 151 35 175 99 14 111 65 125 128 214 82 86 171 7 172 48 200 11 155 159 78 189 92 4 174 204 202 198 81 8 167 109 197 16 40 96 183 121 138 60 45 116 169 93 6 107 117 21 54 146 108 46 18 115 23 39 154 100 113 10 26 69 178 148 173 74 145 187 124 193 27 210 70 76 134 62 59 139 130 13 58 136 135 1 80 28 213 126 199 89 88 129 64 90 66 31 103 94 25 184 144 105 57 95 32 201 162 97 51 72 185 168 180 47 73 84 112 177 9 123 75 24 149 122 38 181 
190 191 178 18 157 34 150 88 166 132 159 180 50 81 177 151 32 102 204 57 80 158 162 21 53 207 134 66 138 17 45 146 210 212 193 164 187 69 196 92 6 186 59 192 13 120 100 42 41 152 3 129 1 99 175 35 51 47 86 119 198 105 118 200 215 37 16 111 0 68 75 112 143 142 43 194 20 54 213 128 206 165 141 140 131 31 30 64 107 195 153 97 36 176 65 15 109 209 126 148 172 83 84 49 8 173 202 201 12 161 160 79 174 93 5 199 205 154 168 82 9 14 110 197 137 38 94 114 122 62 61 60 117 10 91 147 108 90 22 115 169 106 63 19 67 24 104 155 183 4 127 27 44 70 185 171 124 184 28 125 163 144 214 96 77 116 170 130 135 208 11 2 139 136 78 145 26 188 56 29 87 182 46 55 40 89 101 113 95 71 211 203 103 149 33 58 189 98 7 52 48 179 72 181 167 74 23 156 73 39 121 123 25 133 76 85 
175 19 192 169 151 177 32 166 89 131 160 82 185 51 33 156 153 58 100 205 189 78 159 207 22 54 183 149 67 147 18 46 163 214 213 70 193 188 4 196 93 195 146 60 101 11 118 140 43 42 2 1 130 36 97 176 84 52 48 103 120 199 204 119 201 35 0 14 109 113 66 76 41 165 143 55 194 21 187 211 148 141 142 152 31 132 29 191 62 108 150 190 98 37 110 65 16 127 210 124 85 173 81 171 47 9 13 154 203 80 162 158 6 174 91 155 208 215 7 181 83 197 15 111 95 138 39 137 112 44 63 178 61 5 10 116 186 53 90 106 45 170 117 64 38 68 102 105 123 92 71 128 107 28 73 179 206 125 164 26 126 69 145 133 94 17 115 129 182 57 198 139 3 135 79 212 184 144 12 87 30 136 59 20 25 88 202 24 114 209 27 56 200 75 34 104 161 99 74 8 167 49 172 180 86 168 96 157 50 77 40 134 121 23 122 72 
99 59 44 63 32 151 177 87 30 88 161 72 86 168 156 153 33 120 199 103 78 159 189 90 20 53 77 40 122 178 61 115 144 206 125 212 184 27 6 174 91 45 170 107 208 215 155 142 152 141 129 182 136 176 36 97 7 181 83 13 154 203 105 202 102 175 197 15 111 134 121 23 140 43 42 54 207 22 26 126 164 143 41 165 166 89 131 46 147 18 34 98 37 190 109 0 14 193 188 70 8 50 74 51 82 185 205 58 100 158 80 162 5 10 92 56 200 104 179 172 73 65 16 110 66 76 113 75 133 116 186 62 108 4 196 192 169 55 194 19 117 64 195 146 112 123 198 12 94 93 213 163 17 214 48 84 28 71 145 209 69 211 148 38 68 60 191 135 139 119 201 1 130 2 160 124 127 128 204 31 132 3 106 21 137 29 57 183 149 187 210 118 101 25 157 11 79 35 49 180 173 81 52 85 9 171 67 150 167 24 114 39 95 138 96 47 
97 64 60 45 156 33 153 89 88 31 162 181 73 84 34 157 150 104 118 208 161 79 160 54 90 21 123 75 38 116 169 59 126 145 187 28 213 144 92 4 174 108 46 178 202 198 204 152 143 140 139 130 129 98 190 37 81 8 167 200 11 155 100 103 154 176 109 197 16 24 149 122 43 141 41 20 55 207 193 27 124 142 165 42 132 131 87 19 44 186 32 175 99 35 15 110 0 71 163 206 72 9 51 179 52 83 101 215 56 189 159 78 93 6 10 105 57 201 74 180 173 111 65 14 114 67 77 95 76 107 117 192 63 91 5 17 195 22 53 170 18 115 61 191 138 113 58 199 134 196 209 211 62 164 50 49 148 26 70 184 210 188 212 23 39 147 106 1 136 205 120 3 2 182 158 214 125 69 203 30 29 135 146 194 121 166 13 68 137 127 128 12 119 66 177 102 80 36 168 47 86 171 85 82 48 7 133 151 185 94 25 183 40 96 112 172 
145 57 103 208 27 188 210 170 195 60 163 141 89 129 212 124 70 86 172 74 71 213 125 156 162 175 55 4 111 155 204 100 96 76 133 75 149 95 157 189 176 58 104 198 83 180 168 169 192 59 178 191 61 187 209 26 131 1 41 49 9 52 167 82 179 164 190 177 161 93 16 20 186 116 19 35 33 158 113 123 183 106 63 44 146 117 17 203 118 12 127 211 126 69 160 37 32 114 121 137 31 136 165 2 42 132 81 185 181 206 214 28 150 78 97 171 73 85 88 182 140 98 151 79 15 22 92 90 174 13 200 56 105 34 159 205 101 99 153 202 120 11 154 215 196 0 84 173 197 36 112 122 201 138 142 29 23 38 77 134 94 68 24 10 65 102 199 62 46 47 7 115 18 147 128 25 40 67 50 64 45 108 119 80 207 107 72 53 5 39 66 51 48 194 193 8 144 148 43 166 130 152 139 87 30 135 109 184 3 54 6 91 14 21 110 143 
184 198 58 104 214 28 206 61 178 191 164 130 152 87 71 213 125 72 84 173 126 69 211 176 157 189 109 53 5 101 202 205 134 94 77 96 76 133 190 177 161 199 56 105 181 81 185 60 170 195 59 169 192 27 188 210 42 132 2 50 47 7 180 168 83 193 162 175 156 21 91 14 17 146 117 159 36 34 137 114 121 45 107 64 18 147 115 13 200 119 128 70 212 124 33 158 35 138 112 122 142 29 139 166 3 43 167 82 179 26 187 209 98 151 79 86 172 74 141 89 129 80 99 153 93 16 20 197 90 120 11 208 57 37 32 154 215 78 97 102 203 118 100 155 207 196 73 85 174 160 183 113 12 123 135 143 68 24 95 75 149 40 66 194 10 204 103 106 63 51 48 186 116 19 148 67 23 39 8 108 62 44 201 150 0 46 171 110 54 25 38 9 52 65 163 49 145 127 1 41 88 182 30 140 165 31 6 144 131 111 55 22 92 15 4 136 
131 211 214 127 87 166 31 77 66 38 165 22 194 55 140 142 41 158 160 78 30 132 89 106 62 117 208 120 204 210 145 125 51 8 83 167 7 47 18 64 44 128 124 26 151 150 156 39 25 96 68 149 23 143 141 42 111 16 197 159 162 161 97 99 190 29 46 107 186 118 103 102 134 75 122 45 59 178 172 9 74 67 113 137 183 95 133 213 27 164 129 136 3 130 63 191 60 84 72 50 91 196 4 53 21 90 189 80 79 182 1 139 61 146 116 153 32 34 110 14 65 115 17 169 205 201 56 203 119 206 193 188 148 108 170 28 184 195 19 69 163 70 144 212 57 104 98 36 11 192 48 171 209 85 0 109 180 73 49 52 185 86 81 202 215 187 71 123 40 175 37 114 76 94 152 173 179 168 176 24 121 138 126 147 199 112 35 101 58 181 82 33 177 100 135 157 43 88 6 92 10 5 15 93 207 54 12 2 174 200 154 155 13 198 105 20 
182 193 69 214 3 136 130 122 39 137 166 6 93 196 88 29 131 36 175 190 135 2 129 60 186 115 199 119 215 213 210 148 85 83 168 179 72 167 19 178 117 26 163 212 80 160 159 23 123 114 112 183 66 89 132 30 194 54 21 98 176 99 151 34 33 1 192 18 146 58 204 200 76 68 40 46 17 63 9 49 181 149 138 94 67 134 25 145 71 27 143 165 43 152 64 116 108 82 50 7 110 15 197 10 4 92 37 97 35 41 142 140 59 62 195 189 158 161 207 53 22 44 61 170 12 208 154 102 155 211 206 125 188 106 147 126 28 191 107 127 209 144 187 128 118 13 156 32 205 45 51 180 124 48 20 90 73 171 172 185 81 74 52 56 103 70 164 133 77 150 153 24 95 38 31 84 47 8 177 96 113 121 184 169 201 75 157 100 57 86 173 78 162 198 42 79 87 139 65 109 14 0 55 111 91 174 11 141 16 203 202 120 105 101 104 5 
73 162 157 98 81 49 74 193 214 211 167 123 96 121 181 172 52 15 4 90 72 47 82 130 87 43 60 62 116 35 189 32 208 56 215 202 105 198 131 140 182 153 176 161 93 55 0 188 71 164 124 163 26 171 168 51 39 38 114 194 16 6 22 110 196 83 89 141 2 106 170 115 210 125 148 165 3 166 205 203 154 145 27 213 127 28 69 151 99 159 9 85 8 180 135 132 42 204 102 119 75 24 76 66 68 122 207 14 5 179 7 84 88 142 139 197 91 54 113 112 149 30 143 129 146 46 59 169 195 150 37 175 78 29 41 34 190 152 136 158 33 97 156 36 117 18 174 20 61 1 11 101 79 155 40 134 118 104 58 103 100 199 120 45 108 160 177 70 144 111 10 128 187 212 50 57 12 200 21 184 206 209 80 31 186 126 109 17 178 13 201 65 92 63 185 53 173 48 23 25 77 138 133 137 67 95 44 86 183 107 147 19 64 191 192 94 
74 99 189 177 72 82 47 212 163 209 168 122 121 94 50 167 173 90 16 5 83 73 48 41 182 88 117 61 63 33 36 161 204 198 57 199 154 103 129 132 141 162 150 190 0 91 53 193 206 69 27 125 164 52 172 181 112 40 39 4 194 14 196 20 111 81 3 87 152 116 107 178 127 214 126 131 142 1 155 215 200 211 184 28 70 128 26 160 153 97 7 185 86 9 43 136 166 120 205 100 77 76 25 123 67 66 6 207 15 85 180 8 135 89 143 55 197 92 133 114 113 130 31 165 60 147 44 59 170 78 151 156 176 2 30 159 32 29 140 175 80 34 158 157 146 115 110 174 191 42 202 12 98 102 134 38 201 119 101 56 104 11 208 64 46 37 79 210 71 22 109 213 148 188 51 203 58 105 10 124 144 145 35 139 19 187 21 45 18 118 13 54 65 106 179 93 171 49 137 24 138 75 149 183 95 68 169 84 23 195 108 192 17 62 186 96 
45 67 75 134 107 60 17 91 90 109 169 175 162 153 19 59 106 144 213 206 170 64 146 100 198 208 81 84 51 123 138 149 152 139 30 142 129 31 58 202 56 95 24 133 193 124 188 197 4 20 54 15 174 116 44 192 190 160 32 28 128 125 164 211 26 195 215 103 105 181 47 85 0 5 22 101 203 102 141 130 131 21 65 6 93 207 110 114 68 23 18 191 46 115 204 11 205 2 87 140 150 97 159 156 35 158 214 163 71 62 178 147 120 57 118 27 184 70 98 161 177 104 13 12 72 180 52 173 73 25 39 94 76 154 119 137 113 200 199 96 66 183 121 77 83 185 209 145 86 155 89 43 38 182 151 37 1 132 88 143 136 3 29 48 9 112 40 53 16 69 187 14 196 55 186 41 135 165 148 92 194 10 122 201 167 111 126 49 179 42 166 210 127 50 61 212 63 117 189 34 176 78 79 157 80 33 171 108 36 74 7 172 82 8 168 99 
46 149 68 76 18 108 61 110 92 90 170 150 176 189 107 17 60 187 145 211 147 178 62 198 101 199 52 82 85 133 121 183 31 140 135 29 143 130 57 56 154 134 96 25 206 163 125 21 197 5 174 55 16 195 117 45 33 175 158 126 26 148 27 193 212 191 103 204 104 86 167 48 20 0 6 100 102 200 132 152 182 4 22 65 111 91 207 24 112 66 19 116 192 44 215 205 12 141 3 88 160 151 98 159 157 36 69 209 164 186 63 169 119 118 58 71 28 144 156 99 162 13 105 11 50 73 185 84 171 123 23 38 95 202 155 94 138 203 201 114 39 67 113 122 168 81 124 210 74 120 129 87 137 41 80 153 142 2 139 89 165 43 1 51 49 75 77 10 54 127 70 53 15 196 146 131 42 166 188 109 93 14 40 208 179 194 184 172 47 30 136 213 214 7 59 128 64 115 37 161 177 190 35 79 97 78 180 106 32 181 72 9 173 83 8 34 
49 35 78 151 47 72 82 124 144 187 171 96 95 68 167 173 50 194 14 4 73 48 83 140 139 29 195 108 186 156 176 79 105 201 119 203 58 13 135 89 143 80 34 98 197 92 55 184 28 211 210 71 145 181 52 172 133 114 113 6 207 15 174 21 110 74 130 31 165 192 17 62 193 206 69 88 41 182 56 104 101 126 127 214 212 163 209 161 33 36 179 86 9 185 152 3 87 154 103 199 24 23 137 94 122 121 5 90 16 8 85 180 2 30 42 54 65 93 38 149 134 136 166 43 107 178 116 106 64 159 32 153 97 129 132 189 177 131 142 99 158 157 162 150 170 191 109 10 46 141 57 204 37 198 39 112 102 202 208 118 11 215 200 146 115 190 160 188 213 20 111 125 164 27 168 100 120 12 196 70 128 148 175 1 59 26 22 117 61 155 205 53 0 19 84 91 51 81 75 183 76 25 40 77 66 123 63 7 138 45 18 44 60 147 169 67 
47 153 36 79 83 48 73 188 125 145 172 66 94 96 51 168 171 5 194 15 81 74 49 30 141 135 146 191 106 80 157 190 120 103 203 11 200 56 165 136 87 99 78 32 53 197 93 212 144 26 184 214 69 173 167 50 114 134 112 16 4 207 111 174 22 72 142 182 29 63 195 18 70 163 187 129 89 42 102 57 105 209 124 128 210 213 164 37 162 34 180 179 84 7 88 140 1 208 155 104 138 25 24 122 95 123 14 6 90 185 9 86 43 3 31 91 55 65 149 39 133 41 139 131 117 108 169 44 107 176 160 158 150 152 130 97 161 2 132 156 35 159 175 189 60 178 20 110 62 166 199 58 177 205 38 40 13 100 12 198 119 202 204 17 147 151 98 127 206 196 21 28 126 193 181 215 101 154 109 27 71 211 33 143 192 148 10 64 115 201 118 92 54 116 85 0 52 82 183 76 75 77 113 23 68 67 59 8 137 170 46 186 45 61 19 121 
48 80 150 37 74 81 49 184 206 126 173 94 67 95 172 52 181 16 6 194 47 82 72 136 31 152 107 147 192 175 78 177 200 118 104 57 12 201 88 142 139 33 97 79 91 54 197 27 213 145 70 144 209 51 171 168 113 112 149 207 14 5 20 109 174 73 30 143 129 19 64 191 188 71 164 43 130 87 103 100 58 148 210 125 193 214 211 32 35 189 185 8 180 85 2 89 141 105 198 202 25 183 23 121 123 96 90 15 4 84 179 7 29 41 1 65 92 53 134 133 40 132 42 135 170 115 106 63 45 34 190 99 159 131 140 157 98 165 3 162 156 36 153 176 195 61 10 21 108 182 215 208 160 56 114 39 155 11 120 13 199 203 154 117 18 161 151 212 128 110 196 163 26 124 167 119 204 101 22 127 28 187 158 166 169 69 111 60 62 205 102 0 93 186 86 55 50 83 138 137 24 76 38 75 122 66 116 9 77 17 178 59 146 46 44 68 
65 139 135 136 5 6 4 84 85 86 174 104 105 103 16 14 15 107 108 106 22 20 21 76 77 75 187 188 206 88 89 87 151 153 150 99 97 98 133 134 149 142 143 165 192 195 191 72 73 74 173 171 172 54 55 53 155 202 154 19 17 18 178 169 170 197 95 96 94 126 124 125 82 83 81 137 138 183 189 161 162 49 47 48 179 180 185 166 131 132 207 93 91 92 123 121 122 176 190 175 203 200 201 205 215 204 59 60 61 110 111 109 38 39 40 46 44 45 56 57 58 66 67 68 212 213 211 184 144 2 3 29 30 112 113 129 130 25 23 182 41 42 140 141 163 164 64 62 145 114 157 177 43 156 120 118 33 34 80 78 79 160 158 128 148 152 31 50 51 186 146 168 181 167 196 35 36 32 147 7 8 52 1 24 193 9 63 209 210 159 37 115 116 127 90 117 10 0 102 100 208 198 119 199 12 13 214 194 101 26 27 69 70 71 28 11 
150 107 45 170 80 162 158 136 129 182 175 173 81 85 78 159 189 57 198 12 37 190 98 91 6 174 67 183 149 169 19 192 209 69 145 144 206 125 197 15 111 191 62 108 100 205 58 88 87 30 141 142 152 32 151 177 82 185 51 204 119 201 215 155 208 157 20 53 90 138 39 95 131 166 89 196 93 4 70 193 188 132 29 31 130 2 1 116 186 106 160 33 156 153 207 22 54 214 213 163 48 84 52 180 167 49 105 202 102 97 176 36 65 16 110 120 199 103 72 86 168 21 55 194 134 121 23 94 75 117 64 63 59 0 14 195 146 10 92 60 46 147 115 178 137 112 200 104 133 109 164 26 18 126 171 47 211 148 27 212 184 127 210 25 38 61 44 143 41 118 101 140 43 42 35 128 28 187 11 3 135 165 17 5 123 139 56 96 24 124 71 154 203 68 161 13 99 34 181 83 179 172 9 73 74 8 114 79 7 122 77 76 113 66 40 50 
151 178 108 46 159 78 189 129 139 130 176 86 171 82 161 79 160 13 58 199 99 35 175 174 92 4 133 68 137 195 170 17 184 210 70 126 145 187 109 197 16 106 192 63 56 101 215 31 89 88 140 152 143 156 33 153 52 83 179 203 205 120 198 204 202 177 90 21 54 96 183 40 87 132 131 5 196 91 206 71 163 29 166 30 2 182 3 107 117 146 158 150 34 157 55 207 20 164 209 211 50 49 85 47 185 168 100 103 154 37 98 190 111 65 14 104 118 208 181 73 84 194 22 53 24 149 122 134 95 18 115 45 64 110 0 61 191 6 10 147 19 44 59 116 121 138 57 201 76 15 124 193 186 27 7 172 188 212 144 28 213 125 128 66 23 169 60 142 165 12 119 43 141 41 36 69 148 127 102 135 1 42 62 93 113 136 105 112 94 214 26 11 155 39 162 200 97 32 8 167 74 180 48 173 51 72 25 80 81 38 123 67 77 114 75 9 
80 63 106 192 98 190 37 143 140 152 177 74 180 173 99 35 175 105 57 201 34 157 150 16 109 197 25 112 94 191 147 61 28 213 144 184 210 70 90 21 54 60 45 64 154 100 103 130 129 139 88 31 89 159 78 189 185 168 47 102 12 119 101 215 56 162 92 4 174 114 67 77 3 2 182 0 15 110 211 164 209 1 136 135 141 41 43 18 115 62 36 160 161 79 196 91 5 27 124 193 7 172 48 167 81 8 198 204 202 153 156 33 194 22 53 13 58 199 86 171 82 93 6 10 96 183 40 76 134 19 44 46 178 207 20 59 116 65 14 169 107 117 17 195 113 121 118 208 95 55 163 206 146 71 72 9 125 128 187 126 145 148 26 39 66 170 108 29 166 11 155 87 132 131 32 127 188 214 200 42 142 30 186 111 138 165 104 75 38 69 212 205 120 23 176 203 151 158 83 179 181 73 51 84 85 50 123 97 52 137 133 149 122 24 68 49 
44 77 133 66 59 19 106 90 111 93 178 161 151 190 61 108 18 212 188 184 63 186 169 208 199 102 86 50 83 137 134 122 136 29 141 182 30 165 155 58 57 23 149 94 126 187 164 6 22 197 14 174 53 46 191 115 159 34 176 127 124 27 213 28 163 192 105 104 205 49 84 168 4 21 0 201 101 100 129 166 140 65 5 20 207 109 92 67 25 113 17 45 117 195 13 204 215 89 152 1 99 158 153 37 160 177 193 70 210 170 146 64 56 120 119 145 69 26 189 157 97 12 11 103 179 51 74 72 85 38 121 75 39 118 154 112 95 198 200 183 138 40 76 114 180 181 144 125 172 202 42 130 68 88 36 78 131 143 142 135 87 31 41 8 52 123 96 15 10 206 128 196 54 16 147 139 132 3 71 194 110 55 24 203 82 91 214 185 173 2 43 148 211 47 60 209 62 116 33 35 80 156 150 175 32 98 48 107 162 9 167 81 7 171 73 79 
171 176 79 156 52 172 181 206 69 193 179 133 114 113 86 9 185 55 197 92 50 167 173 152 3 87 108 186 195 157 37 158 199 154 103 56 104 101 182 88 41 189 177 99 111 196 20 125 164 27 163 209 212 180 8 85 23 137 24 93 54 65 6 207 15 168 129 132 141 60 147 44 213 148 188 166 43 136 12 102 202 210 71 145 214 126 127 80 34 98 49 48 83 73 42 2 30 215 200 155 68 96 95 39 112 40 91 53 0 47 72 82 139 29 140 21 110 174 138 75 183 135 89 143 62 192 17 170 191 160 153 150 190 1 131 161 33 31 165 36 78 151 159 32 115 19 16 5 59 142 205 100 35 120 77 76 58 13 57 204 198 201 119 46 106 175 162 144 187 194 14 26 70 128 7 118 11 203 4 28 211 124 97 130 146 184 90 61 63 105 208 22 109 64 81 10 84 51 66 123 122 121 25 94 149 134 117 74 67 18 169 107 178 116 45 38 
172 157 190 80 167 50 173 163 187 70 180 114 134 112 179 84 7 93 53 197 171 51 168 88 140 1 191 106 146 159 177 35 104 208 155 102 57 105 42 129 89 97 161 156 21 109 196 28 126 193 213 164 210 86 185 9 25 24 138 65 91 55 16 4 207 181 152 130 166 45 61 186 206 211 127 139 131 41 154 13 100 184 214 69 128 209 124 99 78 32 47 74 49 81 31 43 3 202 204 201 96 66 94 38 40 113 0 92 54 83 48 73 141 135 30 174 22 111 137 183 76 165 136 87 18 63 195 60 178 98 158 189 151 143 2 37 162 182 29 34 36 79 176 160 147 116 90 14 192 132 118 215 153 101 23 75 200 56 199 58 205 103 203 62 44 33 175 125 145 5 194 148 27 71 8 198 119 11 15 144 26 188 150 142 17 212 6 115 59 120 12 10 20 107 82 110 85 52 68 67 95 123 77 122 39 133 64 72 121 46 19 117 108 169 170 149 
72 156 97 161 48 73 83 210 213 164 181 95 123 122 171 51 168 6 90 14 49 81 74 89 42 129 64 115 59 162 34 37 58 205 199 104 208 155 152 130 166 175 189 151 54 0 92 70 163 187 193 28 126 167 50 173 40 113 38 15 5 194 109 196 21 82 140 1 88 169 117 108 124 128 209 2 132 143 201 202 204 26 212 144 27 71 148 98 158 150 8 7 179 84 131 41 139 101 118 215 23 75 77 67 121 68 16 4 207 9 86 185 165 136 87 93 53 197 114 134 112 142 182 29 45 61 186 192 60 36 79 80 157 43 3 176 160 135 30 33 99 78 35 159 17 147 22 111 178 31 100 154 32 13 133 149 103 203 105 102 57 119 12 107 62 177 190 184 214 10 20 206 211 127 52 11 200 120 110 188 125 69 153 141 116 145 174 170 46 198 56 91 55 44 180 65 172 47 24 138 137 183 39 76 94 96 19 85 25 146 191 63 195 18 106 66 
143 124 209 144 41 142 140 121 133 77 182 15 197 110 2 129 135 150 153 177 152 165 43 195 59 62 215 199 119 214 193 69 86 74 52 8 73 171 44 61 170 145 71 27 175 190 36 75 96 113 149 138 94 130 3 136 6 93 196 151 34 33 161 189 158 141 169 191 107 208 154 12 137 122 39 178 117 19 179 72 167 134 25 67 66 112 183 126 28 127 166 88 29 131 60 186 115 83 168 85 21 194 54 111 14 0 32 157 156 132 30 89 116 108 64 176 99 98 5 91 174 63 46 17 120 105 101 103 198 187 128 206 184 192 18 26 163 147 45 212 148 213 164 125 102 155 162 79 56 146 172 185 210 81 10 4 49 181 173 84 47 82 50 201 118 188 211 40 76 159 80 23 123 114 1 180 48 9 160 95 38 68 70 106 205 24 78 11 100 7 51 97 35 13 87 37 139 42 53 22 90 55 92 20 65 109 57 31 207 104 203 200 58 204 202 16 
149 84 185 85 138 23 76 204 155 199 183 18 192 170 38 112 133 141 29 130 123 94 68 187 193 125 160 175 150 48 82 81 93 197 55 110 22 174 69 210 163 172 171 167 1 152 132 102 104 154 57 101 205 95 121 66 19 45 147 136 143 131 166 129 41 114 28 164 212 80 176 32 201 215 120 213 209 127 207 6 16 58 198 11 12 118 100 49 73 47 67 137 75 25 70 206 148 21 196 111 169 107 46 146 108 116 3 42 88 113 39 134 211 188 144 89 182 165 59 117 178 214 145 124 36 151 162 190 156 86 8 83 72 126 27 9 180 71 26 179 52 51 181 168 33 159 140 87 189 128 53 92 173 0 62 106 65 54 14 90 5 4 15 153 78 50 74 119 208 2 142 200 13 202 24 109 20 91 31 105 56 103 7 184 37 203 135 79 35 194 10 30 139 98 122 43 77 40 115 63 60 191 195 186 44 64 157 96 17 161 99 158 97 177 34 61 
128 12 203 118 26 187 209 44 106 63 184 29 139 142 69 211 126 51 48 8 124 70 212 79 98 151 5 109 53 104 198 58 25 40 66 39 68 24 80 99 153 13 200 119 84 173 72 46 108 62 45 107 64 206 214 28 130 152 87 180 168 83 74 86 172 144 150 78 97 16 20 93 191 61 178 177 161 190 96 76 133 147 115 18 192 59 169 154 215 102 164 71 213 125 176 157 189 94 77 134 2 42 132 140 88 182 85 171 73 188 210 27 158 35 33 47 7 50 136 165 31 34 159 36 22 92 15 10 65 100 155 11 201 162 175 199 56 32 160 105 205 101 103 208 197 90 52 49 194 156 95 75 202 149 166 3 114 121 38 67 23 138 112 0 207 57 120 117 17 185 181 60 170 195 193 113 123 137 81 116 19 146 204 37 174 186 9 6 110 122 183 82 179 196 145 167 127 163 89 129 143 30 43 135 1 41 54 148 141 4 111 14 21 91 55 131 
173 78 177 175 171 168 51 71 164 188 185 113 112 149 8 180 85 197 91 54 181 172 52 2 89 141 147 192 107 36 160 156 202 105 198 103 100 58 87 43 130 157 98 162 196 22 110 163 26 124 214 211 193 7 84 179 183 23 25 53 65 92 207 14 5 167 131 140 182 146 46 59 128 187 212 42 135 132 101 155 11 70 144 209 125 148 210 33 97 79 48 82 72 47 1 29 41 203 154 205 95 94 67 114 39 38 55 0 93 74 81 49 31 152 136 109 174 20 77 138 137 88 142 139 191 19 64 195 61 151 99 176 161 166 165 32 35 143 129 189 150 37 34 190 18 186 4 90 169 3 102 119 80 204 75 24 12 201 215 208 56 118 104 108 63 158 153 206 126 16 6 69 127 28 9 13 199 57 194 213 145 184 159 30 117 27 15 62 116 200 120 111 10 45 83 21 86 50 122 66 123 96 76 121 133 40 60 73 68 178 44 170 115 106 17 134 
195 96 137 113 60 17 107 93 207 110 186 35 158 156 106 19 59 163 71 214 146 170 64 203 102 101 49 179 171 68 23 114 43 182 89 140 2 87 154 119 155 121 77 112 127 212 210 0 5 22 55 14 196 44 192 116 37 79 151 206 144 213 148 69 187 117 11 205 204 52 72 180 65 6 21 200 199 201 42 3 29 20 197 4 92 194 111 40 94 76 108 115 191 46 12 104 13 135 166 41 157 176 78 33 99 80 28 128 125 178 147 62 58 202 56 188 193 124 190 160 32 215 103 105 82 8 172 167 83 75 134 123 138 120 57 25 39 208 100 122 95 24 66 183 48 9 26 164 185 118 132 165 133 1 177 98 139 30 131 141 130 136 88 73 86 38 149 54 15 126 209 16 10 53 63 142 129 152 145 91 90 174 67 198 50 109 211 74 7 143 31 27 184 173 18 70 169 45 159 150 36 189 161 34 162 153 168 61 97 81 84 181 47 85 51 175 
188 155 105 203 213 71 125 178 46 18 187 89 135 42 163 144 128 49 185 172 145 148 164 189 97 34 174 65 207 154 104 201 149 66 137 123 77 39 160 190 151 119 205 208 171 48 180 64 117 60 186 192 106 212 70 124 139 41 88 52 81 86 84 50 82 210 156 80 35 110 53 4 170 45 17 150 159 176 76 38 122 107 146 195 147 191 108 198 120 215 206 184 127 193 99 33 162 183 134 68 136 43 87 143 132 129 181 74 9 126 211 69 161 98 32 85 51 83 1 140 29 153 158 175 54 5 111 93 14 12 100 58 11 79 37 204 199 157 78 118 202 103 57 13 16 21 72 7 22 177 25 114 200 95 131 182 121 75 96 23 112 133 67 15 20 101 102 169 44 173 47 116 59 63 209 94 24 40 179 62 115 19 56 36 92 61 167 196 197 138 113 8 168 91 28 73 26 27 31 3 165 166 142 130 2 141 194 214 152 10 0 109 55 6 90 30 
206 200 202 103 126 211 69 19 169 44 188 43 87 136 148 164 145 173 47 179 193 184 127 32 161 98 207 174 65 203 155 105 138 133 67 40 121 75 153 158 175 198 120 215 185 172 49 61 62 115 107 146 195 125 213 71 89 135 42 84 50 82 83 85 51 214 36 157 78 5 111 54 18 178 46 190 151 160 123 77 39 191 108 147 106 186 192 204 199 118 187 163 144 128 189 97 34 66 137 149 88 139 41 130 165 166 7 167 72 70 124 212 33 162 99 81 86 52 30 2 141 176 150 159 109 55 6 20 91 57 13 100 56 156 80 119 205 37 177 208 201 154 102 58 93 14 168 73 15 35 96 23 104 112 143 132 38 122 113 94 24 183 134 92 16 11 12 17 170 180 171 64 117 60 210 114 95 76 48 59 63 45 101 79 22 116 8 194 196 68 25 74 9 21 26 181 27 28 140 29 182 142 129 131 31 3 197 209 1 90 10 4 110 53 0 152 
98 46 62 61 150 157 34 29 87 89 189 85 167 74 151 32 177 198 105 119 158 162 80 22 55 90 39 121 76 60 117 170 188 124 184 145 26 211 174 93 5 169 106 44 205 154 199 141 140 165 130 135 182 35 99 175 168 82 9 202 201 12 155 101 104 190 14 110 197 123 25 133 42 41 152 207 21 53 125 163 28 43 143 142 88 166 132 146 17 45 33 36 176 97 0 16 111 187 69 164 52 73 7 81 180 50 57 102 204 79 161 160 10 91 4 203 103 58 171 72 185 15 109 65 75 112 68 149 96 147 108 107 195 196 92 178 18 194 20 191 63 19 186 59 122 183 11 56 77 6 193 210 116 212 86 51 70 127 214 71 144 128 206 67 24 192 64 136 2 200 215 129 1 3 159 148 209 27 118 131 31 139 115 54 114 30 208 134 66 213 126 100 13 40 156 120 78 37 179 181 83 84 47 172 173 49 138 153 48 113 95 94 137 38 23 8 
153 44 169 106 161 160 79 182 130 135 190 83 84 172 158 162 80 208 11 56 176 97 36 5 174 93 138 134 66 18 191 178 71 144 214 188 124 184 14 110 197 64 107 195 204 57 102 89 29 87 165 141 140 150 157 34 180 50 81 118 200 215 154 199 205 156 55 90 22 38 94 137 132 88 166 92 6 196 164 187 69 31 30 131 1 3 129 147 108 115 159 177 151 32 21 53 207 212 193 210 86 51 47 181 48 179 155 101 104 175 35 99 15 109 65 198 105 119 85 167 74 54 194 20 123 25 133 77 149 63 19 61 46 16 111 186 59 91 4 192 146 17 170 60 114 122 103 58 96 0 28 125 45 163 49 8 128 206 211 145 26 209 126 40 67 117 62 43 143 100 13 42 41 152 37 27 70 213 120 139 136 142 116 10 183 2 203 23 113 148 127 201 12 24 189 202 98 33 82 9 171 72 173 185 7 52 95 78 168 76 39 112 68 75 121 73 
106 25 134 96 63 169 186 16 174 55 191 177 190 79 147 178 62 184 124 210 192 44 116 154 57 56 180 172 47 138 114 94 89 165 139 31 140 135 103 204 104 77 38 95 164 69 209 90 110 92 5 21 197 18 108 61 157 36 159 188 127 70 163 125 206 59 101 199 198 83 9 173 207 111 91 155 120 202 88 141 3 93 194 109 15 196 53 123 23 40 146 60 107 17 102 200 100 41 129 87 80 153 35 161 32 37 27 193 212 45 195 117 13 105 11 187 145 211 150 176 189 208 203 201 86 167 48 74 84 39 67 76 149 205 12 113 122 118 58 75 24 112 183 133 179 168 28 144 171 215 182 132 66 152 78 34 43 1 130 29 143 42 136 7 51 121 68 4 22 213 214 20 0 6 115 166 142 30 128 14 10 65 137 119 81 54 71 8 181 131 2 26 148 49 170 126 46 19 175 158 156 99 97 162 98 160 72 64 33 85 52 73 185 50 82 151 
107 94 23 149 146 64 170 53 14 174 192 80 156 175 63 186 169 214 144 125 117 195 45 57 155 58 48 185 173 95 183 112 135 87 142 136 29 141 105 104 205 96 75 39 210 193 70 93 90 111 197 6 22 59 19 106 160 177 37 71 206 128 187 164 126 60 199 102 208 171 81 7 92 207 109 154 202 118 1 89 152 110 91 194 54 16 196 38 121 24 147 18 61 108 101 100 201 88 42 130 36 78 150 35 162 33 213 28 163 115 46 191 12 11 103 212 188 184 161 151 190 203 198 200 49 84 168 172 72 138 40 66 77 204 215 76 114 120 119 123 67 25 122 137 82 180 69 26 85 13 140 129 113 166 98 79 31 41 165 182 30 132 43 47 8 134 133 65 5 148 211 4 21 0 116 3 131 2 209 55 15 20 68 56 181 10 145 73 9 139 143 124 27 52 178 127 44 17 34 176 189 157 32 97 153 99 167 62 159 83 86 51 74 179 50 158 
144 105 199 56 187 209 26 192 59 169 193 88 182 140 126 69 211 171 73 85 212 124 70 161 190 177 6 110 54 215 102 154 75 149 95 134 94 77 162 175 156 103 208 57 179 167 82 191 61 178 195 60 170 214 28 206 3 43 166 8 51 48 81 185 181 163 157 189 176 15 22 92 115 18 147 32 160 37 122 138 112 62 46 108 116 19 186 120 11 201 148 125 71 213 36 34 159 123 183 113 135 143 30 41 131 1 180 168 83 210 27 188 80 99 153 72 84 173 130 152 87 150 78 97 21 91 14 174 197 203 118 104 198 158 35 100 155 151 79 204 13 200 205 101 0 207 172 74 90 33 121 137 119 114 31 136 40 66 133 96 76 23 38 65 194 202 58 45 107 9 52 17 146 117 127 39 68 25 49 44 106 64 12 98 196 63 86 4 111 67 24 47 7 10 164 50 184 128 132 2 141 89 165 129 139 142 55 145 42 5 109 16 20 93 53 29 
196 132 166 131 53 54 55 48 49 47 194 118 119 120 92 93 91 115 116 117 14 15 16 68 66 67 210 214 209 143 165 142 35 36 37 159 160 158 24 25 23 2 3 1 64 62 63 51 52 50 8 9 7 110 111 109 208 198 199 195 191 192 106 107 108 10 38 39 40 124 125 126 171 172 173 96 94 95 151 153 150 167 168 181 73 74 72 140 141 152 197 22 20 21 149 133 134 79 80 78 205 215 204 58 56 57 45 46 44 6 4 5 183 137 138 186 146 147 200 201 203 112 113 114 213 211 212 128 148 87 88 42 43 77 75 31 29 122 123 30 129 130 135 136 145 184 18 19 127 76 98 99 182 97 100 101 176 190 34 32 33 156 157 164 193 139 41 180 185 60 61 86 84 85 90 189 161 175 59 83 81 179 89 121 144 82 17 27 28 177 162 169 170 163 65 178 207 174 105 103 11 12 102 13 202 154 26 0 104 188 206 70 71 69 187 155 
108 133 95 24 178 147 62 174 54 15 195 176 78 157 170 64 146 126 209 145 46 115 191 56 58 202 171 49 179 113 96 137 143 136 88 152 139 30 215 103 105 40 94 76 71 214 163 109 91 90 20 197 4 107 60 17 35 158 156 148 69 187 124 188 193 61 198 208 100 8 172 82 110 93 207 119 155 154 140 2 87 194 111 92 196 55 14 25 39 122 186 106 19 59 203 102 101 182 89 43 151 37 79 34 36 189 164 211 26 192 116 44 104 13 12 144 213 206 175 162 153 201 200 199 181 47 85 86 173 66 183 134 67 11 205 121 77 57 118 112 114 68 149 123 167 83 184 70 73 204 131 141 23 130 33 99 3 29 31 142 129 135 166 50 48 138 75 21 65 210 127 0 5 22 117 165 1 42 212 10 53 6 38 120 185 16 27 168 74 41 132 128 125 9 169 28 45 18 160 32 98 161 80 177 159 150 7 63 190 51 81 180 52 72 84 97 
197 182 129 130 6 4 5 179 180 185 196 215 204 205 15 16 14 60 61 59 21 22 20 138 183 137 209 210 214 131 132 166 177 156 157 175 176 190 112 113 114 140 141 152 116 117 115 82 83 81 167 168 181 55 53 54 118 119 120 106 107 108 147 186 146 0 121 122 123 211 212 213 47 48 49 25 23 24 159 160 158 74 72 73 7 8 9 31 29 30 194 92 93 91 68 66 67 36 37 35 199 208 198 13 11 12 19 17 18 111 109 110 133 134 149 191 192 195 155 202 154 95 96 94 70 71 69 193 163 135 136 88 89 38 39 2 3 75 76 1 142 143 41 42 128 148 170 178 164 40 34 32 165 33 58 56 153 150 162 189 161 79 80 144 145 43 87 173 171 63 64 51 52 50 10 99 97 151 62 84 85 172 139 77 127 86 169 26 27 78 98 46 44 184 207 45 174 65 201 203 101 102 57 100 105 103 28 90 200 187 188 126 124 125 206 104 
194 165 142 143 111 109 110 172 173 171 197 208 198 199 22 20 21 63 64 62 91 92 93 149 133 134 214 209 210 130 182 129 78 79 80 151 153 150 95 96 94 31 29 30 61 59 60 86 84 85 74 72 73 5 6 4 215 204 205 147 186 146 195 191 192 90 77 75 76 71 69 70 185 179 180 113 114 112 175 176 190 8 9 7 181 167 168 2 3 1 196 15 16 14 138 183 137 156 157 177 120 118 119 100 101 102 178 169 170 53 54 55 66 67 68 107 108 106 104 105 103 24 25 23 126 124 125 145 184 41 42 136 139 121 122 140 141 39 40 152 166 131 87 88 193 163 44 45 144 123 162 189 132 161 13 11 160 158 98 99 97 36 37 127 128 89 135 49 47 115 116 82 83 81 0 32 33 159 117 52 50 48 43 38 164 51 46 28 26 35 34 17 18 148 174 19 65 207 202 154 56 57 12 58 201 203 27 10 155 206 187 213 211 212 188 200 
118 92 109 194 100 203 199 162 98 150 198 71 184 209 154 58 120 24 68 134 105 12 204 74 173 8 130 142 132 5 197 20 46 45 116 147 64 63 52 84 73 10 16 54 96 133 138 78 99 177 79 176 153 104 215 11 214 212 164 39 183 123 149 75 121 56 171 86 47 29 129 43 189 175 32 85 81 167 61 107 59 151 159 35 158 190 157 22 6 0 205 208 200 101 72 168 185 170 169 62 126 128 210 26 125 193 113 77 94 202 119 57 181 7 48 76 67 38 206 124 145 51 9 82 2 165 88 31 139 111 207 4 65 172 179 110 90 180 49 91 196 14 174 15 182 141 95 40 143 83 44 191 53 195 148 28 117 192 106 108 17 60 19 1 42 55 21 160 97 137 66 36 156 161 102 178 146 115 114 80 37 33 93 50 87 34 25 3 140 18 186 23 122 166 103 112 201 155 188 69 144 27 70 211 127 187 30 13 163 136 41 131 135 152 89 213 
119 194 93 110 208 101 200 151 189 99 199 210 69 144 118 155 56 149 25 66 205 103 13 9 72 171 166 182 143 21 6 197 117 44 46 64 186 62 74 50 85 55 10 14 183 94 134 156 79 97 150 80 190 12 105 204 193 209 213 121 40 137 122 133 76 57 48 172 84 41 30 130 33 161 176 168 86 82 60 59 108 36 153 160 177 159 175 0 20 4 215 102 198 201 179 73 181 63 178 170 214 124 148 163 27 126 95 114 75 58 154 120 49 167 8 39 77 68 184 187 125 83 52 7 89 3 142 165 29 91 109 22 5 81 173 92 111 51 185 90 54 196 53 174 88 129 23 96 135 180 191 45 15 192 71 127 116 115 18 107 106 19 61 131 2 16 65 34 158 112 138 162 37 157 100 146 169 195 67 32 78 98 207 47 152 35 38 31 1 17 147 113 24 43 104 123 203 202 164 206 212 145 26 28 211 128 141 11 70 87 139 140 132 136 42 188 
154 110 207 92 102 201 198 36 33 79 200 148 206 212 119 202 57 122 38 138 215 104 11 52 179 48 43 88 135 65 20 6 116 191 117 186 147 170 9 47 168 16 55 196 40 75 66 37 150 158 99 32 159 103 205 13 126 144 188 76 96 112 24 94 39 120 8 81 50 139 141 166 98 157 80 73 172 7 19 108 107 162 190 34 97 153 161 4 197 22 105 100 199 203 173 85 49 62 146 63 193 187 71 70 145 214 23 67 133 155 118 56 185 82 171 121 114 25 69 128 27 180 74 167 42 31 182 3 41 90 93 0 21 86 72 194 91 83 181 111 14 54 15 53 142 30 113 183 132 51 45 44 174 115 210 211 46 195 17 59 18 61 60 140 89 10 5 35 177 123 134 151 78 175 208 169 178 192 77 176 156 189 109 84 136 160 68 165 131 106 64 95 149 130 12 137 101 58 213 184 209 125 163 127 28 124 129 204 26 152 29 1 143 87 2 164 
155 93 111 207 199 100 203 80 37 34 201 213 127 187 58 120 154 183 123 39 12 204 105 49 50 180 136 41 89 4 65 21 115 117 192 178 146 186 181 7 48 196 14 53 67 38 76 159 35 151 160 97 33 11 104 215 206 124 145 113 77 94 40 25 95 118 51 9 82 131 135 152 78 99 177 8 74 173 108 17 106 32 189 175 162 98 150 20 5 197 103 200 101 208 47 171 86 64 63 147 69 163 188 209 71 184 134 24 68 57 202 119 172 179 83 23 122 112 28 70 148 168 185 72 129 43 29 166 1 110 90 6 0 52 84 109 194 85 81 92 174 15 10 16 139 143 66 114 42 73 116 46 55 45 164 214 195 44 19 18 60 107 59 182 141 54 22 161 36 75 121 176 153 79 198 62 170 191 149 158 190 156 91 167 31 157 137 130 142 61 169 138 96 87 13 133 102 56 27 211 128 210 212 126 193 26 132 205 144 3 140 88 2 165 30 125 
104 16 53 174 120 58 154 37 157 162 202 70 164 206 13 205 103 133 76 122 102 198 201 180 81 173 42 87 139 109 207 91 60 59 108 45 192 191 73 181 179 197 21 6 137 121 40 175 177 159 176 33 161 101 200 208 188 211 128 96 38 23 123 113 24 215 82 168 86 130 41 30 35 32 78 167 8 49 146 169 147 189 99 151 98 34 158 93 110 194 203 155 56 118 185 47 51 116 115 195 125 184 187 214 124 148 67 112 138 12 105 204 48 172 84 114 75 95 27 126 163 72 171 9 142 89 3 129 152 55 10 111 90 83 52 54 196 50 85 15 65 22 0 20 43 131 183 94 88 7 61 17 5 19 144 210 106 18 178 170 63 186 62 165 29 4 92 97 156 39 77 153 160 36 119 117 44 107 68 190 150 79 14 74 2 80 134 143 166 64 46 149 25 135 100 66 57 11 26 71 193 209 69 213 145 28 182 199 127 141 31 136 140 132 1 212 
202 207 91 109 200 208 101 32 78 35 203 188 211 128 155 56 118 40 137 121 103 13 205 185 47 51 87 139 42 22 5 65 195 116 115 146 169 147 49 167 8 54 196 15 77 68 39 153 160 36 34 158 98 204 12 105 184 187 125 95 114 75 96 38 23 119 83 52 7 140 132 136 156 79 97 171 9 72 107 106 18 176 33 161 151 189 99 197 21 6 104 198 201 102 84 48 172 186 62 64 206 70 164 144 210 69 66 149 25 120 58 154 81 173 180 113 24 123 127 26 71 73 181 179 30 130 41 43 131 92 111 20 4 74 50 93 110 168 86 194 53 174 55 10 29 135 138 67 2 85 46 117 16 44 213 193 192 191 61 17 19 59 108 88 129 14 0 157 162 133 76 80 190 150 199 170 63 45 122 177 159 37 90 82 165 175 112 166 182 60 178 134 183 152 11 94 100 57 145 28 124 148 209 214 126 163 143 215 212 31 1 142 89 3 141 27 
208 22 4 197 13 103 205 34 162 190 204 211 163 210 203 100 199 95 149 137 202 57 119 167 180 74 131 129 165 55 196 16 169 178 64 106 61 60 84 83 181 90 93 109 113 183 68 177 189 35 156 160 176 155 118 56 209 125 127 75 66 40 138 122 38 101 185 82 171 141 166 139 32 159 99 81 50 8 116 191 117 175 151 78 150 158 37 15 53 10 120 215 104 11 168 9 47 18 17 59 70 145 214 27 69 128 25 121 114 201 198 102 7 73 172 123 134 77 187 71 193 86 72 51 31 182 42 140 89 6 65 54 174 179 48 5 0 49 173 21 194 91 207 92 132 3 112 76 130 52 170 186 111 147 184 26 62 146 195 192 46 115 45 30 136 110 14 153 161 67 133 79 36 33 12 19 108 63 23 157 80 97 20 85 41 98 96 29 2 44 107 94 39 142 154 24 105 200 206 212 164 28 213 124 144 188 152 58 148 88 135 143 87 1 43 126 
198 197 20 5 215 11 104 175 32 189 205 214 212 164 208 200 101 138 96 133 120 154 58 72 168 185 142 132 130 14 53 196 62 170 169 61 107 59 167 85 81 110 90 91 66 114 137 36 156 161 190 157 158 57 202 119 128 210 126 38 76 67 39 183 123 102 172 179 83 135 152 131 97 33 160 9 82 51 115 117 192 79 176 153 35 151 159 10 16 54 118 12 204 105 48 181 7 60 19 18 209 71 184 148 28 70 112 23 122 100 203 199 173 8 74 75 121 149 163 188 69 52 84 73 43 29 129 182 141 21 4 15 55 50 180 22 6 86 47 0 109 194 111 207 42 166 94 113 87 49 186 178 92 146 211 144 64 63 44 191 195 45 116 143 31 93 174 98 150 24 68 34 80 37 13 108 17 147 134 99 177 162 65 171 1 78 77 140 30 46 106 25 95 139 155 40 103 201 127 187 125 193 27 26 124 145 3 56 213 41 89 2 165 88 136 206 
187 104 201 154 70 124 212 45 17 170 206 139 41 88 184 127 193 180 171 48 128 163 144 99 33 162 65 207 174 103 200 202 68 183 134 76 38 122 176 150 159 204 199 118 47 179 173 116 59 63 191 108 147 69 126 211 43 87 136 83 85 51 52 81 86 209 79 37 177 55 6 109 44 19 169 158 175 153 40 121 75 186 192 106 195 107 146 119 205 208 188 148 164 145 32 161 98 133 67 138 42 89 135 131 182 142 73 8 168 213 71 125 97 34 189 50 82 84 152 31 3 160 190 151 4 110 53 16 21 102 58 13 101 36 157 198 120 80 35 215 105 203 12 100 20 91 9 181 92 78 113 94 155 24 130 165 77 39 25 114 95 66 137 22 93 56 57 46 18 49 185 61 62 115 214 23 112 123 172 117 60 178 11 156 15 64 74 197 194 149 96 167 72 14 27 7 28 26 2 141 132 129 166 143 140 29 196 210 30 0 90 54 5 111 10 1 
174 89 87 88 55 53 54 83 81 82 207 155 202 154 93 91 92 191 192 195 15 16 14 123 121 122 188 206 187 42 43 41 175 176 190 189 161 162 183 137 138 129 130 182 146 147 186 168 181 167 180 185 179 109 110 111 200 201 203 45 46 44 19 17 18 196 112 113 114 70 71 69 51 52 50 67 68 66 32 33 34 173 171 172 48 49 47 142 143 165 65 20 21 22 40 38 39 160 158 159 103 104 105 120 118 119 117 115 116 5 6 4 77 75 76 169 170 178 101 102 100 133 134 149 125 126 124 163 164 31 29 141 152 24 25 166 131 96 94 132 135 136 2 3 148 127 61 59 193 23 37 35 139 36 199 208 97 98 157 177 156 153 150 145 184 1 140 85 86 107 108 9 7 8 194 78 79 99 106 73 74 84 30 95 128 72 60 210 214 151 80 63 64 144 0 62 90 10 12 13 215 204 198 205 57 58 209 197 11 27 28 212 213 211 26 56 
120 111 194 91 201 198 102 97 153 161 208 145 214 70 57 119 202 67 133 23 11 215 104 172 7 73 165 131 129 197 22 4 44 115 45 63 62 146 86 72 51 15 53 10 149 137 95 98 157 80 175 151 78 205 13 103 211 163 210 138 122 38 77 123 134 58 85 49 173 182 42 31 190 34 162 83 181 84 106 61 60 158 37 150 176 156 160 5 0 21 204 203 100 199 167 180 74 178 64 169 127 209 125 124 164 28 76 96 112 118 56 155 9 47 168 66 40 75 126 144 188 8 81 50 143 87 1 136 142 207 92 65 20 185 82 90 93 48 52 109 16 55 14 54 140 89 39 24 30 171 195 192 196 46 27 69 191 117 107 19 108 18 17 41 132 174 6 99 32 68 113 177 189 35 101 186 147 116 183 36 33 159 110 179 130 79 94 152 29 59 170 121 114 3 105 25 200 154 71 193 26 213 128 184 206 212 2 12 187 43 88 139 141 166 135 148 
210 118 204 199 71 125 213 147 191 108 209 132 129 143 128 163 144 74 9 181 164 145 148 159 176 150 196 197 194 120 215 198 114 95 25 68 183 134 79 37 177 57 13 101 168 73 8 170 45 17 63 116 59 70 124 212 182 142 131 172 49 185 179 173 47 27 33 162 99 111 54 5 146 195 107 157 78 36 138 133 67 60 64 117 62 115 61 102 58 11 214 193 184 127 175 153 158 24 113 94 130 165 166 141 30 2 52 81 86 211 69 126 160 190 151 180 171 48 139 41 88 156 80 35 55 6 109 92 16 105 203 154 104 161 98 12 100 34 189 56 119 205 202 103 15 20 82 84 21 32 75 40 208 121 29 1 66 137 122 76 38 112 96 14 22 200 201 186 192 167 72 44 19 169 26 123 77 149 7 178 46 106 155 97 91 18 50 10 0 23 39 85 51 93 206 83 187 188 87 136 152 31 140 3 135 42 90 28 43 174 65 110 53 4 207 89 
214 208 119 205 211 69 126 106 186 192 210 165 166 130 145 148 164 167 72 7 127 193 184 151 160 190 194 196 197 199 118 204 23 112 96 149 66 137 156 80 35 102 58 11 9 181 74 18 178 46 60 64 117 213 71 125 132 129 143 179 173 47 48 180 171 28 97 34 189 6 109 55 108 147 191 37 177 79 68 183 134 115 61 62 59 63 116 12 100 56 209 128 163 144 159 176 150 95 25 114 131 182 142 3 152 31 84 50 82 124 212 70 153 158 175 49 185 172 89 135 42 36 157 78 110 53 4 22 93 202 103 203 155 33 162 57 13 98 32 101 198 120 201 154 92 16 51 83 14 99 122 76 215 38 141 30 133 67 39 123 77 24 113 91 15 104 105 107 146 8 168 170 45 17 27 40 121 138 73 19 169 195 200 161 21 44 85 90 10 94 75 81 86 20 187 52 188 206 41 88 1 140 2 29 87 136 0 26 139 207 174 5 111 54 65 43 
70 13 208 202 144 163 128 46 61 147 211 140 131 139 28 214 206 73 180 51 26 209 187 34 78 176 22 91 16 204 203 56 112 67 76 95 137 40 177 160 98 215 201 58 167 47 84 195 17 64 116 106 169 127 184 193 87 3 165 168 48 85 185 52 74 124 35 153 162 196 65 90 117 107 170 36 150 189 77 113 68 146 45 60 191 18 62 155 12 199 125 188 27 210 158 99 156 25 149 121 30 129 42 182 41 29 171 83 8 145 164 148 151 161 37 7 173 82 31 130 43 175 33 80 197 207 10 54 4 200 57 105 100 32 79 101 119 97 157 103 104 102 11 198 5 110 49 86 109 190 138 38 120 96 152 166 122 23 123 24 134 39 94 6 111 154 118 192 19 172 81 59 186 44 69 66 75 133 9 115 108 63 205 159 55 178 181 21 93 183 114 179 50 53 71 72 126 212 141 132 2 143 136 89 88 1 15 213 135 20 92 174 0 194 14 142 
71 154 11 198 148 145 164 186 44 59 212 135 141 132 187 26 209 52 74 185 188 27 210 190 32 79 14 20 92 57 205 200 77 113 68 38 96 138 99 156 158 56 204 203 85 168 48 62 191 18 170 117 107 163 128 144 142 88 1 86 181 49 72 179 50 125 189 36 150 90 196 65 178 115 108 161 37 151 66 75 114 61 147 46 63 192 19 208 202 13 126 214 206 28 157 159 97 122 23 133 43 31 130 30 129 42 9 172 81 127 184 193 35 153 162 83 8 171 41 29 182 78 176 34 10 197 207 110 55 215 201 119 103 175 33 104 102 160 98 120 118 105 155 12 53 6 167 47 5 80 94 183 100 39 139 140 134 123 149 121 25 137 40 54 4 199 101 64 195 7 173 45 60 146 70 112 67 24 82 169 116 17 58 177 111 106 84 16 22 95 76 73 180 109 69 51 124 213 136 152 87 3 131 165 143 89 91 211 166 15 21 194 174 0 93 2 
69 199 155 12 193 127 184 60 146 45 213 166 136 152 210 188 27 179 50 72 214 206 28 80 175 33 93 15 21 201 58 215 66 75 114 183 39 94 159 97 157 200 57 205 49 86 181 19 63 192 108 178 115 145 164 148 2 143 89 47 84 167 51 73 180 126 151 161 37 65 90 196 106 169 116 153 162 35 112 67 76 44 59 186 17 64 195 11 198 154 124 26 209 187 98 177 160 134 123 24 182 41 29 43 31 130 82 7 173 163 128 144 189 36 150 172 81 9 129 42 30 32 79 190 207 10 197 6 111 56 204 102 120 78 176 118 105 156 158 100 101 119 208 202 109 54 85 168 53 34 40 95 103 137 132 135 25 149 23 133 122 96 138 110 55 13 104 18 62 83 8 147 46 61 71 77 113 121 171 107 170 191 203 99 4 117 48 92 14 38 68 52 74 5 70 185 125 211 131 139 142 88 141 1 3 165 20 212 140 91 16 0 194 174 22 87 
209 215 198 120 124 212 70 195 107 146 214 182 142 131 193 184 127 8 168 73 144 128 163 175 153 158 197 194 196 205 208 119 94 24 113 138 133 67 36 157 78 12 100 56 72 7 167 44 19 169 115 61 62 126 211 69 165 166 130 48 180 171 172 49 185 26 161 98 32 53 4 110 192 106 186 80 35 156 149 66 137 63 116 59 117 60 64 57 13 101 210 145 148 164 151 160 190 112 96 23 143 132 129 29 1 140 83 85 51 71 125 213 176 150 159 173 47 179 43 87 136 79 37 177 5 111 54 15 20 201 154 103 200 97 34 102 58 162 99 11 204 199 105 203 22 93 86 52 91 189 39 123 118 77 3 152 183 134 75 40 121 95 25 21 92 155 202 191 108 74 9 18 178 46 28 76 38 68 181 45 17 147 104 33 14 170 81 0 90 114 122 50 82 16 188 84 206 187 135 42 30 2 31 141 41 88 10 27 89 65 207 55 6 109 174 139 
199 6 197 21 105 204 12 161 176 33 215 193 209 213 102 198 201 134 183 94 56 118 155 179 73 181 182 143 166 196 15 54 170 63 178 60 59 108 82 168 86 92 111 90 138 67 112 162 37 157 159 175 177 120 58 154 124 148 214 68 39 77 121 40 137 100 81 173 180 132 136 140 158 98 34 52 7 83 195 116 115 150 80 190 160 36 153 55 10 14 119 103 13 205 8 49 167 19 61 17 144 210 69 71 127 26 123 113 24 208 101 200 72 171 9 133 76 122 70 164 206 74 50 85 130 41 30 88 129 65 22 174 16 47 51 0 20 172 84 4 93 110 91 109 2 43 75 95 152 185 147 146 194 169 28 212 186 62 191 45 192 44 46 135 165 207 53 189 99 149 25 35 32 78 11 107 106 64 66 79 97 151 5 48 131 156 114 1 141 117 18 38 23 29 202 96 104 203 211 128 27 126 145 163 187 125 31 57 188 139 42 89 3 142 87 184 
