240
-1.000000000000007 -8.93729534823251e-15 -0.0 -8.93729534823251e-15 -3.999999999999998 -1.0 -0.0 -1.0 -8.93729534823251e-15 -3.046647981903312e-15 -1.0 8.881784197001252e-15 -1.0 -8.992806499463768e-15 -0.0 -1.0 -0.9999999999999967 -1.0 2.914335439641036e-15 -1.0 -3.046647981903312e-15 8.881784197001252e-15 3.1401849173675503e-16 -1.0 7.993605777301127e-15 -1.0 7.993605777301127e-15 -4.440892098500626e-16 -8.992806499463768e-15 -1.0 -1.0 4.440892098500626e-16 -4.440892098500626e-16 -1.0 3.1401849173675503e-16 4.440892098500626e-16 2.9745370882218666e-15 8.881784197001252e-15 -6.345453125715753e-16 -1.0 7.771561172376096e-16 -3.2409370112127142e-15 -6.594603291259137e-15 3.1727265628578765e-16 -0.9999999999999974 3.1727265628578765e-16 -1.0000000000000002 -1.0 8.104628079763643e-15 7.771561172376096e-16 8.104628079763643e-15 -0.999999999999997 -0.9999999999999998 -8.992806499463768e-15 -1.0000000000000002 -1.0000000000000002 -1.0 8.326672684688674e-15 -1.0 3.140184917367551e-16 8.326672684688674e-15 5.551115123125783e-16 -1.0 -5.551115123125783e-16 -6.730369402342473e-16 8.326672684688674e-15 3.140184917367551e-16 -1.0 -0.9999999999999972 2.9698465908722937e-15 -8.604228440844963e-15 -7.216449660063518e-16 0.9999999999999973 -7.216449660063518e-16 -3.191891195797325e-15 -7.882583474838611e-15 4.440892098500626e-16 -8.215650382226158e-15 3.1401849173675503e-16 -0.9999999999999972 2.498001805406602e-16 3.1401849173675503e-16 0.9999999999999973 3.1401849173675503e-16 0.9999999999999973 1.0000000000000002 -1.0000000000000002 -7.882583474838611e-15 8.1601392309949e-15 0.9999999999999973 3.0702237734349293e-15 7.771561172376096e-16 0.9999999999999973 8.1601392309949e-15 0.9999999999999971 1.0000000000000002 -0.9999999999999969 -2.666762346555218e-16 -0.9999999999999998 -3.219646771412954e-15 -1.0000000000000004 7.93809462606987e-15 -3.6215099011720565e-16 3.140184917367551e-16 -6.730369402342473e-16 3.140184917367551e-16 3.0685556942008574e-15 1.0000000000000004 3.089519194674853e-15 1.0000000000000004 -6.280369834735101e-16 -3.022736727930887e-15 0.9999999999999973 3.1401849173675503e-16 2.80379900133944e-16 2.8706313578501478e-15 -1.0000000000000002 7.993605777301127e-15 -0.9999999999999969 5.10702591327572e-15 -6.280369834735101e-16 0.9999999999999971 1.0000000000000002 -6.280369834735101e-16 1.0 -6.280369834735101e-16 1.0 -1.0000000000000007 -3.1895459471225386e-15 -7.993605777301127e-15 2.9976021664879227e-15 7.771561172376096e-16 2.955934306211076e-15 -0.9999999999999974 -8.382183835919932e-15 -0.9999999999999974 1.0 3.140184917367551e-16 3.0147126222036715e-15 1.5931700403370996e-14 2.498001805406602e-16 3.885780586188054e-16 3.140184917367551e-16 0.9999999999999973 0.9999999999999973 7.882583474838611e-15 7.16093850883226e-15 -1.0000000000000004 7.605027718682322e-15 4.440892098500626e-16 -7.993605777301127e-15 1.0000000000000004 1.0 0.9999999999999976 1.0 7.494005416219801e-16 -1.6653345369377348e-16 7.049916206369744e-15 -3.1895459471225386e-15 -6.994405055138486e-15 -1.0000000000000002 -4.440892098500626e-16 7.993605777301127e-15 1.0000000000000004 -2.865647104345899e-16 -6.280369834735101e-16 -0.9999999999999979 -5.551115123125783e-16 1.0000000000000002 -3.885780586188048e-16 1.0 3.14018491736755e-16 -7.216449660063518e-16 1.0 -0.999999999999998 -3.191891195797325e-15 -7.105427357601002e-15 1.0 -1.0000000000000002 3.5567379071873278e-16 7.993605777301127e-15 -0.9999999999999969 8.049116928532385e-15 -6.661338147750939e-16 0.9999999999999974 -5.273559366969494e-16 -6.730369402342473e-16 -0.9999999999999978 4.440892098500626e-16 1.0 -6.730369402342473e-16 -2.498001805406619e-16 6.772360450213455e-15 -3.219646771412954e-15 -7.605027718682322e-15 -7.882583474838611e-15 3.1363800445660672e-15 8.382183835919932e-15 0.9999999999999976 1.0 2.220446049250313e-16 1.0 -7.605027718682322e-15 2.9314458953567847e-15 -7.482781710959262e-15 -7.382983113757291e-15 -6.661338147750939e-16 1.0000000000000004 7.049916206369744e-15 7.605027718682322e-15 -7.827072323607354e-15 1.0000000000000007 -1.6653345369377348e-16 1.0000000000000004 -3.191891195797325e-15 -7.605027718682322e-15 -7.105427357601002e-15 -2.666762346555218e-16 1.0000000000000004 -2.3359201220366226e-15 1.0 -4.440892098500626e-16 -5.273559366969494e-16 1.0000000000000002 1.0000000000000004 -1.6511599752587967e-14 -7.271960811294775e-15 -1.64448491837946e-16 -6.661338147750939e-15 4.440892098500626e-16 -0.0 1.0 -4.996003610813204e-16 1.0 3.9999999999999987 1.0000000000000004 1.0000000000000007 -3.3306690738754696e-16 1.0000000000000053 -9.999186721656485e-17
-8.43769498715119e-15 -0.9999999999999967 -0.0 -0.9999999999999967 1.7819079545233762e-14 -0.0 -0.0 -0.0 -0.9999999999999967 6.661338147750939e-16 -0.0 1.0000000000000004 -0.0 -1.0 -0.0 -0.0 -9.880984919163893e-15 -0.0 -5.551115123125783e-16 -0.0 6.661338147750939e-16 1.0000000000000004 1.0 -0.0 0.9999999999999969 -0.0 0.9999999999999969 -3.0253577421035516e-15 -1.0 -0.0 -0.0 3.0253577421035516e-15 -3.0253577421035516e-15 -0.0 1.0 3.0253577421035516e-15 -5.551115123125783e-16 1.0000000000000004 -1.0000000000000002 -0.0 3.0253577421035516e-15 4.440892098500626e-16 1.0000000000000069 1.0 7.494005416219807e-15 1.0 8.271161533457416e-15 -0.0 0.9999999999999969 3.0253577421035516e-15 0.9999999999999969 7.882583474838611e-15 7.882583474838611e-15 -1.0000000000000002 8.271161533457416e-15 1.238399021459695e-17 -0.0 0.9999999999999971 -0.0 1.0 0.9999999999999971 3.0253577421035516e-15 1.7175209963055073e-17 -3.1086244689504383e-15 -1.0000000000000002 0.9999999999999971 1.0 7.827072323607354e-15 7.827072323607354e-15 -1.1102230246251565e-16 -1.0000000000000009 -1.0 -7.993605777301127e-15 -1.0 6.106226635438361e-16 -1.0000000000000002 3.0531133177191805e-15 -1.0000000000000009 1.0 7.382983113757291e-15 -0.0 1.0 -7.882583474838611e-15 1.0 -7.882583474838611e-15 -8.382183835919932e-15 8.215650382226158e-15 -1.0000000000000002 0.9999999999999971 -7.716050021144838e-15 -5.551115123125783e-16 3.0253577421035516e-15 -8.104628079763643e-15 0.9999999999999971 -7.771561172376096e-15 -8.493206138382448e-15 7.827072323607354e-15 -1.0000000000000004 7.993605777301127e-15 8.326672684688674e-16 8.271161533457416e-15 1.0000000000000002 -1.0000000000000002 1.0 -1.0000000000000002 1.0 -7.216449660063518e-16 -8.548717289613705e-15 -5.551115123125783e-16 -8.548717289613705e-15 -1.0000000000000002 4.440892098500626e-16 -8.104628079763643e-15 1.0 -2.220446049250313e-16 -3.3306690738754696e-16 8.049116928532385e-15 1.0000000000000002 7.827072323607354e-15 -1.0000000000000064 -1.0000000000000002 -8.104628079763643e-15 -9.43689570931383e-16 -1.0000000000000002 -8.326672684688674e-15 -1.0000000000000002 -8.326672684688674e-15 7.16093850883226e-15 7.771561172376096e-16 -1.0 -6.106226635438361e-16 3.0253577421035516e-15 -4.440892098500626e-16 7.494005416219807e-15 -1.0000000000000004 7.271960811294775e-15 -9.43689570931383e-16 1.0 -7.771561172376096e-16 3.999999999999999 -0.0 1.0000000000000004 1.0 -7.716050021144838e-15 -7.716050021144838e-15 1.0000000000000002 0.9999999999999978 8.271161533457416e-15 1.0000000000000002 2.692749468568311e-15 -1.0 -8.493206138382448e-15 -8.271161533457416e-15 -8.1601392309949e-15 -8.271161533457416e-15 1.0000000000000002 -2.655192817267813e-15 0.9999999999999976 7.771561172376096e-16 -0.9999999999999976 8.215650382226158e-15 -2.803419826397553e-15 1.0000000000000004 -8.1601392309949e-15 -1.0 -1.0000000000000002 6.8833827526759706e-15 -2.8045166977633792e-15 -8.548717289613705e-15 -2.6524972408862293e-15 -8.548717289613705e-15 0.9999999999999998 -1.0 -8.649516317098903e-16 6.827871601444713e-15 5.551115123125783e-16 -0.9999999999999974 -9.43689570931383e-16 8.049116928532385e-15 1.0 1.0000000000000004 7.827072323607354e-15 0.9999999999999999 -2.6809007880835718e-15 -7.993605777301127e-15 1.1102230246251565e-16 -1.0000000000000002 6.716849298982197e-15 2.3314683517128287e-15 -9.43689570931383e-16 -1.0000000000000002 -1.0 -0.9999999999999969 8.326672684688674e-16 -1.0000000000000002 -1.0000000000000002 -6.106226635438361e-16 1.0000000000000002 6.5278684347673345e-15 -8.649516317098903e-16 2.168177152947892e-15 -8.649516317098903e-16 -0.9999999999999978 -5.551115123125783e-16 0.9999999999999976 -0.9999999999999978 -2.609024107869118e-15 -7.676265623572531e-16 0.9999999999999976 1.0000000000000002 -0.9999999999999974 -6.383782391594655e-16 -2.655192817267813e-15 -6.089203094755376e-16 6.106226635438361e-16 -0.9999999999999978 -0.9999999999999974 -1.0000000000000004 -7.676265623572531e-16 3.3306690738754696e-16 -8.649516317098903e-16 -2.803419826397553e-15 1.1102230246251565e-16 -9.43689570931383e-16 -6.089203094755376e-16 -3.9999999999999996 -0.9999999999999978 -1.303264740544204e-16 -0.9999999999999976 2.3888661177665668e-15 -4.978937148999296e-16 -9.925639130476586e-16 -3.050768069044394e-15 -9.925639130476586e-16 -1.5693864385966047e-14 -4.157207282809461e-16 -6.812237208055268e-16 -5.607598002678878e-16 4.218847493575595e-15 -1.3044374416043991e-16
16 32 14 63 0 62 2 29 27 109 25 1 19 57 6 7 4 56 52 47 170 3 171 5 49 39 40 37 65 15 17 13 11 55 103 53 98 8 97 10 87 85 204 83 9 78 92 12 91 75 76 74 72 60 112 58 30 31 33 34 35 28 23 21 102 61 141 143 99 127 157 125 18 120 151 24 150 146 142 20 114 22 115 137 138 135 153 26 149 90 147 129 130 131 132 133 128 123 121 107 84 176 104 59 64 66 67 68 54 44 164 163 108 179 140 178 94 159 158 192 190 36 213 38 181 186 187 184 154 48 46 194 116 193 208 41 207 43 100 42 80 105 45 106 203 202 200 89 210 195 50 51 174 196 96 113 197 188 168 167 144 145 205 166 165 110 111 117 118 101 79 81 217 218 219 126 169 224 82 155 216 214 215 182 69 227 71 175 70 199 73 172 225 95 93 88 86 228 234 233 77 122 161 160 139 206 162 231 229 226 212 177 148 201 124 183 221 191 220 152 173 180 185 235 211 119 232 222 156 134 239 136 209 189 238 236 223 230 198 237 
27 109 25 0 1 2 19 57 127 157 125 18 120 151 23 24 21 150 146 142 204 20 114 22 115 137 138 135 153 26 28 15 16 149 90 147 3 4 5 6 7 8 9 10 11 12 13 14 17 29 30 31 32 33 34 35 129 130 131 132 133 128 123 121 107 56 84 176 104 192 69 227 119 185 217 124 219 234 233 77 78 122 161 231 232 229 215 126 118 60 117 99 221 166 88 165 64 222 225 156 87 96 154 108 152 92 91 48 148 139 193 194 93 67 83 66 103 224 210 36 213 134 239 136 209 189 180 188 169 143 141 54 162 205 41 42 43 80 105 79 81 82 140 155 179 178 170 59 211 116 144 145 50 113 65 160 203 238 195 89 228 236 177 110 111 158 159 163 164 106 63 62 187 101 102 191 220 212 75 86 46 49 174 196 37 38 39 40 44 45 47 51 52 53 55 58 61 68 70 71 72 73 74 76 85 94 95 97 98 100 112 167 168 171 172 173 175 181 182 183 197 223 186 202 206 184 214 190 218 198 199 230 235 237 208 216 226 201 200 207 
6 7 4 56 2 57 0 1 58 59 60 29 61 62 16 32 14 63 64 65 66 30 67 31 68 53 54 55 47 11 21 23 15 37 44 39 164 33 163 35 108 179 140 178 34 94 159 28 158 107 84 176 104 25 26 27 3 5 8 9 10 12 13 17 18 19 20 22 24 191 220 152 102 187 101 99 100 211 116 141 139 143 137 115 50 113 221 112 124 183 215 118 117 203 45 202 206 111 110 75 76 74 72 109 52 170 171 49 40 103 98 97 87 85 204 83 78 92 91 222 126 165 212 166 88 219 120 217 205 168 167 144 142 145 223 155 156 82 150 80 42 79 132 81 131 133 224 182 201 214 138 169 71 216 162 135 136 218 48 46 194 193 154 38 36 121 123 130 129 151 105 106 184 188 186 190 51 200 43 41 196 195 147 89 172 225 174 73 173 209 175 69 227 161 160 181 180 231 230 232 177 148 95 93 114 128 96 228 236 189 213 77 122 210 149 90 153 127 157 125 70 86 119 134 146 185 233 192 207 235 198 197 199 226 237 229 208 234 239 238 
32 52 47 170 3 171 5 49 0 1 2 4 6 7 39 40 37 65 192 190 146 36 213 38 181 186 187 184 154 31 48 46 44 194 116 193 208 41 207 43 100 204 20 114 42 80 105 45 106 178 203 202 200 89 210 195 50 51 53 54 55 30 14 16 174 196 130 129 91 8 9 10 11 12 13 15 17 18 19 21 22 23 24 25 26 27 28 29 33 34 35 56 57 58 59 60 61 62 63 64 66 67 68 147 96 115 113 197 131 188 168 167 103 144 142 145 205 166 165 69 227 119 120 185 217 222 172 225 102 107 180 111 149 110 234 134 239 136 209 135 137 138 189 169 156 223 238 159 118 158 152 191 182 183 101 153 220 127 212 211 150 151 133 93 95 163 164 90 88 173 139 140 74 228 76 87 128 117 141 143 235 226 86 218 70 71 199 216 198 230 201 214 98 206 112 94 179 160 77 78 79 81 82 155 109 224 132 83 85 236 177 162 108 237 75 219 92 175 176 104 215 126 73 232 148 72 84 97 99 121 122 123 124 125 157 161 221 231 229 233 
0 1 2 3 4 5 6 7 8 9 10 11 12 13 14 15 16 17 18 19 20 21 22 23 24 25 26 27 28 29 30 31 32 33 34 35 36 37 38 39 40 41 42 43 44 45 46 47 48 49 50 51 52 53 54 55 56 57 58 59 60 61 62 63 64 65 66 67 68 69 70 71 72 73 74 75 76 77 78 79 80 81 82 83 84 85 86 87 88 89 90 91 92 93 94 95 96 97 98 99 100 101 102 103 104 105 106 107 108 109 110 111 112 113 114 115 116 117 118 119 120 121 122 123 124 125 126 127 128 129 130 131 132 133 134 135 136 137 138 139 140 141 142 143 144 145 146 147 148 149 150 151 152 153 154 155 156 157 158 159 160 161 162 163 164 165 166 167 168 169 170 171 172 173 174 175 176 177 178 179 180 181 182 183 184 185 186 187 188 189 190 191 192 193 194 195 196 197 198 199 200 201 202 203 204 205 206 207 208 209 210 211 212 213 214 215 216 217 218 219 220 221 222 223 224 225 226 227 228 229 230 231 232 233 234 235 236 237 238 239 
39 40 37 65 5 7 3 4 195 147 89 49 196 171 32 52 47 170 96 154 115 50 113 51 197 193 131 194 190 44 16 14 31 184 188 186 168 53 167 55 103 144 142 145 54 205 166 30 165 64 66 67 68 2 29 0 36 38 41 42 43 45 46 48 11 6 21 23 15 175 176 104 174 172 173 91 209 148 149 130 109 129 25 24 152 153 92 210 75 219 86 88 90 156 189 223 224 164 163 178 203 202 200 1 192 146 213 181 187 116 208 207 100 204 20 114 80 105 106 97 87 95 177 93 94 76 12 74 133 212 211 150 19 151 221 143 99 141 17 137 135 139 59 140 58 60 117 218 237 226 26 128 199 235 132 27 123 228 107 180 111 110 102 185 119 63 62 57 56 13 138 169 225 127 222 227 191 238 136 134 183 158 35 159 214 98 182 201 215 124 216 70 71 82 155 217 126 83 231 84 162 108 206 112 22 61 101 160 161 125 120 79 81 118 33 34 28 8 9 10 198 179 72 121 18 73 78 69 239 232 229 220 230 236 233 85 234 77 122 157 
14 15 16 17 6 13 4 11 55 103 53 7 65 5 0 1 2 3 104 28 105 56 106 57 107 35 108 33 19 32 63 62 29 27 109 25 110 58 111 60 112 113 114 115 59 116 117 61 118 99 100 101 102 10 87 8 21 23 37 44 39 47 31 30 72 12 79 81 75 217 218 219 64 126 169 68 138 224 132 66 204 67 83 82 150 155 216 54 214 215 182 168 167 144 142 145 205 166 165 49 50 51 52 9 18 20 22 24 26 34 36 38 40 41 42 43 45 46 48 227 175 164 210 163 195 174 73 172 162 158 159 160 78 161 236 179 228 178 76 140 139 170 94 171 93 95 177 183 213 181 84 176 186 180 206 85 231 173 129 130 131 133 128 123 121 98 97 92 91 74 141 143 127 157 125 120 151 146 137 135 153 149 90 147 191 192 152 190 220 232 187 184 185 202 203 124 221 207 237 226 211 212 193 194 80 96 154 197 235 233 122 200 201 148 88 89 86 69 70 71 188 196 225 229 77 222 199 119 136 223 238 156 189 209 239 208 134 198 230 234 
55 103 53 6 7 4 65 5 217 218 219 64 126 169 31 68 30 138 224 132 114 66 204 67 83 82 150 155 216 54 47 32 14 214 215 182 56 2 57 0 1 58 59 60 29 61 62 16 63 11 21 23 15 37 44 39 168 167 144 142 145 205 166 165 49 3 50 51 52 227 191 192 222 225 127 88 125 237 226 211 116 212 193 197 199 235 90 120 91 10 92 75 86 123 124 121 18 119 185 136 112 206 162 40 71 117 118 158 201 80 161 160 203 22 115 20 109 146 213 164 210 223 238 156 189 209 196 173 151 81 79 26 154 128 179 140 178 139 170 141 143 137 42 135 41 43 105 9 77 78 131 133 84 85 19 194 93 239 181 183 207 208 200 98 97 48 46 38 36 171 17 13 73 74 72 69 70 122 99 221 159 107 186 180 33 163 35 108 34 94 28 176 104 25 27 8 12 24 220 152 102 187 101 100 113 45 202 111 110 76 87 130 129 106 184 188 190 195 147 89 231 134 174 95 96 172 149 175 157 230 232 198 229 234 236 153 233 148 177 228 
63 0 62 98 8 97 10 87 85 204 83 9 78 92 12 13 11 91 1 2 3 4 5 6 7 14 15 16 17 75 76 74 72 60 112 58 192 69 227 71 175 208 41 207 70 199 216 73 68 214 174 172 225 95 194 93 61 29 88 89 90 86 81 79 128 96 178 179 228 157 234 233 77 122 161 82 160 20 114 42 43 80 105 140 141 139 155 84 132 167 103 67 66 108 206 162 176 231 229 129 226 218 219 94 99 100 101 102 59 32 166 165 212 196 171 49 195 147 149 18 19 21 22 23 24 25 26 27 28 30 31 33 34 35 36 37 38 39 40 44 45 46 47 48 50 51 52 53 54 55 56 57 64 65 104 106 107 109 110 111 113 115 116 117 118 133 131 177 148 154 200 201 124 183 215 221 143 205 202 203 187 191 220 152 119 120 185 217 184 186 222 126 127 164 163 168 182 173 134 239 198 230 235 197 170 193 211 237 238 181 158 210 224 190 232 153 236 151 156 150 169 130 123 180 159 121 223 125 144 135 136 137 138 142 146 209 145 189 188 213 
85 204 83 8 9 10 78 92 157 234 233 77 122 161 81 82 79 160 20 114 41 42 43 80 105 140 141 139 155 84 86 75 63 132 167 103 4 11 6 12 13 69 70 71 72 73 74 62 76 87 61 29 0 88 89 90 67 66 108 206 162 176 231 229 129 91 226 218 219 18 119 120 121 123 124 232 215 134 239 198 199 230 235 237 223 238 220 221 148 95 177 228 236 117 168 118 99 125 127 144 175 104 28 212 150 216 68 30 224 170 35 33 163 101 207 100 112 205 54 21 22 135 136 137 138 142 130 109 143 179 178 59 211 116 37 44 39 45 46 200 201 202 171 203 196 49 3 94 159 34 113 115 56 106 17 197 50 146 55 53 173 209 210 133 131 149 147 165 166 48 98 97 26 154 128 151 156 158 214 182 31 7 64 65 16 23 14 15 32 47 2 57 1 58 60 93 96 102 184 185 225 222 172 174 208 195 164 227 192 40 194 111 110 5 126 169 217 24 152 153 107 145 25 51 193 27 191 19 183 188 186 189 180 213 36 187 181 190 52 38 
12 13 11 91 10 92 8 9 93 94 95 87 96 97 63 0 62 98 99 17 100 61 101 29 102 58 59 60 2 72 79 81 75 16 32 14 166 88 165 90 212 196 171 49 89 195 147 86 149 129 226 218 219 83 84 85 4 6 69 70 71 73 74 76 77 78 42 80 82 151 156 150 128 26 154 228 40 159 34 178 170 179 140 105 56 106 236 194 232 153 220 148 177 50 47 51 193 131 133 214 174 172 225 204 1 3 5 7 15 112 192 227 175 208 41 207 199 216 68 125 221 118 158 117 168 215 122 124 116 110 111 113 114 115 145 203 144 202 160 45 44 200 206 201 108 162 205 152 190 191 141 143 185 187 211 139 137 183 30 31 33 35 28 23 21 229 231 66 67 161 46 48 27 109 25 19 57 52 39 37 65 55 103 53 126 127 64 222 169 138 217 119 120 235 197 24 130 237 189 223 210 224 164 163 43 176 104 173 209 142 22 198 230 54 132 167 155 157 234 233 184 182 121 135 20 123 239 18 38 180 188 107 186 181 213 238 36 134 136 146 
8 9 10 4 11 6 12 13 69 70 71 72 73 74 62 75 63 76 77 78 42 79 80 81 82 83 84 85 86 87 61 29 0 88 89 90 21 16 23 14 15 37 44 39 32 47 31 2 30 7 56 57 1 58 59 60 91 92 93 94 95 96 97 98 99 17 100 101 102 119 184 185 225 222 172 214 174 198 199 200 45 201 202 207 226 208 182 175 168 53 167 68 216 163 195 164 104 227 192 228 40 154 128 112 219 46 48 129 212 204 133 131 194 106 43 105 34 177 148 121 122 229 230 231 232 233 221 157 176 67 66 108 206 162 135 139 137 140 141 170 171 178 114 179 113 115 20 103 224 132 160 161 150 155 28 203 144 234 149 147 197 235 211 165 166 118 117 111 110 143 3 5 126 169 64 217 218 210 49 196 130 24 152 153 27 123 25 26 109 142 19 151 18 35 33 55 65 107 188 186 52 190 51 50 41 116 193 38 36 138 54 159 158 22 191 220 187 124 183 215 156 236 125 145 205 127 181 120 173 238 189 237 223 239 134 180 209 213 146 136 
62 75 63 76 12 74 11 72 60 112 58 13 17 6 8 9 10 4 219 86 46 91 48 92 129 90 212 88 78 0 98 97 87 85 204 83 133 93 131 95 194 106 43 105 94 34 177 96 148 228 40 154 128 71 175 69 79 81 16 32 14 2 29 61 225 73 200 201 214 124 183 215 99 221 143 102 141 205 206 100 41 101 207 202 160 203 187 59 191 220 152 110 111 113 114 115 116 117 118 7 56 57 1 70 77 42 80 82 84 89 21 23 15 37 44 39 47 31 30 120 217 166 54 165 55 64 222 126 211 149 147 197 199 235 209 196 173 49 174 171 170 3 195 5 163 164 210 153 22 24 226 218 25 130 193 208 237 169 67 66 108 162 176 231 229 192 227 216 68 172 178 179 157 234 233 122 161 20 140 139 155 132 167 103 151 18 150 19 156 223 26 27 123 51 50 232 236 38 213 181 159 158 35 33 45 104 28 107 180 239 230 52 190 224 168 53 182 119 184 185 109 65 127 238 198 125 186 121 137 145 146 144 142 138 136 36 135 188 189 134 
60 112 58 12 13 11 17 6 124 183 215 99 221 143 29 102 61 141 205 206 43 100 41 101 207 202 160 203 187 59 2 0 62 191 220 152 91 10 92 8 9 93 94 95 87 96 97 63 98 72 79 81 75 16 32 14 110 111 113 114 115 116 117 118 7 4 56 57 1 120 151 18 125 127 157 168 233 213 181 159 34 158 35 107 186 180 167 122 68 71 216 214 182 231 232 229 77 121 123 137 194 193 211 15 185 177 148 149 190 45 235 197 50 80 105 42 204 20 22 166 54 145 146 144 142 138 65 169 161 201 200 84 28 176 196 171 49 170 3 178 179 140 44 139 37 39 46 70 198 199 108 162 226 208 78 33 163 136 24 153 38 36 52 192 227 30 31 23 21 5 76 74 222 172 225 119 184 230 228 236 147 129 25 130 88 165 90 212 89 195 86 218 219 83 85 69 73 82 156 150 128 26 154 40 106 47 51 131 133 174 175 66 67 48 27 109 19 55 103 53 237 135 64 164 104 126 132 217 234 189 223 188 238 134 209 155 239 224 210 173 
2 29 0 30 14 31 16 32 33 34 35 15 28 23 4 11 6 21 102 61 141 17 143 13 99 60 112 58 12 1 3 5 7 8 9 10 165 55 166 53 54 155 80 82 103 132 167 65 168 68 138 169 64 39 40 37 63 62 27 109 25 19 57 56 52 47 170 171 49 172 173 174 104 175 176 107 84 177 94 105 42 106 43 178 76 179 180 108 181 182 183 158 159 160 78 161 162 163 164 24 150 151 18 44 72 79 81 75 87 59 121 123 26 135 139 137 142 130 129 185 187 110 148 111 149 152 190 191 206 118 117 203 45 202 235 113 197 115 50 114 204 20 116 22 194 193 211 215 122 124 100 101 125 221 205 41 207 220 91 92 93 95 96 97 98 36 38 46 48 51 66 67 69 70 71 73 74 77 83 85 86 88 89 90 217 119 219 120 218 226 126 127 222 145 144 214 216 136 239 209 224 210 133 131 140 154 128 156 223 199 201 146 213 212 195 147 196 184 188 186 157 153 192 208 200 227 189 225 231 236 234 228 233 232 230 134 229 238 237 198 
33 34 35 14 15 16 28 23 172 173 174 104 175 176 57 107 56 84 177 94 80 105 42 106 43 178 76 179 180 108 19 1 2 181 182 183 17 6 13 4 11 55 103 53 7 65 5 0 3 32 63 62 29 27 109 25 158 159 160 78 161 162 163 164 24 21 150 151 18 185 217 119 227 192 69 195 71 239 209 224 132 210 133 156 189 223 89 73 48 39 46 49 196 97 214 98 72 225 222 231 54 205 206 26 186 167 168 118 213 140 202 203 144 81 82 79 9 77 122 110 148 236 234 228 233 232 153 220 74 171 170 87 128 96 113 114 115 204 20 66 67 83 139 85 135 137 141 44 200 45 93 95 100 41 12 131 194 230 124 215 136 134 146 36 38 129 130 123 121 22 30 31 190 51 52 184 188 201 68 216 117 99 125 221 58 111 60 112 59 116 61 101 102 10 8 37 47 75 218 219 64 126 169 138 155 142 145 166 165 50 40 92 91 143 127 157 120 149 90 147 207 229 152 193 154 191 88 187 70 237 226 238 208 198 235 86 199 212 211 197 
4 11 6 21 16 23 14 15 37 44 39 32 47 31 2 29 0 30 72 12 79 63 81 62 75 10 87 8 61 7 56 57 1 58 59 60 121 27 123 25 26 135 139 137 109 142 130 19 129 24 150 151 18 35 108 33 17 13 55 103 53 65 5 3 104 28 105 106 107 184 188 186 52 190 51 49 50 200 45 170 140 171 178 43 100 41 196 40 195 147 89 48 46 194 116 193 154 38 36 68 138 169 64 34 102 141 143 99 112 9 165 166 54 155 80 82 132 167 168 225 73 98 201 97 214 71 175 69 96 91 92 93 94 95 229 85 231 83 84 204 114 66 78 67 160 161 77 90 212 88 76 74 219 86 128 179 228 70 118 117 203 202 206 111 110 164 163 159 158 176 20 22 191 220 152 187 101 211 115 113 221 124 183 215 127 222 125 126 157 233 120 217 119 133 131 149 153 156 238 189 146 213 145 144 42 162 205 136 134 232 148 224 210 122 181 182 180 172 173 174 218 216 227 236 177 192 209 185 197 208 237 207 226 199 198 223 235 239 234 230 
29 102 61 141 17 143 13 99 14 15 16 6 4 11 60 112 58 12 185 187 177 110 148 111 149 152 190 191 206 62 118 117 59 203 45 202 235 113 197 115 50 80 105 42 114 204 20 116 22 137 194 193 211 215 122 124 100 101 10 87 8 63 0 2 125 221 159 158 168 55 103 53 7 65 5 1 3 104 28 56 106 57 107 35 108 33 19 32 27 109 25 21 23 37 44 39 47 31 30 72 79 81 75 183 205 43 41 207 160 220 91 92 9 93 94 95 96 97 98 217 119 227 175 192 69 225 127 222 52 24 153 38 181 36 239 236 234 228 233 179 178 76 232 74 231 229 230 130 48 129 186 184 90 147 51 180 188 172 201 200 84 176 161 144 145 123 121 182 214 157 140 139 169 136 138 54 162 46 170 171 208 199 216 70 218 219 226 86 237 238 212 88 165 154 40 142 135 131 224 132 66 67 83 85 34 77 78 82 155 134 146 128 26 198 68 71 167 120 151 18 89 73 126 189 213 64 150 166 49 164 210 163 195 174 173 133 196 156 223 209 
127 157 125 1 18 19 120 151 192 69 227 119 185 217 123 124 121 219 234 233 9 77 78 122 161 231 232 229 215 126 128 26 27 118 60 117 20 21 22 23 24 4 11 6 16 14 15 25 28 57 129 130 109 131 132 133 99 221 166 88 165 64 222 225 156 150 87 96 154 36 37 38 184 186 187 172 102 70 71 72 12 73 74 97 214 98 174 191 164 33 163 104 175 110 58 111 152 190 52 218 7 65 169 93 183 13 17 143 168 85 205 54 55 91 10 92 90 212 211 134 239 198 199 230 235 237 223 238 220 176 84 148 95 177 42 79 80 81 82 63 62 75 83 86 67 66 204 108 206 162 228 236 144 160 153 76 179 208 116 59 68 216 167 158 159 210 224 194 193 155 0 2 180 106 107 181 182 112 29 61 141 115 50 113 135 136 137 138 139 140 142 145 146 147 149 35 56 48 44 39 32 47 31 30 8 103 53 5 3 105 34 89 195 114 51 197 40 209 196 173 203 226 189 178 94 188 49 213 101 200 45 201 202 207 41 46 100 171 170 43 
23 24 21 150 19 151 1 18 35 108 33 57 56 2 27 109 25 0 152 153 92 129 91 130 48 147 148 149 142 16 121 123 26 135 139 137 193 131 194 133 93 67 83 66 132 103 224 128 210 156 87 96 154 125 126 127 20 22 4 11 6 14 15 28 119 120 77 122 124 181 182 183 107 180 106 104 105 206 162 84 85 176 231 161 144 160 175 34 172 173 174 164 163 179 140 178 94 159 158 29 30 31 32 157 146 204 114 115 138 90 3 5 7 8 9 10 12 13 17 190 191 111 112 110 58 102 185 187 177 195 89 228 233 236 226 86 218 75 219 81 79 63 88 62 166 165 212 196 171 49 232 220 39 46 95 229 230 101 143 141 54 205 169 136 134 225 222 221 99 217 82 155 188 238 189 213 145 170 80 42 113 116 117 59 51 52 50 47 197 235 40 37 38 74 76 209 223 97 201 214 167 168 53 55 78 64 65 68 216 237 239 72 73 211 118 60 215 192 69 227 44 61 184 198 234 186 71 36 43 202 200 203 45 100 207 98 41 70 199 208 
109 146 142 204 20 114 22 115 1 18 19 21 23 24 137 138 135 153 36 213 234 134 239 136 209 189 180 188 169 130 143 141 139 54 162 205 41 42 43 80 105 9 77 78 79 81 82 140 155 66 179 178 170 59 211 116 144 145 147 148 149 129 25 27 50 113 221 99 17 4 11 6 16 14 15 26 28 119 120 121 122 123 124 125 126 127 128 57 131 132 133 150 151 35 108 33 56 2 0 152 92 91 48 117 65 161 160 203 166 238 195 89 90 228 233 236 177 110 111 37 38 184 185 186 187 190 51 52 107 156 223 159 118 158 70 198 199 230 235 229 231 232 237 220 218 226 208 224 164 210 183 181 196 173 106 215 182 192 112 206 219 217 165 55 53 194 193 60 58 197 85 83 31 68 30 7 64 163 84 176 202 100 61 101 44 39 45 46 200 201 171 49 3 94 34 103 67 76 72 12 63 62 75 86 157 212 88 10 8 216 167 95 93 207 29 102 13 40 96 154 174 191 47 214 168 32 87 5 104 225 73 222 172 227 69 74 175 97 98 71 
1 18 19 20 21 22 23 24 4 11 6 16 14 15 25 26 27 28 119 120 77 121 122 123 124 125 126 127 128 57 129 130 109 131 132 133 134 135 136 137 138 42 79 80 139 140 141 142 143 115 144 145 146 147 148 149 150 151 35 108 33 56 2 0 152 153 92 91 48 37 44 39 32 47 31 29 30 72 12 63 81 62 75 10 87 8 61 7 58 59 60 17 13 55 103 53 65 5 3 104 105 106 107 90 154 82 155 156 93 157 158 159 34 160 78 161 162 163 164 184 185 225 73 222 172 227 191 192 64 99 221 166 88 165 198 229 230 231 232 85 83 84 233 176 228 236 234 117 168 118 219 217 183 215 169 86 218 69 210 224 76 74 95 194 193 111 110 89 195 220 204 114 51 197 50 40 96 167 66 67 223 209 196 173 188 186 189 180 238 237 213 181 36 205 54 116 113 203 200 45 170 171 178 179 9 177 94 43 41 235 211 206 112 239 49 174 46 187 101 102 182 175 190 226 212 52 100 38 68 98 201 97 214 71 70 202 216 207 208 199 
137 138 135 153 22 24 20 21 116 117 59 115 113 114 109 146 142 204 65 169 161 144 160 145 203 205 166 54 213 139 27 25 130 188 238 189 195 147 89 149 90 228 233 236 148 177 110 129 111 152 92 91 48 19 57 1 134 136 42 79 80 140 141 143 16 23 121 123 26 40 96 154 50 51 197 17 235 168 118 221 157 99 125 124 183 215 13 211 29 102 61 58 60 218 237 226 212 193 194 66 179 178 170 18 36 234 239 209 180 162 41 43 105 9 77 78 81 82 155 5 7 53 167 55 103 30 14 31 165 112 206 219 120 217 175 176 104 84 28 231 229 85 108 83 35 33 163 101 207 100 126 64 45 202 88 127 222 68 156 223 159 158 107 186 184 0 2 151 150 15 232 220 52 192 190 38 181 208 230 198 173 210 133 224 49 3 196 171 174 172 46 44 39 75 86 187 191 10 97 87 95 93 94 34 122 56 106 76 74 227 185 63 62 164 131 132 128 4 11 6 200 67 32 225 119 47 12 37 199 214 98 182 201 216 71 8 70 72 73 69 
25 26 27 28 23 15 21 16 149 90 147 24 153 22 1 18 19 20 154 128 82 150 155 151 156 133 93 131 120 109 0 2 57 127 157 125 158 35 159 33 34 160 78 161 108 162 163 56 164 104 105 106 107 6 7 4 121 123 135 139 137 142 130 129 32 14 63 62 29 187 101 102 152 191 220 48 232 212 88 92 9 91 10 75 219 86 46 148 49 174 196 195 89 228 233 236 177 110 111 115 144 145 146 11 119 77 122 124 126 132 134 136 138 42 79 80 140 141 143 38 40 193 211 194 116 50 47 51 95 210 224 76 12 74 216 67 68 66 30 83 85 204 103 114 55 53 167 173 239 209 87 96 189 223 94 8 97 197 99 221 166 165 64 222 225 3 5 13 17 31 84 176 192 69 227 185 217 234 231 229 215 118 60 117 181 36 183 213 182 214 180 188 186 178 179 172 175 43 207 100 206 112 205 54 81 65 169 203 202 71 73 170 171 168 58 59 61 37 44 39 238 113 52 98 72 190 45 184 230 226 208 218 237 235 199 41 198 200 201 70 
149 90 147 23 24 21 153 22 187 101 102 152 191 220 130 48 129 232 212 88 78 92 9 91 10 75 219 86 46 148 142 109 25 49 174 196 150 19 151 1 18 35 108 33 57 56 2 27 0 16 121 123 26 135 139 137 195 89 228 233 236 177 110 111 115 20 144 145 146 38 181 36 190 52 192 58 227 207 100 206 162 112 205 203 45 202 60 185 17 6 13 29 61 222 172 225 119 184 186 230 34 94 95 138 39 163 164 210 171 81 74 76 179 122 161 77 157 234 239 193 211 226 208 218 237 235 113 197 217 62 63 126 169 64 67 83 66 85 204 84 176 231 79 229 42 80 82 11 72 12 166 165 87 8 120 54 55 199 209 173 43 41 170 3 5 143 141 136 134 114 28 15 47 31 32 37 44 73 104 175 224 156 189 223 131 194 133 93 132 103 128 96 154 125 127 4 14 124 182 183 107 180 106 105 160 140 178 159 158 30 7 221 99 155 188 238 213 116 117 59 97 198 50 53 65 51 118 40 69 201 214 200 98 70 216 215 71 168 167 68 
19 57 1 129 25 130 27 109 131 132 133 26 128 123 21 16 23 121 107 56 84 28 176 15 104 33 34 35 14 18 20 22 24 4 11 6 111 149 110 147 148 86 81 75 90 88 89 153 195 48 232 220 152 137 138 135 0 2 127 157 125 120 151 150 146 142 204 114 115 51 197 50 154 40 96 156 87 167 103 82 79 155 80 66 30 67 223 93 209 196 173 210 224 76 12 74 95 194 193 124 219 217 119 139 32 63 62 29 7 108 225 222 126 229 85 231 233 221 99 186 180 158 168 159 118 183 213 181 94 164 163 179 140 178 202 160 203 161 144 78 9 77 162 122 54 205 206 174 73 172 105 106 227 175 177 42 43 182 17 13 55 53 65 5 3 134 136 141 143 145 92 91 37 44 39 47 31 72 10 8 61 58 59 60 187 184 102 185 101 100 191 192 190 236 228 49 46 230 199 235 212 211 165 166 83 169 64 218 226 45 171 234 239 112 116 117 113 188 238 189 69 215 36 41 170 38 237 52 97 216 70 68 71 214 201 198 98 208 207 200 
131 132 133 25 26 27 128 123 51 197 50 154 40 96 151 156 150 87 167 103 81 82 79 155 80 66 30 67 223 93 120 18 19 209 196 173 28 23 15 21 16 149 90 147 24 153 22 1 20 109 0 2 57 127 157 125 210 224 76 12 74 95 194 193 124 121 219 217 119 186 187 184 38 36 37 116 39 199 235 212 88 211 165 218 237 226 59 47 143 137 141 115 113 5 49 3 32 52 190 97 148 177 94 126 189 89 195 164 239 83 178 179 228 62 75 63 11 72 73 158 168 216 70 68 71 214 215 182 31 114 204 7 64 65 160 78 161 9 77 92 91 10 85 8 229 231 84 139 170 140 55 53 105 42 14 166 54 201 172 174 230 198 234 134 136 99 221 222 225 122 129 130 213 145 146 188 238 171 48 46 163 104 227 175 35 159 33 34 108 162 56 106 107 6 4 135 142 29 101 102 152 191 220 232 86 233 236 110 111 144 138 13 17 176 192 69 185 118 60 117 43 98 183 205 169 181 58 180 44 207 100 208 41 200 202 61 45 112 206 203 
21 16 23 121 27 123 25 26 135 139 137 109 142 130 19 57 1 129 32 14 63 0 62 2 29 6 7 4 56 24 150 151 18 35 108 33 225 127 222 125 126 229 85 231 157 233 221 120 99 124 219 217 119 133 93 131 28 15 149 90 147 153 22 20 154 128 82 155 156 188 238 189 146 213 145 115 144 170 140 204 83 114 66 80 105 42 113 138 116 117 59 143 141 54 162 205 169 136 134 48 232 220 152 132 107 84 176 104 34 11 111 110 148 86 81 75 88 89 195 52 47 3 171 5 49 39 40 37 65 17 13 55 103 53 98 8 97 10 87 9 78 92 12 91 76 74 72 60 112 58 30 31 102 61 64 67 68 44 164 163 179 178 94 159 158 193 194 224 210 96 77 122 181 182 183 180 106 206 161 160 175 172 173 174 192 190 227 191 69 71 185 187 184 165 166 118 215 218 208 237 234 239 236 228 79 95 177 230 198 214 168 212 211 73 209 196 223 51 197 50 101 46 38 216 167 36 235 186 203 41 207 43 100 45 200 226 202 199 70 201 
57 107 56 84 28 176 15 104 25 26 27 23 21 16 33 34 35 14 186 180 167 158 168 159 118 183 213 181 94 2 164 163 108 179 140 178 202 160 203 161 144 81 82 79 78 9 77 162 122 231 54 205 206 174 73 172 105 106 6 7 4 0 1 19 227 175 224 210 195 149 90 147 24 153 22 18 20 154 128 150 155 151 156 133 93 131 120 109 127 157 125 121 123 135 139 137 142 130 129 32 63 62 29 173 177 80 42 43 76 182 17 13 11 55 103 53 65 5 3 187 184 38 40 36 37 52 192 190 146 124 215 136 209 134 199 216 70 68 71 67 66 30 214 31 97 98 201 221 143 99 189 188 60 117 145 223 238 51 171 170 87 96 74 228 236 222 225 196 49 69 83 85 220 230 232 148 95 141 204 114 41 45 46 44 101 102 100 61 207 208 112 58 111 169 138 233 229 166 212 88 92 91 10 8 132 72 12 75 86 198 234 64 126 200 48 39 89 185 217 119 59 47 191 237 239 152 219 110 115 193 211 194 116 50 197 165 113 218 226 235 
58 59 60 2 29 0 61 62 191 220 152 102 187 101 13 99 17 100 211 116 140 141 139 143 137 115 50 113 221 112 12 11 6 124 183 215 30 14 31 16 32 33 34 35 15 28 23 4 21 1 3 5 7 8 9 10 118 117 203 45 202 206 111 110 75 63 76 74 72 222 172 225 185 119 184 149 186 230 232 177 94 148 95 228 233 236 147 190 129 25 130 24 153 38 181 36 52 192 227 207 108 162 205 87 125 159 158 168 122 114 145 144 160 171 178 170 44 200 201 165 212 235 198 197 199 226 86 218 51 22 20 40 96 154 155 80 82 42 79 105 106 43 204 41 85 83 66 109 146 142 194 193 138 135 47 93 131 237 214 182 231 229 77 121 123 91 92 97 98 81 56 57 120 151 18 127 157 213 107 180 167 68 71 216 55 166 53 54 103 132 65 169 64 39 37 27 19 49 173 174 104 175 176 84 179 78 161 163 164 150 26 46 48 67 69 70 73 88 89 90 136 208 219 133 128 217 195 126 188 239 209 234 134 238 223 196 189 210 224 156 
7 64 65 66 30 67 31 68 2 29 0 14 16 32 53 54 55 47 222 126 211 165 212 166 88 219 120 217 205 5 168 167 103 144 142 145 223 155 156 82 150 140 141 139 80 42 79 132 81 83 131 133 224 182 201 214 138 169 39 40 37 3 4 6 71 216 117 118 158 33 34 35 15 28 23 11 21 102 61 17 143 13 99 60 112 58 12 1 8 9 10 63 62 27 109 25 19 57 56 52 170 171 49 215 162 137 135 136 203 218 48 46 44 194 116 193 154 38 36 172 225 185 187 119 184 192 69 227 18 75 86 123 124 121 230 235 198 197 199 113 115 50 226 51 207 208 237 92 129 91 125 127 89 90 151 221 157 191 213 146 100 101 202 160 161 97 98 183 181 70 114 204 176 231 84 108 206 130 20 22 134 189 180 188 173 174 209 196 239 234 210 195 164 128 26 78 85 93 177 94 105 106 43 41 59 200 45 178 179 229 77 96 87 238 107 186 159 73 74 72 147 190 175 233 122 104 76 163 24 110 148 111 149 152 220 95 153 228 236 232 
53 54 55 47 31 32 30 14 214 215 182 68 216 67 7 64 65 66 162 205 137 138 135 169 136 145 203 144 126 103 6 4 5 217 218 219 48 39 46 37 44 194 116 193 40 154 38 3 36 52 170 171 49 0 1 2 165 166 155 80 82 132 167 168 15 16 17 13 11 73 74 72 71 69 70 158 199 122 124 117 59 118 60 99 125 221 159 201 107 186 180 181 183 207 226 208 200 98 97 83 131 133 224 29 222 211 212 88 120 142 223 156 150 140 141 139 42 79 81 163 108 161 77 160 78 84 28 176 202 213 146 100 61 101 153 22 24 20 21 115 113 114 109 204 27 25 130 188 238 189 112 206 209 134 45 58 111 231 75 86 123 121 18 119 185 56 57 62 63 23 50 51 227 191 192 225 127 237 197 235 90 91 10 92 195 164 89 210 147 149 196 173 174 43 41 184 190 178 228 76 96 87 128 26 143 19 151 93 95 152 187 105 106 129 8 9 12 33 34 35 239 85 104 110 102 175 94 172 198 233 236 157 234 229 232 179 230 177 148 220 
37 44 39 16 32 14 47 31 184 188 186 52 190 51 5 49 3 50 200 45 139 170 140 171 178 43 100 41 196 40 65 7 4 195 147 89 63 0 62 2 29 27 109 25 1 19 57 6 56 15 17 13 11 55 103 53 48 46 194 116 193 154 38 36 68 30 138 169 64 225 127 222 192 227 191 181 152 238 189 146 142 213 145 136 209 134 183 187 158 35 159 107 180 111 149 110 102 185 119 197 26 128 96 54 174 130 129 91 210 42 95 93 131 143 137 141 59 211 212 98 201 208 237 207 226 199 216 70 101 106 105 112 205 206 85 204 83 114 66 20 22 115 80 113 155 82 79 34 177 94 203 202 76 179 61 144 160 198 88 90 156 223 224 164 163 168 167 166 165 67 21 23 175 176 104 172 173 148 24 153 92 75 219 86 8 97 10 87 9 78 12 74 72 60 58 33 28 99 157 125 18 120 151 150 135 132 133 123 121 84 108 117 118 81 217 218 126 214 215 182 228 235 71 161 162 69 124 73 220 234 233 239 236 230 229 221 232 122 77 231 
56 2 57 164 33 163 35 108 179 140 178 34 94 159 28 23 15 158 29 0 30 14 31 16 32 4 11 6 21 107 84 176 104 25 26 27 222 172 225 174 73 223 155 156 173 209 196 175 49 195 71 69 227 161 144 160 19 1 181 182 183 180 106 105 206 162 83 85 231 220 230 232 177 148 95 43 93 141 139 80 82 42 79 204 20 114 41 76 45 46 44 171 170 87 128 96 74 228 236 118 189 188 186 78 24 150 151 18 109 7 38 36 213 216 67 68 214 215 124 102 61 17 143 13 99 60 112 58 12 3 5 8 9 10 165 55 166 53 54 103 132 167 65 168 138 169 64 39 40 37 63 62 52 47 72 81 75 59 121 123 135 137 142 130 129 202 203 77 122 205 224 210 149 90 147 153 22 154 133 131 120 127 157 125 185 187 119 184 217 219 192 190 191 98 97 48 89 70 235 198 239 234 134 136 66 145 146 238 237 88 91 201 200 126 233 221 229 101 207 100 51 117 111 86 92 110 208 152 194 113 197 115 50 116 211 199 193 226 218 212 
179 140 178 33 34 35 94 159 220 230 232 177 148 95 106 43 105 93 141 139 155 80 82 42 79 204 20 114 41 76 180 107 56 45 46 44 14 15 16 28 23 172 173 174 104 175 176 57 84 108 19 1 2 181 182 183 171 170 87 128 96 74 228 236 118 158 189 188 186 102 185 187 110 111 149 233 147 235 198 239 209 234 134 238 208 237 157 153 122 161 77 231 229 130 48 129 24 152 191 194 73 72 12 213 100 196 49 3 200 66 10 8 97 151 156 150 26 154 40 17 143 113 197 115 50 116 117 59 22 85 83 109 146 142 55 103 53 132 167 224 210 133 67 131 216 68 30 78 92 9 135 137 63 81 21 136 138 211 37 39 70 199 201 202 203 124 215 36 38 168 164 163 112 205 206 101 207 91 195 89 5 32 52 47 6 13 4 11 7 65 0 62 29 27 25 160 162 18 217 119 227 192 69 71 223 214 98 225 222 54 144 123 121 31 190 51 184 99 125 221 75 193 60 169 145 58 127 61 90 218 219 226 86 212 165 120 88 126 64 166 
28 23 15 158 35 159 33 34 160 78 161 108 162 163 56 2 57 164 24 21 150 19 151 1 18 27 109 25 0 104 105 106 107 6 7 4 38 181 36 183 213 216 67 68 182 214 215 180 124 118 189 188 186 178 76 179 14 16 172 173 174 175 176 84 177 94 80 42 43 101 207 100 206 112 205 231 54 92 9 83 66 85 204 79 63 81 229 144 233 221 157 122 77 138 65 169 145 203 202 195 71 69 227 140 29 30 31 32 11 26 222 225 73 223 155 156 209 196 49 152 153 129 91 130 48 147 148 149 142 121 123 135 139 137 193 131 194 133 93 132 103 224 128 210 87 96 154 125 126 127 20 22 119 120 146 114 115 90 3 5 8 10 12 13 17 236 228 170 171 95 167 168 58 59 60 61 62 64 53 55 47 37 44 39 190 191 52 192 51 50 184 185 187 134 136 99 117 238 226 208 201 200 98 97 82 74 72 70 199 116 143 239 234 40 45 46 41 220 230 232 217 89 110 113 141 111 198 102 166 86 218 75 219 88 212 237 165 235 197 211 
52 192 190 146 36 213 38 181 3 4 5 37 39 40 186 187 184 154 69 227 18 119 120 185 217 222 172 225 102 51 107 180 188 111 149 110 234 134 239 136 209 20 21 22 135 137 138 189 169 145 156 223 238 159 118 158 152 191 193 131 194 50 47 32 182 183 57 56 106 41 42 43 44 45 46 31 48 11 6 16 23 14 15 2 29 0 30 49 53 54 55 65 7 195 147 89 196 171 170 96 115 113 197 35 101 24 153 220 58 127 212 211 116 150 19 151 133 93 95 70 71 72 12 73 74 97 214 98 174 64 126 164 33 163 77 121 122 123 124 27 25 26 125 128 99 221 157 166 88 165 104 175 218 219 173 28 176 8 177 148 17 13 60 112 206 167 168 34 94 215 109 142 202 160 203 100 61 90 130 129 232 236 179 228 198 199 230 235 229 231 237 226 208 224 210 205 144 155 79 80 139 140 141 143 1 117 59 114 204 161 162 132 103 233 178 76 105 216 67 68 86 87 201 84 108 200 66 207 91 63 81 62 75 10 9 82 92 83 85 78 
3 4 5 36 37 38 39 40 41 42 43 44 45 46 47 31 32 48 11 6 21 16 23 14 15 2 29 0 30 49 50 51 52 53 54 55 119 184 185 186 187 134 135 136 188 189 180 190 107 181 152 191 192 193 131 194 65 7 195 147 89 196 171 170 96 154 115 113 197 70 198 199 200 201 202 178 203 79 80 139 137 140 141 114 66 204 179 100 94 159 34 106 105 112 205 206 101 207 208 91 209 173 174 116 68 138 169 64 103 1 163 164 210 153 22 24 149 90 88 72 12 63 81 62 75 10 87 8 61 56 57 58 59 60 121 27 123 25 26 109 142 130 19 129 150 151 18 35 108 33 17 13 104 28 102 143 99 9 165 166 155 82 132 167 168 95 93 211 212 128 146 213 214 215 182 216 67 162 145 144 126 217 218 219 225 73 222 172 127 125 227 175 69 110 111 158 183 220 229 230 238 237 223 156 20 133 224 239 234 124 118 148 177 120 226 86 235 74 228 76 176 92 97 221 117 98 236 71 160 85 231 83 84 78 77 232 161 233 157 122 
186 187 184 154 38 40 36 37 158 35 159 181 183 213 52 192 190 146 101 102 24 152 153 191 220 110 58 111 227 188 32 47 51 225 127 222 212 193 211 194 116 150 19 151 131 133 93 50 95 96 115 113 197 5 49 3 119 185 134 135 136 189 180 107 44 39 16 14 31 216 67 68 182 214 215 106 124 108 33 57 1 56 2 15 104 28 105 118 178 76 179 94 34 99 125 221 117 168 167 145 156 223 238 4 69 18 120 217 172 149 234 239 209 20 21 22 137 138 169 207 100 206 162 112 205 203 45 202 60 177 148 17 6 13 92 129 91 130 48 25 27 109 147 142 195 89 90 228 233 236 29 61 230 232 59 0 62 160 64 126 164 163 174 73 72 170 171 7 65 46 26 128 98 8 97 71 175 157 123 121 219 165 55 166 226 208 218 237 86 75 235 198 199 141 143 74 87 114 83 66 132 103 224 210 23 196 173 155 82 10 12 139 140 88 53 54 30 41 42 43 229 144 200 63 11 201 80 70 122 84 85 176 231 161 78 204 77 79 81 9 
47 31 32 48 39 46 37 44 194 116 193 40 154 38 3 4 5 36 68 30 138 65 169 7 64 55 103 53 6 52 170 171 49 0 1 2 163 195 164 89 210 153 22 24 147 149 90 196 88 91 209 173 174 43 100 41 16 14 184 188 186 190 51 50 200 45 139 140 178 74 228 76 96 87 128 197 26 117 59 115 20 113 114 141 17 143 235 131 226 86 218 212 211 150 19 151 133 93 95 181 152 191 192 42 11 21 23 15 29 54 119 185 187 134 135 136 189 180 107 71 216 168 118 167 158 182 201 214 132 165 166 155 80 82 161 144 160 145 203 142 109 146 205 213 112 206 162 219 120 217 66 67 222 126 224 204 83 215 56 57 58 60 61 62 63 208 207 105 106 202 130 129 8 9 10 12 13 18 25 27 28 33 34 35 175 69 104 227 176 84 172 225 73 223 156 75 92 239 233 236 148 177 110 111 137 101 102 220 232 78 81 238 237 108 94 159 179 70 198 199 127 183 98 85 79 97 230 72 123 221 157 99 125 124 122 234 121 229 231 77 
194 116 193 39 40 37 154 38 74 228 76 96 87 128 51 197 50 26 117 59 22 115 20 113 114 141 17 143 235 131 190 52 47 226 86 218 65 5 7 3 4 195 147 89 49 196 171 32 170 44 16 14 31 184 188 186 212 211 150 19 151 133 93 95 181 36 152 191 192 71 175 69 97 98 8 94 10 233 236 148 149 177 110 220 230 232 34 12 106 43 105 178 179 62 75 63 11 72 73 123 210 224 132 187 199 90 88 165 237 137 82 155 156 23 24 21 1 18 120 168 118 221 157 99 125 124 183 215 13 140 139 29 102 61 144 142 145 109 146 130 129 25 135 27 134 136 138 42 79 80 58 60 66 204 6 111 112 122 217 219 239 234 238 208 207 107 180 185 119 213 48 46 201 202 200 70 198 81 91 92 166 64 222 126 53 167 55 103 54 205 30 67 68 2 0 41 45 15 176 104 174 172 173 209 153 189 223 164 163 203 100 57 56 169 225 127 227 158 35 159 83 121 182 206 101 214 33 216 9 231 84 229 85 77 161 28 78 108 162 160 
170 3 171 208 41 207 43 100 204 20 114 42 80 105 45 46 44 106 4 5 36 37 38 39 40 47 31 32 48 178 203 202 200 89 210 195 69 70 71 199 216 234 134 239 198 230 235 201 197 226 182 214 98 206 111 112 196 49 94 159 34 179 140 139 61 101 145 144 160 9 77 78 79 81 82 141 155 21 22 135 136 137 138 142 130 109 143 66 59 211 116 113 115 103 224 132 67 83 85 56 236 228 76 205 91 209 173 174 147 52 93 95 177 183 213 181 158 35 33 11 6 16 23 14 15 2 29 0 30 50 51 53 54 55 119 184 185 186 187 188 189 180 190 107 152 191 192 193 131 194 65 7 96 154 68 169 64 1 163 164 153 24 149 90 88 60 58 162 108 102 238 237 75 219 86 92 129 133 223 156 172 175 176 104 72 12 73 74 225 222 97 87 8 168 167 212 218 215 121 122 229 231 232 220 146 110 148 233 157 217 165 118 117 227 84 28 161 13 99 17 128 57 62 126 166 63 221 10 150 27 123 25 26 19 18 124 151 125 127 120 
204 20 114 41 42 43 80 105 9 77 78 79 81 82 140 141 139 155 21 22 134 135 136 137 138 142 130 109 143 66 179 178 170 59 211 116 37 44 39 45 46 70 198 199 200 201 202 171 203 100 196 49 3 94 159 34 113 115 103 224 132 67 83 85 56 106 236 228 76 11 72 12 63 62 75 84 86 121 122 229 230 231 232 233 221 157 176 92 108 206 162 160 161 90 212 88 91 10 8 150 216 68 30 177 17 235 197 50 117 146 55 53 167 173 239 209 210 133 131 16 23 27 123 25 26 19 57 1 129 144 145 147 148 149 184 188 186 189 180 238 237 223 213 156 183 181 36 205 166 54 153 24 65 169 48 220 152 18 194 193 215 124 118 60 58 33 35 95 93 107 208 207 29 102 61 13 99 165 226 218 51 40 96 154 32 14 47 31 52 190 5 7 4 195 89 112 101 174 225 73 98 97 214 182 234 158 168 71 69 187 111 164 163 38 87 128 74 15 104 28 64 151 2 191 110 0 175 6 219 127 222 125 126 120 119 172 217 227 192 185 
45 46 44 106 43 105 41 42 112 205 206 100 101 207 170 3 171 208 91 48 209 196 173 49 174 195 147 89 5 200 139 140 178 32 52 47 93 94 95 34 177 183 213 181 159 158 35 179 33 56 236 228 76 114 66 204 37 39 70 198 199 201 202 203 79 80 135 137 141 13 99 17 61 29 102 160 187 166 54 145 146 144 142 138 65 169 161 111 84 28 176 108 162 152 190 191 110 58 60 226 182 214 98 20 4 36 38 40 31 210 69 71 216 234 134 239 230 235 197 10 92 88 165 90 212 86 81 75 149 163 164 153 22 24 151 156 150 223 155 189 188 238 224 237 103 132 133 104 227 175 130 129 73 172 148 109 25 219 50 51 53 55 30 14 16 85 83 115 113 82 180 107 0 1 2 6 7 192 186 184 154 194 116 193 87 8 96 97 128 26 74 72 12 232 220 15 57 233 125 221 118 117 168 167 136 67 68 215 124 19 23 229 231 131 59 211 143 9 77 78 225 218 63 27 21 62 122 11 185 126 127 64 222 217 120 157 119 121 123 18 
41 42 43 37 44 39 45 46 70 198 199 200 201 202 171 178 170 203 79 80 135 139 137 140 141 114 66 204 179 100 196 49 3 94 159 34 16 32 14 47 31 184 188 186 52 190 51 5 50 40 65 7 4 195 147 89 106 105 112 205 206 101 207 208 91 48 209 173 174 72 225 73 98 97 214 226 182 229 230 238 189 237 223 239 236 234 218 216 212 193 211 197 235 167 158 168 68 71 69 160 187 102 61 210 76 180 107 56 177 20 60 58 111 169 136 138 54 162 108 63 81 85 231 83 84 78 92 9 67 113 115 103 224 132 27 109 25 142 130 146 213 145 22 144 153 24 21 116 117 59 155 82 17 143 30 156 150 77 33 35 220 232 148 95 93 88 90 164 163 129 36 38 87 128 96 74 228 118 181 183 57 15 104 28 0 62 2 29 1 19 6 13 11 55 53 194 154 64 127 222 192 227 191 152 134 149 110 185 119 26 131 166 165 23 175 176 172 75 219 86 99 161 10 151 133 8 217 12 215 157 125 233 221 122 121 126 124 120 18 123 
171 178 170 203 45 202 44 200 89 210 195 46 48 39 41 42 43 37 76 179 180 106 107 105 56 34 177 94 80 3 208 207 100 204 20 114 60 112 58 206 111 169 136 138 205 54 162 101 108 160 187 102 61 199 216 70 139 140 32 52 47 5 49 196 98 201 238 237 226 75 219 86 91 92 129 174 130 133 224 209 134 173 239 223 155 156 172 147 175 176 104 163 164 153 22 24 149 90 88 40 65 7 4 198 79 135 137 141 66 159 16 14 31 184 188 186 190 51 50 12 74 93 131 95 194 96 97 87 148 33 35 220 230 232 124 183 215 181 182 213 146 36 158 38 167 168 118 28 23 15 236 228 2 57 110 234 233 128 113 115 103 132 67 83 85 69 71 235 197 214 145 144 9 77 78 81 82 21 142 109 143 59 211 116 13 11 17 6 99 221 29 0 62 191 152 84 161 185 120 217 166 165 55 53 189 68 30 64 126 122 231 192 227 117 212 193 218 72 225 73 1 154 8 157 229 10 222 63 25 151 18 150 19 26 123 119 27 127 125 121 
89 210 195 45 46 44 48 39 75 219 86 91 92 129 49 174 196 130 133 224 136 209 134 173 239 223 155 156 172 147 5 3 171 175 176 104 106 43 105 41 42 112 205 206 100 101 207 170 208 200 139 140 178 32 52 47 163 164 153 22 24 149 90 88 40 37 65 7 4 12 13 11 10 8 9 212 78 120 217 166 54 165 55 64 222 126 211 81 197 199 235 226 218 83 84 85 79 63 62 25 111 110 148 31 73 162 108 33 227 189 232 220 152 137 138 135 20 21 23 93 131 151 18 150 19 26 154 128 82 237 238 66 30 67 183 213 181 146 36 145 144 142 188 109 184 186 180 198 229 230 103 132 236 234 80 53 167 123 15 28 185 119 192 69 71 50 51 14 16 38 203 202 97 214 98 72 225 231 160 161 35 56 2 57 94 95 34 177 159 158 179 228 76 114 204 70 201 141 99 17 61 29 102 187 169 190 191 58 60 182 216 115 113 107 0 1 6 194 116 193 233 27 96 168 68 87 59 74 77 125 221 127 157 121 124 143 122 117 118 215 
5 49 3 50 47 51 32 52 53 54 55 31 30 14 37 44 39 16 174 196 130 48 129 46 91 89 210 195 45 4 36 38 40 41 42 43 95 194 93 193 131 143 137 141 116 59 211 154 212 197 26 128 96 186 187 184 170 171 0 1 2 6 7 65 192 190 146 213 181 214 215 182 68 216 67 64 66 162 205 138 135 169 136 145 203 144 126 103 217 218 219 165 166 155 80 82 132 167 168 15 17 13 11 188 200 139 140 178 100 147 63 62 29 27 109 25 19 57 56 73 172 163 108 164 33 104 227 175 224 88 90 156 189 223 232 153 220 24 152 22 20 21 149 23 111 110 148 86 81 75 209 173 10 92 133 134 239 176 106 105 112 206 101 207 208 119 185 180 107 191 115 113 70 198 199 201 202 79 114 204 179 94 159 34 74 72 76 12 228 236 87 8 97 151 150 226 235 123 122 124 117 118 60 58 142 102 61 99 221 230 237 18 120 177 158 35 183 225 127 222 9 28 69 234 238 71 125 98 83 161 77 160 78 84 231 121 85 157 233 229 
49 174 196 130 48 129 46 91 47 31 32 39 37 44 89 210 195 45 73 172 162 163 108 164 33 104 227 175 224 171 88 90 147 156 189 223 232 153 220 24 152 137 138 135 22 20 21 149 23 25 111 110 148 86 81 75 209 173 43 100 41 170 3 5 10 92 166 165 212 194 116 193 40 154 38 4 36 68 30 65 169 7 64 55 103 53 6 52 0 1 2 16 14 184 188 186 190 51 50 200 139 140 178 219 133 136 134 239 155 176 106 105 42 112 205 206 101 207 208 74 72 71 216 69 70 98 8 97 192 15 28 185 217 119 122 161 77 160 78 144 145 203 84 202 83 85 231 57 107 56 222 225 34 35 191 126 127 214 237 238 66 67 82 150 151 62 63 218 226 9 142 109 128 123 26 131 132 180 146 213 234 230 235 198 228 76 236 179 233 157 177 94 95 102 187 19 27 58 117 59 115 113 114 204 54 79 80 141 143 121 18 61 29 229 197 199 211 12 13 11 159 201 87 125 120 96 17 93 181 168 118 167 158 182 215 60 183 99 221 124 
195 147 89 5 49 3 196 171 175 176 104 174 172 173 46 91 48 209 148 149 142 130 109 129 25 24 152 153 92 210 45 44 39 75 219 86 50 47 51 32 52 53 54 55 31 30 14 37 16 4 36 38 40 41 42 43 88 90 156 189 223 224 164 163 178 170 203 202 200 97 214 98 73 72 225 33 222 231 84 162 205 108 206 160 78 161 35 227 56 2 57 15 28 185 217 119 192 69 71 239 103 132 133 100 10 166 165 212 81 22 151 150 155 213 145 146 188 238 237 95 177 232 229 220 230 236 179 228 191 23 21 187 101 102 143 137 141 135 139 138 169 136 20 134 204 114 115 1 18 19 111 110 26 27 190 112 58 233 226 218 83 85 79 63 62 106 105 207 208 140 65 7 12 13 11 8 9 120 64 126 211 197 199 235 194 93 193 131 116 59 154 128 96 186 184 0 6 181 215 182 68 216 67 66 144 80 82 167 168 17 29 180 107 113 70 198 201 94 159 34 123 234 76 60 61 74 158 87 127 122 124 77 121 157 221 183 125 118 117 99 
40 96 154 115 50 113 51 197 5 49 3 47 32 52 193 131 194 190 97 87 148 95 177 93 94 76 12 74 133 38 212 211 116 150 19 151 221 143 99 141 17 142 130 109 137 135 139 59 140 114 58 60 117 218 237 226 26 128 186 187 184 36 37 39 199 235 90 88 165 53 54 55 31 30 14 44 16 174 196 48 129 46 91 89 210 195 45 4 41 42 43 170 171 0 1 2 6 7 65 192 146 213 181 86 132 25 27 123 156 228 107 180 188 111 149 110 102 185 119 214 98 73 172 72 225 69 70 71 11 178 179 62 75 63 231 232 229 220 230 153 24 152 236 191 239 234 233 105 56 106 10 8 159 34 13 92 9 175 120 18 209 173 223 155 82 207 208 219 217 198 22 20 67 83 66 103 224 57 21 23 121 125 126 127 215 182 124 183 122 77 118 158 168 61 29 80 204 112 162 205 138 169 136 134 147 238 189 145 144 85 79 101 100 157 64 222 166 201 202 200 35 227 216 78 81 68 203 167 15 163 108 164 33 104 176 206 28 160 161 84 
193 131 194 190 51 52 50 47 226 86 218 197 235 113 40 96 154 115 132 133 25 26 27 128 123 151 156 150 87 116 39 37 38 74 228 76 107 186 180 184 188 111 149 110 187 102 185 36 119 192 146 213 181 3 4 5 95 93 143 137 141 59 211 212 31 32 48 46 44 201 202 200 199 70 198 165 230 81 75 90 147 88 89 91 10 92 166 237 64 222 126 217 219 239 236 234 238 208 207 114 58 60 117 49 97 148 177 94 12 19 221 99 17 142 130 109 135 139 140 167 103 82 79 155 80 66 30 67 223 120 18 209 196 173 28 23 15 21 16 24 153 22 1 20 0 2 57 127 157 125 210 224 124 121 189 195 164 83 178 179 62 63 11 72 73 65 7 171 170 14 152 191 71 175 69 98 8 233 220 232 34 106 43 105 158 168 159 118 35 33 183 215 182 136 134 225 227 145 160 203 101 100 61 29 129 6 13 112 206 104 172 138 169 56 41 42 45 53 54 55 122 204 68 163 174 216 205 214 229 78 161 9 77 85 84 144 231 162 108 176 
184 188 186 32 52 47 190 51 225 127 222 192 227 191 38 181 36 152 238 189 109 146 142 213 145 136 209 134 183 187 154 40 37 158 35 159 170 3 171 5 49 0 1 2 4 6 7 39 65 31 48 46 44 194 116 193 107 180 111 149 110 102 185 119 197 50 26 128 96 98 8 97 69 71 175 217 104 157 125 18 19 120 151 123 124 121 219 172 165 55 166 64 126 164 33 163 174 73 72 220 29 61 101 131 182 57 56 106 118 135 206 112 58 129 25 130 147 148 177 208 237 234 233 239 236 230 235 198 173 169 138 210 133 224 204 20 114 22 115 21 23 24 137 153 143 141 139 54 162 205 156 223 203 144 196 150 155 229 94 34 99 221 117 168 167 212 211 93 95 113 16 14 216 67 68 214 215 108 15 28 105 178 76 179 41 207 43 100 42 80 45 202 200 89 195 53 30 91 9 10 11 12 13 17 27 59 60 62 63 66 103 90 88 140 74 228 87 226 86 218 160 232 199 82 132 70 75 201 176 77 78 122 161 231 85 92 84 81 79 83 
65 5 7 168 53 167 55 103 144 142 145 54 205 166 30 14 31 165 49 3 50 47 51 32 52 37 44 39 16 64 66 67 68 2 29 0 97 214 98 182 201 221 143 99 215 124 183 216 181 158 199 70 71 82 150 155 6 4 217 218 219 126 169 138 224 132 114 204 83 176 231 84 162 108 206 136 112 130 109 137 141 135 139 20 21 22 134 203 189 180 188 213 146 100 61 101 202 160 161 88 125 127 222 80 15 17 13 11 1 40 185 119 120 235 113 197 226 86 75 174 196 48 129 46 91 89 210 195 45 36 38 41 42 43 95 194 93 193 131 116 59 211 154 212 26 128 96 186 187 184 170 171 192 190 200 140 178 147 63 62 27 25 19 57 56 223 156 79 81 133 117 118 33 34 35 28 23 102 60 58 12 8 9 10 73 172 72 225 74 76 69 227 175 208 207 107 159 198 232 229 122 77 121 123 115 151 18 157 233 94 106 237 238 87 78 92 85 173 239 209 191 90 164 179 105 163 234 104 111 153 220 24 152 149 148 230 110 236 228 177 
144 142 145 53 54 55 205 166 176 231 84 162 108 206 169 136 138 112 130 109 143 137 141 135 139 20 21 22 134 203 126 64 65 189 180 188 47 31 32 30 14 214 215 182 68 216 67 7 66 103 6 4 5 217 218 219 213 146 100 61 101 202 160 161 88 165 125 127 222 174 73 172 163 164 33 78 35 232 229 122 124 77 121 157 234 233 9 28 81 82 79 83 85 57 107 56 15 104 175 111 201 200 45 120 209 183 181 36 238 115 43 41 207 13 99 17 29 102 187 48 129 153 220 24 152 149 90 147 23 204 114 1 18 19 194 116 193 59 211 117 118 60 113 58 235 197 50 80 105 42 27 25 170 140 16 123 26 148 184 186 198 230 237 223 156 75 86 119 185 212 168 167 210 133 224 173 239 106 158 159 38 52 192 190 39 46 37 44 40 154 3 171 49 0 2 155 132 11 74 72 71 69 70 199 221 226 208 98 97 131 150 62 63 51 227 191 225 91 10 92 178 110 89 128 151 195 8 196 34 228 76 236 179 177 95 12 94 87 96 93 
30 14 31 165 55 166 53 54 155 80 82 103 132 167 65 5 7 168 15 16 17 6 13 4 11 0 1 2 3 68 138 169 64 39 40 37 185 217 119 219 120 235 113 197 218 226 86 126 75 88 125 127 222 145 203 144 47 32 214 215 182 216 67 66 162 205 137 135 136 173 239 209 224 210 133 83 131 105 42 114 115 204 20 139 170 140 85 150 78 92 9 81 79 26 154 128 151 156 223 158 199 70 71 142 49 50 51 52 44 29 97 98 201 221 143 99 124 183 181 104 28 56 106 57 107 35 108 33 19 63 62 27 109 25 110 58 111 60 112 59 116 117 61 118 100 101 102 10 87 8 21 23 72 12 18 22 24 34 36 38 41 43 45 46 48 161 160 146 213 206 211 212 195 147 89 196 171 96 193 194 190 184 188 186 227 175 192 69 191 152 225 73 172 121 123 91 90 157 236 234 237 238 208 207 141 202 200 198 230 149 129 122 77 187 189 180 134 176 231 84 74 159 163 153 130 164 229 174 93 179 228 178 76 94 177 233 95 232 220 148 
15 104 28 105 56 106 57 107 6 7 4 2 0 1 35 108 33 19 227 175 224 164 210 163 195 174 73 172 162 23 158 159 34 160 78 161 236 179 228 178 76 114 66 204 140 139 170 94 171 43 93 95 177 183 213 181 84 176 25 26 27 21 16 14 186 180 167 168 118 58 59 60 29 61 62 32 63 64 65 30 67 31 68 53 54 55 47 11 37 44 39 3 5 8 9 10 12 13 17 18 20 22 24 182 206 83 85 231 144 173 129 130 109 131 132 133 128 123 121 191 192 222 126 225 127 119 184 185 72 49 196 97 214 98 237 223 238 156 189 155 82 150 209 151 136 134 239 46 91 48 71 69 147 89 74 216 70 217 122 77 138 169 145 203 202 38 36 215 124 188 80 42 101 207 100 112 205 92 79 81 229 233 221 157 220 152 232 153 230 198 148 149 110 96 87 45 41 194 211 116 141 143 137 135 103 146 142 115 113 208 200 154 40 234 99 125 117 190 51 52 90 120 187 199 201 102 50 111 75 165 212 166 88 219 218 193 86 197 235 226 
35 108 33 19 57 1 56 2 181 182 183 107 180 106 15 104 28 105 206 162 83 84 85 176 231 161 144 160 175 34 14 16 23 172 173 174 129 25 130 27 109 131 132 133 26 128 123 21 121 18 20 22 24 4 11 6 164 163 179 140 178 94 159 158 29 0 30 31 32 190 51 52 186 184 188 118 189 201 214 167 103 168 53 68 71 216 117 213 99 125 221 124 215 136 209 134 146 36 38 43 93 95 177 7 227 224 210 195 73 78 236 228 76 114 66 204 139 170 171 111 112 202 200 203 45 100 61 101 145 122 77 138 65 169 86 81 75 79 63 82 155 80 9 42 8 10 92 157 234 233 54 205 232 229 142 55 166 207 49 196 97 98 72 225 222 17 13 5 3 62 150 151 185 217 119 192 69 239 156 223 89 48 39 46 149 110 147 148 90 88 153 220 152 137 135 127 120 115 197 50 154 40 96 87 67 12 74 194 193 219 126 141 143 91 37 44 47 58 59 60 230 41 102 165 64 187 116 191 238 199 235 70 198 208 226 113 237 211 212 218 
17 6 13 110 58 111 60 112 113 114 115 59 116 117 61 62 29 118 7 4 56 2 57 0 1 16 32 14 63 99 100 101 102 10 87 8 227 191 192 152 190 236 179 228 220 232 153 187 24 149 186 184 185 202 160 203 12 11 124 183 215 221 143 141 205 206 43 41 207 218 237 226 211 212 193 137 194 66 204 140 178 139 170 42 79 80 135 50 142 130 109 22 20 40 96 154 51 197 235 168 233 157 125 45 75 76 74 72 9 15 123 121 122 180 106 107 181 182 214 64 65 30 67 31 68 53 54 55 47 21 23 37 44 39 164 33 163 35 108 34 94 159 28 158 84 176 104 25 26 27 3 5 18 19 52 171 49 103 98 97 85 83 78 92 91 145 144 200 201 162 177 148 88 89 90 86 81 128 95 93 73 69 70 71 222 126 225 127 172 174 119 120 217 36 38 129 147 188 223 238 230 198 229 231 105 161 77 234 239 195 48 213 146 175 199 216 208 169 136 138 151 167 166 196 46 165 134 219 131 155 156 82 150 132 224 189 133 209 173 210 
113 114 115 58 59 60 116 117 218 237 226 211 212 193 143 137 141 194 66 204 179 140 178 139 170 42 79 80 135 50 221 99 17 142 130 109 2 29 0 61 62 191 220 152 102 187 101 13 100 112 12 11 6 124 183 215 22 20 40 96 154 51 197 235 168 118 233 157 125 64 222 126 165 166 88 199 90 223 238 230 232 198 229 234 134 239 70 86 201 202 200 207 208 92 129 91 75 219 217 131 190 52 47 122 138 153 24 21 146 105 39 37 38 74 228 76 87 128 26 30 67 155 156 82 150 132 167 103 81 41 43 9 77 78 33 34 35 94 159 177 148 95 106 93 180 107 56 45 46 44 85 83 3 171 63 231 84 224 27 25 188 189 213 145 144 214 182 121 123 158 110 111 54 162 205 169 136 48 149 147 23 1 18 19 14 31 16 32 15 28 4 5 7 8 10 203 206 72 172 225 185 119 184 186 236 181 36 192 227 108 160 97 98 57 120 151 127 68 71 216 49 133 53 176 161 55 69 65 89 173 174 209 196 210 164 73 195 175 104 163 
61 62 29 118 60 117 58 59 203 45 202 112 206 111 17 6 13 110 75 63 76 12 74 11 72 8 9 10 4 102 141 143 99 14 15 16 123 124 121 215 122 180 106 107 183 181 182 221 214 168 233 157 125 115 50 113 2 0 191 220 152 187 101 100 211 116 140 139 137 169 136 138 205 54 162 207 108 46 44 43 105 41 42 170 3 171 208 160 199 216 70 201 200 84 28 176 161 144 145 149 186 184 185 114 7 56 57 1 32 87 227 192 190 236 179 228 232 153 24 219 86 91 48 92 129 90 212 88 78 98 97 85 204 83 133 93 131 95 194 94 34 177 96 148 40 154 128 71 175 69 79 81 225 73 77 80 82 89 21 23 37 39 47 31 30 235 197 20 22 193 159 158 55 103 53 65 5 104 35 33 19 27 109 25 120 217 18 119 151 150 127 222 126 229 231 68 167 234 209 134 213 146 36 38 178 51 52 188 189 132 67 230 198 26 142 130 135 218 237 226 172 147 165 155 66 166 238 64 163 196 173 49 174 195 210 239 164 223 156 224 
13 99 17 100 61 101 29 102 10 87 8 62 63 0 58 59 60 2 125 221 159 118 158 117 168 215 122 124 116 6 110 111 112 113 114 115 145 203 144 202 160 171 178 170 45 44 200 206 201 207 108 162 205 152 190 191 141 143 14 15 16 4 11 12 185 187 177 148 149 88 89 90 75 86 81 72 79 128 96 76 179 74 228 95 194 93 73 9 69 70 71 98 97 85 204 83 78 92 91 1 3 5 7 220 211 140 139 137 50 183 30 31 32 33 34 35 28 23 21 126 127 123 26 121 27 18 119 120 77 214 182 231 232 229 189 180 188 107 186 106 105 56 181 57 38 36 213 216 67 68 233 157 53 167 161 236 234 151 22 20 40 154 51 197 235 227 192 153 24 184 43 41 218 237 226 212 193 66 42 80 135 142 130 109 169 64 138 65 136 134 54 55 166 176 84 199 208 163 210 195 46 48 39 37 94 52 47 49 196 238 198 104 175 146 129 25 147 222 172 225 103 19 217 239 230 219 174 165 82 133 224 131 132 150 156 164 155 173 209 223 
10 87 8 61 62 29 63 0 88 89 90 75 86 81 11 72 12 79 128 96 178 76 179 74 228 95 194 93 73 9 4 6 13 69 70 71 118 60 117 58 59 203 45 202 112 206 111 17 110 102 141 143 99 14 15 16 98 97 85 204 83 78 92 91 1 2 3 5 7 126 169 64 219 217 218 129 226 210 195 46 44 48 39 49 174 196 130 212 24 152 153 149 147 197 199 235 211 165 166 82 160 161 77 32 225 200 201 214 175 94 229 231 84 139 170 140 114 66 67 123 26 133 224 131 132 150 19 151 193 148 177 50 47 51 180 106 107 105 56 43 41 42 34 80 33 35 159 220 230 232 40 154 233 236 116 37 38 156 68 216 163 164 104 227 192 21 23 31 30 57 100 101 119 184 185 222 172 198 207 208 182 168 53 167 124 121 215 122 183 181 221 157 125 115 113 191 187 137 136 138 205 54 162 108 171 28 176 144 145 186 190 20 22 158 55 103 65 27 109 25 234 155 18 36 52 120 142 127 237 209 134 173 239 223 189 135 238 146 213 188 
11 72 12 79 63 81 62 75 16 32 14 0 2 29 10 87 8 61 225 73 200 98 201 97 214 71 175 69 96 13 91 92 9 93 94 95 229 85 231 83 84 139 170 140 204 114 66 78 67 82 160 161 77 90 212 88 76 74 60 112 58 17 6 4 219 86 46 48 129 27 109 25 1 19 57 7 56 52 47 3 171 5 49 39 40 37 65 15 55 103 53 30 31 33 34 35 28 23 21 102 141 143 99 89 128 178 179 228 194 70 118 117 59 203 45 202 206 111 110 127 222 192 190 227 191 185 217 119 104 68 216 163 195 164 238 208 237 207 226 41 43 100 199 101 197 235 198 167 158 168 174 172 215 182 176 196 173 184 148 177 50 51 193 131 133 166 165 147 149 218 42 80 151 156 150 26 154 159 105 106 236 232 153 220 157 125 233 221 234 239 122 124 121 162 108 132 155 144 146 142 20 22 115 113 44 211 116 137 135 223 224 205 54 230 24 152 130 126 169 64 183 187 120 209 210 18 138 123 107 36 213 38 181 186 188 145 180 136 134 189 
217 218 219 7 64 65 126 169 227 191 192 222 225 127 166 88 165 125 237 226 59 211 116 212 193 197 199 235 90 120 205 54 55 91 10 92 66 30 67 31 68 2 29 0 14 16 32 53 47 5 168 167 103 144 142 145 75 86 123 124 121 18 119 185 136 138 112 206 162 164 33 163 172 174 73 184 72 220 152 102 61 187 101 111 149 110 186 69 36 37 38 52 190 98 8 97 71 175 104 157 1 19 151 203 89 62 63 81 129 113 128 26 27 118 60 117 215 122 77 223 238 230 232 198 229 234 134 239 70 51 50 201 202 200 140 141 139 143 137 17 13 99 115 221 22 20 114 40 96 154 207 208 131 194 216 100 41 236 78 9 24 153 130 48 46 213 146 160 161 135 6 4 196 171 49 195 147 87 11 12 79 83 84 85 155 156 82 150 80 42 132 133 224 182 214 39 3 158 34 35 15 28 23 21 58 109 25 57 56 170 44 183 181 204 176 231 108 189 180 188 93 233 209 43 45 173 107 210 74 177 94 148 95 228 179 159 76 106 105 178 
31 68 30 138 65 169 7 64 39 40 37 5 3 4 55 103 53 6 71 216 117 168 118 167 158 182 201 214 132 14 165 166 54 155 80 82 161 144 160 145 203 22 115 20 142 109 146 205 213 136 112 206 162 219 120 217 66 67 2 29 0 16 32 47 222 126 211 212 88 195 147 89 49 196 171 52 170 96 154 50 113 51 197 193 131 194 190 44 184 188 186 36 38 41 42 43 45 46 48 11 21 23 15 218 224 114 204 83 150 215 56 57 1 58 59 60 61 62 63 175 69 97 87 98 8 72 225 73 200 181 183 207 226 208 233 221 157 99 125 143 141 17 124 13 123 121 122 180 106 107 199 70 35 159 202 235 198 74 81 79 26 128 151 156 223 185 119 86 75 127 137 135 173 239 209 210 133 105 139 140 85 78 92 9 176 104 84 28 231 229 108 33 163 101 100 189 134 111 148 149 130 129 25 27 116 18 19 24 153 234 238 102 187 77 91 10 90 227 191 192 34 12 172 230 237 174 152 164 178 95 177 93 94 76 228 110 179 220 232 236 
103 224 132 114 66 204 67 83 7 64 65 30 31 68 82 150 155 216 164 210 237 223 238 156 189 209 196 173 151 167 81 79 80 26 154 128 179 140 178 139 170 59 211 116 141 143 137 42 135 20 41 43 105 9 77 78 131 133 182 201 214 168 53 55 84 85 86 75 63 2 29 0 14 16 32 54 47 222 126 165 212 166 88 219 120 217 205 5 144 142 145 138 169 39 40 37 3 4 6 71 117 118 158 92 19 193 194 93 123 239 181 183 215 207 226 208 200 98 97 33 163 172 225 174 73 175 176 104 49 136 134 46 91 48 220 230 232 198 229 235 197 199 234 70 157 233 236 146 36 213 89 195 180 188 171 90 147 227 87 96 125 127 121 27 25 160 161 10 8 231 113 115 23 24 21 1 18 38 50 51 95 76 12 74 34 35 94 159 177 148 106 107 56 45 44 109 22 100 102 61 17 13 99 221 218 122 124 60 58 153 130 202 203 228 11 72 62 108 206 162 186 69 28 149 129 15 112 57 52 185 187 119 184 192 191 101 190 111 110 152 
82 150 155 216 67 68 66 30 78 92 9 83 85 204 103 224 132 114 19 151 193 131 194 133 93 128 123 26 210 80 55 53 167 173 239 209 181 182 183 214 215 207 226 208 201 200 98 168 97 71 117 118 158 65 5 7 223 156 140 141 139 42 79 81 14 31 165 166 54 108 206 162 84 176 231 63 229 129 91 86 218 75 219 88 89 90 62 77 11 72 12 8 10 157 234 233 122 161 160 20 41 43 105 64 164 237 238 189 196 154 179 178 170 59 211 116 143 137 135 57 1 25 130 27 109 21 16 23 121 87 96 125 126 127 190 51 52 50 47 197 235 113 40 115 39 37 38 74 228 76 120 18 94 95 124 217 119 24 136 134 46 48 49 174 172 6 4 169 138 32 199 70 104 227 175 163 195 236 198 230 188 213 145 146 107 56 180 106 186 184 159 34 35 99 221 73 69 60 111 112 202 203 45 44 212 3 171 100 101 192 225 17 13 36 144 142 205 2 29 0 177 22 15 185 222 28 61 33 232 149 110 147 148 153 152 58 220 102 187 191 
214 215 182 31 68 30 216 67 73 74 72 71 69 70 167 158 168 199 122 124 116 117 59 118 60 99 125 221 159 201 132 103 53 107 186 180 138 65 169 7 64 39 40 37 5 3 4 55 6 14 165 166 54 155 80 82 181 183 207 226 208 200 98 97 83 66 131 133 224 163 195 164 175 104 227 8 192 228 76 96 154 87 128 93 94 95 10 225 63 0 62 11 12 119 184 185 222 172 174 198 44 45 202 150 35 38 36 213 106 143 101 100 41 212 193 211 218 237 238 161 77 233 236 157 234 229 85 231 127 13 17 120 151 18 22 115 20 113 114 50 51 197 141 235 140 139 137 29 102 61 123 121 112 58 126 26 27 232 189 188 178 179 105 56 57 81 79 156 223 204 47 32 28 23 15 33 34 187 52 190 146 136 209 134 144 160 145 203 142 109 205 206 162 219 217 2 16 88 147 89 49 196 171 170 194 42 43 46 48 21 1 86 75 135 173 239 210 78 92 9 111 230 84 25 19 176 91 108 191 148 149 177 110 220 153 90 152 129 130 24 
98 8 97 192 69 227 71 175 208 41 207 70 199 216 73 74 72 68 9 10 4 11 6 12 13 62 75 63 76 214 174 172 225 95 194 93 18 119 120 185 217 36 37 38 184 186 187 222 102 191 64 126 127 164 33 163 96 87 168 53 167 182 201 200 176 104 49 196 173 234 134 239 198 230 235 202 197 42 43 44 39 45 46 171 178 170 203 226 206 111 112 101 100 212 193 211 218 237 238 67 181 183 215 195 228 40 154 128 94 0 117 118 158 65 5 7 55 103 132 77 78 79 80 81 82 83 84 85 86 61 29 88 89 90 21 16 23 14 15 32 47 31 2 30 56 57 1 58 59 60 91 92 99 17 219 48 129 204 133 131 106 105 34 177 148 162 108 210 224 28 52 190 232 153 220 236 179 116 51 50 26 151 156 150 121 122 123 124 27 25 125 221 157 166 165 110 152 169 135 136 188 189 180 107 3 35 159 213 146 24 149 54 205 19 223 155 209 161 144 160 143 66 231 130 147 229 145 233 113 139 137 140 141 114 20 138 115 142 109 22 
208 41 207 69 70 71 199 216 234 134 239 198 230 235 201 202 200 197 42 43 37 44 39 45 46 171 178 170 203 226 182 214 98 206 111 112 11 72 12 73 74 119 184 185 225 222 172 97 174 175 96 87 8 168 53 167 101 100 212 193 211 218 237 238 67 68 181 183 215 77 121 122 229 231 232 223 220 135 136 188 186 189 180 213 145 146 156 236 224 164 210 173 209 177 110 148 228 233 157 113 217 219 86 158 160 187 102 61 205 3 90 88 165 154 38 40 194 116 59 79 80 139 137 140 141 114 66 204 179 196 49 94 159 34 16 32 14 47 31 52 190 51 5 50 65 7 4 195 147 89 106 105 91 48 76 107 56 20 60 58 169 138 54 162 108 132 103 118 117 30 192 227 84 28 176 161 144 149 191 152 29 13 99 17 63 81 62 75 0 2 10 92 9 93 95 163 104 128 27 123 127 125 126 64 36 55 166 120 18 15 33 131 133 6 221 143 124 82 150 155 129 115 83 57 35 85 151 78 153 109 25 142 130 22 21 26 24 19 1 23 
73 74 72 68 71 216 69 70 163 195 164 175 104 227 98 8 97 192 228 76 40 96 154 87 128 93 94 95 10 225 200 201 214 63 0 62 117 168 118 167 158 65 5 7 53 55 103 182 132 67 181 183 215 207 226 208 11 12 119 184 185 222 172 174 198 199 44 45 202 161 144 160 176 84 28 173 15 147 89 49 3 196 171 46 91 48 209 33 223 155 156 224 210 56 2 57 35 108 162 191 64 126 127 41 9 4 6 13 75 194 18 120 217 36 37 38 186 187 102 233 236 148 149 177 110 220 230 232 34 133 131 106 43 105 115 50 113 51 197 47 32 52 193 190 212 211 116 150 19 151 178 179 123 26 159 170 140 153 61 29 88 90 86 81 79 238 237 100 101 235 31 30 85 204 83 78 92 1 14 16 17 60 112 58 221 157 99 125 143 141 124 121 122 180 107 82 66 213 142 145 54 205 166 165 39 218 219 169 138 114 80 188 189 59 206 111 203 234 134 239 27 152 229 139 42 231 136 77 23 130 109 129 25 24 22 146 21 135 137 20 
69 70 71 11 72 12 73 74 119 184 185 225 222 172 97 214 98 174 198 199 44 200 45 201 202 207 226 208 182 175 96 87 8 168 53 167 79 63 81 62 75 16 32 14 0 2 29 10 61 13 91 92 9 93 94 95 68 216 163 195 164 104 227 192 228 76 40 154 128 121 27 123 127 125 126 191 64 188 186 52 47 190 51 38 181 36 152 217 110 58 111 102 187 165 55 166 219 120 18 173 15 28 176 194 215 31 30 67 158 41 162 108 33 48 39 46 89 210 224 229 230 238 189 237 223 239 236 234 218 101 100 212 193 211 139 170 140 171 178 3 5 49 43 196 106 105 42 112 205 206 197 235 160 203 86 50 113 134 132 103 107 180 159 118 117 148 177 131 133 179 4 6 221 143 99 124 183 54 7 65 66 82 150 155 85 231 83 84 204 114 78 161 77 90 88 60 17 129 109 25 1 19 57 56 37 34 35 23 21 141 59 147 149 80 151 156 26 232 153 220 144 209 233 115 116 157 24 122 169 146 142 213 145 136 135 130 138 22 20 137 
97 214 98 174 73 172 72 225 95 194 93 74 76 12 69 70 71 11 215 182 31 68 30 216 67 167 158 168 199 8 192 227 175 208 41 207 162 163 108 164 33 48 39 46 195 89 210 104 224 173 15 28 176 185 217 119 200 201 63 0 62 10 87 96 127 222 52 190 191 232 153 220 228 236 179 128 178 116 193 40 37 154 38 51 197 50 26 94 151 156 150 133 131 106 43 105 34 177 148 13 91 92 9 184 198 44 45 202 226 53 79 81 75 16 32 14 2 29 61 122 124 117 59 118 60 99 125 221 159 132 103 107 186 180 138 65 169 7 64 5 3 4 55 6 165 166 54 155 80 82 181 183 83 66 35 36 213 143 101 100 212 211 218 237 238 18 120 187 102 126 49 196 234 134 239 230 235 42 171 170 203 206 111 112 161 77 160 78 144 145 84 85 231 57 56 223 209 23 22 24 147 149 90 88 47 219 86 129 130 136 189 1 19 205 110 58 152 121 27 123 204 17 157 146 188 233 25 229 140 115 20 113 114 141 137 21 139 109 142 135 
95 194 93 73 74 72 76 12 232 153 220 228 236 179 87 128 96 178 116 193 39 40 37 154 38 51 197 50 26 94 10 8 97 151 156 150 68 71 216 69 70 163 195 164 175 104 227 98 192 225 200 201 214 63 0 62 133 131 106 43 105 34 177 148 13 11 91 92 9 122 161 77 233 157 234 110 239 22 24 147 89 149 90 129 25 130 111 230 102 185 187 191 152 237 223 238 198 229 231 140 33 35 159 75 123 210 224 132 19 47 180 107 56 45 46 44 41 42 80 117 59 115 20 113 114 141 17 143 235 190 52 226 86 218 65 5 7 3 4 49 196 171 32 170 16 14 31 184 188 186 212 211 181 36 199 88 165 137 82 155 23 21 1 18 120 61 29 81 79 6 174 172 125 126 127 121 27 189 173 209 103 67 83 66 168 118 167 158 53 55 182 183 215 207 208 119 222 202 144 160 176 84 28 15 48 2 57 108 162 64 217 100 101 30 85 204 78 60 112 58 213 139 99 166 219 221 206 124 134 142 145 109 146 135 138 203 136 205 54 169 
88 89 90 62 75 63 86 81 126 169 64 219 217 218 92 129 91 226 210 195 45 46 44 48 39 49 174 196 130 212 78 9 10 24 152 153 76 12 74 11 72 60 112 58 13 17 6 8 4 0 98 97 87 85 204 83 149 147 197 199 235 211 165 166 82 79 160 161 77 123 124 121 120 18 119 55 185 136 138 205 206 54 162 144 142 145 53 222 30 14 31 7 65 227 191 192 225 127 125 237 59 116 193 84 25 111 110 148 22 171 51 50 113 201 202 200 70 198 230 133 224 209 134 173 239 223 155 156 172 5 3 175 176 104 106 43 105 41 42 100 101 207 170 208 139 140 178 32 52 47 163 164 40 37 73 108 33 189 232 220 137 135 20 21 23 67 66 231 229 80 61 29 19 57 1 27 109 190 102 187 177 228 233 236 93 131 95 194 94 34 96 154 128 71 69 16 2 214 183 215 99 221 143 141 203 114 115 117 118 56 15 216 68 179 157 234 122 132 167 103 38 238 150 35 28 151 168 26 184 213 181 146 36 188 180 182 186 158 159 107 
87 128 96 178 76 179 74 228 62 75 63 12 11 72 95 194 93 73 123 26 210 133 224 131 132 150 19 151 193 97 148 177 94 50 47 51 180 106 107 105 56 45 46 44 43 41 42 34 80 140 33 35 159 220 230 232 40 154 71 175 69 98 8 10 233 236 147 149 110 60 112 58 13 17 6 9 4 219 86 91 48 92 129 90 212 88 78 0 85 204 83 79 81 16 32 14 2 29 61 225 200 201 214 153 116 39 37 38 197 156 68 216 70 163 195 164 104 227 192 124 121 120 217 18 119 127 157 125 1 82 155 23 24 21 136 209 134 173 239 196 49 174 223 172 237 238 189 66 30 67 25 27 167 103 57 130 109 126 190 52 226 218 235 113 115 231 229 152 191 234 171 170 143 137 141 59 211 31 3 5 36 186 187 184 183 215 181 182 213 146 158 168 118 28 15 114 139 108 205 206 100 101 207 208 89 198 199 202 203 135 20 176 84 188 102 185 111 122 161 77 53 222 221 142 22 99 160 117 7 166 54 165 55 64 169 162 65 144 145 138 
157 234 233 9 77 78 122 161 18 119 120 121 123 124 231 232 229 215 134 239 70 198 199 230 235 237 223 238 220 221 176 84 85 148 95 177 42 79 80 81 82 11 72 12 63 62 75 83 86 92 67 66 204 108 206 162 228 236 117 168 118 99 125 127 144 160 175 104 28 21 16 23 27 25 26 126 128 184 185 225 73 222 172 227 191 192 64 151 166 88 165 219 217 133 93 131 150 19 1 183 13 17 143 163 153 74 76 179 110 208 116 59 60 68 71 216 167 158 159 135 136 188 186 189 180 213 145 146 156 218 226 224 164 210 44 200 45 201 202 98 97 214 207 182 101 100 41 212 193 211 173 209 113 197 155 174 196 36 34 94 102 187 111 149 147 54 205 33 35 203 8 10 130 48 129 24 152 194 87 96 178 105 56 106 139 137 140 141 170 171 114 115 20 103 132 90 91 30 32 14 0 2 29 61 69 112 58 6 4 46 89 53 55 43 57 107 15 138 65 169 50 181 142 49 195 109 7 22 154 52 47 190 51 38 37 31 40 5 3 39 
81 82 79 160 78 161 9 77 90 212 88 92 91 10 85 204 83 8 150 155 216 67 68 66 30 103 224 132 114 63 229 231 84 139 170 140 35 108 33 162 163 101 207 100 206 112 205 176 54 144 175 104 28 233 221 157 42 80 11 72 12 62 75 86 121 122 198 230 232 24 152 153 129 130 48 219 46 193 211 226 208 218 237 235 113 197 217 89 126 169 64 166 165 196 171 49 195 147 149 87 61 29 0 234 20 41 43 105 141 167 4 6 13 69 70 71 73 74 76 19 151 131 194 133 93 128 123 26 210 55 53 173 239 209 181 182 183 214 215 201 200 98 168 97 117 118 158 65 5 7 223 156 14 31 164 238 189 154 179 178 59 116 143 137 135 127 125 236 228 124 202 203 109 146 142 22 115 3 45 44 106 34 177 94 57 1 56 2 107 180 15 16 23 172 174 138 145 227 190 191 111 110 58 60 199 99 17 102 187 213 136 225 222 159 148 95 220 18 119 120 32 96 27 188 134 25 185 21 39 51 52 50 47 40 38 192 37 184 186 36 
9 77 78 42 79 80 81 82 11 72 12 63 62 75 83 84 85 86 121 122 198 229 230 231 232 233 221 157 176 92 67 66 204 108 206 162 135 139 137 140 141 44 200 45 170 171 178 114 179 105 113 115 20 103 224 132 160 161 90 212 88 91 10 8 150 155 216 68 30 16 32 14 0 2 29 87 61 225 73 98 201 97 214 71 175 69 96 13 93 94 95 76 74 60 112 58 17 6 4 219 46 48 129 167 28 202 203 144 163 234 149 147 89 197 199 235 211 165 166 27 123 127 222 125 126 120 151 18 99 228 236 117 168 118 188 238 189 237 223 208 207 226 239 218 173 209 134 177 110 148 215 124 153 220 143 182 183 119 54 205 174 172 164 33 35 131 133 53 55 156 41 43 57 107 56 15 104 111 100 101 145 138 65 169 109 25 142 130 146 213 22 24 21 116 59 34 106 50 52 47 3 5 49 196 70 210 195 39 37 180 159 193 194 136 7 64 31 26 154 128 152 217 19 181 158 1 40 23 102 192 190 227 191 185 184 51 187 38 36 186 
140 141 139 155 80 82 42 79 34 177 94 105 106 43 204 20 114 41 17 143 235 113 197 115 50 116 117 59 22 170 85 83 66 109 146 142 55 103 53 132 167 173 239 209 224 210 133 67 131 150 216 68 30 78 92 9 135 137 44 200 45 171 178 179 63 81 229 231 84 15 104 28 56 57 107 76 180 110 148 236 234 228 233 232 153 220 74 159 87 128 96 93 95 183 213 181 158 35 33 100 196 49 3 77 21 134 136 138 130 211 37 39 46 70 198 199 201 202 203 6 13 58 111 60 112 61 62 29 118 194 193 215 122 124 217 218 219 226 86 237 238 208 212 207 90 88 165 154 38 40 221 99 47 51 168 157 125 102 144 145 147 149 129 25 27 8 10 161 160 75 223 156 1 18 19 23 24 36 189 188 169 54 162 205 7 4 65 5 64 126 31 32 14 214 182 26 151 71 227 175 164 163 195 89 230 91 48 174 172 120 123 98 97 166 108 206 176 11 72 12 52 101 0 127 121 2 73 16 186 191 192 152 190 187 185 69 184 225 222 119 
83 84 85 86 81 75 79 63 132 167 103 82 155 80 9 77 78 42 28 176 202 160 203 161 144 162 163 108 122 204 8 10 92 157 234 233 149 90 147 88 89 197 199 235 212 211 165 91 166 219 46 48 129 12 13 11 229 231 139 170 140 114 66 67 0 62 98 97 87 26 154 128 150 151 156 30 223 158 168 216 70 68 71 214 215 182 31 224 7 64 65 55 53 173 239 209 210 133 131 105 113 115 20 72 121 198 230 232 221 206 135 137 141 44 200 45 171 178 179 23 15 35 159 33 34 56 2 57 164 54 205 174 73 172 187 101 102 100 61 207 208 41 112 43 60 58 111 169 136 138 175 104 142 145 195 69 227 107 228 236 117 118 99 125 127 4 6 74 76 29 226 218 18 119 120 123 124 134 237 238 220 148 95 177 24 21 153 22 152 191 130 109 25 49 196 126 217 39 38 40 193 194 116 59 201 17 143 50 51 185 222 3 5 110 93 94 96 16 32 14 146 106 1 192 225 19 47 27 189 181 36 183 213 180 186 37 188 52 190 184 
132 167 103 81 82 79 155 80 26 154 128 150 151 156 66 30 67 223 158 168 199 216 70 68 71 214 215 182 31 224 114 204 83 7 64 65 160 78 161 9 77 90 212 88 92 91 10 85 8 63 229 231 84 139 170 140 55 53 173 239 209 210 133 131 105 42 113 115 20 23 24 21 19 1 18 93 120 38 40 193 211 194 116 50 47 51 95 123 76 12 74 87 96 125 126 127 121 27 25 189 89 195 164 141 14 165 166 54 5 201 172 174 196 230 235 198 234 134 136 35 159 181 36 183 213 180 106 107 124 97 98 221 143 99 101 207 100 208 41 226 218 237 200 238 44 45 202 72 225 73 117 118 175 69 122 59 60 186 138 169 39 37 3 4 6 179 178 137 135 43 86 75 2 29 0 16 32 222 219 217 205 144 142 145 108 33 162 163 206 112 176 104 28 233 157 11 62 232 152 153 129 130 48 46 197 171 49 147 149 61 13 236 228 203 109 146 22 34 177 94 227 188 56 58 17 57 148 15 119 190 191 52 192 184 187 220 185 110 111 102 
78 92 9 67 83 66 85 204 108 206 162 84 176 231 79 63 81 229 129 91 226 86 218 75 219 88 89 90 62 77 42 80 82 11 72 12 131 132 133 103 224 182 201 214 167 168 53 155 55 30 223 156 150 140 141 139 8 10 157 234 233 122 161 160 20 114 41 43 105 57 107 56 28 15 104 144 175 111 112 202 200 203 45 100 61 101 145 163 138 65 169 54 205 174 73 172 164 33 35 232 215 124 121 170 0 98 97 87 13 212 127 125 221 238 208 237 239 236 228 25 130 149 110 147 148 153 22 24 195 166 165 196 171 49 51 197 50 235 113 199 70 198 211 230 59 116 193 64 222 126 46 48 120 217 210 44 39 152 76 74 60 58 17 6 4 135 137 178 179 115 216 68 16 32 14 2 29 225 71 69 96 93 94 95 26 27 128 123 154 40 151 18 19 209 173 7 31 189 186 180 158 159 118 117 207 143 99 183 181 47 5 134 136 194 34 177 106 109 146 142 119 220 21 37 3 23 213 1 227 187 184 102 185 191 190 188 192 36 38 52 
108 206 162 83 84 85 176 231 57 107 56 28 15 104 161 144 160 175 111 112 201 202 200 203 45 100 61 101 145 163 122 77 78 138 65 169 86 81 75 79 63 132 167 103 82 155 80 9 42 204 8 10 92 157 234 233 54 205 174 73 172 164 33 35 232 229 215 124 121 25 26 27 23 21 16 34 14 186 180 158 168 159 118 183 213 181 94 2 179 140 178 105 106 6 7 4 0 1 19 227 224 210 195 221 142 53 55 166 136 207 49 196 173 97 214 98 72 225 222 149 110 187 184 102 185 191 220 152 29 43 41 13 99 17 197 199 235 70 198 216 68 71 208 69 238 237 226 170 3 171 60 58 46 44 62 117 59 190 126 64 189 188 134 135 137 228 236 125 127 230 67 66 22 115 20 109 146 5 30 31 165 219 120 217 90 147 88 89 212 211 91 48 129 12 11 139 114 87 154 128 150 151 156 223 182 239 209 133 131 113 141 74 76 218 18 119 123 148 95 177 39 192 153 116 143 24 93 130 32 38 40 36 37 52 51 96 47 194 193 50 
79 63 81 229 85 231 83 84 139 170 140 204 114 66 78 92 9 67 0 62 98 8 97 10 87 12 13 11 91 82 160 161 77 90 212 88 127 157 125 233 221 238 208 237 234 239 236 122 228 232 215 124 121 162 163 108 86 75 132 167 103 155 80 42 28 176 202 203 144 109 146 142 20 22 115 105 113 3 171 41 207 43 100 45 46 44 106 141 34 177 94 179 178 59 211 116 143 137 135 30 223 156 150 206 129 226 218 219 89 72 131 133 224 182 201 214 168 53 55 1 2 4 5 6 7 14 15 16 17 76 74 60 112 58 192 69 227 71 175 70 199 216 73 68 174 172 225 95 194 93 61 29 128 96 99 101 102 32 166 165 196 49 195 147 149 35 33 205 54 104 198 230 24 152 153 130 48 193 235 197 217 126 169 64 18 19 120 151 119 185 123 26 27 118 117 148 220 183 36 213 134 136 209 173 200 164 210 189 188 191 110 158 159 222 138 65 145 57 107 56 154 31 23 187 111 21 180 25 50 37 38 39 40 47 52 181 51 186 184 190 
92 129 91 226 86 218 75 219 83 84 85 81 79 63 88 89 90 62 25 130 111 149 110 147 148 153 22 24 195 10 166 165 212 196 171 49 51 197 50 235 113 201 202 200 199 70 198 211 230 237 59 116 193 64 222 126 46 48 12 13 11 8 9 78 120 217 205 54 55 132 167 103 82 155 80 77 42 28 176 160 203 161 144 162 163 108 122 204 157 234 233 229 231 139 170 140 114 66 67 0 98 97 87 169 210 45 44 39 174 152 76 74 72 60 112 58 17 6 4 26 27 23 15 21 16 1 18 19 20 232 220 137 138 135 186 187 184 102 185 101 100 61 191 29 227 192 190 236 179 228 142 109 95 177 115 145 146 57 5 3 175 104 172 173 209 125 127 65 7 119 207 208 156 189 223 224 164 178 41 43 37 47 31 32 154 128 40 96 38 36 194 93 131 143 141 239 238 117 158 168 216 68 71 69 206 225 73 214 182 188 134 99 221 52 30 14 53 123 124 121 94 2 151 213 136 150 215 133 105 35 159 33 34 56 107 118 106 183 181 180 
93 94 95 10 87 8 96 97 151 156 150 128 26 154 74 228 76 40 159 34 171 178 170 179 140 105 56 106 236 194 73 72 12 232 153 220 61 62 29 63 0 88 89 90 75 86 81 11 79 9 4 6 13 69 70 71 148 177 50 47 51 193 131 133 214 98 174 172 225 125 126 127 123 121 27 132 25 189 223 210 195 224 164 173 239 209 103 19 67 83 66 82 155 23 24 21 1 18 120 38 212 211 116 175 233 147 149 110 230 43 115 113 197 5 49 3 32 52 190 118 158 180 188 107 186 181 182 183 57 80 42 15 104 28 203 45 202 44 200 46 48 39 41 37 208 207 100 204 20 114 33 35 141 139 2 163 108 213 191 152 237 238 198 229 231 68 216 227 192 201 91 92 122 161 77 157 234 22 129 130 111 102 185 187 60 117 58 59 112 206 17 143 99 14 16 85 78 7 169 64 219 217 218 226 196 199 235 165 166 160 84 31 30 101 119 184 222 168 53 167 137 36 215 162 176 124 55 221 109 136 138 134 135 146 145 65 142 54 205 144 
91 10 92 166 88 165 90 212 196 171 49 89 195 147 86 81 75 149 87 8 61 62 29 63 0 11 72 12 79 129 226 218 219 83 84 85 125 126 127 64 222 145 203 144 169 138 65 217 7 55 185 119 120 235 113 197 78 9 24 152 153 130 48 46 193 211 207 208 237 156 189 223 210 224 164 39 163 178 170 45 202 44 200 41 42 43 37 174 47 31 32 5 3 175 176 104 172 173 209 148 142 109 25 199 82 160 161 77 204 13 23 21 22 187 101 102 191 220 232 128 96 76 179 74 228 95 194 93 73 4 6 69 70 71 118 60 117 58 59 112 206 111 17 110 141 143 99 14 15 16 98 97 1 2 225 201 214 94 229 231 139 140 114 66 67 51 50 198 230 116 205 54 132 167 103 155 80 28 162 108 122 157 234 233 123 26 121 27 124 215 18 19 151 192 227 30 53 184 180 188 136 134 135 137 100 115 20 146 213 168 68 190 52 221 239 236 238 154 38 40 57 177 131 182 216 133 36 150 33 106 107 105 56 34 159 186 35 181 183 158 
196 171 49 88 89 90 195 147 156 189 223 210 224 164 48 39 46 163 178 170 203 45 202 44 200 41 42 43 37 174 130 129 91 47 31 32 62 75 63 86 81 126 169 64 219 217 218 92 226 212 78 9 10 24 152 153 5 3 175 176 104 172 173 209 148 149 142 109 25 128 123 26 133 131 132 239 103 180 188 136 138 134 135 146 36 213 234 155 230 235 198 237 238 66 30 67 82 150 151 33 222 225 73 22 40 65 7 4 52 100 71 69 227 161 144 160 84 28 15 76 179 106 107 105 56 34 177 94 80 208 207 204 20 114 60 112 58 206 111 205 54 162 101 108 187 102 61 199 216 70 139 140 98 201 79 137 141 159 16 14 184 186 190 51 50 232 220 21 23 110 166 165 194 116 193 154 38 68 55 53 6 0 1 2 12 74 11 72 13 17 8 97 87 85 83 197 211 77 124 121 120 18 119 185 145 191 192 127 125 59 113 231 229 29 19 57 27 228 233 236 214 35 95 143 115 93 157 96 167 183 215 181 182 158 118 122 168 221 99 117 
86 81 75 149 90 147 88 89 197 199 235 212 211 165 91 10 92 166 82 79 160 78 161 9 77 85 204 83 8 219 46 48 129 12 13 11 23 24 21 153 22 187 101 102 152 191 220 130 232 148 142 109 25 49 174 196 62 63 126 169 64 217 218 226 210 195 45 44 39 154 38 40 193 194 116 237 59 216 70 207 100 208 41 200 98 201 238 113 239 236 234 230 198 141 17 143 115 50 51 55 185 119 120 171 87 61 29 0 72 84 125 127 222 145 203 144 138 65 7 150 155 67 68 66 30 103 224 132 114 229 231 139 170 140 35 108 33 162 163 206 112 205 176 54 175 104 28 233 221 157 42 80 121 122 20 43 105 167 4 6 69 71 73 74 76 209 173 3 5 164 111 110 93 94 95 96 97 99 58 60 2 16 32 14 19 151 1 18 57 56 27 123 26 135 137 228 177 146 181 36 190 52 192 227 202 172 225 184 186 34 179 136 134 15 47 31 37 156 189 223 124 53 133 106 178 131 188 128 117 182 183 214 215 168 158 213 118 180 107 159 
75 219 86 46 91 48 92 129 12 13 11 10 8 9 90 212 88 78 120 217 205 166 54 165 55 64 222 126 211 81 149 147 89 197 199 235 209 196 173 49 174 43 100 41 171 170 3 195 5 39 163 164 210 153 22 24 226 218 83 84 85 79 63 62 25 130 111 110 148 93 94 95 87 96 97 0 98 99 17 61 101 29 102 58 59 60 2 72 16 32 14 4 6 69 70 71 73 74 76 77 42 80 82 152 193 207 208 237 113 169 67 66 204 108 206 162 176 231 229 151 18 125 221 127 157 121 27 123 225 7 65 227 191 192 213 145 146 144 142 203 202 160 138 161 137 135 136 31 68 30 185 119 103 53 172 187 184 124 230 198 141 143 115 50 51 23 21 220 232 109 45 44 154 38 40 194 116 216 200 201 238 239 236 234 156 150 223 155 189 188 224 132 133 104 175 47 37 33 159 34 178 179 140 139 112 20 114 105 106 36 52 28 15 134 228 233 177 19 57 1 167 122 26 186 190 128 56 131 214 118 158 117 168 215 183 35 182 107 180 181 
90 212 88 78 92 9 91 10 24 152 153 129 130 48 75 219 86 46 193 211 207 226 208 218 237 235 113 197 217 89 62 63 81 126 169 64 67 83 66 85 204 108 206 162 84 176 231 79 229 77 42 80 82 11 72 12 166 165 196 171 49 195 147 149 87 8 61 29 0 19 57 1 25 27 109 148 142 190 191 111 112 110 58 102 185 187 177 22 228 233 236 232 220 137 138 135 20 21 23 39 163 164 210 13 120 205 54 55 222 199 209 173 174 43 100 41 170 3 5 131 194 51 52 50 47 40 96 154 115 230 198 141 17 143 182 201 214 200 98 202 203 45 70 44 69 71 216 234 134 239 59 116 223 238 114 60 117 38 7 65 227 192 225 127 125 76 74 6 4 97 160 161 123 124 121 18 119 136 144 145 53 30 14 31 132 133 103 224 167 168 155 156 150 140 139 157 122 105 107 56 28 15 104 175 101 73 172 33 35 215 221 178 179 68 16 32 2 93 94 95 189 37 128 118 99 26 34 151 146 186 180 184 188 36 181 106 213 159 158 183 
76 12 74 133 93 131 95 194 106 43 105 94 34 177 96 97 87 148 13 11 91 10 92 8 9 63 0 62 98 228 40 154 128 71 175 69 120 151 18 150 19 209 196 173 156 223 155 26 82 132 25 27 123 51 197 50 73 72 232 153 220 236 179 178 116 193 39 37 38 183 213 181 159 158 35 140 33 100 41 171 49 170 3 44 200 45 139 56 114 66 204 80 42 15 104 28 57 107 180 110 239 234 233 47 214 174 172 225 70 75 231 229 230 130 48 129 24 152 191 99 17 61 101 29 102 58 59 60 2 79 81 16 32 14 166 88 165 90 212 89 195 147 86 149 226 218 219 83 84 85 4 6 77 78 1 5 7 112 192 227 208 207 199 216 68 115 113 52 190 211 210 224 168 53 167 182 201 176 164 163 222 119 184 185 125 221 127 157 126 64 121 122 124 21 23 67 103 109 145 146 189 188 238 237 46 235 198 134 136 55 30 22 20 217 186 187 36 143 137 141 161 111 117 65 31 118 135 215 108 203 144 202 160 206 205 142 162 138 169 54 
106 43 105 93 94 95 34 177 183 213 181 159 158 35 179 140 178 33 100 41 196 171 49 170 3 44 200 45 139 56 236 228 76 114 66 204 10 87 8 96 97 151 156 150 128 26 154 74 40 194 73 72 12 232 153 220 80 42 15 104 28 57 107 180 110 148 239 234 233 99 125 221 118 117 168 186 167 145 146 189 223 188 238 134 135 136 184 182 190 51 52 38 36 216 67 68 214 215 124 108 19 1 2 230 141 155 82 79 20 46 14 16 23 172 173 174 175 176 84 61 101 203 144 202 160 206 111 112 201 37 39 70 198 199 88 89 90 195 147 210 224 164 48 163 130 129 91 47 31 32 208 207 4 5 98 237 226 205 85 83 109 142 22 115 113 191 152 229 231 149 133 131 59 211 116 143 137 30 132 103 81 9 77 78 62 29 63 0 75 86 11 6 13 69 71 50 193 225 126 127 123 121 27 25 209 24 21 18 120 212 197 227 192 92 122 161 157 102 185 187 7 162 58 218 235 60 119 17 53 169 64 138 65 54 166 222 55 217 219 165 
96 97 87 148 95 177 93 94 50 47 51 194 193 131 76 12 74 133 214 98 174 73 172 72 225 69 70 71 11 128 178 179 228 62 75 63 231 232 229 220 230 130 48 129 153 24 152 236 191 110 239 234 233 105 56 106 10 8 151 156 150 26 154 40 159 34 171 170 140 143 137 141 116 59 211 38 212 31 32 39 46 37 44 3 4 5 36 197 186 187 184 190 52 226 86 218 235 113 115 132 25 27 123 43 13 91 92 9 0 175 120 18 19 209 196 173 223 155 82 215 182 68 30 216 67 167 158 168 199 192 227 208 41 207 162 163 108 164 33 195 89 210 104 224 15 28 176 185 217 119 200 201 127 222 198 45 202 53 79 81 16 14 2 29 61 180 107 42 80 35 147 149 60 112 58 17 6 219 90 88 78 85 204 83 122 124 77 121 161 160 157 125 221 238 237 102 111 134 138 135 22 20 21 23 49 57 1 109 142 206 101 189 188 84 114 66 139 183 213 181 126 103 118 203 100 117 146 99 165 65 169 7 64 55 54 136 166 145 144 205 
74 228 76 40 96 154 87 128 71 175 69 97 98 8 93 94 95 10 233 236 147 148 149 177 110 220 230 232 34 12 133 131 194 106 43 105 115 50 113 51 197 5 49 3 47 32 52 193 190 38 212 211 116 150 19 151 178 179 62 75 63 11 72 73 123 26 210 224 132 168 53 167 214 182 201 225 200 176 104 174 196 172 173 164 33 163 222 70 119 184 185 192 227 208 41 207 199 216 68 9 4 6 13 156 159 171 170 140 56 153 61 29 0 88 89 90 86 81 79 221 157 231 84 229 85 77 121 122 198 191 152 237 223 238 142 130 109 129 25 48 46 91 24 92 23 21 22 187 101 102 239 234 58 111 235 209 134 161 80 42 15 28 57 107 180 120 18 155 82 27 39 37 183 213 181 158 35 100 44 45 139 114 66 204 143 99 141 17 137 135 59 60 117 218 226 186 36 165 54 55 31 30 14 16 195 1 2 7 65 146 188 219 217 20 67 83 103 125 126 127 112 78 124 136 189 215 64 118 202 162 205 108 206 160 144 166 203 169 138 145 
71 175 69 96 97 87 98 8 168 53 167 214 182 201 72 225 73 200 176 104 49 174 196 172 173 164 33 163 222 70 11 12 74 119 184 185 148 95 177 93 94 50 47 51 194 193 131 76 133 128 178 179 228 62 75 63 192 227 208 41 207 199 216 68 9 10 4 6 13 221 143 99 215 124 183 67 181 54 55 31 32 30 14 7 64 65 66 158 82 150 155 132 103 107 186 180 159 118 117 202 197 235 198 0 127 52 190 191 217 195 238 237 226 170 3 171 43 100 101 231 84 162 205 108 206 160 78 161 35 224 210 56 2 57 130 48 129 46 91 39 37 44 89 45 88 90 147 156 189 223 15 28 239 209 34 16 23 144 102 187 165 166 219 120 18 79 81 29 61 92 40 154 121 27 123 125 126 188 38 36 152 110 58 111 232 229 220 230 153 24 236 234 233 105 106 151 26 140 137 141 116 59 211 212 5 86 218 113 115 25 19 42 80 149 60 112 17 85 204 83 134 203 77 21 1 122 114 157 213 138 135 169 136 145 142 139 146 20 22 109 
72 225 73 200 98 201 97 214 63 0 62 8 10 87 71 175 69 96 127 222 52 192 190 227 191 185 217 119 104 74 68 216 70 163 195 164 238 208 237 207 226 170 3 171 41 43 100 199 101 202 197 235 198 167 158 168 174 172 95 194 93 76 12 11 215 182 31 30 67 85 204 83 9 78 92 13 91 1 2 4 5 6 7 14 15 16 17 75 60 112 58 61 29 88 89 90 86 81 79 128 178 179 228 53 176 49 196 173 33 184 148 177 94 50 47 51 193 131 133 157 125 18 19 120 151 123 124 121 219 102 187 165 55 166 146 36 213 38 181 37 39 40 186 154 107 180 188 111 149 110 64 126 220 152 218 65 169 27 224 210 56 57 35 108 162 117 118 103 132 183 44 45 161 144 160 84 28 147 46 48 209 223 155 156 234 233 239 236 134 136 230 232 229 211 212 206 203 113 20 114 42 80 105 106 32 159 34 140 139 145 205 116 59 189 82 150 66 221 143 99 153 26 122 138 54 77 141 231 129 21 22 23 24 25 109 115 130 137 135 142 
124 183 215 13 99 17 221 143 120 151 18 125 127 157 117 168 118 233 213 181 94 159 34 158 35 107 186 180 167 122 116 59 60 68 71 216 100 61 101 29 102 10 87 8 62 63 0 58 2 6 110 111 112 113 114 115 214 182 231 232 229 77 121 123 137 141 194 193 211 166 88 165 126 64 222 27 225 156 150 128 96 26 154 131 132 133 25 119 21 16 23 1 19 192 69 227 185 217 219 234 9 78 161 50 53 97 98 201 67 106 176 84 85 148 95 177 220 230 198 145 146 189 223 188 238 134 135 136 184 57 56 190 51 52 171 178 170 179 140 76 74 228 105 236 80 42 43 15 104 28 38 36 108 33 187 40 37 209 199 70 82 155 66 30 31 22 20 197 235 139 12 11 65 5 7 55 103 175 72 73 200 207 226 208 203 144 202 160 45 44 206 162 205 152 191 14 4 149 89 90 75 86 81 79 93 204 83 92 91 3 32 153 24 41 218 237 212 142 130 109 163 239 138 39 47 169 129 54 172 210 195 224 164 173 196 147 174 48 46 49 
112 205 206 43 100 41 101 207 13 99 17 61 29 102 202 160 203 187 166 54 213 145 146 144 142 138 65 169 161 111 201 200 45 84 28 176 196 171 49 170 3 94 159 34 178 179 140 44 139 42 37 39 46 70 198 199 108 162 152 190 191 110 58 60 226 208 182 214 98 10 87 8 62 63 0 59 2 125 221 118 158 117 168 215 122 124 116 6 113 114 115 141 143 14 15 16 4 11 12 185 177 148 149 216 78 35 33 163 231 136 24 153 220 38 181 36 52 192 227 88 165 126 127 64 222 217 218 219 7 137 135 31 68 30 156 189 223 188 238 180 107 186 134 184 234 239 209 20 21 22 53 55 130 109 5 167 103 120 175 104 233 157 229 85 83 197 235 71 69 237 106 105 81 82 79 9 77 23 56 57 164 174 73 172 89 90 195 147 210 224 48 129 91 47 32 204 80 40 128 96 76 74 228 236 183 230 232 95 93 155 66 51 50 173 72 225 97 212 193 211 25 119 86 132 67 75 194 92 1 123 26 121 27 18 151 154 19 131 133 150 
202 160 203 187 101 102 100 61 199 216 70 207 208 41 112 205 206 43 78 161 35 108 33 162 163 176 231 84 54 45 60 58 111 169 136 138 24 152 153 191 220 38 181 36 190 52 192 110 227 185 177 148 149 17 6 13 145 144 171 178 170 44 200 201 62 29 118 117 59 212 193 211 226 218 237 98 238 67 68 182 183 214 215 168 53 167 97 198 72 225 73 69 71 234 134 239 230 235 197 42 37 39 46 99 166 213 146 142 65 28 196 49 3 94 159 34 179 140 139 92 9 83 66 85 204 79 63 81 229 175 104 233 221 157 19 57 1 56 2 107 180 106 15 105 14 16 23 172 173 174 122 77 195 164 232 124 121 82 137 135 31 30 7 64 126 12 11 143 141 0 186 184 219 120 217 165 55 209 188 189 109 22 115 20 129 91 130 48 25 27 147 89 90 228 236 222 119 95 131 194 51 50 47 32 158 4 5 40 154 18 127 76 74 21 113 114 116 10 87 8 210 80 75 123 125 86 96 88 223 132 133 103 224 155 150 93 156 128 26 151 
191 220 152 29 102 61 187 101 222 172 225 185 119 184 111 149 110 186 230 232 34 177 94 148 95 228 233 236 147 190 206 112 58 129 25 130 141 17 143 13 99 14 15 16 6 4 11 60 12 62 118 117 59 203 45 202 24 153 38 181 36 52 192 227 207 100 108 162 205 165 55 166 217 219 120 69 18 173 174 104 28 175 176 163 195 164 71 127 98 8 97 72 73 121 27 123 125 126 64 188 32 47 51 160 90 23 21 22 48 179 154 40 37 158 35 159 183 213 146 235 198 239 209 234 134 238 208 237 157 74 76 122 161 77 80 105 42 106 43 56 57 107 178 180 171 170 140 87 128 96 231 229 194 93 221 84 85 223 142 109 49 196 46 91 92 201 200 144 145 41 2 0 86 81 75 88 89 26 1 19 20 137 138 135 113 197 115 50 114 204 116 193 211 215 124 10 63 168 103 53 7 65 5 3 33 44 39 31 30 79 9 182 214 139 169 136 54 199 216 70 131 189 226 83 78 218 68 212 151 224 132 210 133 156 155 167 150 67 66 82 
155 80 82 55 103 53 132 167 173 239 209 224 210 133 67 83 66 131 105 42 113 114 115 204 20 139 170 140 85 150 216 68 30 78 92 9 6 7 4 65 5 217 218 219 64 126 169 31 138 54 47 32 14 214 215 182 81 79 26 154 128 151 156 223 158 168 199 70 71 104 227 175 164 163 195 189 89 236 234 237 226 238 208 198 229 230 188 196 213 145 146 136 134 46 91 48 49 174 172 93 120 18 19 201 84 86 75 63 77 141 25 27 123 51 197 50 40 96 87 56 106 179 228 178 76 94 159 34 171 135 137 44 200 45 58 59 60 116 117 211 212 193 143 194 221 99 17 142 130 109 41 43 21 22 3 207 100 177 8 10 157 233 122 161 160 181 183 98 97 118 165 166 108 206 162 176 231 129 88 90 62 11 72 12 2 57 0 1 29 61 16 23 15 37 39 144 205 52 191 192 222 225 127 125 235 124 121 119 185 112 203 38 36 13 73 74 69 107 186 180 24 95 35 101 202 33 184 28 147 220 152 232 153 148 110 190 149 187 102 111 
172 173 174 15 104 28 175 176 185 217 119 227 192 69 163 195 164 71 239 209 103 224 132 210 133 156 189 223 89 73 162 108 33 48 39 46 105 56 106 57 107 6 7 4 2 0 1 35 19 23 158 159 34 160 78 161 49 196 97 214 98 72 225 222 231 84 54 205 206 110 58 111 191 152 190 127 52 218 219 64 65 126 169 166 88 165 125 184 121 27 123 18 120 36 37 38 186 187 102 70 11 12 74 144 147 5 3 171 91 155 96 87 8 168 53 167 182 201 200 236 234 237 226 238 208 198 229 230 188 151 150 213 145 146 114 66 204 67 83 30 31 68 82 216 81 79 80 26 154 128 136 134 93 131 180 138 135 235 45 44 75 86 92 129 130 122 77 203 202 85 14 16 153 22 24 149 90 40 32 47 170 43 100 41 179 228 178 76 140 139 94 95 177 183 181 25 21 118 59 60 29 61 62 63 55 9 10 13 17 20 109 215 124 42 101 207 112 233 221 157 194 199 232 137 142 220 99 148 51 211 116 212 193 197 113 117 50 143 141 115 
34 177 94 80 105 42 106 43 15 104 28 56 57 107 178 76 179 180 110 148 239 236 234 228 233 232 153 220 74 159 171 170 140 87 128 96 113 114 115 204 20 103 224 132 66 67 83 139 85 79 135 137 141 44 200 45 93 95 183 213 181 158 35 33 100 41 196 49 3 6 7 4 2 0 1 108 19 227 175 164 210 163 195 174 73 172 162 23 160 78 161 84 176 25 26 27 21 16 14 186 167 168 118 46 12 133 131 194 97 230 124 215 182 136 209 134 146 36 38 58 111 191 192 152 190 187 101 102 24 231 229 130 48 129 218 237 226 238 208 223 156 189 198 188 70 199 235 77 121 122 147 149 221 157 22 89 90 185 40 154 71 69 98 8 10 203 202 39 37 207 155 82 62 75 63 11 72 123 150 151 193 50 47 51 59 60 116 117 211 212 143 99 17 142 109 9 81 138 64 65 30 31 68 216 173 201 214 53 55 86 92 145 144 197 32 52 5 112 205 206 125 184 61 88 91 29 54 13 18 222 126 225 127 119 217 169 120 166 165 219 
178 76 179 180 106 107 105 56 45 46 44 43 41 42 34 177 94 80 12 74 133 93 131 95 194 96 97 87 148 140 33 35 159 220 230 232 124 183 215 181 182 136 209 134 213 146 36 158 38 186 167 168 118 28 23 15 236 228 114 66 204 139 170 171 2 57 164 163 108 112 205 206 100 101 207 3 208 91 48 196 173 49 174 195 147 89 5 200 32 52 47 37 39 70 198 199 201 202 203 79 135 137 141 104 110 239 234 233 153 128 113 115 20 103 224 132 67 83 85 13 11 10 92 8 9 63 0 62 98 40 154 71 175 69 120 151 18 150 19 156 223 155 26 82 25 27 123 51 197 50 73 72 116 193 214 172 225 75 231 229 130 129 24 152 191 14 16 176 84 1 189 188 102 185 187 111 149 235 238 237 157 122 161 77 99 17 221 143 125 127 117 59 60 68 216 190 184 53 166 54 145 144 142 109 210 21 22 138 169 119 192 30 31 121 160 78 162 6 7 4 211 81 29 222 227 61 65 58 226 88 165 90 212 86 219 55 218 64 126 217 
181 182 183 57 107 56 180 106 190 51 52 186 184 188 159 118 158 189 201 214 132 167 103 168 53 68 71 216 117 213 94 34 35 99 125 221 84 28 176 15 104 25 26 27 23 21 16 33 14 2 164 163 108 179 140 178 124 215 136 209 134 146 36 38 43 105 93 95 177 111 149 110 187 102 185 37 119 197 50 154 128 40 96 194 116 193 39 192 3 4 5 32 47 225 127 222 227 191 152 238 109 142 145 76 60 123 121 122 143 67 169 138 135 210 133 224 173 239 234 202 200 199 235 70 198 208 41 207 69 31 30 73 74 72 81 82 79 155 80 150 151 156 66 223 114 204 83 7 64 65 97 98 54 55 175 87 8 226 233 157 115 113 141 17 13 171 170 228 236 42 19 1 61 62 29 58 59 126 18 120 77 231 232 229 160 203 161 144 78 9 162 205 206 174 172 6 0 195 90 147 24 153 22 20 131 139 137 130 129 63 11 196 49 85 220 230 148 45 46 44 166 237 100 10 12 101 48 112 217 212 88 211 165 218 86 89 219 91 92 75 
160 78 161 35 108 33 162 163 101 207 100 206 112 205 176 231 84 54 92 9 67 83 66 85 204 79 63 81 229 144 175 104 28 233 221 157 19 57 1 56 2 181 182 183 107 180 106 15 105 34 14 16 23 172 173 174 122 77 138 65 169 145 203 202 195 164 71 69 227 152 190 191 111 110 58 45 60 226 208 201 214 200 98 70 198 199 44 61 171 178 170 43 41 13 99 17 29 102 187 166 213 146 142 73 232 215 124 121 234 82 137 135 136 31 68 30 7 64 126 129 91 86 218 75 219 88 89 90 62 42 80 11 72 12 131 132 133 103 224 167 168 53 155 55 223 156 150 140 141 139 8 10 20 114 0 97 87 212 127 125 238 237 239 236 228 49 196 225 222 210 158 159 148 95 177 220 230 143 118 117 123 18 119 120 25 130 27 109 26 128 21 22 24 4 6 179 94 32 51 52 186 184 188 189 216 209 134 36 38 93 76 5 3 151 185 217 192 48 39 46 115 165 147 96 74 149 37 153 59 197 50 235 113 211 193 47 116 40 154 194 
135 139 137 27 109 25 142 130 188 238 189 146 213 145 22 115 20 144 170 140 85 204 83 114 66 80 105 42 113 138 153 24 21 116 117 59 0 1 2 19 57 127 157 125 18 120 151 23 150 26 28 15 16 149 90 147 143 141 54 162 205 169 136 134 48 129 232 220 152 52 192 190 36 38 181 209 183 208 237 234 233 239 236 230 235 198 173 180 210 133 224 156 223 159 118 158 107 186 184 203 126 64 65 148 50 221 99 17 211 79 53 55 166 176 231 84 108 206 112 3 171 41 207 43 100 45 46 44 106 155 82 34 177 94 8 9 10 78 92 77 122 161 81 160 86 75 63 132 167 103 179 178 30 67 56 228 76 200 58 60 218 226 212 193 194 195 89 110 111 91 121 123 40 96 154 51 197 168 124 215 13 29 102 61 4 5 6 7 11 12 14 31 32 33 35 131 128 104 69 227 119 185 217 219 229 88 165 222 225 87 93 163 164 62 187 101 191 49 174 196 68 202 39 74 95 37 172 47 182 70 71 199 216 201 98 175 214 73 72 97 
102 185 187 177 110 148 111 149 17 6 13 58 60 112 152 190 191 206 217 119 104 227 175 192 69 225 127 222 52 101 24 153 220 38 181 36 239 236 234 228 233 105 56 106 179 178 76 232 74 95 231 229 230 130 48 129 186 184 202 160 203 100 61 29 90 147 23 21 22 113 114 115 59 116 117 62 118 7 4 2 57 0 1 16 32 14 63 99 10 87 8 12 11 124 183 215 221 143 141 205 43 41 207 25 51 107 180 188 37 172 201 200 45 84 28 176 161 144 145 218 219 64 65 126 169 166 88 165 125 72 73 121 27 123 224 164 210 163 195 33 35 108 174 162 49 196 173 97 214 98 18 120 70 71 157 19 151 55 146 213 3 5 39 40 154 92 91 109 142 89 34 94 193 131 194 50 47 182 159 158 189 134 135 136 237 226 238 208 223 156 198 199 235 77 122 96 93 85 66 204 140 139 170 171 15 46 44 42 80 133 128 78 9 209 137 138 20 86 81 75 216 54 212 150 26 211 79 197 168 30 67 31 68 53 103 83 167 82 155 132 
152 190 191 206 111 112 110 58 129 25 130 149 147 148 102 185 187 177 51 52 107 186 180 184 188 36 37 38 119 220 29 61 101 222 172 225 201 202 200 203 45 84 28 176 160 161 144 100 145 205 43 41 207 13 99 17 227 192 236 179 228 232 153 24 59 60 2 0 62 86 81 75 90 88 89 22 195 26 27 23 15 21 16 1 18 19 20 48 137 138 135 142 109 49 174 196 46 91 92 95 231 229 230 6 217 104 175 69 127 181 239 234 233 105 56 106 178 76 74 197 50 154 128 40 96 194 116 193 39 146 213 3 4 5 167 158 168 159 118 35 33 34 183 94 124 215 182 136 209 134 32 47 238 189 44 14 31 131 72 73 121 123 125 126 64 141 143 11 12 117 108 162 165 55 166 219 120 173 163 164 71 98 8 97 199 235 70 198 216 68 208 237 226 170 171 169 54 42 82 79 78 9 77 122 57 221 157 85 83 53 65 140 139 214 10 87 63 113 114 115 223 93 211 30 7 212 204 218 210 150 155 151 156 133 132 80 224 66 67 103 
203 45 202 60 112 58 206 111 169 136 138 205 54 162 101 207 100 108 46 44 106 43 105 41 42 170 3 171 208 160 187 102 61 199 216 70 12 13 11 17 6 124 183 215 99 221 143 29 141 59 2 0 62 191 220 152 201 200 84 28 176 161 144 145 149 110 186 184 185 219 120 217 166 165 55 142 53 209 134 213 181 146 36 188 238 189 109 65 22 115 20 137 135 31 68 30 7 64 126 163 122 77 78 190 226 182 214 98 198 178 83 85 231 57 107 56 15 104 175 91 48 196 173 49 174 195 147 89 5 139 140 32 52 47 93 94 95 34 177 159 158 35 179 33 236 228 76 114 66 204 37 39 79 80 4 38 40 210 69 71 234 239 230 235 197 24 153 192 227 148 118 117 212 193 211 218 237 67 168 167 97 72 225 73 10 92 8 9 87 96 63 81 75 16 14 113 116 1 151 18 125 127 157 233 180 232 229 121 123 194 50 23 21 74 222 172 119 129 25 130 82 164 90 154 51 88 27 86 103 156 150 223 155 224 133 19 132 26 128 131 
141 17 143 235 113 197 115 50 80 105 42 114 204 20 116 117 59 22 6 13 110 58 111 60 112 61 62 29 118 137 194 193 211 215 122 124 217 218 219 226 86 239 236 234 237 238 208 212 207 199 90 88 165 154 38 40 221 99 142 130 109 135 139 140 47 51 95 93 131 103 224 132 66 67 83 170 85 56 106 179 228 178 76 94 159 34 171 79 44 200 45 41 43 9 77 78 81 82 155 21 134 136 138 96 168 233 157 125 183 102 144 145 146 147 148 149 129 25 27 7 4 2 57 0 1 16 32 14 63 100 101 10 87 8 227 191 192 152 190 220 232 153 187 24 186 184 185 202 160 203 12 11 205 206 75 74 72 15 123 121 180 107 181 182 214 39 37 128 26 52 230 198 68 71 216 167 158 161 229 231 127 120 151 18 64 65 126 169 222 225 166 54 55 91 92 201 70 89 164 210 223 156 189 188 177 36 213 209 173 69 98 48 46 119 150 19 133 5 49 3 162 23 31 73 97 30 196 53 84 33 163 35 108 28 104 195 176 174 172 175 
80 105 42 113 114 115 204 20 103 224 132 66 67 83 139 170 140 85 56 106 236 179 228 178 76 94 159 34 171 79 135 137 141 44 200 45 58 59 60 116 117 218 237 226 211 212 193 143 194 50 221 99 17 142 130 109 41 43 9 77 78 81 82 155 21 22 134 136 138 7 64 65 30 31 68 150 216 164 210 223 238 156 189 209 196 173 151 167 26 154 128 131 133 182 201 214 168 53 55 84 86 75 63 146 3 208 207 100 46 177 8 10 92 157 234 233 122 161 160 2 57 33 163 35 108 28 23 15 158 93 95 183 213 181 191 220 152 232 153 230 198 229 148 231 147 149 110 96 97 87 180 107 12 74 118 188 186 104 203 202 89 195 48 39 37 27 25 145 144 24 235 197 32 52 47 5 49 98 199 70 101 112 205 206 29 0 61 62 102 187 13 11 6 124 215 40 51 125 222 126 165 166 88 90 239 129 91 219 217 190 38 121 123 111 54 162 169 1 18 19 72 176 16 184 36 14 120 4 71 172 225 174 73 175 227 127 69 119 185 192 
116 117 59 22 115 20 113 114 40 96 154 50 51 197 141 17 143 235 168 118 233 221 157 99 125 124 183 215 13 211 140 139 137 29 102 61 144 142 145 109 146 147 148 149 130 129 25 135 27 21 134 136 138 42 79 80 58 60 218 237 226 212 193 194 66 204 179 178 170 5 49 3 47 32 52 131 190 97 87 95 177 93 94 76 12 74 133 38 150 19 151 26 128 186 187 184 36 37 39 199 90 88 165 105 6 110 111 112 62 122 217 219 86 239 236 234 238 208 207 53 167 214 98 182 201 216 67 68 181 123 121 180 106 107 176 231 84 229 85 232 220 230 77 198 9 78 161 18 119 120 159 158 126 127 213 34 35 71 100 101 10 8 63 0 2 155 82 43 41 83 153 24 14 15 16 4 11 185 152 191 206 203 45 202 54 55 205 166 162 108 169 64 65 189 188 1 23 209 174 196 48 46 91 92 228 81 75 89 195 28 57 223 156 160 44 200 171 103 224 132 222 70 30 33 56 31 210 7 192 73 172 72 225 69 175 173 227 164 163 104 
143 137 141 194 116 193 59 211 215 122 124 117 118 60 113 114 115 58 138 135 153 22 24 20 21 109 146 142 204 17 235 197 50 80 105 42 39 40 37 154 38 74 228 76 96 87 128 51 26 131 190 52 47 226 86 218 140 139 29 102 61 13 99 221 165 212 230 198 199 68 71 216 168 167 158 125 159 161 77 233 236 157 234 229 85 231 127 183 120 151 18 123 121 180 106 107 181 182 214 112 12 11 6 237 66 179 178 170 79 130 2 0 62 191 220 152 187 101 100 65 169 144 160 145 203 205 166 54 213 27 25 188 238 189 195 147 89 149 90 148 177 110 129 111 92 91 48 19 57 1 134 136 16 23 36 239 209 162 41 43 9 78 81 82 155 217 219 208 207 88 95 93 103 224 132 67 83 56 94 34 171 44 200 45 5 7 3 4 49 196 32 14 31 184 186 150 133 192 175 69 97 98 8 10 232 75 63 72 73 210 156 185 119 46 201 202 70 64 222 126 15 206 55 173 223 53 225 30 35 176 104 84 28 108 163 227 33 172 174 164 
215 122 124 116 117 59 118 60 68 71 216 168 167 158 99 125 221 159 161 77 228 233 236 157 234 229 85 231 127 183 13 17 143 120 151 18 22 115 20 113 114 40 96 154 50 51 197 141 235 211 140 139 137 29 102 61 123 121 180 106 107 181 182 214 112 58 12 11 6 65 5 7 53 55 103 201 132 175 69 97 87 98 8 72 225 73 200 67 207 226 208 199 70 82 150 155 66 30 31 35 38 36 213 62 126 128 26 27 119 232 189 188 186 178 76 179 105 56 57 144 160 176 104 84 28 108 206 162 83 198 230 79 63 81 147 148 149 177 110 95 93 94 220 34 191 152 153 237 223 238 9 78 134 239 204 10 92 163 1 19 192 227 185 217 219 100 101 0 2 111 194 193 166 88 165 64 222 156 131 133 25 21 16 23 142 145 109 146 130 129 135 136 138 42 80 218 212 170 49 3 47 32 52 190 74 187 184 37 39 90 86 43 41 24 14 15 4 203 45 202 209 33 205 91 75 54 44 169 224 174 196 172 173 164 195 171 210 46 48 89 
99 125 221 159 118 158 117 168 61 62 29 60 58 59 215 122 124 116 126 127 128 123 26 121 27 18 119 120 77 143 214 182 183 231 232 229 189 180 188 107 186 178 76 179 106 105 56 181 57 35 38 36 213 216 67 68 233 157 115 50 113 141 17 13 53 167 97 98 201 203 45 202 112 206 111 6 110 75 63 12 74 11 72 8 9 10 4 102 14 15 16 2 0 191 220 152 187 101 100 211 140 139 137 71 161 228 236 234 85 151 22 20 114 40 96 154 51 197 235 169 64 219 86 217 218 165 55 166 185 1 19 192 69 227 210 133 224 131 132 93 95 194 150 193 82 155 156 23 24 21 225 222 109 25 184 73 172 88 198 230 79 81 83 84 176 31 30 70 199 103 94 34 162 163 108 160 78 153 177 148 239 238 208 237 136 138 134 135 209 173 146 142 145 52 190 28 33 37 46 44 43 41 42 80 87 66 204 170 171 164 104 47 32 223 207 226 200 65 5 7 130 212 54 174 175 205 3 144 149 91 48 92 129 90 89 39 147 49 196 195 
192 69 227 18 119 120 185 217 36 37 38 184 186 187 222 172 225 102 70 71 11 72 12 73 74 97 214 98 174 191 64 126 127 164 33 163 77 121 122 123 124 21 16 23 27 25 26 125 128 151 99 221 157 166 88 165 104 175 110 58 111 152 190 52 218 219 7 65 169 134 135 136 188 189 180 51 107 44 39 32 14 47 31 5 49 3 50 181 193 131 194 154 40 158 35 159 183 213 146 101 24 153 220 55 173 15 28 176 195 8 177 148 149 17 6 13 60 112 206 198 199 200 45 201 202 207 226 208 182 96 87 168 53 167 79 63 81 62 75 0 2 29 10 61 91 92 9 93 94 95 68 216 228 76 215 30 67 41 162 108 48 46 89 210 224 211 212 54 205 86 1 19 223 155 156 209 196 34 57 56 84 161 144 160 229 230 231 232 85 83 233 236 234 117 118 133 150 143 139 137 109 142 130 129 4 90 147 22 20 82 132 59 116 78 145 203 138 235 113 197 179 100 237 66 103 238 115 239 106 170 140 171 178 43 42 141 105 114 204 80 
123 124 121 219 120 217 18 119 133 93 131 151 150 19 127 157 125 1 183 215 13 99 17 221 143 117 168 118 233 27 225 222 126 229 85 231 205 166 54 165 55 91 10 92 88 90 212 64 211 218 7 65 169 227 191 192 77 122 21 16 23 25 26 128 184 185 72 73 172 209 196 173 156 223 155 154 82 94 95 87 8 96 97 74 228 76 40 132 51 197 50 193 194 67 83 66 103 224 210 57 129 130 109 69 234 9 78 161 232 60 20 22 24 4 11 6 14 15 28 213 181 159 34 158 35 107 186 180 167 116 59 68 71 216 100 61 101 29 102 62 63 0 58 2 110 111 112 113 114 115 214 182 137 141 53 98 201 106 176 84 148 177 220 230 198 52 190 175 104 187 75 86 238 208 237 239 236 204 81 79 160 162 163 108 145 146 144 142 203 202 138 135 136 31 30 235 226 5 171 49 89 195 147 149 12 152 153 48 46 207 199 32 47 206 164 33 174 36 37 38 139 56 188 200 70 189 39 134 80 178 170 179 140 105 43 3 42 44 45 41 
18 119 120 77 121 122 123 124 21 16 23 27 25 26 125 126 127 128 184 185 72 225 73 222 172 227 191 192 64 151 99 221 157 166 88 165 198 229 230 231 232 79 63 81 85 83 84 233 176 161 228 236 234 117 168 118 219 217 133 93 131 150 19 1 183 215 13 17 143 135 139 137 109 142 130 57 129 32 14 0 62 2 29 6 7 4 56 24 35 108 33 28 15 149 90 147 153 22 20 154 82 155 156 60 169 75 86 218 55 69 210 224 132 76 12 74 95 194 193 188 186 52 47 190 51 38 181 36 152 104 175 110 58 111 200 98 201 97 214 8 10 87 71 96 68 216 70 163 195 164 102 187 173 174 220 61 101 37 211 212 30 31 53 54 205 159 158 59 116 182 9 78 145 203 144 138 65 89 92 91 226 235 113 197 238 189 237 223 208 207 239 209 134 177 148 162 160 179 170 140 204 114 66 67 11 167 103 80 42 202 206 94 34 199 115 50 141 180 106 107 196 40 213 100 112 146 105 136 48 3 171 5 49 39 44 178 46 43 41 45 
231 232 229 215 122 124 77 121 162 163 108 161 160 78 157 234 233 9 153 220 74 228 76 236 179 177 110 148 239 85 127 125 221 238 208 237 116 117 59 118 60 68 71 216 168 167 158 99 159 183 13 17 143 120 151 18 198 230 79 63 81 83 84 176 27 123 225 222 126 138 65 169 144 145 203 28 202 195 164 175 69 104 227 172 173 174 15 206 57 107 56 35 33 101 207 100 112 205 54 92 67 66 204 119 134 70 199 235 223 95 42 80 82 11 72 12 62 75 86 22 24 147 89 149 90 129 25 130 111 34 94 102 185 187 40 96 154 87 128 97 98 8 93 10 133 131 194 106 43 105 191 152 140 178 58 192 190 48 218 226 224 210 156 189 188 1 19 217 219 26 214 182 146 36 213 136 209 41 201 200 197 211 165 212 115 20 113 114 50 51 141 139 137 29 61 180 181 6 5 7 53 55 103 132 73 150 155 30 31 38 186 0 2 193 166 88 64 21 16 23 170 91 109 52 184 142 14 135 45 49 3 196 171 46 39 4 44 32 47 37 
125 126 127 128 123 26 121 27 118 60 117 124 215 122 18 119 120 77 169 64 75 219 86 217 218 165 55 166 185 157 1 19 151 192 69 227 210 133 224 131 132 76 12 74 93 95 194 150 193 154 82 155 156 23 24 21 225 222 229 85 231 233 221 99 109 25 0 2 57 180 106 107 183 181 182 143 214 112 58 13 11 17 6 29 102 61 141 168 115 50 113 116 59 68 71 216 167 158 159 161 228 236 234 16 184 72 73 172 191 88 198 230 232 79 63 81 83 84 176 136 138 205 206 54 162 144 142 145 53 211 212 30 14 31 46 91 48 92 129 10 8 9 90 78 149 147 89 197 199 235 7 65 237 226 103 4 5 203 104 175 110 111 152 190 52 20 22 15 28 130 87 96 36 37 38 186 187 70 97 98 174 164 33 163 209 134 173 239 196 49 223 238 189 66 67 51 40 80 43 105 94 34 177 148 62 153 220 179 178 39 47 204 114 195 35 108 56 135 139 137 208 160 146 3 32 213 140 188 201 100 41 101 207 202 45 42 200 170 171 44 
118 60 117 123 124 121 215 122 180 106 107 183 181 182 221 143 99 214 112 58 12 13 11 17 6 29 102 61 141 168 233 157 125 115 50 113 219 120 217 18 119 133 93 131 151 150 19 127 1 27 225 222 126 229 85 231 116 59 68 71 216 167 158 159 161 77 228 236 234 136 209 134 213 146 36 35 38 43 105 94 95 34 177 179 140 178 33 186 28 23 15 57 56 190 51 52 184 188 189 201 132 103 53 232 137 194 193 211 114 62 31 30 67 73 74 72 69 70 199 205 206 100 41 101 207 202 160 203 187 2 0 191 220 152 91 10 92 8 9 87 96 97 63 98 79 81 75 16 32 14 110 111 7 4 185 148 149 45 235 197 80 42 204 20 22 176 84 230 198 78 128 26 142 130 109 135 139 47 154 40 212 218 237 226 166 54 165 55 88 90 64 65 169 227 192 21 25 172 196 173 156 223 155 82 76 83 66 224 210 129 24 175 104 86 238 208 239 162 163 108 5 200 144 147 153 145 164 138 37 171 49 170 3 44 46 174 39 195 89 48 
120 151 18 99 125 221 127 157 166 88 165 126 64 222 121 27 123 225 156 150 87 128 96 26 154 131 132 133 25 119 77 122 124 21 16 23 159 118 158 117 168 61 62 29 60 58 59 215 116 143 214 182 183 231 232 229 1 19 192 69 227 185 217 219 234 233 9 78 161 145 203 144 169 138 65 218 7 89 90 75 63 86 81 92 129 91 226 55 235 113 197 211 212 30 14 31 53 54 205 172 102 187 184 85 109 0 2 57 24 93 52 190 191 98 8 97 71 175 104 189 223 210 195 224 164 173 239 209 103 193 194 67 83 66 178 76 179 74 228 12 11 72 95 73 148 177 94 50 47 51 82 155 38 40 167 79 80 196 28 15 149 147 153 22 20 198 230 84 176 236 13 17 135 139 137 142 130 32 6 4 56 35 108 33 180 188 107 186 106 105 181 36 213 216 68 115 141 201 45 202 112 206 111 110 10 220 152 101 100 140 114 70 199 34 162 163 160 238 208 237 37 174 134 42 204 136 207 146 5 46 44 48 39 49 171 200 3 41 43 170 
166 88 165 125 126 127 64 222 145 203 144 169 138 65 217 218 219 7 89 90 62 75 63 86 81 92 129 91 226 55 185 119 120 235 113 197 128 123 26 121 27 118 60 117 124 215 122 18 77 157 1 19 151 192 69 227 211 212 30 14 31 53 54 205 172 225 102 187 184 189 180 188 136 134 135 162 137 45 202 112 58 206 111 101 207 100 108 142 176 231 84 161 160 22 115 20 109 146 213 5 168 167 103 191 237 59 116 193 199 10 66 67 68 2 29 0 16 32 47 210 195 46 44 48 39 49 174 196 130 78 9 24 152 153 76 12 74 11 72 13 17 6 8 4 98 97 87 85 204 83 149 147 82 79 25 110 148 171 51 50 201 200 70 198 230 104 175 190 52 73 99 221 239 236 234 238 208 114 143 141 194 154 38 40 133 224 131 132 93 95 150 155 156 23 21 229 233 57 106 107 183 181 182 214 61 71 216 158 159 228 232 15 28 96 36 37 186 164 33 163 80 3 173 177 220 209 35 223 139 43 105 41 42 170 178 56 140 34 94 179 
121 27 123 225 127 222 125 126 229 85 231 157 233 221 120 151 18 99 109 25 0 1 2 19 57 23 24 21 150 124 219 217 119 133 93 131 52 192 190 227 191 98 8 97 69 71 175 185 104 172 102 187 184 165 55 166 128 26 118 60 117 215 122 77 169 64 75 86 218 238 208 237 234 239 236 161 228 204 83 9 10 78 92 81 82 79 160 232 162 163 108 176 84 148 95 177 220 230 198 143 214 182 183 88 156 87 96 154 132 16 159 158 168 61 62 29 58 59 116 146 142 20 114 22 115 137 138 135 153 28 15 149 90 147 3 4 5 6 7 11 12 13 14 17 30 31 32 33 34 35 129 130 107 56 152 91 48 139 193 194 67 66 103 224 210 205 54 212 211 65 72 73 209 196 173 223 155 94 74 76 40 51 197 50 36 213 38 181 37 39 186 180 188 111 110 164 174 101 41 207 70 199 216 68 63 53 167 201 200 49 195 112 206 47 235 113 226 145 203 144 106 141 136 46 89 134 202 189 179 42 43 80 105 140 170 100 178 45 44 171 
151 156 150 87 128 96 26 154 125 126 127 123 121 27 131 132 133 25 189 223 89 210 195 224 164 173 239 209 103 19 193 194 93 67 83 66 178 76 179 74 228 62 75 63 12 11 72 95 73 97 148 177 94 50 47 51 82 155 23 24 21 1 18 120 38 40 212 211 116 118 60 117 124 215 122 119 77 169 64 219 86 217 218 165 55 166 185 157 192 69 227 225 222 229 85 231 233 221 99 109 0 2 57 197 167 81 79 80 30 196 28 15 16 149 90 147 153 22 20 180 188 136 138 134 135 146 36 213 234 172 174 230 235 198 45 46 44 48 39 91 92 129 49 130 5 3 171 175 176 104 237 238 33 163 236 226 208 145 114 204 7 65 31 68 216 190 52 113 115 37 10 8 182 201 214 168 53 84 9 78 42 140 141 139 106 107 105 56 43 41 34 35 159 220 232 71 98 110 112 58 13 17 6 4 88 32 14 29 61 200 70 152 191 170 143 137 59 186 187 184 108 142 181 207 199 183 102 158 161 205 206 54 162 144 203 111 160 101 100 202 
24 152 153 92 129 91 130 48 19 57 1 25 27 109 147 148 149 142 190 191 206 111 112 110 58 102 185 187 177 22 195 89 90 228 233 236 226 86 218 75 219 83 84 85 81 79 63 88 62 10 166 165 212 196 171 49 232 220 137 138 135 20 21 23 39 46 163 164 210 131 132 133 26 128 123 16 121 107 56 28 176 15 104 33 34 35 14 18 4 11 6 0 2 127 157 125 120 151 150 146 204 114 115 174 95 231 229 230 179 101 143 141 139 54 162 205 169 136 134 51 52 186 180 184 188 36 37 38 119 29 61 222 172 225 201 202 200 203 45 160 161 144 100 145 43 41 207 13 99 17 227 192 59 60 217 175 69 181 239 234 105 106 178 76 74 5 3 173 209 44 78 9 96 97 87 93 94 221 77 122 198 237 223 238 197 50 235 113 199 70 211 116 193 64 126 12 8 55 167 103 82 155 80 42 108 170 140 66 67 98 72 65 7 208 156 189 224 47 31 32 117 213 40 71 73 154 30 194 124 158 168 159 118 183 182 53 215 68 216 214 
147 148 149 142 130 109 129 25 49 174 196 48 46 91 24 152 153 92 95 177 231 232 229 220 230 236 179 228 191 90 23 21 22 187 101 102 143 137 141 135 139 54 162 205 138 169 136 20 134 146 204 114 115 1 18 19 111 110 86 81 75 88 89 195 26 27 28 15 16 47 31 32 39 37 44 210 45 73 172 163 108 164 33 104 227 175 224 171 156 189 223 209 173 43 100 41 170 3 5 10 166 165 212 57 190 206 112 58 185 233 226 218 219 83 84 85 79 63 62 194 93 74 72 76 12 87 128 96 178 239 234 105 56 106 215 122 124 77 121 161 160 78 157 9 127 125 221 238 208 237 34 94 235 198 140 35 159 97 29 61 222 225 119 184 186 150 151 2 0 123 144 145 38 181 36 52 192 207 203 202 60 17 6 13 116 193 59 211 117 118 113 197 50 80 42 188 213 66 68 30 65 7 64 126 176 120 217 55 53 183 180 82 155 99 4 11 14 131 132 133 199 8 154 158 107 40 103 51 200 71 216 69 70 98 214 67 201 167 168 182 
150 19 151 193 131 194 133 93 67 83 66 132 103 224 128 123 26 210 57 1 129 25 130 27 109 21 16 23 121 156 87 96 154 125 126 127 190 51 52 50 47 226 86 218 197 235 113 40 115 116 39 37 38 74 228 76 120 18 209 196 173 223 155 82 94 95 10 8 97 182 201 214 167 168 53 80 55 84 85 81 75 79 63 9 77 78 42 30 140 141 139 114 204 7 64 65 31 68 216 164 237 238 189 12 124 219 217 119 157 24 136 134 239 46 91 48 49 174 172 107 56 28 176 15 104 33 34 35 14 20 22 4 11 6 111 149 110 147 148 90 88 89 153 195 232 220 152 137 138 135 0 2 146 142 32 62 29 108 225 222 229 231 233 221 99 178 179 72 73 177 212 211 118 60 117 215 122 169 165 166 185 192 69 227 186 180 184 188 187 102 36 213 181 3 5 143 59 44 202 200 199 70 198 230 92 236 234 208 207 58 17 171 170 191 71 175 98 106 43 105 145 163 159 61 13 158 41 183 54 160 203 161 144 162 206 45 205 100 101 112 
67 83 66 131 132 133 103 224 182 201 214 167 168 53 155 80 82 55 84 85 86 81 75 79 63 9 77 78 42 30 223 156 150 140 141 139 25 26 27 128 123 51 197 50 154 40 96 151 87 93 120 18 19 209 196 173 114 204 7 64 65 31 68 216 164 210 237 238 189 107 186 180 158 159 118 71 117 202 200 199 235 70 198 208 41 207 69 215 73 74 72 97 98 221 143 99 124 183 181 54 47 32 14 239 105 113 115 20 170 92 6 4 5 217 218 219 126 169 138 28 176 160 203 161 144 162 163 108 122 8 10 157 234 233 149 90 147 88 89 212 211 165 91 166 46 48 129 12 13 11 229 231 0 62 121 230 232 206 135 137 44 45 171 178 179 172 174 134 136 195 193 194 34 177 94 106 43 17 116 59 22 109 146 142 23 15 21 16 24 153 1 2 57 127 125 76 95 119 187 184 38 36 37 39 226 49 3 52 190 148 228 222 225 130 213 145 188 104 227 175 29 205 33 220 236 35 192 56 60 101 102 100 61 112 111 185 58 191 152 110 
128 123 26 210 133 224 131 132 76 12 74 93 95 194 150 19 151 193 124 121 219 120 217 18 119 127 157 125 1 154 82 155 156 23 24 21 136 209 134 173 239 46 91 48 196 49 174 223 172 164 237 238 189 66 30 67 25 27 51 197 50 40 96 87 167 103 81 79 80 106 43 105 94 34 177 97 148 13 11 10 92 8 9 63 0 62 98 228 71 175 69 73 72 232 153 220 236 179 178 116 39 37 38 83 57 129 130 109 16 126 190 52 47 226 86 218 235 113 115 183 215 99 17 221 143 117 168 118 233 225 222 229 85 231 205 166 54 165 55 88 90 212 64 211 7 65 169 227 191 192 77 122 184 185 234 78 161 60 20 22 4 6 14 15 28 216 68 204 114 53 89 195 35 108 33 56 2 152 147 149 142 135 139 137 213 181 146 36 145 144 188 186 180 198 230 104 163 208 100 41 171 170 3 5 75 31 32 44 45 162 176 199 70 138 140 141 42 182 201 214 187 59 158 160 84 159 200 107 110 61 101 29 102 58 112 207 111 202 203 206 
146 36 213 234 134 239 136 209 20 21 22 135 137 138 189 180 188 169 37 38 119 184 185 186 187 190 51 52 107 145 156 223 238 159 118 158 70 198 199 230 235 77 121 122 229 231 232 237 220 236 218 226 208 224 164 210 183 181 205 166 54 144 142 109 196 173 151 150 155 42 79 80 139 140 141 130 143 16 23 27 123 25 26 19 57 1 129 115 147 148 149 153 24 116 117 59 113 114 204 65 161 160 203 133 106 124 215 182 35 192 112 206 162 219 120 217 165 55 53 44 39 32 14 47 31 5 49 3 50 152 191 193 131 194 72 225 73 222 172 127 125 126 227 64 104 175 69 110 58 111 154 40 101 102 197 128 96 4 167 168 28 15 33 34 94 89 195 132 103 174 157 233 178 76 179 105 56 60 221 99 214 216 67 68 200 45 201 202 98 97 207 100 41 212 211 177 228 86 63 81 85 83 84 176 18 163 108 78 9 74 95 88 90 71 66 30 82 46 91 48 61 7 171 87 93 170 92 43 17 0 62 2 29 6 11 75 13 10 8 12 
20 21 22 134 135 136 137 138 42 79 80 139 140 141 142 130 109 143 16 23 121 27 123 25 26 19 57 1 129 115 144 145 146 147 148 149 184 188 186 189 180 198 229 230 238 237 223 213 156 209 183 181 36 205 166 54 153 24 116 117 59 113 114 204 65 169 161 160 203 44 200 45 170 171 178 66 179 63 81 85 231 83 84 78 92 9 67 105 103 224 132 155 82 34 177 94 106 43 41 17 235 197 50 162 48 232 220 152 90 18 194 193 211 215 122 124 118 60 58 32 14 0 62 2 29 6 7 4 56 150 151 35 108 33 225 127 222 125 126 157 233 221 120 99 219 217 119 133 93 131 28 15 154 128 107 176 104 11 111 110 86 75 88 89 195 53 55 206 112 64 234 239 49 174 196 46 91 95 236 228 191 187 101 102 52 47 190 51 192 227 38 40 37 158 159 210 173 182 98 201 208 207 226 218 77 165 212 199 70 172 164 168 167 185 100 61 202 31 68 30 96 13 5 175 163 3 216 39 76 8 97 10 87 12 72 214 74 71 69 73 
189 180 188 169 136 138 134 135 210 133 224 209 173 239 146 36 213 234 106 107 124 183 215 181 182 158 35 159 38 238 109 142 145 52 192 190 112 205 206 54 162 219 120 217 166 165 55 144 53 65 161 160 203 22 115 20 184 186 198 229 230 237 223 156 139 137 27 25 130 46 91 48 196 49 174 155 172 93 131 151 18 150 19 26 154 128 82 164 66 30 67 103 132 104 227 175 163 195 89 236 218 226 208 21 37 119 185 187 51 118 70 199 235 77 121 122 231 232 220 43 105 94 95 34 177 179 140 178 33 167 168 28 23 15 13 99 17 221 143 125 127 157 117 233 116 59 60 68 71 216 57 56 201 214 108 1 2 76 152 191 193 194 50 47 32 204 114 24 153 141 126 64 3 4 5 39 40 69 222 225 102 111 149 110 100 41 101 207 61 29 202 200 45 84 176 31 7 78 10 92 88 90 212 211 123 113 197 86 75 6 14 85 83 58 147 148 129 42 79 80 98 228 170 0 16 171 81 44 73 87 8 96 97 74 12 9 72 63 62 11 
142 130 109 143 137 141 135 139 54 162 205 138 169 136 20 21 22 134 48 129 232 153 220 24 152 149 90 147 23 146 204 114 115 1 18 19 194 116 193 59 211 215 122 124 117 118 60 113 58 17 235 197 50 80 105 42 27 25 188 238 189 213 145 144 170 140 85 83 66 31 68 30 65 7 64 203 126 163 108 161 77 160 78 84 28 176 202 166 100 61 101 112 206 219 120 217 165 55 53 209 183 181 36 79 16 121 123 26 57 148 184 186 180 198 229 230 237 223 156 39 46 195 164 89 210 196 171 49 88 111 110 86 81 75 74 228 76 236 179 233 157 234 177 239 34 94 95 102 185 187 92 91 190 191 212 9 10 174 150 151 35 33 56 2 0 41 43 82 155 178 221 99 4 11 6 14 15 119 125 127 128 131 132 133 40 37 154 38 96 87 51 52 47 226 218 29 13 199 71 216 168 167 158 159 231 106 107 182 214 12 62 208 207 93 103 224 67 44 200 45 192 173 3 8 63 5 201 32 222 175 69 104 227 172 73 70 225 98 97 72 
54 162 205 137 138 135 169 136 31 68 30 65 7 64 145 203 144 126 163 108 122 161 77 160 78 84 28 176 202 166 213 146 142 100 61 101 153 22 24 20 21 116 117 59 115 113 114 109 204 139 27 25 130 188 238 189 112 206 219 120 217 165 55 53 209 134 183 181 36 39 40 37 5 3 4 103 6 71 216 168 118 167 158 182 201 214 132 14 155 80 82 66 67 2 29 0 16 32 47 222 211 212 88 180 45 60 58 111 207 231 75 86 218 123 124 121 18 119 185 195 164 175 69 104 227 172 173 174 15 83 85 57 107 56 228 233 236 157 234 221 99 125 229 127 198 230 232 79 63 81 35 33 92 9 23 159 34 73 187 102 199 70 208 41 43 156 223 186 184 239 143 141 171 178 170 44 200 62 17 13 110 152 190 191 147 89 149 90 148 177 129 91 48 19 1 42 140 26 96 154 50 51 197 235 215 237 226 193 194 179 105 151 150 220 52 192 38 210 133 224 10 225 196 94 106 49 131 46 11 97 87 98 8 72 74 128 12 93 95 76 
42 79 80 135 139 137 140 141 44 200 45 170 171 178 114 66 204 179 63 81 229 85 231 83 84 78 92 9 67 105 113 115 20 103 224 132 27 109 25 142 130 188 238 189 146 213 145 22 144 138 153 24 21 116 117 59 155 82 34 177 94 106 43 41 17 143 235 197 50 32 52 47 3 5 49 100 196 98 201 208 237 207 226 199 216 70 101 46 112 205 206 203 202 89 210 195 48 39 37 76 180 107 56 211 30 223 156 150 167 77 33 35 159 220 230 232 148 95 93 0 62 8 97 10 87 12 13 11 91 160 161 90 212 88 127 157 125 233 221 234 239 236 122 228 215 124 121 162 163 108 86 75 28 176 129 218 219 72 131 133 182 214 168 53 55 58 60 193 194 99 134 136 7 64 65 31 68 164 209 173 151 26 154 128 1 2 19 57 18 120 23 15 16 149 147 54 169 152 192 190 36 38 181 183 198 118 158 186 184 126 166 110 111 123 40 96 51 29 102 61 104 74 6 217 165 4 187 14 174 69 227 71 175 73 225 191 172 185 119 222 
114 66 204 179 140 178 139 170 59 211 116 141 143 137 42 79 80 135 30 67 223 155 156 82 150 132 167 103 81 20 41 43 105 9 77 78 33 34 35 94 159 220 230 232 177 148 95 106 93 76 180 107 56 45 46 44 85 83 109 146 142 22 115 113 3 171 208 207 100 29 102 61 17 13 99 50 221 165 212 235 198 197 199 226 86 218 51 117 40 96 154 194 193 215 122 124 118 60 58 138 153 24 21 200 63 229 231 84 92 224 27 25 130 188 238 189 213 145 144 14 31 55 166 53 54 65 5 7 168 131 133 182 201 214 172 173 174 209 196 239 234 134 210 136 89 195 164 128 123 26 216 68 19 151 158 70 71 64 160 161 90 88 91 10 8 37 39 202 203 49 236 228 11 72 12 62 75 121 233 157 176 108 206 162 15 16 28 23 104 175 57 1 2 181 183 87 74 186 185 187 110 111 149 147 237 48 129 152 191 73 97 36 38 163 112 205 101 32 52 47 18 169 4 69 98 6 190 0 125 217 119 219 120 126 222 184 127 192 227 225 
59 211 116 140 141 139 143 137 29 102 61 17 13 99 115 50 113 221 165 212 230 235 198 197 199 226 86 218 51 117 22 20 114 40 96 154 155 80 82 42 79 34 177 94 105 106 43 204 41 170 85 83 66 109 146 142 194 193 215 122 124 118 60 58 138 135 153 24 21 14 15 16 6 4 11 112 12 185 187 110 148 111 149 152 190 191 206 62 203 45 202 100 101 10 87 8 63 0 2 125 159 158 168 130 47 95 93 131 38 237 214 182 183 231 232 229 77 121 123 55 166 217 119 219 120 126 169 64 75 207 208 92 129 91 173 239 209 234 134 236 228 233 238 157 188 189 223 200 98 201 90 88 216 70 81 147 89 222 26 128 186 184 36 37 39 144 145 25 27 136 179 178 5 49 3 32 52 97 76 74 133 150 19 151 103 53 132 167 224 210 67 68 30 78 9 44 171 84 104 28 56 57 107 180 220 213 181 35 33 196 46 161 160 156 1 18 23 54 162 205 71 127 65 195 48 7 108 31 72 227 175 192 69 225 172 176 73 163 164 174 
22 115 20 144 142 145 109 146 147 148 149 130 129 25 135 139 137 27 50 113 221 143 99 141 17 59 211 116 140 21 134 136 138 42 79 80 53 54 55 205 166 176 231 84 162 108 206 169 112 203 126 64 65 189 180 188 204 114 1 18 19 23 24 153 36 213 234 239 209 49 174 196 48 46 91 152 92 95 177 232 229 220 230 236 179 228 191 90 187 101 102 111 110 86 81 75 88 89 195 26 28 15 16 238 170 85 83 66 105 117 0 2 57 127 157 125 120 151 150 47 51 194 93 193 131 154 38 40 212 58 60 218 237 226 214 215 182 124 183 122 77 121 118 123 159 158 168 61 62 29 235 197 6 13 165 198 199 96 155 82 34 94 106 43 41 184 186 223 156 181 161 160 44 200 45 171 178 63 78 9 67 103 224 132 31 32 30 14 68 216 7 4 5 217 219 100 202 222 73 172 163 164 33 35 233 107 56 104 175 201 207 119 185 167 210 133 173 52 192 190 11 128 37 70 208 39 227 3 10 74 72 76 12 87 97 225 8 69 71 98 
115 50 113 221 143 99 141 17 142 130 109 137 135 139 59 211 116 140 47 51 95 194 93 193 131 154 38 40 212 114 58 60 117 218 237 226 214 215 182 124 183 231 232 229 122 77 121 118 123 125 159 158 168 61 62 29 235 197 80 105 42 204 20 22 6 13 110 111 112 54 162 205 138 169 136 21 134 48 129 153 220 24 152 149 90 147 23 146 1 18 19 27 25 188 238 189 213 145 144 170 85 83 66 102 165 230 198 199 86 96 155 82 79 34 177 94 106 43 41 31 32 39 46 37 44 3 4 5 36 26 128 186 187 184 73 74 72 76 12 228 236 179 87 178 10 8 97 151 156 150 190 52 132 133 181 191 192 49 207 208 92 91 75 219 217 2 0 101 100 11 233 157 64 222 126 166 88 223 234 239 70 201 202 200 68 30 216 67 71 69 167 103 53 107 180 120 127 35 163 108 161 160 78 9 148 63 81 84 176 225 119 56 57 98 203 45 206 14 15 16 224 171 7 227 185 65 28 55 209 195 164 89 210 196 174 33 173 104 175 172 
138 65 169 161 144 160 145 203 22 115 20 142 109 146 205 166 54 213 5 7 168 53 167 55 103 30 14 31 165 136 112 206 162 219 120 217 175 176 104 84 28 233 221 157 231 229 85 108 83 78 35 33 163 101 207 100 126 64 189 180 188 134 135 137 45 202 60 58 111 147 148 149 130 129 25 139 27 50 113 143 99 141 17 59 211 116 140 21 42 79 80 204 114 1 18 19 23 24 153 36 234 239 209 61 88 125 127 222 218 68 156 223 238 159 118 158 107 186 184 49 3 47 51 32 52 37 44 39 16 66 67 2 29 0 97 214 98 182 201 215 124 183 216 181 199 70 71 82 150 155 6 4 224 132 15 13 11 40 185 119 235 197 226 86 75 43 41 102 187 200 122 77 91 10 92 90 212 151 121 123 225 227 191 192 174 196 172 173 73 72 164 210 195 56 57 81 9 34 95 177 232 220 230 198 117 208 237 236 228 8 63 106 105 69 152 190 110 171 178 170 133 38 46 12 62 48 179 89 26 194 93 193 131 154 96 94 128 76 74 87 
205 166 54 213 145 146 144 142 100 61 101 203 202 160 138 65 169 161 88 165 125 126 127 64 222 217 218 219 7 162 137 135 136 31 68 30 156 189 223 188 238 159 118 158 180 107 186 134 184 36 234 239 209 20 21 22 53 55 176 231 84 108 206 112 130 109 143 141 139 171 178 170 45 44 200 111 201 62 29 60 117 58 59 17 6 13 110 207 152 190 191 187 102 199 216 70 208 41 43 78 35 33 163 115 5 168 167 103 14 120 175 104 28 233 221 157 229 85 83 89 90 75 63 86 81 92 129 91 226 185 119 235 113 197 128 123 26 121 27 124 215 122 18 77 1 19 151 192 69 227 211 212 172 225 237 116 193 10 66 67 2 0 16 32 47 153 24 114 204 25 183 181 39 40 37 3 4 71 182 214 132 155 80 82 210 195 224 164 133 131 173 174 196 230 198 52 38 236 76 179 106 105 56 57 99 23 15 34 94 154 51 232 220 150 42 79 140 147 148 149 73 9 48 194 50 46 177 49 98 12 74 11 72 8 87 228 97 95 93 96 
188 238 189 109 146 142 213 145 52 192 190 36 38 181 136 209 134 183 208 237 157 234 233 239 236 230 235 198 173 180 169 138 135 210 133 224 204 20 114 22 115 1 18 19 21 23 24 137 153 130 143 141 139 54 162 205 156 223 159 118 158 107 186 184 203 144 126 64 65 3 4 5 37 39 40 187 154 69 227 119 120 185 217 222 172 225 102 51 111 149 110 152 191 193 131 194 50 47 32 182 57 56 106 166 196 151 150 155 164 229 94 34 35 99 125 221 117 168 167 41 207 70 71 199 216 201 202 200 197 220 232 211 165 212 9 77 78 122 161 121 123 124 231 215 176 84 85 148 95 177 218 226 179 228 113 219 86 98 103 132 104 175 163 195 89 112 206 55 53 160 27 25 46 91 48 49 174 93 26 128 82 66 30 67 42 43 80 105 79 81 140 178 170 59 116 147 129 17 11 6 16 14 15 28 127 108 33 2 0 92 90 60 58 83 31 68 7 100 61 101 76 214 45 75 88 44 29 171 96 72 12 73 74 97 8 13 87 62 63 10 
153 22 24 195 147 89 149 90 228 233 236 148 177 110 129 25 130 111 115 20 144 142 145 109 146 135 139 137 27 152 92 91 48 19 57 1 5 49 3 196 171 175 176 104 174 172 173 46 209 210 45 44 39 75 219 86 23 21 187 101 102 191 220 232 212 88 78 9 10 96 97 87 95 93 94 230 34 221 157 231 84 229 85 77 121 122 198 179 237 223 238 239 234 105 56 106 178 76 74 58 227 192 190 81 26 28 15 16 18 138 186 184 185 202 160 203 100 61 29 50 113 143 99 141 17 59 211 116 140 134 136 42 79 80 53 54 55 205 166 162 108 206 169 112 126 64 65 189 180 188 204 114 36 213 170 83 66 117 0 2 127 125 120 151 150 226 218 63 62 165 163 164 131 132 133 128 123 107 33 35 14 4 11 6 47 51 32 52 31 30 37 38 40 41 43 156 224 200 214 98 73 72 225 222 161 217 119 69 71 103 155 207 208 7 12 13 8 197 199 235 181 60 193 67 82 194 70 154 159 215 182 124 183 118 168 201 158 216 68 167 
228 233 236 147 148 149 177 110 96 97 87 95 93 94 220 230 232 34 221 157 176 231 84 229 85 77 121 122 198 179 191 152 153 237 223 238 142 130 109 129 25 49 174 196 48 46 91 24 92 90 23 21 22 187 101 102 239 234 105 56 106 178 76 74 58 111 227 192 190 50 47 51 194 193 131 12 133 214 98 73 172 72 225 69 70 71 11 128 62 75 63 10 8 151 156 150 26 154 40 159 171 170 140 185 235 173 209 134 208 161 80 42 43 15 104 28 57 107 180 143 99 215 182 124 183 118 60 117 123 9 78 18 119 120 54 162 205 108 206 163 164 33 160 35 202 203 144 81 82 79 127 125 204 83 27 222 126 168 188 189 200 201 207 226 218 29 61 184 186 112 195 89 211 165 212 197 199 155 210 224 136 146 36 213 137 141 135 139 138 169 20 114 115 1 19 86 88 16 31 32 39 37 44 45 175 100 41 3 5 166 219 2 0 145 38 181 52 17 6 13 66 158 59 64 217 116 4 113 132 68 30 216 67 167 53 14 103 7 65 55 
129 25 130 111 149 110 147 148 86 81 75 90 88 89 153 22 24 195 26 27 28 23 15 21 16 1 18 19 20 48 232 220 152 137 138 135 186 187 184 102 185 202 160 203 101 100 61 191 29 58 227 192 190 236 179 228 142 109 49 174 196 46 91 92 95 177 231 229 230 197 199 235 212 211 165 10 166 82 79 78 161 9 77 85 204 83 8 219 12 13 11 62 63 126 169 64 217 218 226 210 45 44 39 233 115 144 145 146 139 57 5 3 171 175 176 104 172 173 209 154 128 150 155 151 156 133 93 131 120 0 2 127 157 125 158 35 159 33 34 108 162 163 56 164 105 106 107 6 7 4 121 123 32 14 119 122 124 132 134 136 42 80 140 141 143 74 76 234 239 94 206 112 116 117 59 113 114 65 205 54 213 188 238 189 38 40 36 37 181 183 52 47 51 225 222 17 60 69 216 70 207 208 41 43 84 178 170 200 201 118 99 73 72 180 237 223 198 96 97 87 31 224 194 215 221 193 98 50 55 67 68 66 30 103 167 71 53 214 182 168 
26 154 128 82 150 155 151 156 23 24 21 19 1 18 133 93 131 120 38 40 212 193 211 194 116 50 47 51 95 123 210 224 132 76 12 74 216 67 68 66 30 78 92 9 83 85 204 103 114 80 55 53 167 173 239 209 87 96 125 126 127 121 27 25 189 223 89 195 164 35 108 33 57 56 2 109 0 152 153 129 91 130 48 147 148 149 142 16 135 139 137 20 22 4 11 6 14 15 28 119 77 122 124 196 94 10 8 97 228 197 99 221 157 166 88 165 64 222 225 181 36 190 191 52 192 184 188 186 32 115 113 5 49 3 207 226 208 218 237 86 75 219 235 217 230 198 199 141 17 143 39 37 117 59 31 46 44 187 73 72 232 220 236 179 178 136 134 174 172 238 81 79 106 43 105 34 177 13 63 62 98 71 175 69 182 183 214 215 201 200 168 118 158 65 7 140 42 54 206 162 84 176 231 229 90 234 233 161 160 41 170 169 138 70 104 227 163 213 145 146 60 185 180 45 171 107 144 159 29 111 112 110 58 102 101 205 61 203 202 100 
133 93 131 120 151 18 150 19 209 196 173 156 223 155 26 154 128 82 94 95 10 87 8 96 97 74 228 76 40 132 25 27 123 51 197 50 99 125 221 127 157 166 88 165 126 64 222 121 225 119 77 122 124 21 16 23 193 194 67 83 66 103 224 210 57 1 129 130 109 213 145 146 189 188 238 164 237 171 49 89 90 195 147 48 39 46 163 239 104 227 175 172 174 230 235 198 234 134 136 80 55 53 167 24 38 212 211 116 47 12 216 68 30 78 92 9 85 204 114 159 34 178 170 179 140 105 56 106 236 73 72 232 153 220 61 62 29 63 0 75 86 81 11 79 4 6 13 69 70 71 148 177 214 98 233 149 110 43 115 113 5 3 32 52 190 28 15 22 20 2 219 217 186 187 184 36 37 199 218 226 59 143 137 141 118 158 117 168 60 58 215 182 183 231 229 192 185 161 203 144 169 138 65 7 91 14 31 54 205 102 191 84 176 17 135 139 142 35 108 33 201 42 107 111 152 180 162 181 208 45 202 44 200 41 100 160 207 206 112 101 
187 101 102 24 152 153 191 220 38 181 36 190 52 192 110 58 111 227 207 100 108 206 162 112 205 203 45 202 60 185 177 148 149 17 6 13 92 129 91 130 48 19 57 1 25 27 109 147 142 22 195 89 90 228 233 236 29 61 222 172 225 119 184 186 230 232 34 94 95 193 131 194 51 50 47 188 32 182 183 107 56 180 106 159 118 158 189 37 134 135 136 146 213 3 4 5 39 40 154 69 18 120 217 179 59 2 0 62 99 160 64 126 127 164 33 163 174 73 72 226 208 201 214 200 98 70 198 199 44 145 144 171 178 170 83 84 85 176 231 28 15 104 161 175 122 77 78 138 65 169 43 41 166 54 46 105 42 216 12 11 124 215 221 143 141 239 234 76 74 229 23 21 113 114 115 116 117 7 16 14 63 10 87 8 86 218 75 219 81 79 88 165 212 196 49 137 20 210 132 133 26 128 123 121 35 157 125 151 150 204 139 173 209 9 96 97 93 237 223 238 55 71 235 80 140 197 156 211 31 167 103 168 53 68 67 224 30 155 82 66 
130 48 129 232 153 220 24 152 137 138 135 22 20 21 149 90 147 23 39 46 163 195 164 89 210 196 171 49 88 25 111 110 148 86 81 75 74 228 76 236 179 122 161 77 233 157 234 177 239 230 34 94 95 102 185 187 92 91 19 57 1 27 109 142 190 191 206 112 58 116 117 59 115 113 114 146 204 65 169 144 160 145 203 205 166 54 213 139 188 238 189 134 136 42 79 80 140 141 143 16 121 123 26 101 212 78 9 10 219 174 150 151 18 35 108 33 56 2 0 40 37 5 7 3 4 32 52 47 170 209 173 43 100 41 71 175 69 104 227 176 84 28 172 15 222 225 73 223 155 156 45 44 133 224 178 202 200 31 62 63 126 64 217 218 226 186 184 61 29 192 231 229 197 199 235 211 165 82 85 83 8 12 13 11 96 154 87 128 97 98 93 131 194 106 105 237 198 159 168 118 221 99 125 127 162 119 120 124 215 70 208 107 180 72 17 6 60 38 181 36 132 14 51 201 207 50 183 193 66 53 167 55 103 30 68 158 67 182 214 216 
51 197 50 26 154 128 40 96 186 187 184 38 36 37 194 116 193 39 199 235 90 212 88 211 165 218 237 226 59 47 95 93 131 143 137 141 82 150 155 151 156 23 24 21 19 1 18 133 120 123 210 224 132 76 12 74 115 113 5 49 3 32 52 190 97 87 148 177 94 158 35 159 181 183 213 192 146 101 102 152 153 191 220 110 58 111 227 188 225 127 222 119 185 134 135 136 189 180 107 44 16 14 31 228 117 22 20 114 17 86 65 7 4 195 147 89 196 171 170 216 70 207 100 208 41 200 98 201 238 217 219 239 236 234 78 92 9 91 10 129 130 48 75 46 62 63 81 126 169 64 230 198 55 166 223 232 229 202 140 139 29 61 13 99 221 73 72 179 178 8 25 27 215 122 124 118 60 138 109 142 204 80 105 42 67 68 66 30 83 85 103 53 167 173 209 125 121 164 108 33 57 56 2 0 149 11 6 15 28 77 157 174 172 79 106 43 34 71 175 69 54 45 214 231 233 182 104 168 145 206 162 112 205 203 160 163 144 176 84 161 
66 30 67 223 155 156 82 150 140 141 139 80 42 79 132 167 103 81 14 31 165 55 166 53 54 65 5 7 168 83 131 133 224 182 201 214 172 173 174 209 196 230 235 198 239 234 134 210 136 189 89 195 164 128 123 26 216 68 78 92 9 85 204 114 19 151 193 194 93 34 177 94 105 106 43 20 41 17 143 113 197 115 50 116 117 59 22 170 109 146 142 135 137 44 200 45 171 178 179 63 229 231 84 154 158 199 70 71 215 64 160 161 77 90 212 88 91 10 8 15 16 6 13 4 11 0 1 2 3 138 169 39 40 37 185 217 119 219 120 218 226 86 126 75 125 127 222 145 203 144 47 32 162 205 49 51 52 29 97 98 221 99 124 183 181 25 27 96 87 18 237 238 107 186 180 159 118 202 208 207 69 73 74 72 104 28 175 176 227 192 163 108 33 48 46 213 188 147 110 148 236 228 233 157 211 121 122 232 220 184 36 129 130 225 76 12 95 23 24 21 206 62 57 190 38 56 153 35 100 58 111 60 112 61 102 149 101 152 191 187 
209 196 173 151 156 150 223 155 213 145 146 189 188 238 224 164 210 237 171 49 88 89 90 195 147 48 39 46 163 239 103 132 133 104 227 175 87 128 96 26 154 125 126 127 123 121 27 131 25 19 193 194 93 67 83 66 172 174 230 235 198 234 134 136 80 82 55 53 167 159 118 158 180 107 186 135 184 203 144 169 64 138 65 54 162 205 137 36 20 21 22 109 142 52 192 190 38 181 183 208 157 233 236 30 33 222 225 73 176 91 220 232 229 211 165 212 197 199 70 178 170 45 202 44 200 41 42 43 37 130 129 47 31 32 62 75 63 86 81 219 217 218 92 226 78 9 10 24 152 153 5 3 148 149 40 7 4 100 71 69 161 160 84 28 15 114 204 68 216 79 120 18 56 2 57 35 108 191 119 185 72 97 214 98 76 179 74 228 12 11 95 177 94 50 51 23 1 116 60 117 124 215 122 77 166 85 231 221 99 0 16 113 115 8 182 201 168 140 141 139 110 207 105 6 14 106 143 34 187 112 58 206 111 101 61 59 102 17 13 29 
229 85 231 127 157 125 233 221 238 208 237 234 239 236 122 161 77 228 204 83 8 9 10 78 92 81 82 79 160 232 215 124 121 162 163 108 1 18 19 120 151 192 69 227 119 185 217 123 219 126 128 26 27 118 60 117 176 84 148 95 177 220 230 198 143 99 214 182 183 146 36 213 134 136 209 235 173 41 207 70 71 199 216 201 202 200 197 223 211 165 212 218 226 224 164 210 156 189 188 179 191 152 153 168 144 175 104 28 206 63 147 149 110 96 97 87 93 94 34 20 114 42 43 80 105 140 141 139 155 86 75 132 167 103 4 11 6 12 13 72 73 74 62 76 61 29 0 88 89 90 67 66 129 91 150 68 30 170 35 33 101 100 112 205 54 116 59 158 159 17 225 222 138 65 169 145 203 195 172 174 15 57 107 56 21 22 23 24 16 14 25 130 109 131 133 166 64 154 37 38 184 186 187 102 98 58 111 190 52 7 55 194 193 2 180 106 181 115 50 113 48 178 137 31 53 135 51 142 196 44 39 45 46 171 3 40 49 47 32 5 
107 186 180 167 158 168 159 118 28 23 15 35 33 34 183 213 181 94 187 184 154 38 40 36 37 52 192 190 146 106 124 215 182 136 209 134 199 216 70 68 71 82 150 155 67 66 30 214 31 53 97 98 201 221 143 99 189 188 178 76 179 105 56 57 60 117 123 121 122 160 78 161 108 162 163 2 164 24 21 19 151 1 18 27 109 25 0 104 6 7 4 14 16 172 173 174 175 176 84 177 80 42 43 125 145 156 223 238 135 51 171 170 140 87 128 96 74 228 236 101 102 152 153 191 220 110 58 111 227 32 47 225 127 222 212 193 211 194 116 131 133 93 50 95 115 113 197 5 49 3 119 185 44 39 69 120 217 149 234 239 20 22 137 138 169 13 17 157 233 59 132 103 205 166 54 144 142 196 224 210 237 198 229 230 207 100 208 41 226 218 200 45 202 72 73 65 55 8 92 9 83 85 204 114 26 141 139 79 81 165 64 12 11 235 231 232 77 61 62 29 46 148 112 219 126 206 63 203 195 129 91 130 48 147 90 10 89 75 86 88 
183 213 181 94 159 34 158 35 99 125 221 118 117 168 107 186 180 167 145 146 156 189 223 188 238 134 135 136 184 182 57 56 106 190 51 52 171 178 170 179 140 87 128 96 76 74 228 105 236 177 80 42 43 15 104 28 38 36 216 67 68 214 215 124 108 33 19 1 2 61 62 29 60 58 59 122 116 126 127 123 26 121 27 18 119 120 77 143 231 232 229 233 157 115 50 113 141 17 13 53 97 98 201 23 187 154 40 37 192 209 199 70 71 82 150 155 66 30 31 203 144 169 64 138 65 54 162 205 137 234 239 20 21 22 89 210 195 224 164 133 131 132 173 103 172 174 196 230 235 198 109 142 208 237 139 25 130 166 32 47 225 222 227 191 152 84 176 16 14 163 93 95 111 149 110 102 185 197 194 193 39 3 4 5 45 202 44 200 46 48 41 207 100 204 114 220 148 79 75 63 12 11 72 73 151 175 69 8 10 147 153 83 85 49 6 7 0 160 78 161 226 55 206 129 24 112 9 101 211 219 86 217 218 165 88 81 212 92 91 90 
84 28 176 202 160 203 161 144 81 82 79 78 9 77 162 163 108 122 23 15 158 35 159 33 34 56 2 57 164 231 54 205 206 174 73 172 187 101 102 100 61 199 216 70 207 208 41 112 43 45 60 58 111 169 136 138 175 104 233 221 157 229 85 83 142 145 53 55 166 90 212 88 92 91 10 204 8 150 155 67 68 66 30 103 224 132 114 63 139 170 140 42 80 11 72 12 62 75 86 121 198 230 232 65 195 71 69 227 173 107 228 236 234 117 168 118 99 125 127 24 21 19 151 1 18 27 109 25 0 105 106 6 7 4 38 181 36 183 213 182 214 215 180 124 189 188 186 178 76 179 14 16 177 94 29 31 32 26 222 225 223 156 209 196 49 137 135 64 126 146 201 200 48 39 46 89 210 74 98 97 192 185 217 119 152 153 191 220 190 52 110 148 149 17 13 171 44 59 193 211 226 218 237 238 167 134 239 235 197 37 3 143 141 184 219 120 165 22 115 20 95 123 130 47 5 129 113 147 87 131 194 133 93 128 154 116 96 50 51 40 
162 163 108 122 161 77 160 78 138 65 169 144 145 203 84 28 176 202 195 164 71 175 69 104 227 172 173 174 15 206 83 85 231 57 107 56 228 233 236 157 234 117 168 118 221 99 125 229 127 121 198 230 232 79 63 81 35 33 101 207 100 112 205 54 92 9 67 66 204 22 115 20 142 109 146 166 213 5 7 53 167 55 103 30 14 31 165 136 219 120 217 126 64 189 180 188 134 135 137 45 60 58 111 82 23 158 159 34 2 73 187 102 61 199 216 70 208 41 43 147 89 49 3 196 171 46 91 48 209 222 225 223 155 156 96 97 87 98 8 214 182 201 72 200 11 12 74 119 184 185 224 210 191 192 239 132 133 39 105 106 6 4 0 1 19 86 75 80 42 10 215 124 25 26 27 21 16 186 183 181 94 179 140 178 148 149 177 110 95 93 220 152 153 237 238 18 123 235 50 113 143 141 17 13 68 62 29 59 116 128 151 226 218 76 139 170 114 90 212 88 190 44 129 131 150 130 211 24 36 47 51 32 52 37 40 197 38 193 194 154 
176 231 84 54 162 205 108 206 174 73 172 163 164 33 160 78 161 35 232 229 215 122 124 77 121 157 234 233 9 28 202 203 144 81 82 79 137 138 135 169 136 31 68 30 65 7 64 145 126 166 213 146 142 100 61 101 83 85 57 107 56 15 104 175 111 112 201 200 45 48 39 46 195 89 210 227 224 74 72 71 216 69 70 98 8 97 192 173 185 217 119 222 225 223 155 156 209 196 49 34 14 16 23 207 92 67 66 204 63 221 19 1 2 181 182 183 180 106 105 153 220 228 76 236 179 177 110 148 239 127 125 238 208 237 116 117 59 118 60 168 167 158 99 159 13 17 143 120 151 18 198 230 27 123 134 199 235 95 42 80 11 12 62 75 86 187 102 41 43 58 53 55 90 212 88 91 10 150 103 132 114 139 170 140 22 24 20 21 115 113 109 25 130 188 189 219 165 36 40 37 5 3 4 6 214 29 0 32 47 211 218 186 184 141 171 178 44 152 190 191 26 94 149 197 226 147 52 129 133 96 154 87 128 93 194 38 131 51 50 193 
174 73 172 162 163 108 164 33 48 39 46 195 89 210 104 227 175 224 74 72 68 71 216 69 70 98 8 97 192 173 15 28 176 185 217 119 122 161 77 160 78 138 65 169 144 145 203 84 202 206 83 85 231 57 107 56 222 225 223 155 156 209 196 49 34 35 14 16 23 153 22 24 147 149 90 171 88 40 37 5 7 3 4 32 52 47 170 91 43 100 41 45 44 75 219 86 92 129 130 133 136 134 239 2 191 64 126 127 184 214 237 238 189 66 30 67 82 150 151 228 76 96 154 87 128 93 94 95 10 200 201 63 0 62 117 168 118 167 158 53 55 103 182 132 181 183 215 207 226 208 11 12 198 199 9 6 13 194 18 120 36 38 186 187 102 105 106 1 19 159 54 205 110 58 111 152 190 218 166 165 125 121 27 123 233 236 157 234 221 99 229 230 232 79 81 101 112 204 115 20 142 109 146 213 31 180 188 135 137 60 61 80 42 124 25 26 21 179 140 178 235 131 177 17 29 148 139 220 212 50 113 51 197 193 116 114 211 141 143 59 
104 227 175 224 164 210 163 195 56 2 57 33 35 108 174 73 172 162 191 192 64 222 126 225 127 119 184 185 72 176 49 196 173 97 214 98 237 223 238 156 189 66 30 67 155 82 150 209 151 133 136 134 239 46 91 48 71 69 161 144 160 84 28 15 147 89 5 3 171 179 140 178 34 94 159 23 158 29 0 14 31 16 32 4 11 6 21 107 25 26 27 19 1 181 182 183 180 106 105 206 83 85 231 39 74 68 216 70 8 217 122 77 78 138 65 169 145 203 202 220 152 102 61 187 101 111 149 110 186 18 120 36 37 38 211 165 212 166 88 55 53 54 219 205 75 86 218 123 124 121 52 190 157 125 188 47 51 58 200 201 63 62 10 87 96 130 129 44 45 90 103 132 95 194 93 76 12 215 167 168 199 208 41 207 230 232 198 229 235 197 234 233 236 146 213 128 131 135 141 139 80 42 79 81 7 92 9 204 114 193 154 142 109 226 43 100 170 153 22 24 221 112 148 50 40 177 20 228 118 17 143 13 99 60 59 137 117 115 113 116 
64 222 126 211 165 212 166 88 30 14 31 55 53 54 219 120 217 205 172 225 102 185 187 119 184 192 69 227 18 169 75 86 218 123 124 121 230 235 198 197 199 141 17 143 113 115 50 226 51 193 207 208 237 92 129 91 125 127 145 203 144 138 65 7 89 90 62 63 81 155 80 82 103 132 167 5 168 15 16 6 13 4 11 0 1 2 3 68 39 40 37 47 32 214 215 182 216 67 66 162 137 135 136 10 151 99 221 157 27 191 213 146 142 100 61 101 202 160 161 173 174 104 28 175 176 163 195 164 71 52 190 98 8 97 177 110 148 111 149 58 60 112 152 206 24 153 220 38 181 36 72 73 188 186 70 12 74 33 77 122 21 23 25 26 128 46 48 9 78 147 59 116 133 93 131 150 19 183 117 118 233 229 85 231 239 209 234 134 236 228 238 189 223 200 201 154 194 41 105 42 114 204 20 22 29 130 109 139 140 95 96 45 44 232 83 84 79 196 171 49 180 108 210 76 87 224 170 156 158 56 106 57 107 35 34 43 159 178 179 94 
219 120 217 205 166 54 165 55 91 10 92 88 90 212 64 222 126 211 151 18 99 125 221 127 157 121 27 123 225 218 7 65 169 227 191 192 213 145 146 144 142 100 61 101 203 202 160 138 161 162 137 135 136 31 68 30 185 119 235 113 197 226 86 75 103 53 6 4 5 196 171 49 89 195 147 81 149 87 8 62 29 63 0 11 72 12 79 129 83 84 85 78 9 24 152 153 130 48 46 193 207 208 237 14 172 102 187 184 69 124 230 198 199 141 17 143 115 50 51 156 150 128 96 26 154 131 132 133 25 77 122 21 16 23 159 118 158 117 168 60 58 59 215 116 214 182 183 231 232 229 1 19 234 233 109 2 57 93 52 190 98 97 71 175 104 66 67 32 47 167 112 206 164 33 163 174 73 220 111 110 186 36 37 38 189 223 188 238 180 107 134 239 209 20 22 176 108 139 178 170 45 44 200 201 13 216 70 41 43 35 28 114 204 181 39 40 3 155 80 82 236 194 224 56 15 210 42 173 148 76 179 74 228 95 94 140 177 105 106 34 
182 201 214 132 167 103 168 53 107 186 180 158 159 118 68 71 216 117 202 200 197 199 235 70 198 208 41 207 69 215 31 30 67 73 74 72 81 82 79 155 80 26 154 128 150 151 156 66 223 224 114 204 83 7 64 65 97 98 221 143 99 124 183 181 54 55 47 32 14 28 23 15 35 33 34 213 94 187 184 38 40 36 37 52 192 190 146 106 136 209 134 189 188 178 76 179 105 56 57 60 123 121 122 5 175 96 87 8 225 226 233 157 125 115 50 113 141 17 13 160 203 101 102 100 61 112 205 206 43 238 237 170 3 171 90 212 88 211 165 193 194 116 218 59 217 219 86 239 236 234 44 45 229 230 42 39 46 111 11 12 119 185 222 172 174 138 169 4 6 166 131 133 163 195 164 104 227 228 93 95 10 63 0 62 78 161 9 77 92 91 85 231 84 139 140 173 210 20 24 21 19 1 18 120 51 126 127 27 25 89 196 137 135 75 2 29 16 144 142 145 232 58 162 48 49 108 109 176 177 152 153 191 220 110 149 22 148 130 129 147 
68 71 216 117 168 118 167 158 65 5 7 53 55 103 182 201 214 132 175 69 96 97 87 98 8 72 225 73 200 67 181 183 215 207 226 208 233 221 157 99 125 115 50 113 143 141 17 124 13 60 123 121 122 180 106 107 199 70 82 150 155 66 30 31 35 159 38 36 213 144 142 145 54 205 166 14 165 49 3 47 51 32 52 37 44 39 16 64 2 29 0 6 4 217 218 219 126 169 138 224 114 204 83 186 202 197 235 198 41 74 81 79 80 26 154 128 151 156 223 176 104 174 196 172 173 164 33 163 222 11 12 119 184 185 148 95 177 93 94 194 193 131 76 133 178 179 228 62 75 63 192 227 9 10 127 190 191 195 238 237 170 171 43 100 101 57 56 188 189 34 116 59 206 111 112 203 45 86 211 212 230 234 134 239 231 84 229 85 232 220 77 78 161 18 120 61 58 27 130 109 137 135 139 140 40 105 42 20 22 110 102 19 1 236 136 209 146 28 23 15 92 210 108 152 187 162 21 160 88 48 129 46 91 89 147 25 90 24 153 149 
145 203 144 126 169 64 138 65 189 180 188 136 134 135 54 162 205 137 45 202 60 112 58 206 111 101 207 100 108 142 53 55 166 176 231 84 75 219 86 217 218 123 124 121 120 18 119 165 185 222 211 212 88 30 14 31 161 160 22 115 20 109 146 213 5 7 168 167 103 210 133 224 209 173 239 36 234 106 107 183 215 181 182 158 35 159 38 238 52 192 190 184 186 198 229 230 237 223 156 139 27 25 130 68 163 122 77 78 28 61 153 24 21 116 117 59 113 114 204 46 44 43 105 41 42 170 3 171 208 187 102 199 216 70 12 13 11 17 6 99 221 143 29 141 2 0 62 191 220 152 201 200 149 110 226 214 98 178 83 85 57 56 15 104 175 47 32 67 66 4 125 127 174 73 172 164 33 232 157 233 9 81 82 79 91 48 92 129 10 8 90 147 89 197 235 227 225 193 93 131 151 150 19 1 118 16 23 26 128 72 69 50 51 63 155 80 132 39 40 37 148 140 49 97 71 196 154 195 236 94 95 34 177 179 76 194 228 96 87 74 
44 200 45 139 170 140 171 178 32 52 47 3 5 49 43 100 41 196 98 201 238 208 237 207 226 199 216 70 101 46 106 105 42 112 205 206 85 204 83 114 66 109 146 142 20 22 115 80 113 141 155 82 79 34 177 94 203 202 89 210 195 48 39 37 76 179 180 107 56 0 1 2 4 6 7 40 65 192 190 36 213 38 181 186 187 184 154 31 194 116 193 50 51 53 54 55 30 14 16 174 130 129 91 159 61 145 144 160 111 198 88 90 147 156 189 223 224 164 163 8 97 69 227 71 175 73 74 72 68 197 235 167 158 168 157 234 233 239 236 134 136 209 230 173 220 232 229 211 165 212 182 214 86 218 67 183 215 225 108 162 152 191 110 58 60 93 95 35 33 228 135 137 13 99 17 29 102 166 138 169 161 84 28 176 9 10 78 92 77 122 81 75 63 132 103 59 143 150 18 19 21 23 24 153 188 148 149 25 27 221 117 133 131 231 15 104 57 87 128 96 219 172 12 124 118 11 26 62 64 119 120 185 217 222 127 151 126 123 121 125 
43 100 41 196 171 49 170 3 94 159 34 178 179 140 44 200 45 139 61 101 145 203 144 202 160 206 111 112 201 42 37 39 46 70 198 199 88 89 90 195 147 156 189 223 210 224 164 48 163 174 130 129 91 47 31 32 208 207 204 20 114 80 105 106 4 5 36 38 40 87 128 96 76 74 228 56 236 118 158 180 188 107 186 181 182 183 57 177 15 104 28 33 35 220 230 232 148 95 93 141 155 82 79 52 98 238 237 226 216 205 85 83 66 109 146 142 22 115 113 62 29 60 117 58 59 17 6 13 110 108 162 152 190 191 126 169 64 138 65 136 134 135 54 137 53 55 166 176 231 84 187 102 78 161 149 184 185 99 197 235 167 168 68 71 69 16 14 51 50 7 209 173 72 225 73 97 214 229 239 234 218 212 193 211 75 63 86 81 219 217 92 9 10 24 153 175 172 25 123 26 133 131 132 103 213 30 67 150 151 222 227 21 23 165 194 116 154 0 1 2 77 143 11 119 192 12 19 8 233 124 121 215 122 221 125 27 157 18 120 127 
164 33 163 222 172 225 174 73 223 155 156 173 209 196 175 176 104 49 34 35 14 15 16 28 23 57 107 56 84 195 71 69 227 161 144 160 102 185 187 119 184 165 55 166 217 219 120 192 18 127 52 190 191 98 8 97 162 108 48 39 46 89 210 224 74 72 68 216 70 230 235 198 239 234 134 133 136 80 82 103 53 132 167 67 83 66 131 189 128 123 26 151 150 213 145 146 188 238 237 171 88 90 147 214 231 54 205 206 78 2 130 129 91 47 31 32 37 44 45 177 94 105 42 106 43 178 76 179 180 19 1 181 182 183 17 6 13 4 11 7 65 5 0 3 63 62 29 27 109 25 158 159 24 21 186 168 118 140 202 203 81 79 9 77 122 96 87 201 200 12 64 126 233 221 157 229 85 142 169 138 112 101 207 100 110 148 111 149 58 60 152 153 220 38 36 121 125 51 113 197 218 226 86 75 30 10 92 212 211 99 124 40 154 61 208 41 199 95 194 93 22 170 228 117 215 236 193 232 135 114 115 204 20 139 141 50 137 116 59 143 
223 155 156 172 173 174 209 196 230 235 198 239 234 134 210 133 224 136 80 82 55 103 53 132 167 67 83 66 131 189 89 195 164 128 123 26 15 104 28 175 176 185 217 119 227 192 69 163 71 73 162 108 33 48 39 46 151 150 213 145 146 188 238 237 171 49 88 90 147 177 110 148 236 228 233 208 157 113 197 218 219 226 86 212 193 211 207 229 200 98 201 70 199 77 121 122 231 232 220 135 184 186 180 91 93 120 18 19 154 30 183 181 36 205 166 54 144 142 109 105 42 114 115 204 20 139 170 140 85 216 68 78 92 9 6 7 4 65 5 64 126 169 31 138 47 32 14 214 215 182 81 79 158 168 84 75 63 141 25 27 51 50 40 96 87 45 44 129 130 3 222 225 76 12 74 95 194 124 127 125 1 23 24 21 56 106 57 107 2 0 35 159 34 160 161 97 72 206 58 111 191 152 190 52 165 37 38 187 102 11 8 203 202 16 153 22 149 43 100 41 118 137 178 62 10 179 101 94 221 59 60 116 117 143 17 112 99 61 29 13 
175 176 104 49 174 196 172 173 97 214 98 73 72 225 164 33 163 222 231 84 54 162 205 108 206 160 78 161 35 227 224 210 195 56 2 57 130 48 129 46 91 47 31 32 39 37 44 89 45 171 88 90 147 156 189 223 15 28 185 217 119 192 69 71 239 209 103 132 133 95 194 93 74 76 12 70 11 215 182 68 30 216 67 167 158 168 199 8 208 41 207 200 201 63 0 62 10 87 96 127 52 190 191 155 34 14 16 23 107 144 102 187 184 165 55 166 219 120 18 232 229 122 124 77 121 157 234 233 9 202 203 81 82 79 137 138 135 169 136 65 7 64 145 126 213 146 142 100 61 101 83 85 111 112 92 66 204 221 19 1 181 183 180 106 105 237 238 150 151 134 5 3 179 140 178 94 159 29 4 6 21 25 26 27 153 220 24 152 22 20 149 110 148 86 75 43 170 212 116 193 40 154 38 36 53 188 186 51 50 139 42 218 226 109 128 123 131 230 235 198 58 125 236 114 80 228 197 177 13 117 59 118 60 99 143 211 17 113 115 141 
163 195 164 71 175 69 104 227 161 144 160 176 84 28 172 173 174 15 147 89 5 49 3 196 171 46 91 48 209 33 222 225 73 223 155 156 96 97 87 98 8 168 53 167 214 182 201 72 200 70 11 12 74 119 184 185 224 210 56 2 57 35 108 162 191 192 64 126 127 233 221 157 231 229 85 206 83 142 145 54 55 205 166 169 136 138 112 78 101 207 100 202 203 81 82 79 9 77 122 23 158 159 34 217 239 103 132 133 189 39 105 106 107 6 7 4 0 1 19 148 149 130 109 129 25 24 152 153 92 45 44 75 219 86 50 47 51 32 52 31 30 14 37 16 36 38 40 41 42 43 88 90 178 170 10 165 212 22 151 150 213 146 188 238 237 102 187 120 18 190 68 216 230 235 198 234 134 80 67 66 131 128 123 26 95 177 93 94 194 193 76 179 228 62 63 208 199 13 143 99 215 124 183 181 65 186 180 118 117 197 226 29 61 154 121 27 125 110 58 111 140 21 220 211 218 232 60 236 204 137 141 135 139 20 115 17 114 59 116 113 
161 144 160 175 176 104 84 28 233 221 157 231 229 85 108 206 162 83 142 145 53 54 55 205 166 169 136 138 112 78 35 33 163 101 207 100 49 174 196 172 173 97 214 98 73 72 225 164 222 227 224 210 195 56 2 57 202 203 81 82 79 9 77 122 23 15 158 159 34 148 95 177 232 220 230 121 198 143 99 215 182 124 183 118 60 117 123 234 18 119 120 127 125 238 208 237 239 236 228 204 8 10 92 107 111 201 200 45 61 65 86 75 63 132 167 103 155 80 42 130 109 137 141 135 139 20 21 22 134 126 64 189 180 188 47 31 32 30 14 68 216 67 7 66 6 4 5 217 218 219 213 146 88 165 209 181 36 115 43 41 13 17 29 102 187 19 1 106 105 16 71 69 152 190 191 110 58 226 70 199 44 171 178 170 48 129 46 91 39 37 89 90 147 156 223 185 192 133 194 93 74 76 12 11 168 0 62 87 96 52 184 150 151 3 179 140 94 25 26 27 212 114 24 38 186 153 128 149 235 116 193 59 211 113 50 131 197 154 40 51 
220 230 232 34 177 94 148 95 102 185 187 110 111 149 228 233 236 147 235 198 173 239 209 234 134 238 208 237 157 153 74 76 179 122 161 77 80 105 42 106 43 15 104 28 56 57 107 178 180 159 171 170 140 87 128 96 231 229 130 48 129 24 152 191 194 93 73 72 12 17 6 13 58 60 112 190 206 217 119 227 175 192 69 225 127 222 52 101 38 181 36 186 184 202 160 203 100 61 29 90 23 21 22 97 221 176 84 85 121 223 142 109 25 49 174 196 46 91 92 113 197 218 219 226 86 212 193 211 207 188 189 200 98 201 103 224 132 210 133 164 163 195 156 89 151 150 155 213 145 146 70 199 135 136 41 71 216 165 9 78 18 120 123 124 215 40 154 8 10 131 33 35 117 168 118 99 125 144 108 162 83 79 63 81 114 115 204 20 66 67 139 137 141 44 45 183 158 3 7 4 2 0 1 19 172 26 27 16 14 167 182 39 37 82 62 75 11 50 47 51 138 88 116 68 214 59 32 143 205 64 65 126 169 166 55 5 54 31 30 53 
94 159 34 171 178 170 179 140 87 128 96 76 74 228 105 56 106 236 118 158 189 180 188 107 186 181 182 183 57 177 80 42 43 15 104 28 203 45 202 44 200 89 210 195 46 48 39 41 37 3 208 207 100 204 20 114 33 35 220 230 232 148 95 93 141 139 155 82 79 62 75 63 12 11 72 194 73 123 26 133 224 131 132 150 19 151 193 97 50 47 51 40 154 71 175 69 98 8 10 233 147 149 110 66 2 164 163 108 23 213 191 152 153 237 223 238 198 229 231 60 117 124 121 215 122 221 143 99 214 38 36 216 67 68 169 136 138 134 135 209 173 239 146 234 109 142 145 52 192 190 167 168 187 184 201 103 53 125 84 176 25 27 21 16 14 113 115 83 85 137 196 49 6 7 4 0 1 227 174 172 162 160 78 161 112 58 206 111 205 54 101 102 61 199 70 32 5 226 219 86 91 92 129 130 156 22 24 90 88 65 31 235 197 144 9 77 81 59 211 116 185 157 17 55 30 13 212 29 225 120 217 18 119 127 126 218 222 165 166 64 
105 56 106 236 179 228 178 76 114 66 204 140 139 170 94 159 34 171 2 57 164 33 163 35 108 28 23 15 158 43 93 95 177 183 213 181 191 220 152 232 153 237 223 238 230 198 229 148 231 233 147 149 110 96 97 87 180 107 45 46 44 41 42 80 12 74 133 131 194 59 211 116 141 143 137 79 135 30 67 155 156 82 150 132 167 103 81 20 9 77 78 85 83 109 146 142 22 115 113 3 208 207 100 128 118 189 188 186 182 104 203 202 200 89 210 195 48 39 37 29 0 14 31 16 32 4 11 6 21 84 176 25 26 27 222 172 225 174 73 173 209 196 175 49 71 69 227 161 144 160 19 1 206 162 24 151 18 7 38 36 216 68 214 215 124 10 8 154 40 72 239 234 99 125 221 117 168 145 134 136 184 190 51 52 102 61 187 101 185 119 111 112 58 129 130 122 157 90 165 212 235 197 199 70 224 98 201 226 218 127 121 91 92 192 50 47 193 62 75 63 205 5 13 120 123 17 86 60 138 55 166 53 54 65 64 88 169 219 217 126 
159 118 158 189 180 188 107 186 178 76 179 106 105 56 181 182 183 57 60 117 123 124 121 215 122 221 143 99 214 35 38 36 213 216 67 68 169 136 138 134 135 210 133 224 209 173 239 146 234 238 109 142 145 52 192 190 167 168 28 23 15 33 34 94 187 184 154 40 37 45 46 44 43 41 42 177 80 12 74 93 131 95 194 96 97 87 148 140 220 230 232 236 228 114 66 204 139 170 171 2 164 163 108 51 201 132 103 53 71 125 84 176 104 25 26 27 21 16 14 112 58 13 11 17 6 29 102 61 141 233 157 115 50 113 219 120 217 18 119 151 150 19 127 1 225 222 126 229 85 231 116 59 161 77 137 193 211 62 31 30 73 72 69 70 199 152 191 47 32 185 156 223 207 226 208 200 98 83 155 82 55 65 5 7 205 206 54 162 166 165 144 160 203 22 20 198 237 130 91 48 196 49 174 172 128 227 175 195 89 218 235 24 153 64 3 4 39 111 149 110 78 0 101 212 197 100 147 202 79 10 92 8 9 63 75 129 81 90 88 86 
158 35 159 38 181 36 183 213 216 67 68 182 214 215 180 106 107 124 108 33 19 57 1 56 2 15 104 28 105 118 189 188 186 178 76 179 152 190 191 52 192 193 131 194 51 50 47 184 32 37 119 185 187 134 135 136 94 34 99 125 221 117 168 167 145 146 156 223 238 207 226 208 201 200 98 53 97 83 66 132 133 103 224 155 80 82 55 71 65 5 7 31 30 73 74 72 69 70 199 122 116 59 60 209 43 93 95 177 140 23 13 17 143 120 151 18 127 157 233 206 162 84 85 176 231 161 144 160 175 14 16 172 173 174 129 25 130 27 109 26 128 123 21 121 20 22 24 4 11 6 164 163 29 0 227 210 195 78 236 228 114 204 139 170 171 169 138 239 234 142 154 40 45 46 44 41 42 12 96 87 148 220 230 232 111 112 110 58 149 147 102 61 101 222 225 3 39 217 86 218 197 235 113 115 150 137 141 211 212 48 49 126 64 153 198 229 237 205 166 54 62 77 203 89 196 202 165 100 8 81 75 79 63 9 92 219 10 88 90 91 
216 67 68 181 182 183 214 215 207 226 208 201 200 98 168 53 167 97 83 66 131 132 133 103 224 155 80 82 55 71 117 118 158 65 5 7 57 107 56 180 106 190 51 52 186 184 188 159 189 213 94 34 35 99 125 221 31 30 73 74 72 69 70 199 122 124 116 59 60 206 111 112 202 203 45 198 44 86 218 197 50 235 113 211 165 212 230 41 234 134 239 238 237 170 3 171 43 100 101 8 192 227 175 143 54 47 32 14 64 150 174 172 225 95 194 93 76 12 11 84 85 81 75 79 63 9 77 78 42 223 156 140 141 139 25 26 27 128 123 154 40 96 151 87 120 18 19 209 196 173 114 204 164 210 105 115 20 92 6 4 217 219 126 169 138 233 157 17 13 121 38 36 144 142 145 205 166 49 37 39 16 2 29 0 28 176 15 104 23 21 33 163 108 179 178 136 146 177 149 110 187 102 185 119 193 127 222 191 152 109 135 228 236 1 61 62 58 231 232 229 195 10 161 22 137 160 220 162 46 90 147 88 89 91 129 148 48 153 24 130 
180 106 107 124 183 215 181 182 136 209 134 213 146 36 158 35 159 38 43 105 93 94 95 34 177 179 140 178 33 186 167 168 118 28 23 15 13 99 17 221 143 120 151 18 125 127 157 117 233 122 116 59 60 68 71 216 57 56 190 51 52 184 188 189 201 214 132 103 53 205 166 54 145 144 142 238 109 196 173 156 150 223 155 224 164 210 237 135 198 229 230 234 239 20 21 22 137 138 169 37 119 185 187 67 108 19 1 2 104 76 152 191 192 193 131 194 50 47 32 100 41 171 49 170 3 44 200 45 139 236 228 114 66 204 10 87 8 96 97 128 26 154 74 40 73 72 12 232 153 220 80 42 110 148 141 82 79 46 14 16 172 174 175 176 84 199 70 30 31 98 123 121 160 78 161 162 163 24 27 25 0 6 7 4 61 101 29 102 62 63 58 111 112 113 115 231 77 211 88 165 126 64 222 225 133 69 227 217 219 9 85 197 235 11 65 5 55 207 226 208 149 39 202 81 83 203 218 206 130 89 90 195 147 48 91 212 129 86 75 92 
36 37 38 119 184 185 186 187 134 135 136 188 189 180 190 51 52 107 44 39 16 32 14 47 31 5 49 3 50 181 152 191 192 193 131 194 72 225 73 222 172 121 27 123 127 125 126 227 64 217 104 175 69 110 58 111 154 40 158 35 159 183 213 146 101 102 24 153 220 198 229 230 238 237 223 145 156 139 137 109 25 142 130 22 115 20 144 209 205 166 54 169 138 210 133 224 173 239 234 106 124 215 182 149 197 26 128 96 116 4 167 168 118 28 23 15 33 34 94 200 45 170 140 171 178 43 100 41 196 65 7 195 147 89 63 0 62 2 29 1 19 57 6 56 17 13 11 55 103 53 48 46 68 30 174 129 91 42 95 93 143 141 59 211 212 206 112 148 177 61 18 120 226 86 218 235 113 132 151 150 87 74 228 76 98 201 97 214 8 10 71 216 70 163 164 165 219 176 85 231 157 233 221 99 21 60 117 122 77 75 88 108 162 12 236 179 232 202 160 203 67 105 207 92 90 208 161 199 155 204 83 114 66 80 79 84 82 78 9 81 
222 172 225 102 185 187 119 184 165 55 166 217 219 120 192 69 227 18 173 174 15 104 28 175 176 163 195 164 71 127 52 190 191 98 8 97 177 110 148 111 149 17 6 13 58 60 112 152 206 101 24 153 220 38 181 36 72 73 121 27 123 125 126 64 188 186 32 47 51 235 113 197 218 226 86 169 75 103 53 7 4 65 5 31 68 30 138 88 145 203 144 205 54 91 10 92 90 212 211 151 99 221 157 37 70 11 12 74 214 33 77 122 124 21 16 23 25 26 128 239 209 224 132 210 133 156 189 223 89 162 108 48 39 46 105 56 106 57 107 2 0 1 35 19 158 159 34 160 78 161 49 196 231 84 147 3 171 155 96 87 168 167 182 201 200 146 213 40 154 180 29 61 208 41 207 199 216 9 62 63 76 95 194 93 236 234 228 233 179 178 232 229 230 130 129 202 100 22 114 115 59 116 117 118 14 183 215 143 141 43 45 109 142 94 193 131 50 134 135 136 85 150 238 170 44 237 137 198 81 66 204 67 83 82 80 20 79 139 140 42 
190 51 52 107 186 180 184 188 111 149 110 187 102 185 36 37 38 119 197 50 26 154 128 40 96 194 116 193 39 192 146 213 181 3 4 5 167 158 168 159 118 28 23 15 35 33 34 183 94 106 124 215 182 136 209 134 32 47 225 127 222 227 191 152 238 189 109 142 145 202 160 203 101 100 61 220 29 90 147 24 21 153 22 130 48 129 232 58 236 179 228 177 148 17 6 13 60 112 206 217 104 175 69 135 44 16 14 31 49 131 72 73 172 121 27 123 125 126 64 199 235 212 88 211 165 218 237 226 59 95 93 143 137 141 82 150 155 151 156 19 1 18 133 120 210 224 132 76 12 74 115 113 97 87 117 20 114 86 65 7 195 89 196 171 170 234 239 138 169 223 57 56 41 42 43 45 46 11 2 0 30 53 54 55 216 70 68 71 67 66 214 98 201 221 99 178 105 122 78 161 108 162 163 164 25 173 174 176 84 80 140 157 233 103 205 166 144 198 229 230 8 219 208 204 139 207 231 200 62 92 9 91 10 75 81 77 63 85 83 79 
111 149 110 186 187 184 102 185 202 160 203 101 100 61 191 220 152 29 90 147 23 24 21 153 22 130 48 129 232 58 227 192 190 236 179 228 154 38 40 36 37 158 35 159 181 183 213 52 146 188 32 47 51 225 127 222 177 148 17 6 13 60 112 206 217 119 104 175 69 199 216 70 207 208 41 205 43 78 161 108 33 162 163 176 231 84 54 45 169 136 138 145 144 171 178 170 44 200 201 62 118 117 59 172 230 34 94 95 233 25 141 143 99 14 15 16 4 11 12 212 88 92 9 91 10 75 219 86 46 142 109 49 174 196 150 19 151 1 18 57 56 2 27 0 121 123 26 135 139 137 195 89 115 20 39 164 210 81 74 76 122 77 157 234 239 64 126 73 72 120 107 180 237 223 238 198 229 140 106 105 93 96 97 87 193 211 194 116 131 133 50 113 197 5 3 134 189 31 67 68 182 214 215 124 28 125 221 168 167 156 209 7 65 128 98 8 71 165 55 166 114 63 218 224 173 226 53 235 42 83 66 85 204 79 82 30 80 103 132 155 
134 135 136 184 188 186 189 180 198 229 230 238 237 223 213 145 146 156 139 137 27 109 25 142 130 22 115 20 144 209 183 181 36 205 166 54 32 52 47 190 51 225 127 222 192 227 191 38 152 187 154 40 37 158 35 159 169 138 210 133 224 173 239 234 106 107 124 215 182 200 98 201 208 207 226 236 218 85 231 157 125 233 221 122 161 77 228 235 177 110 148 220 232 211 165 212 197 199 70 155 172 174 196 118 203 126 64 65 162 21 89 195 164 128 123 26 131 132 103 170 140 204 83 114 66 80 105 42 113 153 24 116 117 59 0 1 2 19 57 18 120 151 23 150 28 15 16 149 90 147 143 141 48 129 50 99 17 79 53 55 176 84 108 206 112 94 34 168 167 56 119 185 100 61 101 202 160 88 217 219 7 31 68 30 3 171 5 49 4 6 39 46 44 194 193 111 102 96 8 97 69 71 175 104 121 33 163 73 72 29 58 93 95 14 216 67 214 178 76 179 91 82 43 13 60 41 74 45 86 9 10 78 92 81 63 87 75 12 11 62 
213 145 146 156 189 223 188 238 159 118 158 180 107 186 134 135 136 184 203 144 126 169 64 138 65 54 162 205 137 36 234 239 209 20 21 22 89 210 195 224 164 128 123 26 133 131 132 173 103 155 172 174 196 230 235 198 109 142 52 192 190 38 181 183 208 237 157 233 236 178 76 179 106 105 56 182 57 60 117 124 121 215 122 221 143 99 214 35 216 67 68 167 168 28 23 15 33 34 94 187 154 40 37 229 139 27 25 130 115 166 32 47 51 225 127 222 227 191 152 45 202 112 58 206 111 101 207 100 108 53 55 176 231 84 75 219 86 217 218 120 18 119 165 185 211 212 88 30 14 31 161 160 5 7 163 77 78 61 153 24 116 59 113 114 204 70 199 232 220 226 151 150 42 79 80 140 141 16 19 1 129 147 148 149 46 44 48 39 91 92 49 3 171 175 104 66 82 73 12 74 93 95 194 193 125 197 50 96 87 81 83 69 71 90 177 110 228 200 98 201 4 102 41 9 85 43 97 170 2 13 11 17 6 29 62 72 0 8 10 63 
38 181 36 152 190 191 52 192 193 131 194 51 50 47 184 188 186 32 182 183 57 107 56 180 106 159 118 158 189 37 119 185 187 134 135 136 206 111 112 110 58 129 25 130 149 147 148 102 177 220 29 61 101 222 172 225 146 213 3 4 5 39 40 154 69 227 18 120 217 226 86 218 197 235 113 96 115 132 133 26 27 128 123 151 156 150 87 116 74 228 76 95 93 143 137 141 59 211 212 31 48 46 44 127 238 109 142 145 209 35 170 171 49 0 1 2 6 7 65 201 214 167 103 168 53 68 71 216 117 94 34 99 125 221 84 28 176 15 104 23 21 16 33 14 164 163 108 179 140 178 124 215 43 105 60 121 122 67 169 138 210 224 173 239 234 72 73 126 64 175 24 153 198 229 230 237 223 139 22 20 144 205 166 54 202 200 203 45 160 161 100 41 207 13 17 236 232 62 81 75 90 88 89 195 19 174 196 91 92 231 233 11 12 162 165 55 219 98 8 97 42 30 70 77 157 199 10 208 114 82 79 155 80 66 83 63 204 9 78 85 
110 58 111 227 191 192 152 190 236 179 228 220 232 153 187 101 102 24 59 60 2 29 0 61 62 13 99 17 100 149 186 184 185 202 160 203 64 222 126 225 127 164 33 163 172 174 73 119 72 69 18 120 217 36 37 38 206 112 129 25 130 147 148 177 51 52 107 180 188 237 223 238 230 198 229 95 231 140 178 34 35 94 159 106 43 105 93 233 96 97 87 74 76 122 161 77 157 234 239 22 195 89 90 181 207 108 162 205 45 6 92 91 48 19 57 1 27 109 142 211 116 141 139 143 137 115 50 113 221 12 11 124 183 215 30 14 31 16 32 15 28 23 4 21 3 5 7 8 9 10 118 117 75 63 125 158 168 114 145 144 171 170 44 200 201 154 40 213 146 47 104 175 199 216 70 208 41 78 176 84 54 169 136 138 165 212 166 88 55 53 219 86 218 123 121 98 71 151 155 156 173 209 196 49 56 39 46 210 224 68 214 26 128 65 134 135 189 193 131 194 81 20 197 167 182 235 133 226 85 80 82 42 79 204 66 150 83 132 103 67 
225 127 222 52 192 190 227 191 98 8 97 69 71 175 185 217 119 104 157 125 1 18 19 120 151 123 124 121 219 172 102 187 184 165 55 166 146 36 213 38 181 3 4 5 37 39 40 186 154 51 107 180 188 111 149 110 64 126 164 33 163 174 73 72 220 152 29 61 101 208 41 207 70 199 216 74 68 9 10 11 6 12 13 62 75 63 76 214 95 194 93 96 87 168 53 167 182 201 200 176 49 196 173 58 218 7 65 169 88 27 224 210 195 56 2 57 35 108 162 234 233 77 78 122 161 231 232 229 215 128 26 118 60 117 20 21 22 23 24 16 14 15 25 28 129 130 109 131 132 133 99 221 156 150 183 17 143 85 205 54 91 92 90 212 211 177 148 112 206 153 32 47 235 113 197 226 86 103 31 30 138 145 203 144 134 239 136 209 135 137 189 223 238 159 158 193 50 106 42 43 44 45 46 48 0 147 89 171 170 115 116 34 94 142 202 160 100 236 179 228 155 84 230 141 59 198 178 237 67 79 80 81 82 83 204 105 66 140 139 114 
154 38 40 212 193 211 194 116 150 19 151 131 133 93 50 47 51 95 181 36 152 190 191 52 192 184 188 186 32 96 115 113 197 5 49 3 207 226 208 218 237 92 129 91 86 75 219 235 217 165 230 198 199 141 17 143 39 37 74 228 76 87 128 26 117 59 22 20 114 67 83 66 132 103 224 123 210 57 1 25 130 27 109 21 16 23 121 156 125 126 127 120 18 209 196 173 223 155 82 94 10 8 97 137 31 48 46 44 4 187 73 72 12 232 153 220 236 179 178 182 183 107 56 180 106 159 118 158 189 119 185 134 135 136 206 111 112 110 58 149 147 148 102 177 29 61 101 222 172 225 146 213 69 227 238 142 145 35 170 171 0 2 6 7 65 221 99 139 140 60 90 88 53 54 55 30 14 174 89 195 45 41 42 43 201 214 200 98 202 203 70 71 216 234 239 64 166 229 84 85 81 79 63 62 24 13 11 9 78 205 169 233 157 100 80 105 204 215 122 124 175 34 168 144 138 167 77 68 164 28 176 15 104 33 108 231 163 161 160 162 
50 47 51 95 194 93 193 131 143 137 141 116 59 211 154 38 40 212 31 32 48 39 46 37 44 3 4 5 36 197 26 128 96 186 187 184 73 74 72 76 12 232 153 220 228 236 179 87 178 94 10 8 97 151 156 150 190 52 226 86 218 235 113 115 132 133 25 27 123 215 122 124 117 118 60 114 58 138 135 22 24 20 21 109 146 142 204 17 80 105 42 140 139 29 102 61 13 99 221 165 230 198 199 19 181 152 191 192 188 49 207 208 237 92 129 91 75 219 217 68 30 65 169 7 64 55 103 53 6 170 171 0 1 2 163 195 164 89 210 147 149 90 196 88 209 173 174 43 100 41 16 14 200 45 11 23 15 54 119 185 134 136 189 180 107 82 155 18 120 224 148 177 158 35 159 183 213 101 110 111 227 225 127 222 71 216 69 70 175 104 98 201 214 63 62 106 34 9 161 77 233 157 234 239 130 223 238 229 231 33 56 81 79 172 125 126 121 67 83 66 202 166 167 28 57 168 85 182 112 144 160 145 203 205 162 78 206 84 176 108 
48 39 46 163 195 164 89 210 153 22 24 147 149 90 196 171 49 88 40 37 65 5 7 3 4 32 52 47 170 91 209 173 174 43 100 41 71 175 69 104 227 161 144 160 176 84 28 172 15 33 222 225 73 223 155 156 45 44 75 219 86 92 129 130 133 224 136 134 239 228 233 236 148 177 110 25 111 115 20 142 145 109 146 135 139 137 27 152 19 57 1 23 21 187 101 102 191 220 232 212 78 9 10 189 178 203 202 200 42 31 62 63 81 126 169 64 217 218 226 96 154 50 113 51 197 193 131 194 190 16 14 184 188 186 168 53 167 55 103 54 205 166 30 165 66 67 68 2 29 0 36 38 11 6 192 213 181 116 208 207 204 114 80 105 106 151 150 238 237 132 162 108 94 159 34 179 140 61 206 112 201 70 198 199 97 87 98 8 214 182 72 12 74 119 185 56 35 127 221 157 231 229 85 83 138 82 79 77 122 158 107 120 18 216 230 235 234 128 123 26 13 211 93 183 180 95 121 76 58 143 99 141 17 59 117 125 60 124 215 118 
46 91 48 209 196 173 49 174 43 100 41 171 170 3 195 147 89 5 10 92 166 88 165 90 212 86 81 75 149 39 163 164 210 153 22 24 151 156 150 223 155 213 145 146 189 188 238 224 237 239 103 132 133 104 227 175 130 129 47 31 32 37 44 45 73 172 162 108 33 94 159 34 178 179 140 200 139 61 101 203 144 202 160 206 111 112 201 42 70 198 199 208 207 204 20 114 80 105 106 4 36 38 40 176 148 142 109 25 152 219 50 51 52 53 54 55 30 14 16 87 8 62 29 63 0 11 72 12 79 226 218 83 84 85 125 126 127 64 222 169 138 65 217 7 185 119 120 235 113 197 78 9 193 211 82 161 77 13 23 21 187 102 191 220 232 71 69 28 15 225 136 134 228 233 236 177 110 115 135 137 27 19 57 1 128 96 26 154 123 121 131 194 93 67 66 230 234 167 118 158 180 107 186 184 205 192 190 181 183 157 229 68 216 18 56 2 35 97 214 98 116 6 74 122 231 76 182 95 141 60 117 58 59 17 99 168 143 215 124 221 
226 86 218 51 197 50 235 113 201 202 200 199 70 198 211 165 212 230 81 75 149 90 147 88 89 91 10 92 166 237 59 116 193 64 222 126 26 154 128 40 96 186 187 184 38 36 37 194 39 47 95 93 131 143 137 141 217 219 239 236 234 238 208 207 114 115 58 60 117 167 158 168 216 68 71 41 69 160 203 101 102 100 61 112 205 206 43 98 170 3 171 44 45 72 225 73 97 214 182 229 188 189 223 17 55 185 119 120 169 129 173 209 134 177 110 148 228 233 157 82 79 78 161 9 77 85 204 83 8 46 48 12 13 11 23 24 21 153 22 152 191 220 130 232 142 109 25 49 174 196 62 63 210 195 87 29 0 84 125 127 145 144 138 65 7 140 139 99 221 20 190 52 30 14 31 53 54 172 192 227 18 123 124 121 150 155 151 156 19 1 133 224 132 76 74 5 32 94 35 159 181 183 213 146 111 135 136 180 107 16 4 179 178 27 215 122 118 80 105 42 164 231 66 2 6 67 106 103 175 108 33 162 163 176 28 34 104 56 57 15 
234 134 239 70 198 199 230 235 77 121 122 229 231 232 237 223 238 220 135 136 184 188 186 189 180 213 145 146 156 236 218 226 208 224 164 210 44 200 45 201 202 72 225 73 98 97 214 207 182 216 101 100 41 212 193 211 173 209 177 110 148 228 233 157 113 197 217 219 86 79 63 81 85 83 84 221 176 27 123 127 222 125 126 120 151 18 99 161 117 168 118 215 124 162 163 108 160 78 9 153 74 76 179 165 155 172 174 196 133 36 34 94 95 102 185 187 111 149 147 139 137 109 25 142 130 22 115 20 144 183 181 205 166 54 32 52 47 190 51 192 227 191 38 152 154 40 37 158 35 159 169 138 106 107 203 64 65 21 89 195 128 26 131 132 103 59 116 88 90 50 69 71 66 30 67 82 150 33 175 104 49 46 91 48 170 140 171 178 3 5 43 105 42 112 206 167 68 61 0 62 8 10 87 96 119 194 93 12 11 31 53 58 60 39 92 129 75 141 17 143 56 24 114 7 55 204 13 80 28 1 2 19 57 23 16 29 15 6 4 14 
201 202 200 197 199 235 70 198 167 158 168 216 68 71 208 41 207 69 160 203 187 101 102 100 61 112 205 206 43 98 238 237 226 170 3 171 90 212 88 211 165 154 38 40 193 194 116 218 59 113 217 219 86 239 236 234 44 45 72 225 73 97 214 182 229 230 188 189 223 82 150 155 67 66 30 215 31 35 159 181 36 183 213 180 106 107 124 53 221 143 99 117 118 65 5 7 55 103 132 175 96 87 8 134 42 37 39 46 178 111 11 12 74 119 184 185 222 172 174 78 161 108 33 162 163 176 231 84 54 60 58 169 136 138 24 152 153 191 220 190 52 192 110 227 177 148 149 17 6 13 145 144 62 29 166 146 142 28 196 49 94 34 179 140 139 157 233 209 173 232 51 50 204 20 114 80 105 4 47 32 48 89 210 195 92 9 91 10 129 130 75 63 81 126 64 141 115 120 19 151 131 133 93 95 186 228 76 128 26 22 137 127 125 147 224 164 156 77 121 122 0 104 85 109 135 83 123 79 14 57 1 56 2 15 23 18 16 27 25 21 
70 198 199 44 200 45 201 202 72 225 73 98 97 214 207 226 208 182 229 230 188 238 189 237 223 239 236 234 218 216 101 100 41 212 193 211 139 170 140 171 178 32 52 47 3 5 49 43 196 46 106 105 42 112 205 206 197 235 167 158 168 68 71 69 160 203 187 102 61 63 0 62 8 10 87 175 96 127 222 192 190 227 191 185 217 119 104 74 163 195 164 174 172 95 194 93 76 12 11 215 31 30 67 111 86 51 50 113 165 134 132 103 53 107 186 180 159 118 117 85 231 157 125 233 221 122 161 77 228 173 209 177 110 148 109 146 142 213 145 36 38 181 136 183 169 138 135 210 133 224 220 232 155 156 179 152 153 121 59 116 64 126 166 88 90 108 162 58 60 144 37 39 92 129 91 75 219 131 40 154 115 141 17 143 204 83 114 66 20 22 80 82 79 34 94 89 48 56 1 2 4 6 7 65 184 54 55 14 16 130 147 35 33 137 13 99 29 84 28 176 150 124 78 24 149 9 15 81 128 18 19 120 151 123 27 57 26 23 21 25 
207 226 208 182 201 214 200 98 206 111 112 202 203 45 70 198 199 44 86 218 51 197 50 235 113 211 165 212 230 41 69 71 216 234 134 239 132 167 103 168 53 107 186 180 158 159 118 68 117 215 31 30 67 73 74 72 238 237 170 3 171 43 100 101 8 97 192 227 175 84 28 176 160 161 144 61 145 149 110 187 184 102 185 191 220 152 29 205 13 99 17 60 58 169 136 138 54 162 108 46 106 105 42 225 229 188 189 223 236 193 139 140 178 32 52 47 5 49 196 81 75 90 147 88 89 91 10 92 166 59 116 64 222 126 26 154 128 40 96 38 36 37 194 39 95 93 131 143 137 141 217 219 114 115 55 119 120 129 173 209 177 148 228 233 157 11 12 172 174 87 181 183 77 121 122 231 232 135 213 146 156 224 164 210 82 79 155 80 150 151 66 204 83 7 65 221 124 14 23 15 35 33 34 94 190 76 179 56 57 123 125 4 6 133 163 195 104 63 0 62 20 48 9 18 127 78 2 85 142 24 21 153 22 130 25 16 109 1 19 27 
206 111 112 201 202 200 203 45 84 28 176 160 161 144 100 61 101 145 149 110 186 187 184 102 185 191 220 152 29 205 43 41 207 13 99 17 197 199 235 70 198 167 158 168 216 68 71 208 69 98 238 237 226 170 3 171 60 58 169 136 138 54 162 108 46 44 106 105 42 81 82 79 78 9 77 163 122 23 15 35 159 33 34 56 2 57 164 231 174 73 172 175 104 233 221 157 229 85 83 142 53 55 166 178 62 118 117 59 6 190 126 64 65 189 180 188 134 135 137 90 147 24 21 153 22 130 48 129 232 227 192 236 179 228 154 38 40 36 37 181 183 213 52 146 32 47 51 225 127 222 177 148 217 119 230 94 95 25 141 143 14 16 4 11 12 196 49 140 139 39 182 214 10 87 8 63 0 125 215 124 116 113 114 115 212 88 211 165 193 194 218 219 86 239 234 72 97 223 150 155 67 66 30 31 107 5 7 103 132 96 74 209 173 50 204 20 80 89 210 195 120 109 91 93 76 92 224 75 121 19 151 1 18 27 26 156 123 133 131 128 
100 61 101 145 203 144 202 160 171 178 170 45 44 200 206 111 112 201 62 29 118 60 117 58 59 17 6 13 110 207 108 162 205 152 190 191 126 169 64 138 65 189 180 188 136 134 135 54 137 142 53 55 166 176 231 84 187 102 199 216 70 208 41 43 78 161 35 33 163 89 210 195 46 48 39 42 37 76 179 106 107 105 56 34 177 94 80 3 204 20 114 139 140 32 52 47 5 49 196 98 238 237 226 28 149 186 184 185 220 99 197 235 198 167 158 168 68 71 69 75 63 12 74 11 72 8 9 10 4 141 143 14 15 16 123 124 121 215 122 183 181 182 221 214 233 157 125 115 50 113 2 0 211 116 7 57 1 87 227 192 236 228 232 153 24 83 85 104 175 77 213 146 129 25 130 147 148 51 36 38 119 222 172 225 219 86 217 218 120 18 165 212 88 30 31 22 109 103 133 224 209 173 239 234 159 229 230 223 156 27 21 67 66 127 174 73 164 81 82 79 193 97 92 19 23 91 155 90 40 93 131 95 194 96 128 132 154 150 151 26 
139 170 140 85 204 83 114 66 109 146 142 20 22 115 80 105 42 113 3 171 208 41 207 43 100 45 46 44 106 141 155 82 79 34 177 94 8 9 10 78 92 157 234 233 77 122 161 81 160 84 86 75 63 132 167 103 179 178 59 211 116 143 137 135 30 67 223 156 150 1 18 19 21 23 24 138 153 36 213 134 239 136 209 189 180 188 169 130 54 162 205 144 145 147 148 149 129 25 27 50 221 99 17 224 56 236 228 76 159 200 58 60 117 218 237 226 212 193 194 4 5 37 38 39 40 47 31 32 48 203 202 89 210 195 69 70 71 199 216 198 230 235 201 197 182 214 98 206 111 112 196 49 61 101 91 173 174 52 93 95 183 181 158 35 33 55 53 133 131 68 229 231 15 104 28 57 107 110 232 220 74 87 128 96 11 6 12 13 72 73 62 29 0 88 90 108 176 219 119 120 121 123 124 215 238 168 118 125 127 175 163 165 166 97 26 154 151 7 64 65 102 51 14 172 164 16 126 2 152 184 185 186 187 190 192 217 191 222 225 227 
169 136 138 112 205 206 54 162 219 120 217 166 165 55 144 142 145 53 209 134 183 213 181 146 36 188 238 189 109 65 161 160 203 22 115 20 43 100 41 101 207 13 99 17 61 29 102 202 187 111 201 200 45 84 28 176 137 135 31 68 30 7 64 126 163 108 122 77 78 91 10 92 88 90 212 222 211 151 18 125 221 127 157 121 27 123 225 218 227 191 192 185 119 235 113 197 226 86 75 103 6 4 5 231 130 143 141 139 21 180 47 32 14 214 215 182 216 67 66 196 173 156 150 223 155 224 164 210 237 184 186 198 229 230 94 159 34 158 35 118 117 168 107 167 57 56 106 190 51 52 234 239 37 38 208 233 236 133 204 114 1 19 23 24 153 175 104 85 83 33 60 58 147 148 149 129 25 50 59 116 140 42 79 80 171 49 170 3 178 179 44 39 46 70 199 152 110 98 87 8 62 63 0 2 124 15 16 11 12 177 220 71 69 105 81 82 9 174 73 172 40 132 195 228 232 89 72 48 193 128 96 26 154 131 93 97 194 74 76 95 
101 207 100 108 206 162 112 205 152 190 191 111 110 58 203 45 202 60 226 208 182 201 214 200 98 70 198 199 44 61 145 144 160 171 178 170 83 84 85 176 231 57 107 56 28 15 104 161 175 163 122 77 78 138 65 169 43 41 13 99 17 29 102 187 166 54 213 146 142 129 25 130 149 147 148 185 177 51 52 186 180 184 188 36 37 38 119 220 222 172 225 227 192 236 179 228 232 153 24 59 2 0 62 136 46 106 105 42 3 216 12 11 6 124 183 215 221 143 141 86 218 197 50 235 113 211 165 212 230 69 71 234 134 239 132 167 103 168 53 158 159 118 68 117 31 30 67 73 74 72 238 237 8 97 229 189 223 193 139 140 32 47 5 49 196 126 64 135 137 55 35 33 89 210 195 48 39 76 34 94 80 204 20 114 81 75 79 63 82 155 9 10 92 157 233 174 164 121 26 27 23 21 16 14 181 7 4 1 19 224 173 125 127 66 22 115 109 219 120 217 87 116 88 156 209 90 18 91 95 154 128 40 96 194 131 123 93 151 150 133 
199 216 70 101 207 100 208 41 212 193 211 226 218 237 200 98 201 238 67 68 181 182 183 214 215 168 53 167 97 198 44 45 202 72 225 73 108 206 162 112 205 152 190 191 111 110 58 203 60 61 145 144 160 171 178 170 69 71 234 134 239 230 235 197 42 43 37 39 46 92 129 91 86 75 219 113 217 131 194 51 52 50 47 40 96 154 115 165 141 17 143 59 116 64 222 126 166 88 90 223 220 232 229 3 8 192 227 175 74 158 157 233 236 146 36 213 136 209 173 83 66 132 133 103 224 155 80 82 55 117 118 65 5 7 57 107 56 180 106 186 184 188 159 189 94 34 35 99 125 221 31 30 122 124 54 32 14 150 174 172 95 93 76 12 11 139 140 49 196 105 187 102 63 0 62 10 87 127 185 119 104 163 195 164 84 85 176 231 28 15 161 77 78 138 169 13 29 142 25 130 149 147 148 177 38 179 228 153 24 2 6 135 137 33 89 210 48 204 20 114 121 156 79 16 4 81 22 9 120 26 27 128 123 151 19 109 18 21 23 1 
200 98 201 238 208 237 207 226 170 3 171 41 43 100 199 216 70 101 8 97 192 69 227 71 175 73 74 72 68 202 197 235 198 167 158 168 157 234 233 239 236 146 36 213 134 136 209 230 173 223 220 232 229 211 165 212 182 214 206 111 112 203 45 44 86 218 51 50 113 204 20 114 42 80 105 46 106 4 5 37 38 39 40 47 31 32 48 178 89 210 195 196 49 94 159 34 179 140 139 61 145 144 160 193 67 181 183 215 53 225 108 162 205 152 190 191 110 58 60 9 10 11 6 12 13 62 75 63 76 174 172 95 194 93 18 119 120 185 217 184 186 187 222 102 64 126 127 164 33 163 96 87 176 104 228 154 128 0 117 118 65 7 55 103 132 90 88 116 59 219 188 189 82 150 155 66 30 35 180 107 124 221 143 99 77 78 122 161 121 123 231 84 85 148 177 224 156 153 21 22 135 137 138 169 52 166 54 142 109 151 133 149 147 125 141 17 115 92 129 91 28 29 81 26 131 79 130 83 56 16 23 14 15 2 1 24 57 25 27 19 
210 133 224 136 209 134 173 239 46 91 48 196 49 174 223 155 156 172 93 131 120 151 18 150 19 26 154 128 82 164 237 238 189 66 30 67 183 213 181 146 36 205 166 54 145 144 142 188 109 135 184 186 180 198 229 230 103 132 104 227 175 163 195 89 236 234 218 226 208 43 100 41 171 170 3 147 5 10 92 88 165 90 212 86 81 75 149 39 153 22 24 130 129 47 31 32 37 44 45 73 162 108 33 235 80 55 53 167 83 123 15 28 176 185 217 119 192 69 71 94 95 87 8 96 97 74 228 76 40 25 27 51 197 50 99 125 221 127 157 126 64 222 121 225 77 122 124 21 16 23 193 194 57 1 38 211 116 12 216 68 78 9 85 204 114 220 232 199 70 233 169 138 140 141 139 42 79 14 65 7 168 182 201 214 159 34 158 35 118 117 107 56 106 190 52 20 137 187 61 101 203 202 160 161 219 231 84 206 112 143 115 191 152 215 200 98 207 177 110 148 2 72 179 59 113 178 111 105 4 62 29 63 0 11 13 102 6 58 60 17 
156 189 223 89 210 195 224 164 128 123 26 133 131 132 173 239 209 103 180 188 169 136 138 134 135 146 36 213 234 155 172 174 196 230 235 198 45 46 44 48 39 75 219 86 91 92 129 49 130 147 5 3 171 175 176 104 237 238 66 30 67 82 150 151 33 163 222 225 73 76 12 74 93 95 194 19 193 124 121 120 217 18 119 127 157 125 1 154 23 24 21 25 27 51 197 50 40 96 87 167 81 79 80 227 236 218 226 208 229 145 114 204 83 7 64 65 31 68 216 106 107 183 215 181 182 158 35 159 38 109 142 52 192 190 112 205 206 54 162 166 165 55 144 53 161 160 203 22 115 20 184 186 139 137 37 185 187 118 70 199 77 122 231 232 220 15 28 69 71 108 88 90 177 110 148 228 233 113 212 211 207 200 98 201 43 105 41 42 100 101 170 140 178 32 47 153 149 4 13 11 10 8 9 78 126 84 85 63 62 111 152 14 16 202 97 214 72 56 2 57 141 168 34 102 191 94 0 179 116 99 17 221 143 117 60 6 59 29 61 58 
218 237 226 59 211 116 212 193 64 222 126 165 166 88 197 199 235 90 223 238 220 230 232 198 229 234 134 239 70 86 51 50 113 201 202 200 140 141 139 143 137 29 102 61 17 13 99 115 221 117 22 20 114 40 96 154 207 208 92 129 91 75 219 217 131 194 190 52 47 30 14 31 55 53 54 120 205 172 225 185 187 119 184 192 69 227 18 169 123 124 121 125 127 145 203 144 138 65 7 89 62 63 81 38 216 101 100 41 98 236 78 9 10 24 152 153 130 48 46 155 156 173 174 209 196 210 133 224 136 157 233 146 36 213 34 177 94 148 95 110 111 149 228 147 74 76 179 122 161 77 188 189 85 231 135 186 180 164 44 45 72 73 97 214 182 26 128 37 39 93 58 60 167 158 168 68 71 160 112 206 43 170 3 171 80 82 42 79 105 106 204 83 66 109 142 215 118 21 15 16 6 4 11 12 191 87 8 0 2 159 183 25 27 178 5 49 32 150 19 151 84 195 132 107 181 103 1 67 162 104 28 175 176 163 33 23 108 57 56 35 
197 199 235 90 212 88 211 165 154 38 40 193 194 116 218 237 226 59 216 70 101 207 100 208 41 200 98 201 238 113 217 219 86 239 236 234 78 92 9 91 10 24 152 153 129 130 48 75 46 89 62 63 81 126 169 64 230 198 141 17 143 115 50 51 55 166 185 119 120 150 19 151 131 133 93 47 95 181 36 190 191 52 192 184 188 186 32 96 5 49 3 39 37 74 228 76 87 128 26 117 22 20 114 222 223 220 232 229 134 202 140 139 137 29 102 61 13 99 221 67 68 182 183 214 215 168 53 167 97 44 45 72 225 73 108 206 162 112 205 111 110 58 203 60 145 144 160 171 178 170 69 71 42 43 8 227 175 158 157 233 146 213 136 209 173 7 65 127 125 54 149 147 224 164 210 156 189 179 148 177 231 77 121 122 83 66 85 204 84 176 79 80 82 11 12 196 195 0 57 1 25 27 109 142 187 138 135 21 23 163 174 6 4 161 123 124 18 30 14 31 105 118 103 104 172 132 16 155 94 107 56 180 106 159 35 2 34 15 28 33 
136 209 134 183 213 181 146 36 205 166 54 145 144 142 188 238 189 109 196 173 151 156 150 223 155 224 164 210 237 135 184 186 180 198 229 230 94 159 34 158 35 99 125 221 118 117 168 107 167 182 57 56 106 190 51 52 234 239 20 21 22 137 138 169 37 38 119 185 187 100 61 101 203 202 160 65 161 88 165 126 127 64 222 217 218 219 7 162 31 68 30 53 55 176 231 84 108 206 112 130 143 141 139 192 208 157 233 236 235 133 204 114 115 1 18 19 23 24 153 171 49 89 90 195 147 48 39 46 163 103 132 104 227 175 87 128 96 26 154 123 121 27 131 25 193 194 93 67 83 66 172 174 80 82 33 225 73 91 220 232 211 212 197 199 70 32 47 191 152 40 124 215 200 98 201 207 226 85 122 77 228 177 110 148 178 170 179 140 76 74 105 42 43 15 28 216 214 2 62 29 60 58 59 116 120 50 113 17 13 97 71 16 14 95 111 149 102 3 4 5 79 129 44 72 69 45 6 41 78 75 63 86 81 92 10 0 9 11 12 8 
168 53 167 97 214 98 182 201 221 143 99 215 124 183 216 67 68 181 54 55 47 31 32 30 14 7 64 65 66 158 199 70 71 82 150 155 174 73 172 72 225 95 194 93 74 76 12 69 11 8 192 227 175 208 41 207 132 103 107 186 180 159 118 117 202 200 197 235 198 231 232 229 122 77 121 60 123 137 141 116 193 59 211 113 114 115 58 125 61 62 29 13 17 120 151 18 127 157 233 213 94 34 35 226 83 131 133 224 80 5 57 56 106 190 51 52 184 188 189 162 205 138 135 169 136 145 203 144 126 6 4 217 218 219 48 39 46 37 44 40 154 38 3 36 170 171 49 0 1 2 165 166 15 16 222 212 88 142 223 156 140 139 42 79 81 101 100 237 238 45 96 87 78 92 9 85 204 19 128 26 210 173 239 209 163 108 164 33 195 89 104 28 176 185 119 63 10 191 153 220 228 236 179 178 50 43 105 177 148 91 75 187 102 196 234 134 230 206 111 112 23 146 160 90 86 161 110 84 27 22 24 20 21 109 130 152 25 149 147 129 
221 143 99 214 215 182 124 183 231 232 229 122 77 121 118 60 117 123 137 141 194 116 193 59 211 113 114 115 58 125 159 158 168 61 62 29 31 68 30 216 67 73 74 72 71 69 70 167 199 201 132 103 53 107 186 180 13 17 120 151 18 127 157 233 213 181 94 34 35 162 163 108 161 160 78 234 9 153 220 228 76 236 179 177 110 148 239 85 238 208 237 198 230 79 63 81 83 84 176 27 225 222 126 106 112 12 11 6 102 50 219 217 119 133 93 131 150 19 1 138 135 22 24 20 21 109 146 142 204 235 197 80 105 42 39 40 37 154 38 96 87 128 51 26 190 52 47 226 86 218 140 139 165 212 66 178 170 130 2 0 191 152 187 101 100 189 188 56 57 36 97 98 203 45 202 206 111 75 8 10 4 14 15 16 65 169 7 64 5 3 55 166 54 155 82 207 200 224 195 164 175 104 227 192 95 184 185 172 174 44 41 156 223 32 28 23 33 136 209 134 88 25 145 171 43 144 173 205 92 147 89 149 90 129 48 210 91 196 49 46 
167 158 168 199 216 70 68 71 82 150 155 67 66 30 214 215 182 31 35 159 38 181 36 183 213 180 106 107 124 53 97 98 201 221 143 99 101 207 100 208 41 212 193 211 226 218 237 200 238 198 44 45 202 72 225 73 117 118 65 5 7 55 103 132 175 69 96 87 8 78 92 9 83 85 204 224 114 19 151 131 194 133 93 128 123 26 210 80 173 239 209 223 156 140 141 139 42 79 81 14 165 166 54 74 122 116 59 60 125 186 138 169 64 39 40 37 3 4 6 108 33 57 1 56 2 15 104 28 105 189 188 178 76 179 152 190 191 52 192 51 50 47 184 32 119 185 187 134 135 136 94 34 145 146 43 95 177 23 13 17 120 18 127 157 233 174 172 12 11 227 197 235 231 232 229 77 121 137 113 115 58 61 62 29 206 162 112 205 111 110 203 144 160 171 170 234 230 46 129 91 86 75 219 217 154 222 126 88 90 220 236 49 196 102 63 0 10 163 195 164 142 16 176 148 228 84 89 161 20 25 130 27 109 21 24 48 22 147 149 153 
165 55 166 185 217 119 219 120 235 113 197 218 226 86 126 169 64 75 103 53 6 7 4 65 5 31 68 30 138 88 125 127 222 145 203 144 104 227 175 192 69 110 58 111 191 152 190 225 52 184 72 73 172 121 27 123 205 54 91 10 92 90 212 211 151 18 99 221 157 239 236 234 237 238 208 193 207 114 115 59 60 116 117 143 137 141 194 199 154 38 40 51 50 201 202 200 70 198 230 81 149 147 89 124 136 112 206 162 142 14 46 48 129 12 13 11 8 9 78 224 132 66 204 67 83 82 150 155 216 47 32 214 215 182 56 2 57 0 1 29 61 62 16 63 21 23 15 37 44 39 168 167 49 3 71 118 158 80 161 160 22 20 109 146 213 128 26 122 77 19 102 187 189 180 188 134 135 45 101 100 108 176 231 84 164 210 163 195 33 35 174 196 173 97 98 36 186 74 179 228 220 232 153 24 17 25 130 148 177 107 181 87 96 28 229 85 233 133 93 131 171 79 156 159 183 223 95 209 41 140 178 139 170 42 105 76 43 94 34 106 
235 113 197 217 218 219 226 86 239 236 234 237 238 208 212 193 211 207 114 115 58 59 60 116 117 143 137 141 194 199 90 88 165 154 38 40 7 64 65 126 169 227 191 192 222 225 127 166 125 120 205 54 55 91 10 92 51 50 201 202 200 70 198 230 81 75 149 147 89 224 164 210 223 156 189 229 188 179 228 220 152 232 153 148 95 177 231 134 77 121 122 157 233 146 36 213 136 209 173 41 69 71 216 129 131 190 52 47 96 17 182 214 98 206 111 112 203 45 44 66 204 140 178 139 170 42 79 80 135 221 99 142 130 109 2 29 0 61 62 102 187 101 13 100 12 11 6 124 183 215 22 20 168 118 138 24 21 105 39 37 74 76 87 128 26 78 9 48 46 63 185 119 150 19 151 133 93 181 184 186 32 5 49 3 30 67 31 68 14 16 53 167 103 144 145 123 18 162 33 163 172 174 73 72 110 8 97 175 104 1 27 160 161 4 196 171 195 83 84 85 158 43 82 23 25 155 176 132 180 34 35 94 159 106 56 108 107 28 15 57 
126 169 64 75 219 86 217 218 123 124 121 120 18 119 165 55 166 185 136 138 112 205 206 54 162 144 142 145 53 222 211 212 88 30 14 31 46 91 48 92 129 12 13 11 10 8 9 90 78 81 149 147 89 197 199 235 7 65 227 191 192 225 127 125 237 226 59 116 193 133 93 131 151 150 19 157 1 183 215 99 17 221 143 117 168 118 233 27 229 85 231 77 122 21 16 23 25 26 128 184 72 73 172 113 103 6 4 5 68 203 104 175 69 110 58 111 152 190 52 209 134 213 181 146 36 188 238 189 109 161 160 22 115 20 43 100 41 101 207 61 29 102 202 187 201 200 45 84 28 176 137 135 163 108 130 141 139 180 47 32 214 182 216 67 66 230 198 50 51 208 62 63 155 80 82 132 167 15 0 2 3 39 40 37 196 173 49 174 171 170 195 164 210 153 24 83 79 148 94 95 87 96 97 98 60 70 71 74 76 42 204 220 232 44 154 38 194 239 236 234 33 186 223 140 114 156 228 224 57 159 34 158 35 107 106 177 56 179 178 105 
236 179 228 191 220 152 232 153 237 223 238 230 198 229 148 95 177 231 140 178 33 34 35 94 159 106 43 105 93 233 147 149 110 96 97 87 29 102 61 187 101 222 172 225 185 119 184 111 186 190 206 112 58 129 25 130 74 76 122 161 77 157 234 239 22 24 195 89 90 211 165 212 235 197 199 134 70 155 156 173 174 209 196 210 133 224 136 208 146 36 213 188 189 200 98 201 207 226 218 85 127 125 221 48 194 73 72 12 128 56 215 124 121 162 163 108 160 78 9 141 139 80 82 42 79 204 20 114 41 180 107 45 46 44 14 15 16 28 23 104 175 176 57 84 19 1 2 181 182 183 171 170 118 158 100 49 3 66 10 8 151 150 26 154 40 142 109 91 92 21 227 192 50 47 51 193 131 214 69 71 11 62 75 63 17 143 13 99 6 4 60 117 59 203 202 38 52 205 55 166 217 219 120 18 164 27 123 126 64 32 37 144 145 0 86 81 88 137 138 135 168 83 115 5 39 113 169 116 216 103 53 132 167 67 30 54 68 65 7 31 
117 168 118 233 221 157 99 125 115 50 113 143 141 17 124 183 215 13 53 167 97 214 98 182 201 216 67 68 181 60 123 121 122 180 106 107 176 231 84 229 85 148 95 177 232 220 230 77 198 234 9 78 161 18 119 120 159 158 61 62 29 58 59 116 126 127 128 26 27 142 130 109 137 135 139 211 140 47 51 194 93 193 131 154 38 40 212 114 218 237 226 235 197 80 105 42 204 20 22 6 110 111 112 151 213 94 34 35 186 71 100 101 102 10 87 8 63 0 2 54 55 31 32 30 14 7 64 65 66 199 70 82 150 155 174 73 172 72 225 74 76 12 69 11 192 227 175 208 41 207 132 103 202 200 83 133 224 5 57 56 190 52 184 188 189 219 217 19 1 222 228 236 136 209 134 146 36 43 179 178 33 28 23 15 162 205 108 206 163 164 160 203 144 81 79 238 239 92 48 129 153 24 152 191 96 185 187 149 147 173 223 75 86 104 21 16 25 166 88 165 45 4 169 210 156 138 90 145 170 39 46 37 44 3 49 91 171 89 195 196 
227 191 192 64 222 126 225 127 164 33 163 172 174 73 119 184 185 72 220 152 29 102 61 187 101 111 149 110 186 69 18 120 217 36 37 38 211 165 212 166 88 30 14 31 55 53 54 219 205 169 75 86 218 123 124 121 52 190 98 8 97 71 175 104 157 125 1 19 151 223 155 156 173 209 196 176 49 34 35 15 16 28 23 57 107 56 84 195 161 144 160 162 108 48 39 46 89 210 224 74 68 216 70 27 188 32 47 51 181 58 200 201 214 63 0 62 10 87 96 230 232 177 94 148 95 228 233 236 147 206 112 129 25 130 141 17 143 13 99 6 4 11 60 12 118 117 59 203 45 202 24 153 207 100 90 21 22 179 154 40 158 159 183 213 146 77 122 26 128 221 7 65 134 135 136 189 180 44 5 3 50 193 131 194 235 198 197 199 113 115 226 208 237 92 91 145 138 81 80 82 103 132 167 168 2 215 182 67 66 137 142 9 78 116 133 93 150 229 85 231 41 76 234 20 109 239 83 238 171 105 42 106 43 178 140 79 170 204 114 139 
224 164 210 237 223 238 156 189 66 30 67 155 82 150 209 196 173 151 33 163 222 172 225 174 73 175 176 104 49 133 136 134 239 46 91 48 220 230 232 198 229 211 165 212 235 197 199 234 70 208 157 233 236 146 36 213 89 195 128 123 26 131 132 103 180 188 169 138 135 140 141 139 80 42 79 167 81 14 31 55 166 53 54 65 5 7 168 83 182 201 214 216 68 78 92 9 85 204 114 19 193 194 93 145 171 88 90 147 39 227 87 96 154 125 126 127 121 27 25 34 35 15 16 28 23 57 107 56 84 71 69 161 144 160 102 185 187 119 184 217 219 120 192 18 52 190 191 98 8 97 162 108 74 72 231 205 206 2 130 129 47 32 37 44 45 183 181 142 109 186 218 226 43 100 41 170 3 10 86 75 149 153 22 24 177 94 148 95 110 111 228 76 179 122 77 200 207 221 17 143 113 115 50 51 64 38 40 116 59 101 202 124 215 152 20 21 137 159 118 158 12 1 106 112 203 105 117 178 63 6 13 4 11 0 29 99 62 60 58 61 
173 239 209 103 224 132 210 133 104 227 175 164 163 195 156 189 223 89 236 234 218 237 226 238 208 198 229 230 188 196 151 150 155 213 145 146 114 66 204 67 83 7 64 65 30 31 68 82 216 167 81 79 80 26 154 128 136 134 46 91 48 49 174 172 93 131 120 18 19 56 2 57 33 35 108 73 162 191 192 222 126 225 127 119 184 185 72 176 97 214 98 71 69 161 144 160 84 28 15 147 5 3 171 123 180 169 138 135 36 235 45 44 39 75 219 86 92 129 130 179 228 220 152 232 153 148 95 177 231 70 199 77 121 122 59 211 116 212 193 165 166 88 197 90 51 50 113 201 202 200 157 233 41 207 85 125 221 110 109 142 52 190 38 181 183 87 96 27 25 194 55 53 159 118 158 107 186 203 54 205 137 20 21 22 140 178 139 170 141 143 42 43 105 9 78 182 168 63 29 0 14 16 32 47 217 40 37 4 6 117 215 10 8 115 23 24 1 76 12 74 100 149 94 99 124 34 11 106 206 102 61 187 101 111 58 62 112 13 17 60 
119 184 185 72 225 73 222 172 121 27 123 127 125 126 227 191 192 64 188 186 32 52 47 190 51 38 181 36 152 217 104 175 69 110 58 111 200 98 201 97 214 63 0 62 8 10 87 71 96 74 68 216 70 163 195 164 102 187 165 55 166 219 120 18 173 174 15 28 176 229 85 231 157 233 221 151 99 109 25 1 2 19 57 23 24 21 150 124 133 93 131 128 26 118 60 117 215 122 77 169 75 86 218 33 220 29 61 101 149 37 211 212 88 30 14 31 53 54 205 238 189 146 142 213 145 136 209 134 183 154 40 158 35 159 170 3 171 5 49 4 6 7 39 65 48 46 44 194 116 193 107 180 197 50 182 56 106 135 206 112 129 130 147 148 177 224 210 108 162 196 11 12 236 179 228 232 153 59 13 17 100 202 160 203 208 237 207 226 41 43 199 235 198 167 168 95 76 67 204 83 9 78 92 91 16 89 90 81 79 178 94 103 132 45 161 144 84 223 155 156 113 138 239 105 34 234 82 230 143 20 114 22 115 137 139 66 141 80 42 140 
212 193 211 207 226 208 218 237 92 129 91 86 75 219 235 113 197 217 131 194 190 51 52 50 47 40 96 154 115 165 230 198 199 141 17 143 182 201 214 200 98 206 111 112 202 203 45 70 44 41 69 71 216 234 134 239 59 116 64 222 126 166 88 90 223 238 220 232 229 83 84 85 81 79 63 89 62 25 130 149 110 147 148 153 22 24 195 10 196 171 49 46 48 12 13 11 8 9 78 120 205 54 55 236 114 58 60 117 137 38 7 65 169 227 191 192 225 127 125 132 133 26 27 128 123 151 156 150 87 39 37 74 228 76 107 186 180 184 188 187 102 185 36 119 146 213 181 3 4 5 95 93 31 32 97 177 94 19 221 99 142 109 135 139 140 173 209 233 157 189 101 100 80 105 42 204 20 6 61 29 118 215 122 124 167 103 168 53 158 159 68 30 67 73 72 170 43 175 28 176 160 161 144 145 152 136 138 162 108 106 178 172 174 183 77 121 231 224 164 210 14 18 155 34 179 82 163 66 0 23 15 21 16 1 57 104 2 33 35 56 
185 217 119 104 227 175 192 69 110 58 111 191 152 190 225 127 222 52 218 219 7 64 65 126 169 166 88 165 125 184 72 73 172 121 27 123 224 164 210 163 195 56 2 57 33 35 108 174 162 176 49 196 173 97 214 98 18 120 36 37 38 186 187 102 70 71 11 12 74 236 179 228 220 232 153 101 24 59 60 29 0 61 62 13 99 17 100 149 202 160 203 206 112 129 25 130 147 148 177 51 107 180 188 8 157 1 19 151 124 55 146 213 181 3 4 5 39 40 154 237 226 211 116 212 193 197 199 235 90 205 54 91 10 92 66 30 67 31 68 14 16 32 53 47 168 167 103 144 142 145 75 86 136 138 89 63 81 113 128 26 118 117 215 122 77 200 201 87 96 216 15 28 229 85 231 233 221 109 23 21 150 133 93 131 223 238 156 189 155 82 209 134 239 46 48 161 84 171 140 178 34 94 159 158 6 182 183 106 105 83 78 44 45 132 95 194 76 208 41 207 135 50 198 79 9 230 43 234 22 141 139 143 137 115 114 170 20 42 80 204 
232 153 220 74 228 76 236 179 122 161 77 233 157 234 177 110 148 239 22 24 195 147 89 149 90 129 25 130 111 230 34 94 95 102 185 187 40 96 154 87 128 71 175 69 97 98 8 93 10 12 133 131 194 106 43 105 191 152 237 223 238 198 229 231 140 178 33 35 159 117 168 118 221 99 125 85 127 144 160 176 104 84 28 108 206 162 83 121 79 63 81 9 78 18 119 120 123 124 215 134 70 199 235 56 58 227 192 190 101 48 218 226 208 224 164 210 156 189 188 115 20 142 145 109 146 135 139 137 27 92 91 19 57 1 5 49 3 196 171 174 172 173 46 209 45 44 39 75 219 86 23 21 212 88 26 15 16 138 186 184 202 203 100 61 29 80 42 107 180 170 73 72 17 6 13 60 112 217 225 222 52 38 181 36 50 113 51 197 47 32 193 211 116 150 151 62 11 132 53 167 214 182 201 200 163 41 207 216 68 4 0 155 82 37 183 213 158 114 66 204 165 136 141 14 2 143 67 59 126 54 55 205 166 169 65 103 64 30 31 7 
77 121 122 198 229 230 231 232 79 63 81 85 83 84 233 221 157 176 27 123 225 127 222 125 126 120 151 18 99 161 228 236 234 117 168 118 188 238 189 237 223 200 98 201 208 207 226 239 218 235 173 209 134 177 110 148 215 124 162 163 108 160 78 9 153 220 74 76 179 139 170 140 204 114 66 92 67 0 62 8 97 10 87 12 13 11 91 82 90 212 88 86 75 132 167 103 155 80 42 28 202 203 144 95 143 214 182 183 60 119 54 205 206 174 73 172 164 33 35 109 25 1 2 19 57 23 24 21 150 219 217 133 93 131 52 192 190 227 191 69 71 175 185 104 102 187 184 165 55 166 128 26 169 64 156 96 154 16 159 158 61 29 58 59 116 147 149 94 34 152 70 199 115 50 113 141 17 53 216 68 181 180 106 107 146 142 213 145 36 38 136 138 135 210 224 211 197 196 3 171 41 43 100 101 72 111 112 45 44 51 193 195 89 186 105 56 178 130 48 129 65 15 22 40 194 20 46 137 30 4 5 6 7 14 32 49 31 39 37 47 
237 223 238 220 230 232 198 229 211 165 212 235 197 199 234 134 239 70 155 156 172 173 174 209 196 210 133 224 136 208 157 233 236 146 36 213 34 177 94 148 95 102 185 187 110 111 149 228 147 153 74 76 179 122 161 77 188 189 200 98 201 207 226 218 85 231 127 125 221 141 17 143 113 115 50 86 51 55 166 217 119 219 120 126 169 64 75 193 92 129 91 90 88 154 38 40 194 116 59 216 101 100 41 121 135 184 186 180 145 164 44 45 202 72 225 73 97 214 182 80 82 103 53 132 167 67 83 66 131 89 195 128 123 26 15 104 28 175 176 227 192 69 163 71 162 108 33 48 39 46 151 150 171 49 93 18 19 30 183 181 205 54 144 142 109 9 78 124 215 84 191 152 20 21 22 137 138 37 190 52 107 159 118 158 105 42 106 43 56 57 178 170 140 87 96 130 24 12 6 13 58 60 112 206 222 160 203 61 29 23 25 8 10 35 117 168 99 79 63 81 3 68 204 1 27 114 62 139 47 7 4 65 5 31 14 11 32 0 2 16 
233 221 157 176 231 84 229 85 148 95 177 232 220 230 77 121 122 198 143 99 214 215 182 124 183 118 60 117 123 234 9 78 161 18 119 120 54 162 205 108 206 174 73 172 163 164 33 160 35 28 202 203 144 81 82 79 127 125 238 208 237 239 236 228 204 83 8 10 92 130 48 129 153 24 152 179 191 194 93 74 72 76 12 87 128 96 178 110 105 56 106 34 94 102 185 187 111 149 147 235 173 209 134 63 27 225 222 126 151 168 188 189 223 200 98 201 207 226 218 137 141 116 193 59 211 113 114 115 58 159 158 61 62 29 31 68 30 216 67 71 69 70 167 199 132 103 53 107 186 180 13 17 213 181 112 11 6 50 219 217 133 131 150 19 1 42 80 75 86 66 175 104 21 16 23 25 26 184 227 192 64 166 88 165 138 135 169 136 65 7 145 146 142 100 101 57 15 45 39 46 195 89 210 224 97 155 156 196 49 14 2 41 43 55 90 212 91 139 170 140 36 197 20 4 0 22 171 109 190 40 37 154 38 51 47 44 52 3 5 32 
148 95 177 231 232 229 220 230 130 48 129 153 24 152 236 179 228 191 194 93 73 74 72 76 12 87 128 96 178 110 239 234 233 105 56 106 215 122 124 77 121 162 163 108 161 160 78 157 9 85 127 125 221 238 208 237 34 94 102 185 187 111 149 147 235 198 173 209 134 137 138 135 22 20 21 90 23 39 46 195 164 89 210 196 171 49 88 25 86 81 75 92 91 19 57 1 27 109 142 190 206 112 58 223 140 33 35 159 43 97 29 61 101 222 172 225 119 184 186 116 193 40 37 154 38 51 197 50 26 10 8 151 156 150 68 71 216 69 70 175 104 227 98 192 200 201 214 63 0 62 133 131 13 11 123 224 132 47 180 107 45 44 41 42 80 218 226 189 188 199 176 84 114 66 204 139 170 2 28 15 158 183 213 181 117 59 118 60 168 167 99 17 143 120 18 79 83 126 65 169 144 145 203 202 174 207 100 205 54 67 82 217 219 182 146 36 136 211 165 212 6 52 113 103 155 115 166 141 16 5 7 3 4 32 31 64 14 55 53 30 
122 161 77 228 233 236 157 234 117 168 118 221 99 125 229 85 231 127 144 160 175 176 104 84 28 108 206 162 83 121 198 230 232 79 63 81 147 148 149 177 110 96 97 87 95 93 94 220 34 179 191 152 153 237 223 238 9 78 18 119 120 123 124 215 134 239 70 199 235 115 50 113 143 141 17 183 13 53 167 214 98 182 201 216 67 68 181 60 180 106 107 159 158 61 62 29 58 59 116 126 128 26 27 208 204 8 10 92 82 163 1 19 151 192 69 227 185 217 219 142 145 54 55 205 166 169 136 138 112 35 33 101 207 100 49 174 196 172 173 73 72 225 164 222 224 210 195 56 2 57 202 203 23 15 111 200 45 65 86 75 132 103 155 80 42 188 189 226 218 209 74 76 139 170 140 114 66 0 12 11 91 90 212 88 130 109 129 25 48 46 24 21 22 187 102 105 178 190 47 51 194 193 131 133 71 156 150 154 40 171 43 184 186 89 211 165 197 146 36 213 16 64 135 44 41 137 38 20 6 31 32 30 14 7 5 52 4 37 39 3 
238 208 237 157 234 233 239 236 146 36 213 134 136 209 230 235 198 173 41 207 69 70 71 199 216 201 202 200 197 223 220 232 229 211 165 212 9 77 78 122 161 18 119 120 121 123 124 231 215 221 176 84 85 148 95 177 218 226 224 164 210 156 189 188 179 228 191 152 153 20 21 22 135 137 138 180 169 37 38 184 185 186 187 190 51 52 107 145 159 118 158 183 181 205 166 54 144 142 109 196 151 150 155 110 113 217 219 86 193 98 103 132 133 104 227 175 163 195 89 42 43 44 39 45 46 171 178 170 203 182 214 206 111 112 11 72 12 73 74 225 222 172 97 174 96 87 8 168 53 167 101 100 67 68 160 102 61 3 90 88 154 40 194 116 59 34 94 149 147 76 127 125 141 17 143 115 50 55 126 64 75 92 129 91 79 80 81 82 63 62 83 66 204 108 162 117 99 28 16 23 27 25 26 128 192 93 131 19 1 13 60 33 35 10 130 48 24 105 56 106 30 49 140 29 58 139 57 114 65 32 14 47 31 5 4 15 7 2 0 6 
211 165 212 230 235 198 197 199 141 17 143 113 115 50 226 86 218 51 55 166 185 217 119 219 120 126 169 64 75 193 207 208 237 92 129 91 173 239 209 234 134 177 110 148 236 228 233 238 157 229 188 189 223 200 98 201 90 88 154 38 40 194 116 59 216 70 101 100 41 80 105 42 114 204 20 117 22 6 13 58 111 60 112 61 62 29 118 137 215 122 124 221 99 142 130 109 135 139 140 47 95 93 131 202 81 149 147 89 10 222 26 128 96 186 187 184 36 37 39 103 53 7 4 65 5 31 68 30 138 125 127 145 203 144 104 227 175 192 69 191 152 190 225 52 72 73 172 121 27 123 205 54 151 18 136 206 162 14 46 48 12 11 8 9 78 182 214 45 44 71 220 232 83 84 85 79 63 25 153 24 195 196 171 49 224 132 210 133 164 163 156 150 155 213 146 77 231 180 56 106 179 178 76 74 102 97 87 94 34 176 161 181 183 174 170 3 43 167 158 168 19 32 67 108 160 66 159 82 21 2 57 0 1 16 15 107 23 35 33 28 
177 110 148 239 236 234 228 233 105 56 106 179 178 76 232 153 220 74 58 111 227 191 192 152 190 187 101 102 24 95 231 229 230 130 48 129 218 237 226 238 208 224 164 210 223 156 189 198 188 134 70 199 235 77 121 122 147 149 96 97 87 93 94 34 221 157 176 84 85 114 66 204 140 139 170 159 171 2 57 33 163 35 108 28 23 15 158 43 183 213 181 180 107 45 46 44 41 42 80 12 133 131 194 161 22 195 89 90 25 185 40 154 128 71 175 69 98 8 10 59 60 29 0 61 62 13 99 17 100 186 184 202 160 203 64 222 126 225 127 172 174 73 119 72 18 120 217 36 37 38 206 112 51 52 207 162 205 6 92 91 19 1 27 109 142 215 124 78 9 125 173 209 137 138 135 20 21 39 196 49 88 86 81 75 211 116 212 193 165 166 197 50 113 201 200 146 136 216 30 67 155 82 150 151 104 123 26 132 103 169 145 214 182 219 79 63 83 117 168 118 47 11 143 54 144 141 167 115 3 14 31 16 32 4 7 68 5 53 55 65 
239 236 234 218 237 226 238 208 224 164 210 223 156 189 198 229 230 188 179 228 191 220 152 232 153 148 95 177 231 134 70 199 235 77 121 122 59 211 116 212 193 64 222 126 165 166 88 197 90 86 51 50 113 201 202 200 157 233 146 36 213 136 209 173 41 207 69 71 216 66 30 67 155 82 150 196 151 33 163 172 225 174 73 175 176 104 49 133 46 91 48 89 195 128 123 26 131 132 103 180 169 138 135 98 85 127 125 221 161 110 109 142 145 52 192 190 38 181 183 140 178 34 35 94 159 106 43 105 93 147 149 96 97 87 29 102 61 187 101 185 119 184 111 186 206 112 58 129 25 130 74 76 22 24 194 72 12 56 215 124 162 108 160 78 9 44 45 214 182 100 217 219 79 63 81 83 84 27 120 18 99 117 168 118 141 139 143 137 17 13 115 20 114 40 154 92 75 47 14 31 55 53 54 205 227 203 144 65 7 62 10 37 39 60 167 158 68 170 3 171 21 107 42 11 8 80 5 204 19 15 16 28 23 57 2 32 1 4 6 0 
198 229 230 188 238 189 237 223 200 98 201 208 207 226 239 236 234 218 85 231 127 157 125 233 221 122 161 77 228 235 173 209 134 177 110 148 109 146 142 213 145 52 192 190 36 38 181 136 183 180 169 138 135 210 133 224 220 232 211 165 212 197 199 70 155 156 172 174 196 170 3 171 41 43 100 216 101 8 97 69 227 71 175 73 74 72 68 202 167 158 168 182 214 206 111 112 203 45 44 86 51 50 113 164 179 191 152 153 95 121 59 116 193 64 222 126 166 88 90 204 83 9 10 78 92 81 82 79 160 215 124 162 163 108 1 18 19 120 151 119 185 217 123 219 128 26 27 118 60 117 176 84 143 99 144 104 28 63 147 149 96 87 93 94 34 103 132 195 89 150 184 186 105 56 106 178 76 58 187 102 24 130 48 129 20 114 22 115 21 23 137 141 139 54 205 159 107 65 4 5 37 39 40 154 225 131 194 47 32 57 35 55 53 25 46 91 49 66 30 67 17 75 80 15 33 42 31 140 61 11 6 12 13 62 0 7 29 14 16 2 
230 235 198 173 239 209 234 134 177 110 148 236 228 233 238 208 237 157 113 197 217 218 219 226 86 212 193 211 207 229 188 189 223 200 98 201 103 224 132 210 133 104 227 175 164 163 195 156 89 196 151 150 155 213 145 146 70 199 77 121 122 231 232 220 135 136 184 186 180 105 56 106 179 178 76 153 74 58 111 191 192 152 190 187 101 102 24 95 130 48 129 147 149 96 97 87 93 94 34 221 176 84 85 36 41 69 71 216 202 165 9 78 161 18 119 120 123 124 215 114 115 59 60 116 117 143 137 141 194 90 88 154 38 40 7 64 65 126 169 222 225 127 166 125 205 54 55 91 10 92 51 50 81 75 131 52 47 17 182 214 206 112 203 45 44 109 142 181 183 138 172 174 170 3 171 43 100 8 73 72 68 167 158 168 66 204 67 83 30 31 82 79 80 26 128 46 49 19 2 57 33 35 108 162 185 144 160 28 15 5 39 27 25 53 159 118 107 20 21 22 63 99 139 32 37 140 23 42 12 29 0 61 62 13 6 1 11 16 14 4 
