480
-1.0 -0.0 -0.0 -0.0 -1.0000000000000004 -2.7755575615628914e-16 -0.0 -0.0 -2.7755575615628914e-16 -4.000000000000001 -1.0 -0.0 -0.0 -1.0 -0.0 -0.0 -0.0 -0.0 4.0 6.661338147750939e-16 6.661338147750939e-16 -1.0 -0.0 -1.0 5.551115123125783e-16 -0.0 -5.551115123125783e-16 1.0 6.106226635438361e-16 -1.0000000000000002 -1.0 -0.0 -1.0 -0.0 1.7320508075688776 -0.0 -0.0 -1.7320508075688776 -0.0 -1.0 -5.551115123125783e-16 -1.0 -1.7320508075688776 1.7320508075688776 -0.0 -0.0 5.551115123125783e-16 1.0 -0.0 -0.0 -1.0 -0.0 -0.0 1.0000000000000002 -1.0 -0.0 -1.0 3.3306690738754696e-16 -1.1102230246251565e-16 -0.0 -0.0 1.1102230246251565e-16 2.7755575615628914e-16 -1.0 1.1102230246251565e-16 -1.1102230246251565e-16 -0.0 -0.0 -1.0000000000000009 1.0000000000000002 3.1401849173675503e-16 -0.0 -0.0 -1.1102230246251565e-16 -0.0 1.1102230246251565e-16 2.7755575615628914e-16 -0.0 -1.1102230246251565e-16 3.3306690738754696e-16 -0.0 -0.0 1.0 -0.0 1.1102230246251565e-16 -2.7755575615628914e-16 -0.0 -1.0 -2.7755575615628914e-16 1.1102230246251565e-16 -1.1102230246251565e-16 -0.0 -1.0 3.1401849173675503e-16 -2.7755575615628914e-16 1.1102230246251565e-16 1.1102230246251565e-16 1.0 -1.1102230246251565e-16 -0.0 -1.1102230246251565e-16 -2.7755575615628914e-16 -0.0 -0.0 -1.2212453270876722e-15 -4.9045815415389124e-17 -1.0 -0.0 -1.0 -0.0 -3.3306690738754696e-16 -1.1102230246251565e-16 -4.9045815415389124e-17 3.1401849173675503e-16 -0.0 2.7755575615628914e-16 3.3306690738754696e-16 -0.0 -3.3306690738754696e-16 -6.661338147750939e-16 2.7755575615628914e-16 1.7320508075688772 -6.661338147750939e-16 1.5407439555097887e-33 -1.5407439555097887e-33 1.0 -0.0 -1.7320508075688772 -0.0 -1.0 3.1401849173675503e-16 -0.0 -1.7320508075688772 -3.3306690738754696e-16 1.0 3.3306690738754696e-16 -0.0 -0.0 -2.7753183641568235e-17 -6.345453125715753e-16 -5.373392079090144e-17 6.218463688043808e-16 3.1727265628578765e-16 -0.0 3.1727265628578765e-16 -1.0000000000000004 4.074594419029548e-17 -4.074594419029548e-17 1.0000000000000002 3.3306690738754696e-16 -4.440892098500626e-16 4.440892098500626e-16 1.0 3.3306690738754696e-16 -1.0000000000000004 4.440892098500626e-16 -4.440892098500626e-16 1.0 -1.0000000000000004 -6.286563161809799e-18 6.286563161809799e-18 -0.0 -6.286563161809799e-18 -0.0 -4.074594419029548e-17 1.0000000000000002 -1.0 3.140184917367551e-16 6.661338147750939e-16 -3.3306690738754696e-16 -0.0 -0.0 -1.7320508075688772 -0.0 1.0 1.7320508075688772 -6.730369402342473e-16 3.140184917367551e-16 -1.0 -4.074594419029548e-17 -1.0000000000000002 4.074594419029548e-17 1.0 -4.074594419029548e-17 -0.0 1.0 3.3306690738754696e-16 4.074594419029548e-17 -0.0 -0.0 3.3306690738754696e-16 1.7320508075688772 1.0 -0.0 -0.0 4.074594419029548e-17 0.9999999999999997 -0.9999999999999999 3.1401849173675503e-16 -0.0 -6.106226635438361e-16 -0.0 -1.7320508075688772 -6.106226635438361e-16 -0.0 -0.0 9.992007221626409e-16 -6.345453125715753e-16 -0.9999999999999998 2.065136300817084e-15 3.1727265628578765e-16 -0.0 3.1727265628578765e-16 2.66910636256409e-16 -1.8129866073473583e-16 1.8129866073473583e-16 -1.0000000000000002 -6.661338147750939e-16 2.220446049250313e-16 -2.220446049250313e-16 1.0 -6.661338147750939e-16 1.0000000000000002 5.551115123125783e-16 -5.551115123125783e-16 1.0 2.636434714950716e-16 -0.0 -2.016435096962424e-17 -3.3306690738754696e-16 2.016435096962424e-17 5.143655681222828e-16 -6.730369402342473e-16 3.140184917367551e-16 2.929981326379662e-16 5.698767193535406e-16 1.0000000000000004 -5.698767193535406e-16 1.0 1.8129866073473583e-16 -0.0 1.0 1.7320508075688772 -1.8129866073473583e-16 -0.0 -5.698767193535406e-16 0.9999999999999997 -7.216449660063518e-16 -7.216449660063518e-16 2.498001805406602e-16 -0.0 -1.0000000000000004 -1.8129866073473583e-16 -0.0 1.8129866073473583e-16 -1.0000000000000002 -1.0000000000000004 2.66910636256409e-16 -0.0 -0.0 -3.1401849173675503e-16 -6.661338147750939e-16 -1.0000000000000004 1.0000000000000002 -5.551115123125783e-16 2.220446049250313e-16 -0.0 -2.220446049250313e-16 -6.106226635438361e-16 -1.0000000000000004 4.343974594176672e-16 -2.1805908358293938e-16 1.0000000000000004 2.220446049250313e-16 5.551115123125783e-16 -2.220446049250313e-16 -0.0 -5.551115123125783e-16 2.80379900133944e-16 -0.0 -0.0 -0.0 -3.3306690738754696e-16 -0.0 3.3306690738754696e-16 -0.0 -0.0 1.8129866073473583e-16 5.143655681222828e-16 3.1727265628578765e-16 -6.730369402342473e-16 3.140184917367551e-16 1.0000000000000004 1.8129866073473583e-16 3.417172087275907e-16 -0.0 -1.8129866073473583e-16 -0.0 1.0 1.0000000000000004 -0.0 2.7755575615628914e-16 5.698767193535406e-16 -0.0 1.0 1.1102230246251565e-16 -5.698767193535406e-16 -6.280369834735101e-16 -1.0000000000000007 3.1401849173675503e-16 2.80379900133944e-16 1.0000000000000002 1.8129866073473583e-16 3.401858714524044e-16 -0.0 -7.48144830036803e-18 7.48144830036803e-18 -3.1401849173675503e-16 1.0000000000000004 1.8129866073473583e-16 -9.108530574884364e-18 3.1401849173675503e-16 -1.8129866073473583e-16 -2.1207585898127034e-17 -0.0 -1.8129866073473583e-16 1.942890293094024e-16 1.0 5.551115123125783e-16 1.0 -0.0 -1.8129866073473583e-16 -5.143655681222828e-16 -6.345453125715753e-16 -1.5530974843322876e-16 3.1727265628578765e-16 1.0 -0.0 -8.326672684688674e-16 -0.0 -9.391184674676685e-17 -6.38378239159465e-16 -1.5176824665281113e-16 -7.216449660063518e-16 2.498001805406602e-16 -0.0 2.9561958133952263e-16 -9.584547779723454e-16 -0.0 9.584547779723454e-16 1.3231254226227586e-16 1.0 1.732050807568878 -1.732050807568878 -3.1401849173675503e-16 1.1102230246251565e-16 2.636434714950716e-16 -9.43689570931383e-16 -8.326672684688674e-16 -3.3306690738754696e-16 8.326672684688674e-16 -1.1102230246251565e-16 -1.0 9.43689570931383e-16 1.2813275817826445e-16 1.7320508075688779 -6.106226635438361e-16 -1.7320508075688779 -3.3306690738754696e-16 5.828670879282072e-16 1.0 -3.3306690738754696e-16 -1.732050807568878 1.732050807568878 6.661338147750939e-16 1.732050807568878 1.1102230246251565e-16 -1.732050807568878 -6.280369834735101e-16 1.0000000000000002 0.9999999999999999 -3.3306690738754696e-16 -7.48144830036803e-18 7.48144830036803e-18 4.486603133137771e-17 9.584547779723454e-16 -9.108530574884364e-18 3.1401849173675503e-16 -8.751880511254587e-16 -2.1207585898127034e-17 -1.1102230246251565e-15 -1.0000000000000002 -1.0000000000000002 -1.7320508075688783 1.7320508075688783 -6.106226635438361e-16 -2.498001805406602e-16 2.498001805406602e-16 2.9466621187203793e-16 -6.661338147750939e-16 1.732050807568878 1.732050807568878 1.0000000000000004 -1.732050807568878 -1.0000000000000004 1.7320508075688779 -1.7320508075688779 -3.3306690738754696e-16 -2.498001805406602e-16 -1.7320508075688779 3.3306690738754696e-16 7.771561172376096e-16 2.498001805406602e-16 -1.0000000000000004 1.7320508075688779 -1.7320508075688776 -1.7320508075688779 3.3306690738754696e-16 5.551115123125783e-16 1.7320508075688776 1.0 3.3306690738754696e-16 -1.732050807568878 -3.3306690738754696e-16 -4.996003610813204e-16 4.996003610813204e-16 1.0000000000000004 1.7320508075688783 2.220446049250313e-16 1.7320508075688779 3.0376589788293335e-17 -0.9999999999999998 3.885780586188048e-16 -1.7320508075688779 1.7320508075688779 -0.0 -9.108530574884364e-18 2.627905491153268e-16 -2.1207585898127034e-17 -7.216449660063518e-16 -1.1102230246251565e-16 1.0 -1.7320508075688783 -7.48144830036803e-18 -3.1727265628578765e-16 1.0000000000000002 7.262160694700662e-17 3.3306690738754696e-16 1.732050807568878 -8.881784197001252e-16 9.43689570931383e-16 3.3306690738754696e-16 -1.7320508075688779 -7.216449660063518e-16 -1.0000000000000002 1.3322676295501878e-15 9.159339953157541e-16 -9.992007221626409e-16 1.3322676295501878e-15 1.1102230246251565e-15 2.220446049250313e-16 -2.220446049250313e-16 -1.915134717478395e-15 -1.1102230246251565e-16 1.1102230246251565e-16 -0.0 -0.0 1.0547118733938987e-15 4.440892098500626e-16 -4.440892098500626e-16 1.1102230246251565e-16 -1.1102230246251565e-15 -1.0000000000000002 -7.216449660063518e-16 -4.996003610813204e-16 -1.1102230246251565e-16 -5.273559366969494e-16 -2.80379900133944e-16 9.185433182841432e-17 -2.80379900133944e-16
-3.3306690738754696e-16 -0.0 -0.0 -0.0 -5.551115123125783e-16 -1.0 -0.0 -0.0 -1.0 -0.0 -0.0 -0.0 -0.0 -0.0 -0.0 -0.0 -0.0 -0.0 -0.0 1.0 1.0 -0.0 -0.0 -0.0 1.7320508075688772 -0.0 -1.7320508075688772 3.3306690738754696e-16 1.0 -3.3306690738754696e-16 -0.0 -0.0 -0.0 -0.0 -0.0 -0.0 -0.0 -0.0 -0.0 -0.0 -1.7320508075688772 -0.0 -0.0 -0.0 -0.0 -0.0 1.7320508075688772 3.3306690738754696e-16 -0.0 -3.608224830031759e-16 -0.0 -0.0 -3.608224830031759e-16 -5.551115123125783e-16 -0.0 -0.0 -0.0 1.0 2.220446049250313e-16 -0.0 -0.0 -2.220446049250313e-16 1.0 -0.0 -2.220446049250313e-16 2.220446049250313e-16 -0.0 -0.0 -4.996003610813204e-16 -5.551115123125783e-16 1.0 -0.0 -0.0 2.220446049250313e-16 -0.0 -2.220446049250313e-16 1.0 -0.0 2.220446049250313e-16 1.0 -0.0 -0.0 -0.0 -0.0 -2.220446049250313e-16 -1.0 -0.0 -0.0 -1.0 -2.220446049250313e-16 2.220446049250313e-16 -0.0 -0.0 1.0 -1.0 -2.220446049250313e-16 -2.220446049250313e-16 -0.0 2.220446049250313e-16 -0.0 2.220446049250313e-16 -1.0 -0.0 -0.0 -0.9999999999999997 -0.0 -0.0 -0.0 -0.0 -0.0 -3.3306690738754696e-16 1.1102230246251565e-16 -0.0 1.0 -0.0 1.0 3.3306690738754696e-16 -0.0 -3.3306690738754696e-16 -1.0 1.0 -7.494005416219807e-16 -1.0 5.102847085645026e-18 -5.102847085645026e-18 -0.0 -0.0 7.494005416219807e-16 -2.7755575615628914e-17 -0.0 1.0 -2.7755575615628914e-17 7.494005416219807e-16 -3.3306690738754696e-16 -0.0 3.3306690738754696e-16 -0.0 -0.0 -0.0 -1.0000000000000002 -0.0 1.0000000000000007 1.0 -0.0 1.0 -0.0 -0.0 -0.0 3.3306690738754696e-16 1.0 -1.7320508075688776 1.7320508075688776 -0.0 1.0 -0.0 1.7320508075688776 -1.7320508075688776 -0.0 -5.551115123125783e-17 -0.0 -0.0 -0.0 -0.0 -0.0 -0.0 3.3306690738754696e-16 -0.0 1.0 1.0 -3.3306690738754696e-16 -2.7755575615628914e-17 -0.0 7.494005416219807e-16 -0.0 -0.0 -7.494005416219807e-16 -1.0000000000000002 1.0 -3.885780586188048e-16 -0.0 -0.0 -0.0 -0.0 -0.0 -0.0 -0.0 3.3306690738754696e-16 -0.0 -0.0 -0.0 3.3306690738754696e-16 -7.494005416219807e-16 -0.0 2.7755575615628914e-17 -0.0 -0.0 -1.2212453270876722e-15 5.551115123125783e-16 1.0 -0.0 -1.0 -0.0 1.0824674490095276e-15 -1.0 -0.0 -5.551115123125783e-16 0.9999999999999999 -1.0000000000000002 6.106226635438361e-16 4.000000000000002 1.0 -0.0 1.0 -0.0 -0.0 -0.0 5.551115123125783e-16 -1.0 -0.0 -0.0 -0.0 -1.0 -6.661338147750939e-16 1.7320508075688776 -1.7320508075688776 -0.0 -1.1102230246251565e-16 -0.0 -6.162975822039155e-32 -1.0 6.162975822039155e-32 1.7320508075688776 -1.0000000000000002 1.0 -5.551115123125783e-17 1.7320508075688776 -4.996003610813204e-16 -1.7320508075688776 -0.0 1.1102230246251565e-16 -0.0 -0.0 -1.0824674490095276e-15 -1.1102230246251565e-16 -0.0 -1.7320508075688776 -1.2212453270876722e-15 -1.0 -1.0 -0.0 -0.0 -0.0 -0.0 -0.0 -0.0 5.551115123125783e-16 -0.0 -0.0 -2.220446049250313e-16 2.220446049250313e-16 -1.0 -1.0000000000000002 -5.551115123125783e-17 -6.661338147750939e-16 -1.7320508075688776 -0.0 -0.0 -0.0 -1.0000000000000002 5.551115123125783e-17 -0.0 -2.220446049250313e-16 -6.661338147750939e-16 -1.6653345369377348e-16 1.7320508075688776 1.6653345369377348e-16 -0.0 -1.7320508075688776 -2.220446049250313e-16 -1.4126537436436899e-16 1.7512105867530111e-16 -1.7512105867530111e-16 -1.0 -1.7512105867530111e-16 1.0 1.7512105867530111e-16 -0.0 1.1102230246251565e-16 1.7320508075688776 1.0 -1.0000000000000002 1.0 -7.216449660063518e-16 1.1102230246251565e-16 -2.220446049250313e-16 -0.0 -1.1102230246251565e-16 -0.0 -0.0 -4.996003610813204e-16 -0.0 1.0 1.7320508075688776 -0.0 -0.0 5.551115123125783e-16 -1.7320508075688776 -1.0000000000000002 -6.106226635438361e-16 1.0 -2.220446049250313e-16 -6.106226635438361e-16 1.1102230246251565e-16 -0.0 -1.6773701427863244e-16 -0.0 -0.0 -1.0 -6.661338147750939e-16 1.1102230246251565e-16 -0.0 1.0 -0.0 -0.0 -0.0 -1.1102230246251565e-16 2.220446049250313e-16 -0.0 1.7320508075688776 -0.0 -0.0 -1.1102230246251565e-16 -1.7320508075688776 -1.0000000000000002 1.0000000000000002 1.0 -9.992007221626409e-16 4.163336342344337e-16 -1.7320508075688779 4.163336342344337e-16 -1.1102230246251565e-16 -0.0 -3.3306690738754696e-16 -1.0 -0.0 -0.0 -0.0 -1.7320508075688772 -0.0 1.7320508075688772 -1.1102230246251565e-16 -9.43689570931383e-16 -4.440892098500626e-16 4.440892098500626e-16 -1.0 4.163336342344337e-16 -1.1102230246251565e-16 -1.7320508075688774 -1.7320508075688779 -1.0 1.7320508075688779 3.608224830031759e-16 5.551115123125783e-16 1.7320508075688774 1.1102230246251565e-16 -3.3306690738754696e-16 -0.0 3.3306690738754696e-16 -1.0 -0.0 -8.326672684688674e-16 -1.0000000000000004 4.440892098500626e-16 -4.440892098500626e-16 1.0 -4.440892098500626e-16 2.7755575615628914e-17 4.440892098500626e-16 -1.0000000000000002 -8.881784197001252e-16 -8.881784197001252e-16 -1.0000000000000004 -0.0 -0.0 1.1102230246251565e-16 1.7320508075688772 -0.0 1.0 -1.7320508075688776 -0.0 -1.0000000000000004 -5.551115123125783e-17 -5.551115123125783e-17 6.661338147750939e-16 -6.661338147750939e-16 -1.0000000000000004 -2.7755575615628914e-16 2.7755575615628914e-16 -0.0 -1.0000000000000007 -4.440892098500626e-16 -4.440892098500626e-16 -5.551115123125783e-17 4.440892098500626e-16 -5.551115123125783e-17 -8.881784197001252e-16 8.881784197001252e-16 -1.0 -2.7755575615628914e-16 4.440892098500626e-16 1.0 1.7320508075688779 2.7755575615628914e-16 -5.551115123125783e-17 -4.440892098500626e-16 8.881784197001252e-16 4.440892098500626e-16 1.0 -0.0 -8.881784197001252e-16 -9.992007221626409e-16 1.0000000000000002 4.440892098500626e-16 -1.0000000000000002 -1.7320508075688776 1.7320508075688776 -0.0 -6.661338147750939e-16 3.608224830031759e-16 -7.216449660063518e-16 -0.0 6.661338147750939e-16 1.0 4.440892098500626e-16 -4.440892098500626e-16 2.7755575615628914e-17 -0.0 -1.1102230246251565e-16 -0.0 -1.0 -0.0 -9.992007221626409e-16 6.661338147750939e-16 -0.0 -1.0 3.3306690738754696e-16 -1.1102230246251565e-16 1.0 -5.551115123125783e-16 -1.7320508075688774 1.7320508075688774 1.0 7.216449660063518e-16 -1.0 9.43689570931383e-16 0.9999999999999998 -0.0 -1.7320508075688772 0.9999999999999998 1.7320508075688776 -1.1102230246251565e-16 1.1102230246251565e-16 -4.000000000000002 -5.551115123125783e-17 5.551115123125783e-17 1.3249131491633486e-16 -1.3249131491633486e-16 1.7320508075688772 5.273559366969494e-16 -5.273559366969494e-16 2.7755575615628914e-17 -1.7320508075688776 9.43689570931383e-16 -1.0 1.1102230246251565e-16 -1.636552898319606e-17 1.1102230246251565e-16 2.220446049250313e-16 -0.0 2.220446049250313e-16
4 5 6 7 9 19 12 15 20 0 21 22 2 23 24 3 25 26 27 1 49 50 51 39 40 45 46 47 52 53 54 55 56 57 58 59 60 61 62 13 14 63 64 65 66 16 17 18 67 8 10 11 104 105 106 107 108 88 100 109 86 110 101 87 89 90 91 99 111 112 113 114 115 116 117 118 119 120 121 122 123 124 125 126 127 128 36 41 33 42 43 44 129 130 131 132 133 134 135 48 34 38 136 137 28 29 30 31 32 35 37 196 197 198 199 200 191 201 202 193 203 190 170 171 173 192 204 205 206 166 167 168 169 172 174 175 188 189 148 207 208 209 210 211 212 213 214 215 216 217 218 219 220 221 222 223 224 225 226 227 228 229 230 143 231 140 92 93 94 95 79 80 96 81 97 98 232 233 234 235 236 237 238 239 240 241 242 243 102 103 78 73 82 76 244 245 68 69 70 71 72 74 75 77 83 84 85 333 165 334 335 163 289 336 332 288 138 337 338 328 329 339 340 341 326 327 299 300 295 301 297 342 290 291 292 293 294 296 298 302 303 304 305 306 324 325 255 260 343 344 345 346 347 348 349 350 278 351 352 353 354 355 356 262 357 358 359 360 361 313 362 363 364 365 366 367 368 369 370 371 372 373 374 375 376 377 253 254 147 144 176 177 178 179 180 160 181 162 182 158 159 161 183 184 185 186 187 378 379 321 249 251 319 380 381 382 383 307 384 385 386 387 388 389 194 195 156 157 151 152 250 252 146 139 141 142 145 149 150 153 154 155 164 453 310 330 311 331 286 287 246 454 429 452 247 455 263 456 457 451 450 458 426 425 413 448 459 422 421 449 256 432 433 434 435 400 399 409 317 430 269 410 408 412 431 312 436 309 437 438 395 402 441 460 461 462 463 464 420 284 283 405 446 406 445 465 466 447 315 285 314 467 316 272 468 416 469 470 471 414 472 276 275 417 418 271 270 393 396 258 308 318 279 280 281 282 320 322 323 473 404 474 394 397 439 440 391 475 273 277 267 266 259 248 257 261 264 265 268 274 427 442 390 428 443 401 403 478 419 415 423 424 398 444 392 407 477 479 411 476 
8 9 10 11 28 29 30 31 0 1 2 3 32 33 34 35 36 37 38 68 69 70 71 72 73 74 75 76 4 5 6 7 12 13 14 15 16 17 18 77 78 79 80 81 82 83 84 85 86 138 139 103 140 141 142 143 144 145 146 126 102 147 148 149 150 151 152 137 19 20 21 22 23 24 25 26 27 39 40 41 42 43 44 45 46 47 48 153 154 155 156 157 94 158 92 159 160 161 162 163 164 165 60 51 246 193 247 201 248 194 195 128 209 249 250 251 252 253 254 255 256 245 257 258 259 260 59 231 111 261 262 263 264 265 266 267 244 67 49 50 52 53 54 55 56 57 58 61 62 63 64 65 66 87 88 89 90 91 93 95 96 97 98 99 100 101 268 269 270 271 272 273 274 275 276 277 180 278 279 280 176 281 282 283 186 284 184 285 199 286 287 288 289 105 109 110 390 206 329 188 391 107 332 392 330 331 197 225 334 112 344 345 310 233 393 394 395 234 396 397 343 398 368 367 365 207 399 400 401 402 403 127 404 213 217 405 337 406 407 408 409 410 411 412 136 121 104 106 108 113 114 115 116 117 118 119 120 122 123 124 125 129 130 131 132 133 134 135 166 167 168 169 170 171 172 173 174 175 177 178 179 181 182 183 185 187 189 190 191 192 413 346 387 389 374 373 386 372 371 361 414 370 415 416 417 418 419 318 314 420 212 421 422 423 308 424 425 426 307 352 360 351 353 358 348 427 428 335 429 198 204 205 202 476 208 327 451 236 452 445 444 443 442 220 210 211 291 460 324 461 462 321 319 322 477 380 381 382 323 441 320 299 470 469 432 224 433 223 222 434 301 298 297 295 294 478 431 456 379 378 355 356 357 467 455 463 296 292 464 293 196 200 203 214 215 216 218 219 221 226 227 228 229 230 232 235 237 238 239 240 241 242 243 290 300 302 303 304 305 306 309 311 312 313 315 316 317 325 326 328 458 376 364 366 369 472 459 448 449 446 447 359 342 341 340 339 439 440 437 438 465 336 338 479 475 384 377 466 430 436 347 349 350 385 388 450 457 383 471 363 362 468 435 474 473 454 333 354 375 453 
12 13 9 14 6 39 4 40 41 2 33 42 0 1 3 24 43 36 44 23 87 88 89 19 15 90 86 91 92 93 94 95 79 10 80 96 17 81 97 5 7 8 11 16 18 65 60 66 98 63 57 64 166 167 168 169 170 50 171 172 46 173 174 49 51 45 47 175 176 177 178 179 180 160 181 162 182 158 159 32 34 37 161 183 184 185 26 20 21 22 25 27 28 29 30 31 35 38 48 135 123 134 186 187 129 130 131 132 122 133 124 290 291 292 293 294 295 296 297 298 299 300 108 100 110 301 302 303 304 104 105 106 107 109 101 99 305 306 307 308 309 310 311 312 313 314 315 316 317 318 285 283 284 278 279 280 281 282 77 78 73 82 75 319 320 321 52 53 54 55 56 58 59 61 62 67 68 69 70 71 72 74 76 83 84 85 102 103 242 243 227 228 229 238 322 323 232 233 234 235 236 237 230 226 239 240 241 430 387 344 346 385 269 410 408 412 378 431 409 400 399 256 432 433 434 435 203 190 191 192 202 436 196 197 198 199 200 201 193 204 205 206 188 189 437 438 439 440 441 334 427 335 428 442 443 444 221 359 360 358 445 446 407 447 406 353 351 352 420 212 421 422 423 424 415 425 426 419 153 154 155 156 157 151 152 150 394 397 383 380 111 112 113 114 115 116 117 118 119 120 121 125 126 127 128 136 137 138 139 140 141 142 143 144 145 146 147 148 149 163 164 165 194 195 388 389 373 374 375 376 393 396 382 379 249 251 381 384 377 370 371 372 386 392 209 460 210 463 461 464 473 266 267 265 404 402 475 403 259 257 258 398 368 367 470 471 469 363 362 468 339 340 341 326 327 328 329 338 216 333 289 336 332 288 337 211 342 208 324 325 477 455 343 330 286 476 331 287 361 220 219 467 355 357 354 411 264 262 214 218 213 405 215 417 449 274 459 413 448 277 268 270 271 272 273 275 276 250 252 450 207 217 222 223 224 225 231 244 245 246 247 248 253 254 255 260 261 263 418 414 429 454 457 474 451 391 466 452 472 416 345 348 479 347 349 478 456 401 369 366 364 365 458 350 453 356 395 390 465 462 
15 16 17 18 7 45 46 47 48 3 34 1 26 42 2 27 38 44 36 25 99 100 19 89 12 101 91 86 102 103 78 28 73 81 82 8 9 10 11 64 6 96 97 13 14 62 66 60 76 67 58 5 188 189 190 104 191 173 192 49 4 50 51 172 174 39 40 193 71 194 195 165 156 157 68 32 35 151 152 162 33 161 37 29 30 31 0 133 124 134 23 24 95 183 184 185 182 43 41 119 125 22 85 148 136 137 121 52 116 20 21 199 324 325 208 326 327 196 108 109 328 329 297 88 301 110 105 106 107 169 302 303 304 298 90 87 206 138 126 147 201 330 331 197 332 273 139 289 83 277 77 276 84 267 258 72 266 75 285 94 79 80 282 69 70 74 132 239 240 241 230 57 238 229 65 63 181 319 320 176 280 321 98 317 284 186 92 93 128 216 220 225 61 59 255 260 114 244 245 140 224 111 56 219 53 54 55 288 117 345 347 112 214 448 333 212 204 449 203 421 205 450 429 200 451 202 409 168 170 171 435 198 296 312 436 290 433 309 175 378 399 305 166 167 246 247 143 231 254 442 390 443 248 334 335 163 452 373 370 154 164 418 419 414 268 153 155 371 411 412 400 261 401 402 149 145 150 407 353 358 351 180 160 158 159 426 141 142 144 146 237 385 386 232 372 122 387 374 135 377 131 123 307 376 242 129 130 306 315 235 394 397 439 383 425 380 308 187 415 444 445 179 177 178 350 354 359 118 368 127 395 343 207 215 250 252 365 369 120 360 352 115 113 287 461 462 464 453 209 210 211 281 278 340 342 424 468 458 339 341 279 478 375 455 465 391 337 336 338 475 259 265 257 294 295 299 300 362 243 408 316 363 313 430 469 473 404 293 291 292 253 367 396 310 476 286 311 392 466 227 226 472 275 272 389 420 413 274 269 270 271 417 379 405 431 262 263 264 410 318 406 218 213 357 314 355 283 249 251 256 382 416 457 454 236 228 440 233 234 437 438 428 477 441 322 323 422 459 446 447 432 223 222 349 434 471 361 221 467 217 344 479 348 346 474 398 364 423 384 356 456 381 403 388 463 366 393 427 470 460 
9 19 12 15 0 1 2 3 49 4 50 51 6 39 40 7 45 46 47 5 8 10 11 13 14 16 17 18 104 105 106 107 108 88 100 109 86 110 101 23 24 87 89 90 91 25 26 27 99 20 21 22 28 29 30 31 32 33 34 35 36 37 38 41 42 43 44 48 196 197 198 199 200 191 201 202 193 203 190 170 171 173 192 204 205 206 60 63 57 64 65 66 166 167 168 169 172 174 175 67 58 62 188 189 52 53 54 55 56 59 61 68 69 70 71 72 73 74 75 76 77 78 79 80 81 82 83 84 85 92 93 94 95 96 97 98 102 103 216 333 165 334 335 163 289 336 332 288 138 337 338 328 329 339 340 341 326 327 299 300 295 301 297 211 342 208 129 130 131 132 122 123 133 124 134 135 290 291 292 293 294 296 298 302 303 304 305 306 136 137 121 116 125 119 324 325 111 112 113 114 115 117 118 120 126 127 128 139 140 141 142 143 144 145 146 147 148 149 150 151 152 153 154 155 156 157 158 159 160 161 162 164 176 177 178 179 180 181 182 183 184 185 186 187 194 195 350 354 453 310 330 311 331 286 287 246 370 454 429 452 247 455 263 356 456 457 451 450 458 380 426 425 413 448 459 422 421 449 256 432 433 434 435 400 399 409 348 349 215 212 232 233 234 235 236 228 237 230 238 226 227 229 239 240 241 242 243 317 430 387 344 346 385 269 410 408 412 378 431 312 436 309 437 438 244 245 224 225 219 220 345 347 214 207 209 210 213 217 218 221 222 223 231 248 249 250 251 252 253 254 255 257 258 259 260 261 262 264 265 266 267 268 270 271 272 273 274 275 276 277 278 279 280 281 282 283 284 285 307 308 313 314 315 316 318 319 320 321 322 323 462 446 474 427 442 390 428 443 472 376 375 465 391 466 440 401 403 475 382 377 381 478 383 364 419 469 415 423 424 468 398 368 367 470 471 363 362 460 463 352 379 384 371 372 373 374 386 388 389 444 445 392 461 464 473 404 402 407 365 369 360 359 353 343 351 355 357 358 361 366 393 394 395 396 397 405 406 411 414 416 417 418 420 439 441 447 479 476 467 477 
20 0 21 22 52 53 54 55 4 5 6 7 56 57 58 59 60 61 62 111 112 113 114 115 116 117 118 119 9 19 12 15 2 23 24 3 25 26 27 120 121 122 123 124 125 126 127 128 36 148 207 137 208 209 210 211 212 213 214 204 136 215 216 217 218 219 220 189 1 49 50 51 39 40 45 46 47 13 14 63 64 65 66 16 17 18 67 221 222 223 224 225 131 226 129 227 228 229 230 143 231 140 86 11 255 76 260 74 343 244 245 206 334 344 345 346 347 348 349 350 278 325 351 352 353 354 109 342 196 355 356 262 357 358 359 360 324 99 8 10 104 105 106 107 108 88 100 110 101 87 89 90 91 41 33 42 43 44 130 132 133 134 135 48 34 38 361 313 362 363 364 365 366 367 368 369 236 370 371 372 232 373 374 375 242 376 240 377 71 253 254 147 144 29 35 37 395 85 152 102 402 31 146 441 250 252 69 327 141 197 310 330 249 291 460 461 462 292 463 464 453 420 421 422 448 333 284 283 405 446 406 205 445 336 337 465 149 466 447 315 285 314 467 316 188 190 28 30 32 198 199 200 191 201 202 193 203 170 171 173 192 166 167 168 169 172 174 175 92 93 94 95 79 80 96 81 97 98 233 234 235 237 238 239 241 243 103 78 73 82 272 311 309 438 435 434 436 433 432 458 468 256 416 469 470 471 414 384 381 472 289 276 275 417 379 418 271 270 378 429 450 454 452 457 286 393 396 142 258 70 83 84 75 477 165 157 266 294 259 440 439 397 394 329 335 163 177 427 194 442 390 387 385 388 479 269 410 408 389 474 386 158 423 415 279 326 280 341 340 281 161 182 162 160 180 411 318 264 430 317 455 263 456 478 261 428 181 178 443 179 68 72 77 332 288 138 338 328 339 299 300 295 301 297 290 293 296 298 302 303 304 305 306 176 159 183 184 185 186 187 321 251 319 380 382 383 307 195 156 151 268 399 413 459 449 398 274 273 277 391 475 451 164 155 154 153 473 404 322 323 401 145 150 476 407 431 409 403 308 320 331 287 246 312 437 267 265 412 424 425 426 419 282 392 444 257 139 247 400 248 
2 23 0 24 12 13 9 14 63 6 57 64 4 5 7 40 65 60 66 39 41 33 42 1 3 43 36 44 129 130 131 132 122 21 123 133 26 124 134 19 15 20 22 25 27 90 86 91 135 87 88 89 92 93 94 95 79 10 80 96 17 81 97 8 11 16 18 98 232 233 234 235 236 228 237 230 238 226 227 56 58 61 229 239 240 241 46 49 50 51 45 47 52 53 54 55 59 62 67 175 171 174 242 243 166 167 168 169 170 172 173 176 177 178 179 180 160 181 162 182 158 159 32 34 37 161 183 184 185 28 29 30 31 35 38 48 186 187 378 379 321 249 251 319 380 381 382 383 307 384 377 375 376 370 371 372 373 374 120 121 116 125 118 385 386 387 104 105 106 107 108 100 109 110 101 99 111 112 113 114 115 117 119 126 127 128 136 137 305 306 300 295 301 298 388 389 290 291 292 293 294 296 297 299 302 303 304 308 309 310 311 312 313 314 315 316 317 318 285 283 284 278 279 280 281 282 77 78 73 82 75 320 68 69 70 71 72 74 76 83 84 85 102 103 322 323 473 404 474 141 393 142 396 394 397 439 339 451 450 457 440 391 447 475 466 452 454 429 472 289 276 275 417 418 416 271 270 414 221 222 223 224 225 219 220 218 461 464 412 269 196 197 198 199 200 191 201 202 193 203 190 192 204 205 206 188 189 148 207 208 209 210 211 212 213 214 215 216 217 143 231 140 244 245 437 438 434 435 400 399 460 463 408 430 344 346 410 431 409 256 432 433 436 441 334 427 335 428 442 443 444 359 360 358 445 446 407 406 353 351 352 420 421 422 423 424 415 425 426 419 153 154 155 156 157 151 152 150 138 139 144 145 146 147 149 163 164 165 194 195 479 261 453 250 253 477 252 254 458 329 328 478 455 456 247 467 357 356 332 338 336 465 288 470 277 366 274 272 273 369 361 362 363 364 365 367 368 345 347 267 333 337 340 341 326 327 342 324 325 255 260 343 348 349 350 354 355 262 471 468 258 257 265 392 266 402 403 259 398 469 330 286 476 331 287 411 264 405 449 459 413 448 268 246 248 263 462 395 401 390 
3 25 26 27 15 16 17 18 67 7 58 5 46 64 6 47 62 66 60 45 48 34 1 42 2 38 44 36 136 137 121 52 116 124 125 20 0 21 22 89 12 133 134 23 24 101 91 86 119 99 100 19 102 103 78 28 73 81 82 8 9 10 11 96 97 13 14 76 114 244 245 140 224 225 111 56 59 219 220 230 57 229 61 53 54 55 4 172 173 174 39 40 132 239 240 241 238 65 63 193 192 51 128 216 188 189 190 104 191 49 50 71 194 195 165 156 157 68 32 35 151 152 162 33 161 37 29 30 31 95 183 184 185 182 43 41 85 148 204 215 74 250 252 69 146 365 207 144 126 369 120 368 127 360 352 115 359 118 377 131 122 123 374 112 113 117 169 302 303 304 297 88 298 301 90 87 237 385 386 232 372 387 135 307 376 242 129 130 206 138 329 327 110 109 350 354 199 324 325 208 326 196 108 328 105 106 107 147 201 330 331 197 332 273 139 289 83 277 77 276 84 267 258 72 266 75 285 94 79 80 282 70 181 319 320 176 280 321 98 317 284 186 92 93 255 260 211 342 349 394 395 397 343 141 142 143 259 434 256 222 231 471 414 468 361 221 223 432 467 316 283 355 405 446 217 213 218 447 452 457 454 236 228 226 227 270 209 210 212 214 296 312 436 290 433 170 309 435 175 409 168 171 378 399 305 166 167 187 382 293 461 464 473 412 271 269 379 243 416 439 440 235 233 234 246 247 451 202 421 205 462 453 333 288 345 347 448 449 203 450 429 200 198 254 442 390 443 248 334 335 163 373 370 154 164 418 419 268 153 155 371 411 400 261 401 402 149 145 150 407 353 358 351 180 160 158 159 426 306 315 383 425 380 308 415 444 445 179 177 178 348 422 463 249 477 253 251 441 403 300 299 398 367 364 438 472 272 366 313 362 363 470 430 465 318 356 262 357 314 384 466 338 336 456 381 455 375 344 346 278 408 469 265 257 294 295 404 291 292 322 323 396 479 474 388 389 275 274 391 475 279 341 340 287 281 424 458 339 478 337 310 476 286 311 392 420 413 417 431 263 264 410 406 437 428 459 460 393 423 427 
28 29 30 31 1 68 32 35 69 8 70 71 10 72 73 11 74 75 76 9 138 139 103 77 78 83 84 85 140 141 142 143 144 145 146 126 102 147 148 33 34 149 150 151 152 36 37 38 137 0 2 3 246 193 247 201 248 154 164 194 48 195 165 153 155 156 157 163 128 209 249 250 251 252 253 254 255 256 245 257 258 259 260 59 231 111 16 79 13 80 81 82 261 262 263 264 265 266 267 86 14 18 244 67 4 5 6 7 12 15 17 390 206 329 188 391 288 107 332 105 392 287 272 273 275 289 330 331 197 268 269 270 271 274 276 277 199 286 62 225 334 112 344 345 310 233 393 394 395 234 396 397 343 398 368 367 365 207 399 400 401 402 403 55 127 52 94 158 92 159 41 42 160 43 161 162 404 213 217 405 337 406 407 408 409 410 411 412 60 51 40 24 44 27 136 121 19 20 21 22 23 25 26 39 45 46 47 476 101 208 327 99 192 451 202 191 49 236 452 429 198 445 444 443 428 335 361 414 373 370 372 442 413 346 387 389 374 386 371 415 416 417 418 419 348 427 119 125 220 210 211 291 460 324 461 462 177 321 319 322 477 380 381 130 382 323 441 320 299 423 470 469 432 224 433 223 222 434 301 298 297 295 294 478 431 456 117 118 61 56 180 278 279 280 176 96 281 98 282 93 95 97 283 186 284 184 285 379 378 351 113 115 352 355 356 357 467 318 455 463 296 292 464 293 109 110 90 91 65 66 114 116 58 50 53 54 57 63 64 87 88 89 100 479 212 204 421 205 189 190 104 475 328 338 106 384 131 377 466 336 465 430 317 316 290 437 436 312 311 438 120 364 366 369 472 227 226 240 426 458 167 241 239 243 376 422 459 420 448 449 216 229 359 347 349 350 385 388 309 185 183 235 439 237 339 450 457 440 424 187 308 383 425 170 471 303 363 362 468 300 435 174 173 304 305 169 168 214 218 123 314 307 178 179 181 182 360 353 358 474 232 473 215 219 446 447 200 454 171 175 135 134 124 108 122 129 132 133 166 172 325 342 196 326 341 228 230 375 306 302 313 315 221 340 203 238 354 453 242 333 
0 1 2 3 4 5 6 7 8 9 10 11 12 13 14 15 16 17 18 19 20 21 22 23 24 25 26 27 28 29 30 31 32 33 34 35 36 37 38 39 40 41 42 43 44 45 46 47 48 49 50 51 52 53 54 55 56 57 58 59 60 61 62 63 64 65 66 67 68 69 70 71 72 73 74 75 76 77 78 79 80 81 82 83 84 85 86 87 88 89 90 91 92 93 94 95 96 97 98 99 100 101 102 103 104 105 106 107 108 109 110 111 112 113 114 115 116 117 118 119 120 121 122 123 124 125 126 127 128 129 130 131 132 133 134 135 136 137 138 139 140 141 142 143 144 145 146 147 148 149 150 151 152 153 154 155 156 157 158 159 160 161 162 163 164 165 166 167 168 169 170 171 172 173 174 175 176 177 178 179 180 181 182 183 184 185 186 187 188 189 190 191 192 193 194 195 196 197 198 199 200 201 202 203 204 205 206 207 208 209 210 211 212 213 214 215 216 217 218 219 220 221 222 223 224 225 226 227 228 229 230 231 232 233 234 235 236 237 238 239 240 241 242 243 244 245 246 247 248 249 250 251 252 253 254 255 256 257 258 259 260 261 262 263 264 265 266 267 268 269 270 271 272 273 274 275 276 277 278 279 280 281 282 283 284 285 286 287 288 289 290 291 292 293 294 295 296 297 298 299 300 301 302 303 304 305 306 307 308 309 310 311 312 313 314 315 316 317 318 319 320 321 322 323 324 325 326 327 328 329 330 331 332 333 334 335 336 337 338 339 340 341 342 343 344 345 346 347 348 349 350 351 352 353 354 355 356 357 358 359 360 361 362 363 364 365 366 367 368 369 370 371 372 373 374 375 376 377 378 379 380 381 382 383 384 385 386 387 388 389 390 391 392 393 394 395 396 397 398 399 400 401 402 403 404 405 406 407 408 409 410 411 412 413 414 415 416 417 418 419 420 421 422 423 424 425 426 427 428 429 430 431 432 433 434 435 436 437 438 439 440 441 442 443 444 445 446 447 448 449 450 451 452 453 454 455 456 457 458 459 460 461 462 463 464 465 466 467 468 469 470 471 472 473 474 475 476 477 478 479 
32 33 1 34 30 77 28 78 79 10 13 80 8 9 11 73 81 16 82 72 153 154 155 68 35 156 48 157 94 158 92 159 41 2 42 160 37 43 161 29 31 0 3 36 38 151 102 152 162 149 145 150 268 269 270 271 272 139 273 274 84 275 276 138 103 83 85 277 180 278 279 280 176 96 281 98 282 93 95 12 14 17 97 283 186 284 75 69 70 71 74 76 4 5 6 7 15 18 86 267 258 266 184 285 261 262 263 264 257 265 259 413 346 387 389 374 373 386 372 371 361 414 248 164 195 370 415 416 417 246 193 247 201 194 165 163 418 419 318 314 420 212 421 422 423 308 424 425 426 307 187 183 185 177 178 179 181 182 39 40 24 44 26 352 360 351 140 141 142 143 144 146 126 147 148 137 19 20 21 22 23 25 27 45 46 47 60 51 411 412 400 401 402 407 353 358 404 213 217 405 337 406 403 399 408 409 410 458 292 210 291 463 167 241 239 243 379 376 240 227 226 120 364 366 369 472 392 287 288 289 332 459 390 206 329 188 391 107 105 330 331 197 199 286 448 449 446 447 359 208 325 327 326 342 341 340 398 441 320 323 339 439 238 440 237 322 321 319 309 310 311 312 313 315 302 316 317 306 87 88 89 90 91 65 66 64 215 219 467 355 128 209 249 250 251 252 253 254 255 256 245 260 59 231 111 244 67 49 50 52 53 54 55 56 57 58 61 62 63 99 100 101 109 110 464 293 295 294 478 431 214 218 357 378 113 115 356 455 456 301 298 297 296 203 112 347 344 385 349 388 474 134 135 133 232 229 454 230 124 122 123 221 222 223 362 468 363 469 470 471 445 444 443 428 335 429 198 452 395 476 192 451 202 191 236 345 442 334 348 427 354 384 220 204 189 333 205 190 299 343 397 383 380 382 477 242 132 130 393 396 233 235 394 304 438 172 436 290 437 175 166 168 169 170 171 173 174 114 116 465 225 234 368 367 365 207 127 136 121 104 106 108 117 118 119 125 129 131 305 300 328 475 466 473 336 200 457 338 435 303 211 324 453 460 461 375 377 228 434 433 432 224 430 462 479 381 216 196 450 350 
35 36 37 38 31 83 84 85 86 11 14 9 75 80 10 76 18 82 16 74 163 164 68 155 32 165 157 48 60 51 40 4 24 43 44 0 1 2 3 150 30 160 161 33 34 148 152 102 27 137 146 29 199 286 287 246 288 275 289 138 28 139 103 274 276 77 78 105 22 109 110 101 90 91 19 12 15 65 66 98 13 97 17 5 6 7 8 265 259 266 72 73 159 283 186 284 282 81 79 255 260 71 47 62 244 67 245 140 252 69 70 188 348 427 334 428 335 390 248 194 429 198 372 154 370 195 193 247 201 271 415 416 417 371 156 153 197 49 59 61 107 204 205 206 202 171 50 192 45 175 39 174 46 135 123 23 134 26 187 92 41 42 182 20 21 25 264 408 409 410 403 145 407 402 151 149 281 352 360 180 179 351 162 426 185 184 94 158 111 395 343 207 147 126 119 125 250 136 121 52 365 128 144 397 141 142 143 191 253 211 460 209 393 437 476 310 330 438 392 311 331 465 328 391 336 332 240 270 272 273 472 329 386 422 459 413 366 420 277 379 226 418 268 269 104 106 55 127 118 342 196 341 108 208 327 99 338 295 301 88 100 305 306 300 166 87 89 298 242 243 227 129 228 229 63 57 64 238 322 323 321 176 96 93 95 317 53 54 56 58 406 463 296 404 297 257 292 294 267 456 263 258 318 431 411 261 262 419 424 405 215 219 446 467 316 355 314 285 302 340 339 280 278 279 462 477 441 254 222 231 216 220 225 394 114 116 224 434 256 320 319 251 249 190 349 350 388 479 112 344 345 181 177 444 442 315 471 430 445 443 178 375 478 384 450 200 236 451 452 454 124 133 122 374 373 361 414 470 412 239 425 469 423 458 363 474 232 389 346 387 117 223 218 212 333 189 421 203 457 400 399 435 173 170 293 309 290 172 167 168 169 304 378 235 376 130 131 132 241 307 237 396 233 382 308 380 183 113 115 120 357 303 466 475 337 401 447 213 217 448 449 326 354 359 353 358 312 436 439 440 364 367 368 461 369 468 299 398 383 234 210 453 324 291 473 221 432 313 455 381 377 356 230 464 385 433 214 325 362 347 
6 39 4 40 2 23 0 24 87 12 88 89 9 19 15 14 90 86 91 13 63 57 64 5 7 65 60 66 166 167 168 169 170 50 171 172 46 173 174 1 3 49 51 45 47 43 36 44 175 41 33 42 129 130 131 132 122 21 123 133 26 124 134 20 22 25 27 135 290 291 292 293 294 295 296 297 298 299 300 108 100 110 301 302 303 304 17 8 10 11 16 18 104 105 106 107 109 101 99 98 80 97 305 306 92 93 94 95 79 96 81 232 233 234 235 236 228 237 230 238 226 227 56 58 61 229 239 240 241 52 53 54 55 59 62 67 242 243 317 430 387 344 346 385 269 410 408 412 378 431 409 400 399 256 432 433 434 435 203 190 191 192 202 312 436 309 28 29 30 31 32 34 35 37 38 48 196 197 198 199 200 201 193 204 205 206 188 189 186 187 159 160 161 182 437 438 176 177 178 179 180 181 162 158 183 184 185 379 321 249 251 319 380 381 382 383 307 384 377 375 376 370 371 372 373 374 120 121 116 125 118 386 111 112 113 114 115 117 119 126 127 128 136 137 388 389 444 445 392 209 460 210 463 461 464 473 153 266 267 265 404 402 475 407 403 259 257 258 398 144 368 367 470 471 469 363 362 468 339 340 341 326 327 328 329 338 442 443 316 313 68 69 70 71 72 73 74 75 76 77 78 82 83 84 85 102 103 216 333 165 334 335 163 289 336 332 288 138 337 211 342 208 324 325 322 323 281 282 283 284 427 428 315 308 310 311 314 318 285 278 279 280 320 474 141 393 142 396 394 397 439 451 450 457 440 391 447 466 452 454 429 472 276 275 417 418 416 271 270 414 221 222 223 224 225 219 220 218 148 207 212 213 214 215 217 143 231 140 244 245 476 355 248 345 348 479 347 349 268 152 151 411 261 264 260 478 456 263 146 150 145 401 147 423 369 459 366 364 365 449 458 426 425 413 448 422 421 330 331 360 139 149 154 155 156 157 164 194 195 350 354 453 286 287 246 247 455 356 424 419 352 351 358 441 359 446 406 353 420 415 250 253 477 252 254 467 357 465 277 274 272 273 361 255 343 262 390 462 405 395 
41 2 33 42 92 93 94 95 12 13 9 14 79 10 80 96 17 81 97 176 177 178 179 180 160 181 162 182 6 39 4 40 0 1 3 24 43 36 44 158 159 32 34 37 161 183 184 185 26 307 308 187 309 310 311 312 313 314 315 302 186 316 317 318 285 283 284 306 23 87 88 89 19 15 90 86 91 5 7 8 11 16 18 65 60 66 98 278 279 280 281 282 30 77 28 78 73 82 75 319 320 321 46 64 439 238 440 237 441 322 323 304 344 334 427 335 428 442 443 444 221 438 359 360 358 445 172 436 290 446 407 447 406 353 351 352 437 175 63 57 166 167 168 169 170 50 171 173 174 49 51 45 47 20 21 22 25 27 29 31 35 38 48 135 123 134 420 212 421 422 423 424 415 425 426 419 72 153 154 155 68 156 157 151 102 152 84 150 235 394 397 383 380 130 133 124 477 241 376 242 455 132 382 343 393 396 233 435 249 291 209 460 141 197 330 286 476 198 331 287 392 361 362 363 471 430 220 219 467 355 357 303 354 410 431 411 384 264 262 214 218 213 405 215 305 300 129 131 122 292 293 294 295 296 297 298 299 108 100 110 301 104 105 106 107 109 101 99 52 53 54 55 56 58 59 61 62 67 69 70 71 74 76 83 85 103 243 227 228 229 417 210 208 325 327 326 342 341 340 398 449 339 274 459 413 448 277 149 145 268 269 270 271 272 139 273 275 276 138 267 258 266 265 259 461 250 252 251 450 234 239 240 230 395 387 374 454 200 457 260 255 254 253 399 346 385 112 345 388 348 479 165 163 194 390 289 336 332 195 248 164 120 364 366 222 434 223 433 432 224 125 119 118 116 115 465 217 466 333 216 402 475 403 401 391 347 117 113 349 114 232 236 226 408 412 378 409 400 256 203 190 191 192 202 196 199 201 193 204 205 206 188 189 111 121 126 127 128 136 137 140 142 143 144 146 147 148 389 373 375 472 329 470 469 468 458 416 418 414 261 263 257 386 372 371 370 246 247 244 245 478 381 377 462 356 337 338 456 207 231 463 464 473 211 324 429 452 288 365 367 368 369 225 453 350 451 379 404 328 474 
24 43 36 44 40 65 60 66 98 14 80 13 86 11 9 91 97 18 17 90 135 123 23 22 0 134 27 26 186 187 159 92 160 37 161 41 2 33 42 51 4 35 38 1 3 174 47 46 182 175 171 39 242 243 227 129 228 61 229 63 6 57 64 59 62 5 7 238 179 322 323 321 281 282 176 79 96 283 284 75 10 82 81 93 94 95 12 109 110 101 19 15 31 83 84 85 76 16 8 298 301 89 185 317 305 306 300 166 295 87 88 235 388 389 387 373 374 232 122 133 375 376 118 21 125 124 130 131 132 55 126 127 128 119 25 20 241 307 302 316 237 393 396 233 382 424 308 380 183 419 158 426 184 352 360 180 351 162 150 30 32 34 157 177 178 181 107 204 205 206 202 50 193 192 45 49 74 163 164 68 155 165 48 148 152 102 28 29 304 378 399 435 173 172 444 445 293 437 438 309 434 290 170 400 167 168 169 383 296 460 463 291 408 418 379 269 239 414 226 270 240 429 450 236 454 230 218 54 56 58 225 234 117 143 231 111 223 140 67 216 220 136 52 53 439 440 312 436 443 253 477 254 441 249 251 319 457 326 339 279 320 448 277 449 420 278 280 340 405 215 219 446 467 355 318 314 285 262 265 259 266 72 73 77 78 276 310 311 313 315 201 211 342 196 341 108 208 327 99 338 106 100 138 329 188 104 105 137 146 199 286 287 246 288 275 289 139 103 274 255 260 71 69 70 473 404 257 297 362 303 476 392 430 412 427 428 471 468 299 258 267 294 292 397 348 479 349 474 344 346 385 156 153 371 386 273 369 472 370 372 154 465 328 391 478 455 384 381 377 356 358 353 359 115 116 120 121 368 189 214 147 367 144 207 366 350 354 114 112 113 442 363 331 141 395 394 142 343 456 190 203 458 425 423 325 268 417 415 212 421 422 413 333 411 217 407 447 406 213 149 264 409 410 403 145 402 151 334 335 221 332 459 452 451 200 191 247 197 198 244 245 252 390 248 194 195 271 416 261 263 222 433 432 464 224 365 398 256 401 431 209 462 461 210 453 361 470 272 337 475 466 336 357 324 347 469 330 250 364 345 
7 45 46 47 3 25 26 27 99 15 100 19 17 89 12 18 101 91 86 16 67 58 5 64 6 62 66 60 188 189 190 104 191 173 192 49 4 50 51 42 2 172 174 39 40 38 44 36 193 48 34 1 136 137 121 52 116 124 125 20 0 21 22 133 134 23 24 119 199 324 325 208 326 327 196 108 109 328 329 297 88 301 110 105 106 107 9 96 81 97 13 14 169 302 303 304 298 90 87 76 82 11 206 138 102 103 78 28 73 8 10 114 244 245 140 224 225 111 56 59 219 220 230 57 229 61 53 54 55 132 239 240 241 238 65 63 128 216 83 288 117 345 347 112 214 448 333 212 204 449 203 421 205 450 429 200 451 202 409 168 170 171 435 197 198 201 95 183 184 185 162 33 182 161 43 41 296 312 436 290 433 309 175 378 399 305 166 167 85 148 152 157 37 35 246 247 71 194 195 165 156 68 32 151 29 30 31 215 74 250 252 69 146 365 207 144 126 369 120 368 127 360 352 115 359 118 377 131 122 123 374 113 237 385 386 232 372 387 135 307 376 242 129 130 350 354 163 164 287 461 462 464 453 209 210 211 353 281 278 340 342 424 468 419 458 339 341 279 478 383 375 455 465 391 337 336 338 475 259 265 257 294 295 299 300 362 334 335 289 332 181 319 320 176 280 79 321 282 98 285 94 80 317 284 186 92 93 243 408 179 442 443 444 316 363 313 430 306 469 473 404 293 291 292 255 260 266 75 276 84 390 248 139 147 330 331 273 277 77 267 258 72 70 349 394 395 397 343 141 142 143 434 256 222 231 471 414 361 221 223 432 467 283 355 405 446 217 213 218 447 452 457 454 236 228 226 227 270 187 382 412 271 269 379 416 439 440 235 233 234 286 275 428 344 479 348 346 474 406 159 158 420 422 413 323 398 364 459 380 426 425 423 308 401 384 263 356 456 381 431 403 150 145 264 410 261 400 310 311 370 315 415 358 351 180 160 445 177 178 388 389 463 476 392 437 438 367 366 402 407 371 155 154 254 373 418 268 153 411 149 249 477 253 251 441 472 272 470 318 262 357 314 466 322 396 274 427 460 417 393 
48 3 34 1 102 103 78 28 15 16 17 18 73 81 82 8 9 10 11 71 194 195 165 156 157 68 32 35 7 45 46 47 26 42 2 27 38 44 36 151 152 162 33 161 37 29 30 31 0 126 147 148 201 330 331 197 332 273 139 105 85 289 83 277 77 276 84 138 25 99 100 19 89 12 101 91 86 64 6 96 97 13 14 62 66 60 76 267 258 72 266 75 184 285 95 94 79 80 282 69 70 74 4 5 143 59 231 111 254 255 260 107 345 442 390 443 248 334 335 163 452 247 373 370 154 164 49 198 199 418 419 414 268 153 155 371 246 193 67 58 188 189 190 104 191 173 192 50 51 172 174 39 40 133 124 134 23 24 183 185 182 43 41 119 125 22 411 412 400 261 401 402 149 145 150 407 280 353 358 351 181 180 160 158 92 159 284 426 140 141 142 144 146 137 20 21 253 55 127 128 367 52 207 396 395 343 244 202 250 324 461 462 394 312 310 476 286 436 311 392 287 466 338 336 391 288 227 226 472 275 272 106 389 448 449 420 369 413 274 269 270 271 417 379 206 329 136 121 116 325 208 326 327 196 108 109 328 297 88 301 110 169 302 303 304 298 90 87 132 239 240 241 230 57 238 229 65 63 319 320 176 321 98 317 186 93 216 220 225 61 405 464 293 292 295 294 404 257 265 478 431 259 262 263 264 410 318 415 425 406 214 218 213 357 315 314 355 283 306 278 279 281 340 339 209 249 251 252 256 245 53 54 56 393 117 118 223 433 222 323 322 441 477 205 347 112 385 344 350 479 348 179 444 177 427 316 363 313 178 428 445 377 456 356 457 451 454 200 429 236 123 135 374 122 372 470 416 361 408 243 424 468 458 423 471 346 387 386 474 232 114 224 219 333 212 204 203 421 450 409 168 170 171 435 296 290 309 175 378 399 305 166 167 237 131 307 376 242 129 130 235 397 439 383 380 308 187 354 359 368 467 300 465 337 475 403 217 446 447 422 459 341 113 115 352 360 437 438 233 234 398 365 120 460 366 469 362 364 382 440 453 210 211 473 291 432 221 430 381 455 375 384 228 463 388 434 215 342 299 349 
26 42 3 2 46 64 7 6 96 17 81 97 15 16 18 12 13 9 14 89 133 124 134 25 27 23 0 24 95 183 184 185 162 34 33 182 44 161 43 45 47 48 1 38 36 39 4 40 41 172 173 174 132 239 240 241 230 58 57 238 66 229 65 67 5 62 60 63 181 319 320 176 280 79 321 282 98 285 94 73 82 10 80 317 284 186 91 99 100 19 101 86 102 103 78 28 8 11 76 87 88 90 92 93 169 302 303 304 297 298 301 237 385 386 232 372 122 387 374 135 377 131 116 125 21 123 307 376 242 136 137 121 52 20 22 119 129 130 306 315 235 394 397 439 383 425 380 308 187 415 426 158 159 353 358 351 180 160 151 152 157 37 32 444 445 179 188 189 190 104 191 192 49 50 51 193 71 194 195 165 156 68 35 29 30 31 85 148 166 167 168 170 171 175 177 178 296 312 436 290 433 309 435 409 378 399 305 382 293 461 464 473 412 271 269 379 243 416 270 226 227 452 457 454 236 228 219 220 225 61 56 440 114 244 245 140 224 111 59 53 54 55 128 216 233 234 437 438 428 250 249 252 251 477 441 322 450 341 279 339 323 422 274 459 413 340 281 278 406 214 218 213 357 314 262 355 283 318 267 258 72 266 75 276 84 77 476 392 430 316 199 324 325 208 326 327 196 108 109 328 329 110 105 106 107 206 138 126 147 201 330 331 197 332 273 139 289 83 277 69 70 74 255 260 291 292 294 295 299 300 310 311 313 408 442 443 363 469 362 259 265 257 404 396 345 344 347 346 479 474 388 155 371 153 389 275 366 272 154 373 370 466 338 336 456 381 356 455 375 384 360 352 115 359 118 368 127 120 204 215 146 365 207 144 369 112 113 117 350 354 427 471 287 395 141 393 343 142 478 205 421 423 424 458 342 417 268 419 333 203 448 420 212 264 447 149 217 405 446 407 411 400 261 401 402 145 150 390 248 432 288 449 429 200 451 202 198 246 247 143 231 254 334 335 163 164 418 414 410 431 256 434 221 463 223 367 364 222 403 263 462 209 460 453 210 470 361 472 475 337 465 391 467 211 349 468 286 253 398 348 
27 38 44 36 47 62 66 60 76 18 82 16 91 97 17 86 11 14 9 101 119 125 25 134 26 22 24 0 85 148 152 102 157 161 37 48 3 34 1 174 46 182 43 42 2 51 40 4 35 193 192 45 128 216 220 136 225 229 61 67 7 58 5 238 65 64 6 59 165 255 260 74 266 75 71 73 8 276 84 282 81 80 10 103 78 28 15 298 301 90 89 12 185 317 284 186 98 13 96 109 110 19 31 83 206 138 329 188 327 99 100 140 350 354 117 359 118 114 116 20 368 127 374 124 123 21 137 121 52 241 307 376 242 135 23 133 55 126 105 289 111 395 343 244 207 402 147 146 29 407 151 150 30 371 370 156 155 32 426 184 162 33 160 194 195 68 304 378 399 305 435 173 175 171 39 172 321 444 445 181 351 179 41 187 159 92 95 183 107 204 205 202 50 49 163 164 208 246 247 201 451 199 191 421 189 190 104 144 196 462 453 324 333 446 215 214 53 447 219 218 54 432 256 224 223 56 270 240 230 57 228 245 387 439 440 237 454 235 63 243 227 129 132 239 143 231 197 198 335 477 253 441 254 250 252 69 222 294 259 258 70 410 318 431 411 267 72 265 417 379 226 418 472 275 277 273 77 274 340 339 281 280 79 285 94 283 330 331 332 139 309 473 404 296 257 297 293 295 87 362 303 88 306 300 166 169 302 130 380 290 476 392 437 430 355 316 315 93 262 322 323 176 319 320 211 342 341 108 338 106 286 287 288 212 390 248 391 475 328 279 278 326 325 142 479 348 474 349 345 347 112 180 353 352 113 314 384 467 360 115 358 470 299 471 398 367 369 365 120 366 154 153 373 372 122 377 131 375 167 269 308 455 383 382 356 388 389 232 385 386 334 336 311 394 393 141 397 396 364 168 409 403 145 401 292 406 405 149 412 400 261 264 408 420 416 419 414 268 271 415 413 203 448 458 425 424 158 442 443 452 313 263 221 434 433 170 438 312 436 233 234 251 427 428 177 178 213 217 422 459 457 200 429 210 236 381 478 450 423 449 461 460 209 464 463 466 465 357 469 468 361 363 272 291 346 337 310 249 456 344 
49 4 50 51 104 105 106 107 9 19 12 15 108 88 100 109 86 110 101 196 197 198 199 200 191 201 202 193 0 1 2 3 6 39 40 7 45 46 47 203 190 170 171 173 192 204 205 206 60 216 333 189 165 334 335 163 289 336 332 83 188 288 138 337 338 328 329 103 5 8 10 11 13 14 16 17 18 23 24 87 89 90 91 25 26 27 99 339 340 341 326 327 168 299 166 300 295 301 297 211 342 208 36 22 350 119 354 117 453 324 325 85 141 310 330 311 331 286 287 246 370 195 454 429 452 247 35 164 68 455 263 356 456 457 451 450 194 48 20 21 28 29 30 31 32 33 34 37 38 41 42 43 44 63 57 64 65 66 167 169 172 174 175 67 58 62 458 380 426 425 413 448 459 422 421 449 294 256 432 433 290 434 435 400 305 399 303 409 114 348 349 215 212 53 59 61 462 128 220 136 446 55 214 474 345 347 112 157 209 69 249 250 344 177 427 442 390 178 428 443 248 472 276 275 273 139 376 375 465 391 466 84 440 145 149 401 217 403 475 382 377 381 478 383 102 78 52 54 56 70 71 72 73 74 75 76 77 79 80 81 82 92 93 94 95 96 97 98 129 130 131 132 122 123 133 124 134 135 291 292 293 296 298 302 304 306 137 121 116 125 364 251 321 323 282 281 320 280 279 268 419 278 469 415 423 424 468 431 410 398 144 368 367 470 430 471 363 362 317 258 267 257 259 265 253 460 463 210 352 113 126 127 118 479 140 225 359 180 353 404 473 464 461 152 142 143 233 393 244 394 395 309 312 437 476 313 314 315 438 392 436 226 417 416 371 156 372 155 154 373 229 238 230 228 236 467 384 357 308 307 261 262 264 411 355 396 237 234 397 235 111 115 120 146 147 148 150 151 153 158 159 160 161 162 176 179 181 182 183 184 185 186 187 232 227 239 240 241 242 243 387 346 385 269 408 412 378 245 224 219 361 284 272 274 277 420 366 365 369 402 407 266 231 223 222 221 444 445 388 389 405 213 218 477 447 318 285 406 379 386 252 254 255 319 322 360 358 316 418 271 270 414 374 441 439 351 207 260 283 343 
52 53 54 55 5 111 56 59 112 20 113 114 21 115 116 22 117 118 119 0 148 207 137 120 121 126 127 128 208 209 210 211 212 213 214 204 136 215 216 57 58 217 218 219 220 60 61 62 189 4 6 7 255 76 260 74 343 222 231 244 67 245 140 221 223 224 225 143 206 334 344 345 346 347 348 349 350 278 325 351 352 353 354 109 342 196 25 122 23 123 124 125 355 356 262 357 358 359 360 36 24 27 324 99 9 19 12 15 2 3 26 395 85 152 102 402 147 31 146 29 441 254 364 365 367 144 250 252 69 361 313 362 363 366 368 369 71 253 101 327 141 197 310 330 249 291 460 461 462 292 463 464 453 420 421 422 448 333 284 283 405 446 406 107 205 104 131 226 129 227 63 64 228 65 229 230 445 336 337 465 149 466 447 315 285 314 467 316 86 11 14 40 66 47 188 190 1 49 50 51 39 45 46 13 16 17 18 477 38 165 157 48 82 266 75 73 8 294 259 258 70 440 439 397 396 142 458 468 434 256 433 394 272 311 309 438 435 436 432 416 469 470 471 414 286 393 193 192 329 335 163 177 427 194 442 390 233 387 385 388 479 269 410 167 408 389 474 386 158 417 423 415 279 326 280 341 340 281 161 182 162 160 180 411 318 264 201 202 110 108 236 370 371 372 232 133 373 135 374 130 132 134 375 242 376 240 377 430 317 454 198 200 429 455 263 456 478 384 261 428 181 178 443 179 35 37 43 44 90 91 199 191 100 10 105 106 88 87 89 41 33 42 34 476 289 83 276 84 103 78 28 407 151 150 30 431 168 409 403 145 401 308 307 383 176 322 320 319 251 323 203 413 459 449 398 300 299 303 270 268 93 304 302 306 399 275 274 472 273 277 138 301 451 331 287 246 312 437 321 241 239 293 473 296 153 267 265 404 418 243 379 412 271 79 424 184 425 426 419 159 282 97 81 185 186 95 94 332 338 171 381 378 234 235 237 238 450 452 457 392 290 444 288 328 391 475 72 257 80 98 175 174 173 32 170 166 169 172 92 96 195 164 68 156 155 295 297 400 187 183 380 382 339 154 77 298 247 248 305 139 
56 57 5 58 54 120 52 121 122 21 23 123 20 0 22 116 124 25 125 115 221 222 223 111 59 224 67 225 131 226 129 227 63 6 64 228 61 65 229 53 55 4 7 60 62 219 136 220 230 217 213 218 361 313 362 363 364 207 365 366 127 367 368 148 137 126 128 369 236 370 371 372 232 133 373 135 374 130 132 2 24 26 134 375 242 376 118 112 113 114 117 119 9 19 12 15 3 27 36 360 352 359 240 377 355 356 262 357 351 358 353 272 311 309 438 435 434 436 433 432 458 468 343 231 245 256 416 469 470 255 76 260 74 244 140 143 471 414 384 381 472 289 276 275 417 379 418 271 270 378 243 239 241 233 234 235 237 238 13 14 40 66 46 429 450 454 208 209 210 211 212 214 204 215 216 189 1 49 50 51 39 45 47 16 17 18 86 11 467 316 283 405 446 447 452 457 445 336 337 465 149 466 406 284 315 285 314 268 178 335 177 428 93 304 302 306 430 399 303 300 299 203 413 459 449 398 441 254 147 144 146 274 395 85 152 102 402 31 29 250 252 69 71 253 273 277 391 475 451 165 195 157 156 164 155 154 420 474 386 389 153 473 298 404 296 388 387 385 321 249 251 319 380 382 183 383 307 187 41 33 42 43 44 90 91 89 288 328 478 455 206 334 344 345 346 347 348 349 350 278 325 354 109 342 196 324 99 8 10 104 105 106 107 108 88 100 110 101 87 48 34 38 35 37 443 179 160 180 411 318 332 338 456 317 198 200 263 261 264 161 182 162 181 77 197 331 310 312 287 437 392 174 175 172 290 301 257 297 173 170 171 339 340 341 426 419 425 415 423 424 440 439 397 396 142 258 70 259 462 477 82 266 75 73 294 330 394 141 286 393 247 431 329 83 103 139 84 78 158 453 464 412 269 408 479 305 169 167 460 463 291 293 461 185 323 96 320 176 322 98 92 94 95 79 80 81 97 199 191 401 327 292 421 422 448 333 205 188 190 28 30 32 201 202 193 192 166 168 186 159 151 407 403 444 145 72 265 150 282 184 163 194 248 427 442 400 409 295 281 280 279 326 308 390 476 410 138 68 267 246 
59 60 61 62 55 126 127 128 36 22 24 0 118 123 21 119 27 125 25 117 143 231 111 223 56 140 225 67 86 11 14 9 40 65 66 4 5 6 7 218 54 228 229 57 58 216 220 136 47 189 214 53 71 253 254 255 147 367 144 148 52 207 137 366 368 120 121 29 51 35 37 38 43 44 1 2 3 90 91 135 23 134 26 19 12 15 20 358 353 359 115 116 227 375 242 376 374 124 122 350 354 114 18 101 324 99 325 208 347 112 113 102 286 393 141 396 142 395 343 244 258 70 433 222 256 245 76 260 74 363 416 469 470 432 224 221 69 8 109 110 31 83 84 85 75 80 10 82 16 98 13 97 17 175 171 39 174 46 243 129 63 64 238 49 50 45 357 315 285 314 406 213 447 446 219 217 373 429 450 236 235 454 230 270 241 240 131 226 196 462 453 333 215 204 193 192 345 188 190 104 448 206 212 464 209 210 211 73 348 163 427 334 460 322 477 249 250 323 441 251 252 401 151 402 145 146 303 362 364 365 398 152 436 275 274 272 459 472 369 430 299 471 361 313 28 30 107 205 202 164 68 155 32 165 157 48 150 160 161 33 34 186 187 159 92 41 42 182 305 306 300 166 295 301 87 88 89 298 388 389 387 232 133 130 132 307 105 106 108 100 466 428 181 445 162 351 178 180 360 264 262 352 384 318 467 355 356 414 418 465 288 328 391 478 383 455 381 377 183 154 153 372 370 371 390 479 474 349 340 342 138 329 327 461 199 191 326 281 278 386 385 346 344 78 287 246 437 476 197 310 330 237 233 439 394 382 424 308 440 397 234 400 411 431 267 72 294 266 259 257 173 172 170 435 434 458 468 423 316 302 271 415 417 268 425 392 290 438 311 309 201 341 338 289 139 103 276 77 265 283 284 282 81 79 179 321 176 96 93 94 95 185 317 293 399 167 168 169 304 378 296 463 291 408 379 269 239 198 200 203 456 184 403 407 149 405 475 336 337 273 277 156 247 451 452 457 319 320 473 404 413 422 421 442 449 419 158 420 412 292 335 248 194 177 444 339 279 380 261 410 409 263 297 443 312 280 332 195 426 331 
63 6 57 64 129 130 131 132 2 23 0 24 122 21 123 133 26 124 134 232 233 234 235 236 228 237 230 238 12 13 9 14 4 5 7 40 65 60 66 226 227 56 58 61 229 239 240 241 46 378 379 243 321 249 251 319 380 381 382 183 242 383 307 384 377 375 376 187 39 41 33 42 1 3 43 36 44 19 15 20 22 25 27 90 86 91 135 370 371 372 373 374 54 120 52 121 116 125 118 385 386 387 17 89 473 298 404 296 474 388 389 185 310 141 393 142 396 394 397 439 339 323 451 450 457 440 96 320 176 391 447 475 466 452 454 429 322 98 87 88 92 93 94 95 79 10 80 81 97 8 11 16 18 49 50 51 45 47 53 55 59 62 67 175 171 174 472 289 276 275 417 418 416 271 270 414 115 221 222 223 111 224 225 219 136 220 127 218 293 461 464 412 269 167 172 173 479 304 399 305 261 169 408 453 460 463 291 282 344 177 334 427 209 69 250 253 477 70 252 254 441 458 426 425 424 308 329 328 478 455 456 184 247 314 318 467 431 357 356 332 338 336 465 288 186 159 166 168 170 178 179 180 160 181 162 182 158 32 34 37 161 28 29 30 31 35 38 48 104 105 106 107 108 100 109 110 101 99 112 113 114 117 119 126 128 137 306 300 295 301 470 335 165 195 157 156 164 155 154 420 277 153 366 274 272 273 369 217 213 361 313 362 363 364 207 365 367 368 148 360 352 359 358 353 442 345 347 346 267 292 302 303 297 462 309 435 257 72 265 354 350 349 348 284 311 312 197 330 437 286 476 140 143 244 395 144 145 146 245 343 231 203 413 459 340 281 341 280 279 326 192 193 202 191 200 401 337 403 139 138 446 407 406 405 402 331 201 198 287 199 290 294 299 315 316 317 285 283 278 77 78 73 82 75 68 71 74 76 83 84 85 102 103 196 190 204 205 206 188 189 208 210 211 212 214 215 216 438 434 400 398 152 423 415 419 268 469 471 468 355 262 351 436 433 432 256 255 260 324 325 411 410 409 390 263 149 150 264 333 342 428 443 444 163 194 258 259 147 448 422 421 449 327 248 246 266 430 445 151 392 
40 65 60 66 14 90 86 91 135 24 123 23 36 22 0 44 134 27 26 43 175 171 39 51 4 174 47 46 242 243 227 129 228 61 229 63 6 57 64 11 9 59 62 5 7 97 18 17 238 98 80 13 305 306 300 166 295 110 301 87 12 88 89 109 101 19 15 298 235 388 389 387 373 374 232 122 133 375 376 118 21 125 124 130 131 132 2 35 37 38 1 3 55 126 127 128 119 25 20 182 161 42 241 307 186 187 159 92 160 41 33 293 437 438 309 434 435 290 170 172 400 399 202 50 192 173 167 168 169 107 204 205 206 193 45 49 304 378 183 383 296 460 463 291 408 418 379 269 239 414 226 270 240 429 450 236 454 230 218 54 56 58 225 233 234 237 31 83 84 85 75 10 76 82 16 8 117 143 231 111 223 140 67 216 220 136 52 53 185 317 284 282 81 96 439 440 179 322 323 321 281 176 79 283 93 94 95 412 181 427 428 177 315 471 430 313 302 468 299 362 303 258 267 294 257 297 338 106 108 100 327 292 201 211 342 196 341 208 99 138 329 188 104 105 473 404 319 320 397 348 479 349 474 344 346 385 265 156 153 371 386 273 369 277 472 370 372 154 465 288 328 391 478 455 384 381 377 356 358 353 359 115 116 120 121 368 249 251 380 382 74 163 164 68 155 32 165 157 48 150 30 34 148 152 102 28 29 189 214 71 253 254 255 147 367 144 207 137 366 350 354 114 112 113 444 445 351 162 426 184 477 441 308 316 393 396 424 419 158 352 360 180 178 464 286 476 287 392 310 311 312 224 221 432 436 365 449 398 256 433 222 401 151 402 411 261 431 410 409 263 457 452 451 200 191 203 190 421 103 332 215 422 212 333 459 246 247 199 197 198 394 425 252 209 462 461 210 453 264 78 77 268 271 417 195 361 470 416 289 276 275 272 139 467 337 447 475 466 336 217 357 285 314 406 213 446 219 141 142 339 146 274 259 266 72 73 260 69 70 324 325 347 395 343 244 245 363 469 355 262 340 280 279 443 326 448 420 278 405 318 334 390 442 335 248 458 423 364 149 407 403 145 456 194 331 415 250 345 413 330 
67 7 58 5 136 137 121 52 3 25 26 27 116 124 125 20 0 21 22 114 244 245 140 224 225 111 56 59 15 16 17 18 46 64 6 47 62 66 60 219 220 230 57 229 61 53 54 55 4 204 215 216 74 250 252 69 146 365 207 29 128 144 126 369 120 368 127 148 45 48 34 1 42 2 38 44 36 89 12 133 134 23 24 101 91 86 119 360 352 115 359 118 240 377 132 131 122 123 374 112 113 117 9 19 211 109 342 196 349 350 354 31 330 394 395 397 343 141 142 143 259 260 434 256 222 231 8 70 71 471 414 468 361 221 223 432 255 76 99 100 102 103 78 28 73 81 82 10 11 96 97 13 14 172 173 174 39 40 239 241 238 65 63 193 192 51 467 316 283 355 405 446 217 213 218 447 372 452 457 454 237 236 228 226 129 227 376 270 208 209 210 212 214 189 49 50 348 107 205 206 422 104 333 463 462 453 324 75 345 194 442 390 461 319 249 477 253 320 251 441 254 403 150 145 402 147 300 299 398 367 364 30 438 273 277 472 449 272 366 313 362 363 470 430 85 152 188 190 191 195 165 156 157 68 32 35 151 162 33 161 37 95 183 184 185 182 43 41 169 302 303 304 297 88 298 301 90 87 385 386 232 387 135 307 242 130 138 329 327 110 465 443 179 178 160 180 445 351 358 411 318 353 356 262 357 314 384 416 271 466 332 338 336 456 382 381 455 375 187 370 371 373 154 153 334 344 346 347 278 325 105 106 108 460 201 202 341 280 340 389 388 474 479 84 331 197 312 310 246 476 286 235 439 233 393 383 425 380 234 396 440 409 264 263 265 266 257 72 258 294 171 175 435 170 433 423 469 458 315 306 418 419 268 417 424 311 309 436 392 290 199 326 328 139 289 83 77 276 267 285 94 79 80 282 181 176 321 98 317 284 186 92 93 296 168 378 399 305 166 167 293 464 473 412 269 379 243 247 451 421 478 159 401 149 407 406 337 391 475 275 274 155 198 200 429 450 322 323 291 292 420 448 203 427 459 415 426 413 408 404 248 335 163 444 177 279 339 308 410 261 400 431 295 428 437 281 288 164 158 287 
46 64 7 6 17 89 15 12 133 26 124 134 3 25 27 2 23 0 24 42 172 173 174 45 47 39 4 40 132 239 240 241 230 58 57 238 66 229 65 16 18 67 5 62 60 13 9 14 63 96 81 97 169 302 303 304 297 100 88 298 91 301 90 99 19 101 86 87 237 385 386 232 372 122 387 374 135 377 131 116 125 21 123 307 376 242 44 48 34 1 38 36 136 137 121 52 20 22 119 41 33 43 129 130 95 183 184 185 162 182 161 296 312 436 290 433 170 309 435 175 409 168 191 192 50 171 378 399 305 188 189 190 104 49 51 193 166 167 187 382 293 461 464 473 412 271 269 379 243 416 270 226 227 452 457 454 236 228 219 220 225 61 56 439 440 235 102 103 78 28 73 82 8 10 11 76 114 244 245 140 224 111 59 53 54 55 128 216 92 93 94 79 80 98 233 234 181 319 320 176 280 321 282 285 317 284 186 408 179 442 443 444 316 363 313 430 306 469 362 299 300 259 265 257 294 295 328 329 327 110 108 404 199 324 325 208 326 196 109 105 106 107 206 138 291 292 322 323 396 345 344 347 346 479 474 388 267 155 371 153 389 275 366 274 272 154 373 370 466 332 338 336 456 381 356 455 375 384 360 352 115 359 118 368 127 120 477 441 308 383 71 194 195 165 156 157 68 32 35 151 152 37 29 30 31 85 148 204 215 74 250 252 69 146 365 207 144 126 369 112 113 117 350 354 177 178 180 160 158 159 249 251 380 315 394 397 425 415 426 353 358 351 445 463 330 310 331 311 476 392 437 223 432 221 438 367 459 364 222 434 256 403 150 145 264 410 263 261 400 431 450 429 200 451 202 421 205 203 83 288 214 448 333 212 449 197 198 201 246 247 393 424 254 462 209 460 453 210 411 84 276 417 418 268 164 470 361 414 139 77 273 472 289 357 475 217 337 465 391 447 467 283 355 405 446 213 218 395 343 279 147 277 258 72 266 75 70 255 260 211 342 349 141 142 143 231 471 468 314 318 278 281 339 428 341 422 413 340 406 262 390 334 427 248 335 423 458 398 407 149 401 402 478 163 287 419 253 348 420 286 
47 62 66 60 18 101 91 86 119 27 125 25 44 134 26 36 22 24 0 38 193 192 45 174 46 51 40 4 128 216 220 136 225 229 61 67 7 58 5 97 17 238 65 64 6 11 14 9 59 76 82 16 206 138 329 188 327 301 110 99 15 100 19 298 90 89 12 109 140 350 354 117 359 118 114 116 20 368 127 374 124 123 21 137 121 52 3 182 161 43 42 2 241 307 376 242 135 23 133 35 37 1 55 126 85 148 152 102 157 48 34 208 246 247 201 451 202 199 191 49 421 205 435 173 171 50 189 190 104 304 378 399 305 175 39 172 107 204 29 144 196 462 453 324 333 446 215 214 53 447 219 218 54 432 256 224 223 56 270 240 230 57 228 244 245 111 185 317 284 186 282 81 98 80 13 96 387 439 440 237 454 235 63 243 227 129 132 239 31 83 84 75 10 8 143 231 165 255 260 74 266 71 73 276 103 78 28 212 68 390 248 194 139 391 288 332 105 475 328 338 106 279 278 326 341 108 362 303 297 88 295 325 309 473 404 296 257 293 87 306 300 166 169 302 211 342 69 70 142 479 348 474 349 345 347 112 340 180 353 352 113 314 384 318 467 360 115 358 470 430 299 471 398 367 369 365 120 366 154 153 373 372 122 377 131 375 250 252 146 207 321 444 445 181 351 162 179 160 41 426 184 33 187 159 92 95 183 167 269 176 477 441 322 308 455 383 382 130 356 388 389 232 385 386 163 164 155 32 150 30 253 254 147 289 395 343 402 407 151 371 370 156 195 210 476 286 392 287 330 331 197 236 452 429 198 381 431 478 450 200 457 423 158 424 420 422 449 448 203 459 222 221 434 433 170 409 168 400 93 313 379 261 412 408 263 437 438 290 312 436 141 145 251 461 460 209 464 463 413 94 285 406 213 405 178 466 465 217 316 283 355 357 315 472 469 414 468 361 363 416 272 77 273 268 271 418 226 394 397 259 380 262 339 281 280 79 323 319 320 291 292 346 393 396 233 234 336 337 275 274 265 72 258 335 294 410 411 267 417 277 442 427 334 443 428 403 401 456 415 419 458 425 364 177 311 149 249 344 264 310 
1 68 32 35 8 9 10 11 138 28 139 103 30 77 78 31 83 84 85 29 0 2 3 33 34 36 37 38 246 193 247 201 248 154 164 194 48 195 165 72 73 153 155 156 157 74 75 76 163 69 70 71 4 5 6 7 12 13 14 15 16 17 18 79 80 81 82 86 390 206 329 188 391 288 107 332 105 392 287 272 273 275 289 330 331 197 102 149 145 150 151 152 268 269 270 271 274 276 277 137 146 148 199 286 140 141 142 143 144 126 147 19 20 21 22 23 24 25 26 27 39 40 41 42 43 44 45 46 47 94 158 92 159 160 161 162 60 51 395 476 101 208 327 99 192 451 202 191 49 236 452 429 198 445 444 443 428 335 361 414 373 370 372 345 442 334 261 262 263 264 257 258 265 259 266 267 413 346 387 389 374 386 371 415 416 417 418 419 244 67 245 252 260 255 348 427 128 209 249 250 251 253 254 256 59 231 111 50 52 53 54 55 56 57 58 61 62 63 64 65 66 87 88 89 90 91 93 95 96 97 98 100 180 278 279 280 176 281 282 283 186 284 184 285 109 110 462 477 479 212 204 421 205 189 190 104 301 475 328 338 106 384 131 381 377 466 336 465 430 355 317 316 290 437 436 312 311 438 120 364 366 369 472 227 226 240 324 461 394 310 404 213 217 405 337 401 406 403 407 399 400 402 408 409 410 411 412 426 458 292 210 291 463 167 241 239 243 379 376 422 459 420 448 449 136 121 365 207 397 343 211 460 393 225 112 344 233 234 396 398 368 367 127 108 113 114 115 116 117 118 119 122 123 124 125 129 130 132 133 134 135 166 168 169 170 171 172 173 174 175 177 178 179 181 182 183 185 187 318 314 423 308 424 425 307 352 360 351 353 358 350 439 473 325 342 196 326 341 435 431 478 450 200 457 447 228 230 454 357 456 356 375 467 432 306 363 302 313 315 471 221 222 223 362 468 469 470 347 385 319 378 455 298 297 295 294 296 464 293 340 339 203 349 388 474 232 229 238 224 434 320 441 322 220 321 380 382 323 299 433 214 215 216 218 219 235 237 242 300 303 304 305 309 446 359 440 453 333 383 354 
69 8 70 71 140 141 142 143 28 29 30 31 144 145 146 126 102 147 148 128 209 249 250 251 252 253 254 255 1 68 32 35 10 72 73 11 74 75 76 256 245 257 258 259 260 59 231 111 16 62 225 67 334 112 344 345 310 233 393 330 244 394 395 234 396 397 343 286 9 138 139 103 77 78 83 84 85 33 34 149 150 151 152 36 37 38 137 398 368 367 365 207 263 399 261 400 401 402 403 55 127 52 48 3 119 27 125 25 220 136 121 197 208 210 211 291 460 324 461 462 177 427 321 319 322 477 194 442 390 380 381 130 382 323 441 320 348 163 0 2 246 193 247 201 248 154 164 195 165 153 155 156 157 79 13 80 81 82 262 264 265 266 267 86 14 18 299 423 470 469 432 224 433 223 222 434 337 301 298 297 404 295 294 478 411 431 409 456 22 117 118 61 56 5 15 17 216 47 66 60 229 7 58 359 114 116 20 335 53 206 212 204 113 346 347 349 350 387 385 388 479 309 311 312 437 476 185 183 235 439 237 331 339 451 236 450 63 457 440 424 187 308 383 425 199 287 4 6 12 329 188 391 288 107 332 105 392 272 273 275 289 268 269 270 271 274 276 277 94 158 92 159 41 42 160 43 161 162 213 217 405 406 407 408 410 412 51 40 24 44 170 421 420 449 472 369 459 366 364 430 471 120 303 363 362 468 300 455 356 435 192 174 173 304 378 305 169 168 379 328 465 475 338 466 189 214 218 54 123 21 45 46 26 354 101 91 134 374 124 447 446 219 215 198 327 99 278 325 109 342 196 292 463 464 453 167 241 239 293 473 296 93 313 302 178 428 179 443 444 181 97 282 98 96 176 242 307 132 458 426 384 131 377 375 129 326 281 279 341 280 19 23 39 202 191 49 452 429 445 361 414 373 370 372 413 389 386 371 415 416 417 418 419 180 95 283 186 284 184 285 351 115 352 355 357 467 318 110 90 65 166 226 290 436 438 221 172 171 175 200 454 336 100 89 88 87 474 232 353 358 228 57 64 333 238 376 240 230 314 360 205 190 104 422 448 135 133 243 315 316 317 306 182 203 340 122 50 106 227 108 
10 72 8 73 32 33 1 34 149 30 145 150 28 29 31 78 151 102 152 77 79 13 80 9 11 81 16 82 261 262 263 264 257 70 258 265 75 259 266 68 35 69 71 74 76 156 48 157 267 153 154 155 94 158 92 159 41 2 42 160 37 43 161 0 3 36 38 162 404 213 217 405 337 401 406 403 407 399 400 144 146 147 402 408 409 410 84 138 139 103 83 85 140 141 142 143 126 148 137 277 273 276 411 412 268 269 270 271 272 274 275 180 278 279 280 176 96 281 98 282 93 95 12 14 17 97 283 186 284 4 5 6 7 15 18 86 184 285 379 378 351 113 115 352 355 356 357 467 318 455 456 478 431 301 298 297 295 294 256 245 252 260 254 463 296 292 246 193 247 201 248 164 194 195 165 163 128 209 249 250 251 253 255 59 231 111 244 67 418 419 414 373 370 371 464 293 413 346 387 389 374 386 372 361 415 416 417 314 420 212 421 422 423 308 424 425 426 307 187 183 185 177 178 179 181 182 39 40 24 44 26 360 19 20 21 22 23 25 27 45 46 47 60 51 353 358 474 232 473 53 214 54 218 215 219 446 445 336 465 466 447 200 440 454 457 338 475 328 435 192 174 173 304 305 303 169 168 300 398 368 367 365 207 397 343 396 349 388 243 167 390 206 329 188 391 288 107 332 105 392 287 289 330 331 197 199 286 62 225 334 112 344 345 310 233 393 394 395 234 55 127 52 136 121 448 449 369 472 227 226 347 385 239 458 210 291 241 376 240 120 364 366 459 359 208 325 327 326 342 341 340 441 320 323 339 439 238 237 322 321 319 309 311 312 313 315 302 316 317 306 87 88 89 90 91 65 66 64 49 50 56 57 58 61 63 99 100 101 109 110 453 129 479 114 117 354 116 118 430 198 429 375 384 377 106 383 382 381 202 452 451 450 191 362 175 433 172 170 171 434 299 470 469 432 224 223 222 211 460 135 476 236 444 443 428 335 442 348 427 119 125 220 324 461 462 477 380 130 468 471 123 122 133 203 134 229 230 124 221 363 204 189 333 205 190 242 132 235 438 436 290 437 166 104 108 131 350 216 228 196 
11 74 75 76 35 36 37 38 137 31 146 29 84 150 30 85 148 152 102 83 86 14 9 80 10 18 82 16 244 67 245 140 252 259 260 69 8 70 71 155 32 265 266 72 73 165 157 48 255 163 164 68 60 51 40 4 24 43 44 0 1 2 3 160 161 33 34 27 250 136 121 52 365 207 128 144 126 397 343 403 145 402 147 141 142 143 28 274 275 276 77 78 264 408 409 410 407 151 149 105 289 103 111 395 199 286 287 246 288 138 139 22 109 110 101 90 91 19 12 15 65 66 98 13 97 17 5 6 7 159 283 186 284 282 81 79 47 62 330 394 25 114 116 20 58 224 225 56 59 434 256 222 231 320 319 251 441 254 456 263 257 258 294 209 249 253 271 415 416 417 372 154 371 370 156 153 406 463 296 404 297 292 267 318 431 411 261 262 197 49 198 335 195 194 462 477 188 348 427 334 428 390 248 429 193 247 201 61 107 204 205 206 202 171 50 192 45 175 39 174 46 135 123 23 134 26 187 92 41 42 182 21 281 352 360 180 179 351 162 426 185 184 94 158 119 125 345 442 461 215 216 219 220 53 54 55 124 369 120 368 127 468 300 471 299 398 367 364 383 425 183 380 235 439 234 233 396 440 338 466 475 337 401 399 400 168 112 344 310 393 386 422 459 413 366 272 420 472 277 240 270 273 379 226 418 268 269 285 357 389 349 388 474 243 169 167 378 412 303 446 447 405 213 217 104 106 336 332 311 331 350 479 476 191 211 460 437 438 392 465 328 391 329 118 342 196 341 108 208 327 99 295 301 88 100 305 306 166 87 89 298 242 227 129 228 229 63 57 64 238 322 323 321 176 96 93 95 317 419 424 467 316 355 314 302 340 339 280 278 279 324 312 385 113 354 117 115 359 230 414 361 221 223 432 449 435 170 433 423 470 469 362 458 450 307 381 130 382 308 455 457 452 451 377 356 384 478 210 291 177 239 363 133 122 374 373 232 346 387 353 358 218 453 473 464 293 173 172 200 454 178 443 444 190 181 315 430 445 375 236 212 333 189 421 203 309 290 304 376 131 132 241 237 448 326 436 347 214 313 325 
30 77 28 78 10 72 8 73 153 32 154 155 1 68 35 34 156 48 157 33 149 145 150 29 31 151 102 152 268 269 270 271 272 139 273 274 84 275 276 9 11 138 103 83 85 81 16 82 277 79 13 80 261 262 263 264 257 70 258 265 75 259 266 69 71 74 76 267 413 346 387 389 374 373 386 372 371 361 414 248 164 195 370 415 416 417 37 0 2 3 36 38 246 193 247 201 194 165 163 162 42 161 418 419 94 158 92 159 41 160 43 404 213 217 405 337 401 406 403 407 399 400 144 146 147 402 408 409 410 140 141 142 143 126 148 137 411 412 426 458 292 210 291 463 167 241 239 243 379 376 240 227 226 120 364 366 369 472 392 287 288 289 332 422 459 420 4 5 6 7 12 14 15 17 18 86 390 206 329 188 391 107 105 330 331 197 199 286 184 285 95 96 97 282 448 449 180 278 279 280 176 281 98 93 283 186 284 378 351 113 115 352 355 356 357 467 318 455 456 478 431 301 298 297 295 294 256 245 252 260 254 296 128 209 249 250 251 253 255 59 231 111 244 67 464 293 340 339 203 112 347 344 385 349 388 474 87 134 135 133 232 229 454 238 230 124 122 123 221 56 222 223 362 468 363 469 470 471 445 444 443 428 335 429 198 452 342 341 425 423 19 20 21 22 23 24 25 26 27 39 40 44 45 46 47 60 51 395 476 101 208 327 99 192 451 202 191 49 236 345 442 334 348 427 353 358 181 182 183 185 325 326 424 314 212 421 308 307 187 177 178 179 360 473 53 214 54 218 215 219 446 336 465 466 447 200 440 457 338 475 328 435 174 173 304 305 303 169 168 300 398 368 367 365 207 397 343 396 62 225 310 233 393 394 234 55 127 52 136 121 333 380 108 211 324 453 460 461 166 66 65 242 129 132 125 375 377 131 58 64 57 228 61 313 434 436 433 432 224 438 430 317 316 290 437 312 311 204 205 320 50 63 88 89 90 91 100 109 110 462 477 479 189 190 104 106 384 381 315 306 319 321 323 359 441 439 237 322 309 302 114 117 354 116 118 383 382 450 175 172 170 171 299 119 220 130 196 350 235 216 
79 10 13 80 94 158 92 159 32 33 1 34 41 2 42 160 37 43 161 180 278 279 280 176 96 281 98 282 30 77 28 78 8 9 11 73 81 16 82 93 95 12 14 17 97 283 186 284 75 318 314 285 420 212 421 422 423 308 424 415 184 425 426 307 187 183 185 419 72 153 154 155 68 35 156 48 157 29 31 0 3 36 38 151 102 152 162 177 178 179 181 182 6 39 4 40 24 44 26 352 360 351 84 150 446 407 447 406 359 353 358 417 210 208 325 327 326 342 341 340 398 449 441 320 323 339 274 459 413 439 238 440 237 322 321 319 448 277 149 145 268 269 270 271 272 139 273 275 276 138 103 83 85 69 70 71 74 76 5 7 15 18 86 267 258 266 309 310 311 312 313 315 302 316 317 306 23 87 88 89 19 90 91 65 60 66 46 64 405 215 219 467 355 262 265 259 354 410 431 411 384 264 357 220 214 218 213 472 113 346 112 347 53 206 204 189 333 329 205 190 203 299 470 469 468 458 343 397 383 380 382 416 477 241 376 242 455 132 130 393 396 233 235 394 418 414 261 263 257 387 389 374 373 386 372 371 361 248 164 195 370 246 193 247 201 194 165 163 140 141 142 143 144 146 126 147 148 137 20 21 22 25 27 45 47 51 412 400 401 402 304 344 334 427 335 428 442 443 444 221 438 445 172 436 290 437 175 63 57 166 167 168 169 170 50 171 173 174 49 135 123 134 133 124 349 114 116 115 465 217 408 409 403 216 292 294 475 391 466 125 119 118 117 226 291 463 209 211 464 324 453 101 99 109 196 192 451 202 110 108 100 256 432 433 368 369 367 366 364 365 260 255 254 252 251 450 234 457 476 395 229 454 230 228 200 460 253 249 461 250 404 337 399 239 243 379 240 227 120 392 287 288 289 332 390 188 107 105 330 331 197 199 286 128 245 59 231 111 244 67 52 54 55 56 58 61 62 293 295 478 435 198 362 363 471 430 303 305 300 129 131 122 296 297 298 301 104 106 136 121 375 356 456 350 381 236 452 377 225 127 385 388 474 345 348 328 338 191 224 223 222 434 207 479 462 336 378 232 429 473 
73 81 16 82 78 151 102 152 162 34 42 33 48 3 1 157 161 38 37 156 267 258 72 71 8 266 76 75 184 285 95 94 96 17 97 79 10 13 80 103 28 15 18 9 11 276 85 84 282 277 273 77 411 412 400 261 401 147 402 149 30 145 150 126 148 29 31 407 280 353 358 351 181 182 180 41 160 183 185 26 2 44 43 158 92 159 32 194 195 165 68 35 7 45 46 47 27 36 0 371 370 155 284 426 418 419 414 268 373 153 154 405 464 293 292 295 294 404 257 265 478 431 254 70 260 259 262 263 264 143 59 231 111 255 74 69 410 318 415 425 406 214 218 213 357 315 314 355 283 306 93 317 186 319 320 176 321 98 64 6 12 14 91 278 279 281 201 330 331 197 332 139 105 289 83 138 25 99 100 19 89 101 86 62 66 60 4 5 417 379 226 472 275 274 340 339 389 448 449 420 369 413 272 227 269 270 271 467 386 347 385 346 239 305 378 167 408 300 399 168 409 328 465 337 475 403 396 142 144 146 207 217 253 55 127 128 367 52 137 395 343 244 140 141 446 447 422 459 341 117 354 118 359 113 115 352 466 428 445 178 360 437 175 438 309 177 179 444 235 394 397 439 383 380 307 308 187 130 133 124 134 23 24 39 40 174 212 421 423 424 107 345 442 390 443 248 334 335 163 452 247 164 49 198 199 246 193 67 58 188 189 190 104 191 173 192 50 51 172 119 125 22 20 21 474 232 122 372 470 416 333 203 458 243 325 326 468 471 361 123 135 374 387 219 324 453 461 473 210 291 463 90 87 298 296 171 434 435 301 297 88 450 429 200 375 384 455 356 456 381 323 322 441 251 252 256 245 222 286 393 61 223 56 225 433 462 477 250 209 249 342 469 205 53 216 215 54 220 377 287 392 430 316 313 427 166 304 302 310 311 312 290 476 242 234 238 440 237 233 63 132 240 241 230 57 229 65 208 327 398 202 436 338 336 391 288 106 206 329 136 121 116 196 108 109 110 169 303 129 131 368 366 364 388 365 224 221 120 228 376 112 350 349 344 479 299 362 170 236 454 457 451 382 348 460 363 204 114 432 211 
31 83 84 85 11 74 75 76 163 35 164 68 37 155 32 38 165 157 48 36 137 146 29 150 30 148 152 102 199 286 287 246 288 275 289 138 28 139 103 80 10 274 276 77 78 18 82 16 105 86 14 9 244 67 245 140 252 259 260 69 8 70 71 265 266 72 73 255 188 348 427 334 428 335 390 248 194 429 198 372 154 370 195 193 247 201 1 160 43 161 33 34 271 415 416 417 371 156 153 27 44 3 197 49 60 51 40 4 24 0 2 250 136 121 52 365 207 128 144 126 397 343 403 145 402 147 141 142 143 264 408 409 410 407 151 149 111 395 45 191 253 211 460 209 393 437 476 310 330 438 392 311 331 465 328 391 336 332 240 270 272 273 472 206 329 107 159 283 186 284 98 13 282 97 81 79 386 422 459 413 366 420 277 379 226 418 268 269 47 62 66 91 17 15 104 106 22 109 110 101 90 19 12 65 5 6 7 394 25 114 116 20 58 224 225 56 59 434 256 222 231 320 319 251 441 254 456 263 257 258 294 249 406 463 296 404 297 292 267 318 431 411 261 262 462 477 99 100 190 349 350 388 479 112 344 345 322 181 177 444 442 315 471 306 430 445 443 178 375 467 478 384 450 200 236 451 452 454 124 133 122 374 373 361 414 470 208 327 192 202 281 352 360 180 179 41 351 182 162 187 92 42 426 185 184 94 158 412 239 280 342 341 340 425 469 423 458 419 363 474 232 389 346 387 119 125 134 26 174 46 196 108 50 61 204 205 171 175 39 135 123 23 21 461 215 216 219 220 53 54 55 369 120 368 127 468 300 299 398 367 364 383 183 380 235 439 234 233 396 440 338 466 475 337 401 399 400 168 285 357 243 169 167 378 303 446 447 405 213 217 189 173 326 210 453 324 291 473 237 95 93 309 312 290 358 221 432 436 355 317 316 313 314 228 455 131 381 377 356 376 230 64 57 132 241 129 227 212 421 301 424 302 323 321 176 96 339 278 279 464 293 385 333 203 448 449 223 433 229 238 298 89 88 118 295 305 166 87 242 63 113 354 117 115 359 435 170 362 307 130 382 308 457 353 218 172 325 347 304 214 
86 11 14 9 60 51 40 4 35 36 37 38 24 43 44 0 1 2 3 22 109 110 101 90 91 19 12 15 31 83 84 85 75 80 10 76 18 82 16 65 66 98 13 97 17 5 6 7 8 59 61 62 107 204 205 206 202 171 50 193 47 192 45 175 39 174 46 49 74 163 164 68 155 32 165 157 48 150 30 160 161 33 34 148 152 102 27 135 123 23 134 26 186 187 159 92 41 42 182 20 21 25 28 29 55 126 127 128 118 119 125 201 211 342 196 341 108 208 327 99 338 106 295 301 88 100 138 329 188 305 306 300 166 87 89 298 104 105 137 146 199 286 287 246 288 275 289 139 103 274 276 77 78 265 259 266 72 73 283 284 282 81 79 255 260 71 242 243 227 129 228 229 63 57 64 238 179 322 323 321 281 176 96 93 94 95 185 317 52 53 54 56 58 67 69 70 117 143 231 111 223 140 225 218 216 220 136 332 114 348 349 350 215 422 212 333 189 459 421 203 190 457 452 451 200 191 400 399 435 173 170 247 293 437 438 309 434 290 172 167 168 169 304 378 197 198 244 245 252 427 334 428 335 390 248 194 429 372 154 370 195 271 415 416 417 371 156 153 264 408 409 410 403 145 407 402 151 149 352 360 180 351 162 426 184 158 395 343 207 147 235 388 389 387 373 374 232 122 133 375 376 124 130 131 132 241 307 302 316 237 393 396 233 382 424 308 380 183 419 177 178 181 444 445 112 113 115 116 120 121 141 142 144 214 253 254 367 366 368 358 353 359 354 331 460 209 463 210 462 453 324 280 340 278 325 425 469 423 279 326 339 456 377 381 466 336 475 391 328 337 258 267 294 257 297 362 303 299 239 412 315 471 430 313 468 291 292 296 473 404 250 365 397 476 310 330 392 311 465 240 270 272 273 472 386 413 420 277 379 226 418 268 269 406 263 318 431 411 261 262 405 219 446 467 355 314 285 477 441 222 383 414 450 236 454 230 234 439 440 312 436 443 249 251 319 320 448 449 213 217 221 224 256 347 433 363 470 432 357 447 479 344 345 474 346 364 398 458 356 384 478 455 401 385 464 369 394 442 361 461 
75 80 11 10 84 150 31 30 160 37 43 161 35 36 38 32 33 1 34 155 265 259 266 74 76 72 8 73 159 283 186 284 98 14 13 282 82 97 81 83 85 86 9 18 16 77 28 78 79 274 275 276 264 408 409 410 403 146 145 407 152 402 151 137 29 148 102 149 281 352 360 180 179 41 351 182 162 187 92 24 44 2 42 426 185 184 157 163 164 68 165 48 60 51 40 4 0 3 27 153 154 156 94 158 271 415 416 417 372 371 370 406 463 296 404 297 257 292 294 267 456 263 252 260 70 258 318 431 411 244 67 245 140 69 71 255 261 262 419 424 405 215 219 446 467 316 355 314 285 302 317 93 95 322 323 321 176 96 65 66 91 17 12 340 339 280 199 286 287 246 288 289 138 139 103 105 22 109 110 101 90 19 15 5 6 7 47 62 268 269 270 272 273 277 278 279 386 422 459 413 366 420 472 240 379 226 418 357 389 349 388 474 243 169 167 378 412 303 168 399 400 338 466 475 337 401 397 343 207 147 144 447 250 136 121 52 365 128 126 141 142 143 111 395 213 217 448 449 326 114 113 116 115 354 359 353 465 443 178 445 358 312 172 436 290 444 181 177 237 393 396 233 382 308 130 380 183 307 135 123 23 134 26 174 46 39 333 203 458 425 188 348 427 334 428 335 390 248 194 429 198 195 193 247 201 197 49 59 61 107 204 205 206 202 171 50 192 45 175 20 21 25 119 125 346 387 374 373 361 414 212 421 423 239 342 341 469 363 470 124 133 122 232 218 211 210 460 291 453 473 464 89 298 87 293 173 433 170 88 295 301 457 452 451 377 356 381 384 478 455 320 319 251 441 254 222 231 256 330 394 58 224 225 56 434 209 249 253 462 477 325 468 190 216 53 214 220 54 375 331 311 313 315 430 442 304 166 306 476 392 437 309 310 132 440 63 234 235 439 238 242 227 129 228 229 57 64 196 108 364 191 438 328 391 336 332 329 104 106 55 127 118 208 327 99 100 305 300 241 376 120 369 398 385 367 223 432 368 230 131 350 112 347 479 344 362 299 435 454 236 450 200 383 345 461 471 189 117 221 324 
76 18 82 16 85 148 152 102 27 38 44 36 157 161 37 48 3 34 1 165 255 260 74 266 75 71 73 8 47 62 66 60 91 97 17 86 11 14 9 276 84 282 81 80 10 103 78 28 15 105 289 83 111 395 343 244 207 402 147 137 31 146 29 407 151 150 30 126 101 119 125 25 134 26 22 24 0 174 46 182 43 42 2 51 40 4 35 371 370 156 155 32 284 426 185 184 162 33 160 194 195 68 7 45 197 49 198 199 335 163 164 52 462 477 253 441 254 250 252 69 222 231 294 259 258 70 67 245 140 410 318 431 411 267 72 265 143 59 193 192 128 216 220 136 225 229 61 58 5 238 65 64 6 298 301 90 89 12 317 186 98 13 96 109 110 19 417 379 226 418 472 275 277 273 77 274 351 340 339 281 321 280 79 285 95 94 159 283 201 330 331 332 139 138 99 100 334 104 106 107 336 188 288 311 286 287 246 56 390 350 479 348 476 439 394 393 141 440 397 396 142 364 120 365 367 144 168 409 403 145 401 121 292 446 447 406 475 405 149 412 400 261 264 408 55 127 206 329 327 354 117 359 118 114 116 20 368 374 124 123 21 241 307 376 242 135 23 133 304 378 399 305 435 173 175 171 39 172 444 445 181 179 41 187 92 183 204 205 202 50 420 474 232 386 122 372 389 373 153 470 416 154 419 414 268 271 415 262 355 413 333 203 448 458 380 425 424 158 130 353 358 180 352 360 345 442 443 248 452 247 189 190 191 310 196 108 200 454 429 178 177 428 427 54 453 324 473 461 211 460 209 176 322 319 249 308 455 383 320 251 323 362 361 468 221 223 434 224 256 433 88 87 295 297 257 456 263 478 269 167 314 384 467 357 381 464 293 404 463 296 208 451 421 215 214 53 219 218 432 270 240 230 57 228 387 237 235 63 243 227 129 132 239 309 303 306 300 166 169 302 290 392 437 430 316 315 93 342 341 338 423 131 398 369 366 272 449 422 459 213 217 115 325 326 278 279 233 234 312 436 466 391 328 344 337 356 375 465 313 438 349 347 112 388 385 457 450 382 363 471 299 469 170 346 291 236 212 113 377 210 
87 12 88 89 166 167 168 169 6 39 4 40 170 50 171 172 46 173 174 290 291 292 293 294 295 296 297 298 2 23 0 24 9 19 15 14 90 86 91 299 300 108 100 110 301 302 303 304 17 317 430 306 387 344 346 385 269 410 408 239 305 412 378 431 409 400 399 243 13 63 57 64 5 7 65 60 66 1 3 49 51 45 47 43 36 44 175 256 432 433 434 435 106 203 104 190 191 192 202 312 436 309 26 42 444 182 445 181 392 437 438 241 249 209 460 210 463 461 464 473 153 389 266 267 265 404 133 386 232 402 475 407 403 259 257 258 388 135 41 33 129 130 131 132 122 21 123 124 134 20 22 25 27 8 10 11 16 18 105 107 109 101 99 98 80 97 398 144 368 367 470 471 469 363 362 468 200 339 340 341 196 326 327 328 188 329 205 338 179 442 443 316 313 93 96 81 476 185 284 186 355 95 315 248 427 428 177 374 310 233 141 393 334 112 345 348 479 113 347 349 474 268 270 271 418 379 152 151 411 261 264 240 260 381 384 478 318 456 263 146 150 145 401 147 242 227 92 94 79 234 235 236 228 237 230 238 226 56 58 61 229 52 53 54 55 59 62 67 28 29 30 31 32 34 35 37 38 48 197 198 199 201 193 204 206 189 187 159 160 161 423 142 140 245 225 224 231 223 222 472 369 221 459 366 364 365 449 337 336 458 380 426 425 413 333 448 422 421 216 450 429 451 457 452 394 330 331 311 360 178 183 184 162 390 321 282 351 115 358 247 246 287 286 376 251 319 69 250 322 253 477 208 211 324 462 212 213 214 325 453 342 77 272 274 154 373 155 372 371 156 82 76 75 73 72 405 149 406 207 148 391 447 466 465 446 252 74 70 254 71 176 180 158 382 383 307 377 375 370 120 121 116 125 118 111 114 117 119 126 127 128 136 137 68 78 83 84 85 102 103 165 335 163 289 332 288 138 323 281 283 420 220 417 416 414 361 415 424 419 455 356 454 320 280 279 278 350 354 194 195 467 314 285 395 262 217 218 357 139 164 396 397 439 143 244 352 353 215 273 275 276 277 157 343 255 359 308 440 219 441 
14 90 86 91 24 43 36 44 175 40 171 39 60 51 4 66 174 47 46 65 98 80 13 11 9 97 18 17 305 306 300 166 295 110 301 87 12 88 89 22 0 109 101 19 15 134 27 26 298 135 123 23 186 187 159 92 160 37 161 41 2 33 42 35 38 1 3 182 293 437 438 309 434 435 290 170 172 400 399 202 50 192 173 167 168 169 6 59 61 62 5 7 107 204 205 206 193 45 49 238 229 64 304 378 242 243 227 129 228 63 57 179 322 323 321 281 282 176 79 96 283 284 75 10 82 81 93 94 95 31 83 84 85 76 16 8 185 317 239 412 181 427 428 177 315 471 430 313 302 468 299 362 303 258 267 294 257 297 338 106 108 100 327 291 292 296 55 126 127 128 118 21 119 125 25 20 201 211 342 196 341 208 99 138 329 188 104 105 241 307 376 374 124 133 473 404 235 388 389 387 373 232 122 375 130 131 132 316 237 393 396 233 382 424 308 380 183 419 158 426 184 352 360 180 351 162 150 30 32 34 157 178 74 163 164 68 155 165 48 148 152 102 28 29 444 445 385 386 464 286 476 287 392 310 311 312 358 224 221 432 436 365 449 369 398 256 433 222 401 147 151 402 411 261 431 410 409 263 457 452 451 200 191 203 190 421 344 346 269 408 117 143 231 111 223 56 140 225 67 218 54 58 216 220 136 52 53 103 332 114 348 349 350 215 422 212 333 189 459 246 247 199 197 198 439 440 454 230 270 240 479 474 379 383 460 463 418 414 226 429 450 236 234 443 253 477 254 441 249 251 319 326 339 279 320 448 277 420 278 280 340 405 219 446 467 355 318 314 285 262 265 259 266 72 73 77 78 276 137 146 288 275 289 139 274 255 260 71 69 70 461 271 347 334 390 442 335 248 357 121 120 361 363 470 245 458 423 469 144 368 367 364 207 478 149 475 407 403 145 337 456 377 381 466 336 391 328 209 210 153 214 366 353 359 115 116 354 112 113 194 195 331 462 453 324 325 425 415 455 356 154 372 371 397 156 273 472 370 465 384 141 395 394 142 343 268 417 413 217 447 406 213 264 244 252 416 345 330 272 250 
92 93 94 95 13 176 79 96 177 41 178 179 33 180 160 42 181 162 182 2 307 308 187 158 159 183 184 185 309 310 311 312 313 314 315 302 186 316 317 10 80 318 285 283 284 17 81 97 306 12 9 14 439 238 440 237 441 279 320 322 98 323 321 278 280 281 282 319 304 344 334 427 335 428 442 443 444 221 438 359 360 358 445 172 436 290 43 32 1 34 37 161 446 407 447 406 353 351 352 26 3 44 437 175 6 39 4 40 0 24 36 477 241 376 242 455 383 132 382 130 343 397 423 424 425 380 393 396 233 420 212 421 422 415 426 419 235 394 174 435 249 291 209 460 141 197 330 286 476 198 331 287 392 361 362 363 471 430 220 219 467 355 357 169 303 166 30 77 28 78 8 11 73 16 82 75 354 410 431 411 384 264 262 214 218 213 405 215 46 64 7 15 18 91 305 300 23 87 88 89 19 90 86 5 65 60 66 395 134 387 374 135 229 454 230 228 63 200 457 450 234 260 255 254 252 251 398 449 326 339 341 253 417 210 208 325 327 342 340 274 459 413 448 277 461 250 298 301 399 346 385 112 345 388 348 479 69 165 163 194 390 289 336 105 332 195 248 164 120 272 364 366 222 434 223 433 432 224 125 119 118 116 115 465 217 466 296 297 173 170 72 153 154 155 68 35 156 48 157 29 31 38 151 102 152 84 150 333 216 266 292 294 267 402 475 403 401 149 391 347 117 113 349 114 133 124 25 27 45 47 293 295 171 57 167 168 50 49 51 20 21 22 123 462 269 239 270 240 243 227 129 356 375 377 131 337 106 338 456 381 478 207 148 147 111 244 231 143 142 245 299 470 469 468 458 190 203 205 276 472 53 206 204 189 329 271 416 268 418 414 378 192 257 463 464 473 211 324 140 85 83 199 246 201 370 429 452 247 273 103 139 288 275 56 365 127 367 368 369 121 225 62 61 128 136 55 54 408 409 100 145 138 70 71 74 76 258 265 259 453 196 350 412 400 261 263 236 451 58 67 99 101 110 122 108 104 107 109 52 59 389 386 232 373 372 191 202 328 137 126 144 146 256 371 226 193 404 474 188 379 
96 17 81 97 95 183 184 185 26 42 3 2 162 34 33 182 44 161 43 181 319 320 176 280 79 321 282 98 46 64 7 6 15 16 18 12 13 9 14 285 94 73 82 10 80 317 284 186 91 306 315 93 235 394 397 439 383 425 380 307 92 308 187 415 426 158 159 130 89 133 124 134 25 27 23 0 24 45 47 48 1 38 36 39 4 40 41 353 358 351 180 160 78 151 102 152 157 37 32 444 445 179 66 174 437 175 438 309 428 177 178 242 461 250 249 252 251 477 441 322 450 234 341 279 339 323 238 440 237 422 274 459 413 340 281 278 233 63 172 173 132 239 240 241 230 58 57 229 65 67 5 62 60 99 100 19 101 86 103 28 8 11 76 87 88 90 406 214 218 213 357 314 262 355 283 318 156 267 258 72 71 266 75 276 85 84 30 77 290 476 392 430 316 302 298 301 427 305 300 166 471 304 313 287 310 311 312 228 442 385 345 344 330 244 395 141 393 245 343 142 396 478 375 455 381 382 205 421 423 424 458 376 342 271 416 417 469 268 419 333 203 448 420 212 129 131 169 303 297 386 232 372 122 387 374 135 377 116 125 21 123 136 137 121 52 20 22 119 188 189 190 104 191 192 49 50 51 193 194 195 165 68 35 29 31 148 167 168 170 171 264 347 117 354 118 359 113 115 352 466 447 360 149 217 405 446 407 277 273 411 412 400 261 401 147 402 145 150 126 371 370 155 153 154 479 390 248 443 432 436 378 399 435 286 293 295 434 224 221 164 163 335 334 227 464 473 324 462 291 209 460 74 69 255 253 146 365 207 260 254 70 328 465 337 429 236 200 454 457 451 110 109 108 327 326 398 449 364 215 204 275 366 272 472 367 453 196 325 210 208 296 433 409 269 379 243 270 226 452 219 220 225 61 56 114 140 111 59 53 54 55 128 216 199 329 105 106 107 206 138 201 331 197 332 139 289 83 292 294 299 403 127 456 356 384 467 263 410 431 418 414 373 404 257 265 259 143 231 246 247 470 363 362 348 468 369 120 361 288 198 346 474 388 112 350 256 222 144 391 336 338 475 202 349 211 223 408 389 368 463 
98 14 80 13 186 187 159 92 24 43 36 44 160 37 161 41 2 33 42 179 322 323 321 281 282 176 79 96 40 65 60 66 86 11 9 91 97 18 17 283 284 75 10 82 81 93 94 95 12 302 316 317 237 393 396 233 382 424 308 130 185 380 183 419 158 426 184 307 90 135 123 23 22 0 134 27 26 51 4 35 38 1 3 174 47 46 182 352 360 180 351 162 84 150 31 30 32 34 157 177 178 181 6 39 312 172 436 290 443 444 445 132 460 253 477 254 441 249 251 319 457 440 326 339 279 320 63 234 235 448 277 449 420 278 280 340 439 238 175 171 242 243 227 129 228 61 229 57 64 59 62 5 7 109 110 101 19 15 83 85 76 16 8 298 301 89 405 215 219 446 467 355 318 314 285 262 155 265 259 266 74 72 73 77 28 78 152 276 309 310 311 313 315 306 87 88 442 169 303 304 363 166 430 331 476 392 437 230 427 388 348 479 286 143 141 395 394 231 142 343 397 456 377 381 455 383 190 203 458 425 423 131 325 418 414 268 468 417 415 212 421 422 413 333 241 376 305 300 295 389 387 373 374 232 122 133 375 118 21 125 124 55 126 127 128 119 25 20 107 204 205 206 202 50 193 192 45 49 163 164 68 165 48 148 102 29 378 399 435 173 411 349 114 113 116 115 354 359 353 465 217 358 407 447 406 213 149 274 275 264 408 409 410 403 146 145 402 151 137 153 154 156 371 370 344 334 335 428 221 438 167 168 170 330 296 297 433 223 432 195 194 248 390 240 463 291 211 209 473 462 461 71 255 69 250 147 367 144 70 252 260 338 466 475 452 454 451 236 450 200 100 99 327 108 341 364 459 398 214 189 273 369 472 272 365 210 208 342 453 196 293 434 400 379 269 239 226 270 429 218 54 56 58 225 117 111 140 67 216 220 136 52 53 201 106 138 329 188 104 105 199 287 246 288 289 139 103 404 257 362 401 121 478 384 356 357 431 261 263 271 416 372 292 294 267 258 244 245 197 198 361 471 299 345 469 366 368 470 332 247 474 346 385 350 112 222 256 207 336 391 328 337 191 347 324 224 412 386 120 464 
91 97 18 17 66 174 47 46 182 44 161 43 27 38 36 26 42 3 2 134 298 301 90 101 86 89 15 12 185 317 284 186 282 82 81 98 14 80 13 62 60 76 16 11 9 64 7 6 96 238 229 65 304 378 399 305 435 192 173 175 40 171 39 193 45 51 4 172 321 444 445 181 351 162 179 160 41 426 184 157 37 34 33 187 159 92 24 119 125 25 22 0 85 148 152 102 48 1 35 133 124 23 95 183 241 307 376 242 374 135 123 309 473 404 296 257 297 293 295 87 362 303 327 110 100 88 306 300 166 206 138 329 188 99 19 109 169 302 130 380 290 476 392 437 430 355 316 315 93 262 283 285 94 340 339 281 280 79 276 84 75 10 73 322 323 176 128 216 220 136 225 61 67 58 5 59 165 255 260 74 266 71 8 103 78 28 31 83 132 239 240 230 57 63 319 320 387 439 440 237 454 235 228 270 243 227 129 313 232 479 474 388 379 261 412 408 167 263 400 409 168 222 221 434 433 170 421 205 202 50 191 438 208 246 247 201 451 199 49 189 190 104 107 204 312 436 233 234 251 390 442 248 443 427 428 177 432 115 358 360 178 213 149 217 405 352 180 353 413 333 203 448 458 425 419 424 158 415 371 370 156 155 32 150 30 151 393 396 382 308 140 350 354 117 359 118 114 116 20 368 127 21 137 121 52 55 126 105 289 111 395 343 244 207 402 147 146 29 407 194 195 68 163 164 385 386 372 122 377 131 394 397 383 269 477 441 455 356 375 154 153 373 389 311 462 461 453 464 460 463 291 72 265 267 292 145 337 401 258 294 259 364 120 365 361 363 468 471 299 469 279 278 326 341 108 338 106 328 53 212 139 391 288 332 475 324 325 196 211 342 249 381 142 286 330 310 287 331 470 54 218 357 314 467 113 264 411 318 215 219 446 406 214 268 459 277 449 420 422 274 417 226 418 472 275 273 77 253 254 457 144 447 256 224 223 56 245 143 231 197 198 335 250 252 69 70 410 431 271 416 452 236 450 346 200 336 465 429 272 414 348 345 344 349 347 456 478 403 366 369 398 367 423 112 210 384 141 334 466 209 
99 15 100 19 188 189 190 104 7 45 46 47 191 173 192 49 4 50 51 199 324 325 208 326 327 196 108 109 3 25 26 27 17 89 12 18 101 91 86 328 329 297 88 301 110 105 106 107 9 83 288 138 117 345 347 112 214 448 333 53 206 212 204 449 203 421 205 216 16 67 58 5 64 6 62 66 60 42 2 172 174 39 40 38 44 36 193 450 429 200 451 202 303 409 169 168 170 171 435 197 198 201 0 1 163 35 164 68 287 246 247 55 250 461 462 464 453 209 210 211 353 354 281 278 340 342 20 113 114 424 468 419 458 339 341 279 350 119 48 34 136 137 121 52 116 124 125 21 22 133 134 23 24 96 81 97 13 14 302 304 298 90 87 76 82 11 478 383 375 455 465 391 337 336 338 475 433 259 265 257 296 294 295 299 166 300 399 362 165 334 335 289 332 103 8 10 286 31 84 85 275 28 139 428 390 248 194 118 330 244 394 395 442 385 344 479 348 386 346 474 349 406 218 213 446 215 159 158 420 422 413 54 323 365 369 398 277 364 459 380 426 425 423 308 128 220 102 78 73 245 140 224 225 111 56 59 219 230 57 229 61 132 239 240 241 238 65 63 95 183 184 185 162 33 182 161 43 41 312 436 290 309 175 378 305 167 148 152 157 37 401 397 235 234 228 236 440 454 457 467 384 452 263 356 456 381 431 469 363 403 146 150 145 264 408 410 261 400 243 256 432 434 222 221 141 310 311 331 370 195 29 30 32 427 74 75 155 372 154 438 437 392 476 127 252 69 319 249 255 477 253 293 473 291 460 412 271 269 292 463 404 285 357 262 358 359 351 115 352 180 80 98 282 79 280 417 415 268 382 187 471 414 361 470 418 251 321 320 441 176 71 156 151 207 144 126 120 368 360 377 131 122 123 374 237 232 387 135 307 376 242 129 130 181 94 317 284 186 92 93 179 443 444 316 313 430 306 260 266 276 411 227 405 217 447 466 149 402 407 367 366 223 70 72 258 267 388 389 177 178 472 273 77 393 274 416 270 272 315 445 343 142 143 439 233 371 153 379 314 355 283 318 160 396 322 373 147 231 226 254 
17 89 15 12 26 42 3 2 172 46 173 174 7 45 47 6 39 4 40 64 96 81 97 16 18 13 9 14 169 302 303 304 297 100 88 298 91 301 90 25 27 99 19 101 86 23 0 24 87 133 124 134 95 183 184 185 162 34 33 182 44 161 43 48 1 38 36 41 296 312 436 290 433 170 309 435 175 409 168 191 192 50 171 378 399 305 66 67 58 5 62 60 188 189 190 104 49 51 193 63 57 65 166 167 132 239 240 241 230 238 229 181 319 320 176 280 79 321 282 98 285 94 73 82 10 80 317 284 186 102 103 78 28 8 11 76 92 93 243 408 179 442 443 444 316 363 313 430 306 469 362 299 300 259 265 257 294 295 328 329 327 110 108 473 404 293 136 137 121 52 116 125 20 21 22 119 199 324 325 208 326 196 109 105 106 107 206 138 129 130 131 122 123 135 291 292 237 385 386 232 372 387 374 377 307 376 242 315 235 394 397 439 383 425 380 308 187 415 426 158 159 353 358 351 180 160 151 152 157 37 32 445 71 194 195 165 156 68 35 29 30 31 85 148 177 178 388 389 463 330 310 331 311 476 392 437 360 223 432 221 438 367 459 366 364 222 434 256 403 146 150 145 264 410 263 261 400 431 450 429 200 451 202 421 205 203 479 474 379 412 114 244 245 140 224 225 111 56 59 219 220 61 53 54 55 128 216 83 288 117 345 347 112 214 448 333 212 204 449 197 198 201 246 247 233 234 236 228 226 227 344 346 269 382 461 464 271 416 270 452 457 454 440 428 250 249 252 251 477 441 322 341 279 339 323 422 274 413 340 281 278 406 218 213 357 314 262 355 283 318 267 258 72 266 75 276 84 77 126 147 332 273 139 289 277 69 70 74 255 260 460 418 349 390 334 427 248 335 467 127 368 470 471 361 231 423 458 468 207 120 365 398 144 456 407 337 149 401 402 475 478 375 455 465 391 336 338 462 453 371 215 369 352 115 359 118 113 350 354 163 164 287 209 210 211 342 424 419 381 384 370 373 153 396 155 275 272 154 466 356 395 141 393 343 142 417 268 420 447 217 405 446 411 143 254 414 348 286 472 253 
18 101 91 86 27 38 44 36 193 47 192 45 66 174 46 60 51 40 4 62 76 82 16 97 17 11 14 9 206 138 329 188 327 301 110 99 15 100 19 134 26 298 90 89 12 22 24 0 109 119 125 25 85 148 152 102 157 161 37 48 3 34 1 182 43 42 2 35 208 246 247 201 451 202 199 191 49 421 205 435 173 171 50 189 190 104 7 238 229 65 64 6 304 378 399 305 175 39 172 59 61 5 107 204 128 216 220 136 225 67 58 165 255 260 74 266 75 71 73 8 276 84 282 81 80 10 103 78 28 185 317 284 186 98 13 96 31 83 53 212 68 390 248 194 139 391 288 332 105 475 328 338 106 279 278 326 341 108 362 303 297 88 295 324 325 196 241 307 376 242 374 124 135 123 23 133 309 473 404 296 257 293 87 306 300 166 169 302 55 126 127 118 21 20 211 342 140 350 354 117 359 114 116 368 137 121 52 289 111 395 343 244 207 402 147 146 29 407 151 150 30 371 370 156 155 32 426 184 162 33 160 195 321 444 445 181 351 179 41 187 159 92 95 183 163 164 112 113 210 476 286 392 287 330 331 197 154 236 452 429 198 381 431 384 478 450 200 457 423 308 158 424 420 422 449 448 203 459 222 221 434 433 170 409 168 400 345 347 214 333 387 439 440 237 454 230 235 228 63 270 240 57 243 227 129 132 239 93 313 232 479 474 388 379 261 412 408 167 263 437 438 290 312 436 143 231 223 56 218 54 348 349 215 144 462 453 446 447 219 432 256 224 245 335 477 253 441 254 250 252 69 294 259 258 70 410 318 411 267 72 265 417 226 418 472 275 277 273 77 274 340 339 281 280 79 285 94 283 130 380 430 355 316 315 262 322 323 176 319 320 209 213 346 442 427 334 443 428 272 131 377 466 336 465 234 403 401 337 383 375 455 456 382 398 415 468 419 458 425 469 364 120 365 361 363 471 299 461 464 353 269 356 153 373 372 122 389 385 386 177 178 311 460 463 291 292 145 149 367 366 358 115 352 142 180 314 467 360 470 369 394 393 141 397 396 406 405 264 416 414 268 271 413 233 251 217 344 310 357 249 
102 103 78 28 16 71 73 8 194 48 195 165 34 156 157 1 68 32 35 3 126 147 148 151 152 29 30 31 201 330 331 197 332 273 139 105 85 289 83 81 82 277 77 276 84 9 10 11 138 15 17 18 143 59 231 111 254 258 70 255 76 260 74 267 72 266 75 69 107 345 442 390 443 248 334 335 163 452 247 373 370 154 164 49 198 199 38 162 42 33 161 37 418 419 414 268 153 155 371 0 2 36 246 193 7 45 46 47 26 27 44 253 55 127 128 367 144 52 207 137 396 142 401 402 145 146 395 343 244 411 412 400 261 149 150 407 140 141 51 202 250 324 461 462 394 312 310 476 286 436 311 392 287 466 338 336 391 288 227 226 472 275 272 104 106 188 184 285 95 94 96 97 79 13 80 282 389 448 449 420 369 413 274 269 270 271 417 379 4 5 6 12 14 86 206 329 25 99 100 19 89 101 91 64 62 66 60 393 22 117 118 119 61 223 56 225 67 433 222 256 245 323 322 441 251 252 478 431 294 259 257 477 405 464 293 292 295 404 265 262 263 264 410 318 209 249 109 110 205 347 112 385 344 350 479 348 319 179 444 177 427 316 363 302 313 178 428 445 377 357 456 356 457 451 454 200 429 236 123 135 374 122 372 470 416 361 196 108 50 191 280 353 358 351 181 182 180 41 160 183 185 43 158 92 159 284 426 408 243 281 325 326 278 424 468 458 423 415 471 346 387 386 474 232 20 21 23 24 39 40 208 327 192 58 189 190 173 172 174 133 124 134 125 460 214 53 218 54 216 220 136 366 368 120 121 469 303 362 364 365 398 382 187 308 237 233 440 439 397 234 328 465 337 475 403 168 409 399 283 467 239 305 378 167 300 213 217 406 446 447 204 171 341 453 210 211 473 291 235 186 317 290 437 309 360 432 221 438 314 93 315 430 355 230 381 376 455 375 384 131 228 65 229 242 129 241 240 333 203 88 425 306 320 176 321 98 279 340 339 463 296 388 212 421 422 459 224 434 57 63 87 90 301 116 297 169 304 298 132 238 354 113 114 359 115 170 435 299 130 307 383 380 450 352 219 175 342 349 166 215 
104 105 106 107 19 196 108 109 197 49 198 199 50 200 191 51 201 202 193 4 216 333 189 203 190 204 205 206 165 334 335 163 289 336 332 83 188 288 138 88 100 337 338 328 329 86 110 101 103 9 12 15 350 119 354 117 453 340 342 324 99 325 208 339 341 326 327 211 85 141 310 330 311 331 286 287 246 370 195 454 429 452 247 35 164 68 45 170 39 171 173 192 455 263 356 456 457 451 450 60 40 47 194 48 0 1 2 3 6 7 46 462 128 220 136 446 215 55 214 53 474 349 413 448 422 212 345 347 112 458 380 426 425 459 421 449 114 348 38 157 209 69 249 250 344 177 427 442 390 178 428 443 248 472 276 275 273 139 376 375 465 391 466 31 84 28 168 299 166 300 87 89 295 90 301 297 440 145 149 401 217 403 475 382 377 381 478 383 36 22 24 14 91 18 102 78 5 8 10 11 13 16 17 23 25 26 27 479 62 140 225 67 125 359 118 116 20 180 353 352 113 404 473 464 463 210 268 419 281 278 280 461 364 251 321 323 282 320 279 469 415 423 424 468 253 460 76 82 152 142 143 233 393 244 394 395 291 309 312 437 476 313 314 93 315 438 392 436 226 470 417 416 371 156 372 155 154 373 229 238 230 228 236 467 384 357 74 75 37 32 294 256 432 433 290 172 434 175 435 167 169 174 400 305 399 303 409 308 307 257 70 72 258 261 262 264 411 431 355 396 237 234 397 235 59 61 65 66 43 44 71 73 34 21 29 30 33 41 42 63 57 64 58 477 144 126 368 127 137 121 52 447 219 218 54 318 94 285 406 213 405 379 378 412 232 388 386 385 346 389 77 272 274 277 420 159 158 184 362 361 130 185 183 187 284 367 366 398 365 369 148 161 266 252 254 255 319 322 387 304 302 179 444 181 221 360 358 445 471 306 430 316 363 122 418 240 271 270 414 227 374 134 124 241 242 132 131 146 150 80 410 317 292 293 296 298 267 259 265 441 176 439 147 151 402 407 115 351 123 135 98 97 81 56 79 92 95 96 129 133 245 231 111 224 223 160 162 283 243 239 269 408 153 222 120 182 260 343 186 207 
108 88 19 100 106 203 104 190 170 50 39 171 49 4 51 191 173 45 192 200 339 340 341 196 109 326 99 327 168 299 166 300 87 12 89 295 110 90 301 105 107 9 15 86 101 328 188 329 297 337 336 338 458 380 426 425 413 333 448 459 205 422 421 216 189 204 206 449 294 256 432 433 290 172 434 175 435 167 169 6 40 46 174 400 305 399 202 197 198 199 201 193 0 1 2 3 7 47 60 450 429 451 303 409 455 263 356 456 454 457 452 364 251 321 323 282 281 320 280 279 268 419 453 342 325 278 469 415 423 350 119 354 117 324 208 211 424 468 431 410 398 144 368 367 470 430 471 363 362 317 306 302 304 291 292 293 296 298 23 24 14 91 17 258 267 257 165 334 335 163 289 332 83 288 138 103 5 8 10 11 13 16 18 25 26 27 36 22 478 383 375 465 391 475 259 265 440 145 149 401 217 403 466 376 382 377 381 361 234 142 233 396 130 185 183 187 308 284 184 159 158 77 272 274 277 420 474 349 215 212 214 366 462 128 220 136 446 55 53 345 347 112 114 348 365 369 402 407 266 140 245 225 224 231 223 222 472 392 436 438 221 444 182 445 181 437 309 312 387 344 346 385 269 408 239 412 378 243 63 57 64 65 66 43 44 42 147 151 411 261 85 141 310 330 311 331 286 287 246 370 195 247 35 164 68 194 48 20 21 28 29 30 31 32 33 34 37 38 41 67 58 62 59 61 397 235 228 236 467 384 146 150 264 307 70 72 262 355 357 229 238 230 237 120 69 252 249 319 254 322 441 97 98 96 176 161 351 162 81 79 80 153 154 155 270 414 271 416 417 418 404 473 464 463 210 352 113 353 390 479 125 359 118 116 180 250 461 209 253 460 260 318 152 126 137 207 127 121 226 248 443 316 313 315 476 186 95 93 427 428 177 179 442 241 389 133 386 232 388 135 129 131 132 122 123 124 134 71 73 405 157 178 276 275 273 139 84 102 78 52 54 56 74 75 76 82 92 94 242 227 219 447 406 439 213 115 358 218 374 240 143 244 343 393 394 283 285 160 373 372 371 156 379 395 477 314 148 111 360 255 
109 86 110 101 107 204 205 206 60 51 40 4 202 171 50 193 47 192 45 201 211 342 196 341 108 208 327 99 36 22 24 0 14 90 91 9 19 12 15 338 106 295 301 88 100 138 329 188 18 103 332 105 114 348 349 350 215 422 212 216 104 333 189 459 421 203 190 53 11 59 61 62 65 66 5 6 7 43 44 175 39 174 46 1 2 3 49 457 452 451 200 191 300 400 305 399 435 173 170 246 247 199 27 38 194 48 195 165 331 197 198 136 253 460 209 463 210 462 453 324 352 113 280 340 278 325 119 354 117 425 469 415 423 279 326 339 112 20 35 37 55 126 127 128 118 123 21 125 25 135 23 134 26 98 80 13 97 17 306 166 87 89 298 8 10 16 456 382 377 381 466 336 475 391 328 337 434 258 267 294 293 257 297 362 304 303 168 299 68 390 248 139 288 83 76 82 330 102 78 28 273 85 289 443 334 335 163 116 286 143 393 141 427 388 479 344 345 389 474 346 347 405 219 446 213 214 184 426 413 448 420 220 320 367 366 364 274 398 449 308 158 424 458 380 52 54 31 84 75 231 111 223 56 140 225 67 218 228 229 57 58 242 243 227 129 63 64 238 186 187 159 92 160 161 41 33 42 182 437 438 309 290 172 167 169 378 29 30 32 34 403 396 237 440 230 454 234 236 450 357 356 429 431 384 478 455 263 468 471 401 147 151 402 411 412 261 410 409 239 222 221 433 256 432 395 476 392 287 154 164 148 152 157 442 71 73 156 373 370 436 312 311 310 121 254 255 322 477 69 249 250 296 291 473 461 408 418 379 404 464 292 283 467 318 360 115 180 359 353 351 81 96 79 282 281 268 419 417 383 183 363 416 470 361 271 441 176 323 251 321 74 155 150 144 207 137 368 120 358 375 376 374 124 122 235 387 232 133 130 131 132 241 307 179 284 93 94 95 185 317 181 428 177 315 430 313 302 70 72 77 264 240 406 447 217 465 407 145 149 365 369 224 260 266 259 265 385 386 444 445 272 275 276 394 277 414 226 472 316 178 142 343 244 233 439 153 371 269 355 314 285 262 162 397 319 372 146 245 270 252 
5 111 56 59 20 0 21 22 148 52 207 137 54 120 121 55 126 127 128 53 4 6 7 57 58 60 61 62 255 76 260 74 343 222 231 244 67 245 140 115 116 221 223 224 225 117 118 119 143 112 113 114 9 19 12 15 2 23 24 3 25 26 27 122 123 124 125 36 395 85 152 102 402 147 31 146 29 441 254 364 365 367 144 250 252 69 136 217 213 218 219 220 361 313 362 363 366 368 369 189 214 216 71 253 208 209 210 211 212 204 215 1 49 50 51 39 40 45 46 47 13 14 63 64 65 66 16 17 18 131 226 129 227 228 229 230 86 11 462 477 38 165 157 48 82 266 75 73 8 294 259 258 70 440 439 397 396 142 458 468 434 256 433 330 394 141 355 356 262 357 351 352 358 353 359 360 272 311 309 438 435 436 432 416 469 470 471 414 324 99 325 347 354 350 286 393 206 334 344 345 346 348 349 278 109 342 196 10 104 105 106 107 108 88 100 110 101 87 89 90 91 41 33 42 43 44 130 132 133 134 135 34 236 370 371 372 232 373 374 375 242 376 240 377 35 37 390 479 476 289 83 276 84 103 78 28 161 407 151 150 30 431 168 410 409 403 145 401 308 455 307 383 176 322 320 319 251 323 203 413 459 449 398 300 299 303 194 442 461 249 445 336 337 465 149 405 466 406 447 284 283 446 315 285 314 467 316 270 268 178 335 177 428 93 304 302 306 430 399 275 274 472 273 277 188 190 448 333 464 453 163 427 460 327 197 310 291 292 463 420 421 422 205 32 198 199 200 191 201 202 193 170 171 173 192 166 167 169 172 174 175 92 94 95 79 80 96 81 97 98 233 234 235 237 238 239 241 243 384 381 417 379 418 271 378 429 450 454 452 457 246 473 444 195 164 68 156 155 282 318 411 267 72 265 475 295 297 257 456 264 263 400 478 279 187 425 183 380 382 424 339 340 341 426 419 415 423 331 312 385 317 261 182 162 160 180 181 443 179 154 153 77 287 437 392 290 301 298 326 281 386 474 388 329 387 269 408 389 158 280 332 288 138 338 328 293 296 305 159 184 185 186 321 391 451 404 248 139 412 247 
112 20 113 114 208 209 210 211 52 53 54 55 212 213 214 204 136 215 216 206 334 344 345 346 347 348 349 350 5 111 56 59 21 115 116 22 117 118 119 278 325 351 352 353 354 109 342 196 25 101 327 99 141 197 310 330 249 291 460 250 324 461 462 292 463 464 453 253 0 148 207 137 120 121 126 127 128 57 58 217 218 219 220 60 61 62 189 420 421 422 448 333 262 284 355 283 405 446 406 107 205 104 67 7 193 47 192 45 329 188 190 69 165 335 163 177 427 194 442 390 233 393 387 385 388 479 244 394 395 269 410 167 408 389 474 386 286 143 4 6 255 76 260 74 343 222 231 245 140 221 223 224 225 122 23 123 124 125 356 357 358 359 360 36 24 27 158 417 423 415 279 326 280 341 340 281 149 161 182 162 445 160 180 411 467 318 285 264 51 201 202 110 108 19 3 26 138 18 91 86 301 15 100 451 199 191 49 142 105 85 289 83 198 311 331 287 246 309 312 437 476 321 251 319 322 477 241 239 293 473 296 252 153 266 294 267 87 265 404 418 243 379 412 271 71 254 9 12 2 152 102 402 147 31 146 29 441 364 365 367 144 361 313 362 363 366 368 369 131 226 129 227 63 64 228 65 229 230 336 337 465 466 447 315 314 316 11 14 40 66 79 276 472 277 398 449 274 459 413 308 424 203 184 425 426 419 159 261 263 282 82 97 81 185 317 186 95 94 430 151 401 407 150 403 103 332 338 106 171 50 16 17 46 247 38 44 174 435 173 475 391 328 288 70 157 48 370 195 35 164 68 178 428 443 248 93 304 302 179 444 181 130 380 183 234 396 235 397 439 237 134 374 135 133 232 305 378 169 268 270 431 168 409 400 166 156 373 371 155 372 1 39 13 75 73 8 259 258 440 458 468 434 256 433 272 438 436 432 416 469 470 471 414 236 132 375 242 376 240 377 454 200 429 455 456 478 384 37 43 90 92 299 176 320 323 339 96 80 98 72 257 145 34 42 33 41 392 290 452 457 295 88 89 139 298 399 303 297 381 450 84 78 28 275 273 175 172 306 382 383 307 187 238 77 154 170 10 30 300 32 
21 115 20 116 56 57 5 58 217 54 213 218 52 53 55 121 219 136 220 120 122 23 123 0 22 124 25 125 355 356 262 357 351 113 352 358 118 353 359 111 59 112 114 117 119 224 67 225 360 221 222 223 131 226 129 227 63 6 64 228 61 65 229 4 7 60 62 230 445 336 337 465 149 405 466 406 447 284 283 212 214 215 446 315 285 314 127 148 207 137 126 128 208 209 210 211 204 216 189 369 365 368 467 316 361 313 362 363 364 366 367 236 370 371 372 232 133 373 135 374 130 132 2 24 26 134 375 242 376 9 19 12 15 3 27 36 240 377 430 317 454 198 200 429 455 263 456 478 384 261 264 411 318 161 182 162 160 180 278 325 347 354 349 428 181 178 255 76 260 74 343 231 244 245 140 143 206 334 344 345 346 348 350 109 342 196 324 99 471 414 468 434 256 432 443 179 272 311 309 438 435 436 433 458 416 469 470 381 472 289 276 275 417 379 418 271 270 378 243 239 241 233 234 235 237 238 13 14 40 66 46 450 1 49 50 51 39 45 47 16 17 18 86 11 452 457 392 290 444 105 332 106 338 288 328 391 440 145 401 403 475 72 404 257 265 150 407 151 282 82 97 81 185 186 184 95 94 159 420 421 422 448 333 464 453 463 287 437 306 93 395 85 152 102 402 147 31 146 29 441 254 144 250 252 69 71 253 101 327 141 197 310 330 249 291 460 461 462 292 107 205 104 188 190 273 277 449 398 300 299 331 312 302 268 335 177 304 399 303 203 413 459 274 451 165 195 157 156 164 155 154 474 386 389 153 473 298 296 388 387 385 321 251 319 380 382 183 383 307 187 41 33 42 43 44 90 91 89 8 10 108 88 100 110 87 48 34 38 35 37 248 166 476 199 201 247 191 202 308 70 258 400 431 409 30 412 408 410 75 259 266 267 73 426 98 280 96 79 80 281 158 423 415 279 326 341 340 163 427 175 477 294 439 397 396 142 394 286 393 193 192 329 194 442 390 479 269 167 419 424 171 170 172 77 174 301 297 173 339 425 83 103 139 84 78 305 169 293 323 320 176 322 92 28 32 168 246 138 295 68 
22 117 118 119 59 60 61 62 189 55 214 53 127 218 54 128 216 220 136 126 36 24 0 123 21 27 125 25 324 99 325 208 347 353 354 112 20 113 114 223 56 358 359 115 116 140 225 67 350 143 231 111 86 11 14 9 40 65 66 4 5 6 7 228 229 57 58 47 345 188 190 104 448 333 206 212 204 464 453 406 213 446 215 209 210 211 52 366 367 368 120 121 357 315 285 314 447 219 217 29 144 137 196 462 71 253 254 255 147 148 207 51 35 37 38 43 44 1 2 3 90 91 135 23 134 26 19 12 15 227 375 242 376 374 124 122 18 101 250 461 45 199 191 49 100 326 327 108 109 281 278 340 342 386 385 346 474 349 264 262 351 352 180 334 344 348 363 416 469 470 433 222 432 256 224 221 466 428 181 445 162 178 360 384 318 467 355 356 69 8 70 142 245 244 390 479 102 286 393 141 396 395 343 258 76 260 74 110 31 83 84 85 75 80 10 82 16 98 13 97 17 175 171 39 174 46 243 129 63 64 238 50 373 429 450 236 235 454 230 270 241 240 131 226 193 192 330 394 442 288 138 328 329 105 106 107 173 449 203 421 205 419 159 424 158 420 422 413 412 271 239 269 293 473 292 291 463 404 150 403 407 149 405 284 283 94 197 310 249 460 436 275 274 272 459 364 472 398 369 303 362 365 430 299 471 361 313 377 456 438 287 437 392 306 95 93 317 316 184 391 475 465 336 337 28 30 145 146 251 252 246 476 477 73 163 427 322 323 441 401 151 402 152 202 164 68 155 32 165 157 48 160 161 33 34 186 187 92 41 42 182 305 300 166 295 301 87 88 89 298 388 389 387 232 133 130 132 307 414 418 478 383 455 381 183 154 153 372 370 371 194 319 312 198 247 201 200 451 297 468 458 339 341 279 277 282 79 280 417 423 415 426 268 267 378 410 167 408 379 261 265 259 266 409 263 431 411 335 177 233 302 425 172 170 435 434 290 311 309 452 457 338 248 444 443 179 81 96 72 257 234 397 439 78 237 382 308 440 400 294 289 139 103 276 77 321 176 185 399 168 169 304 296 273 156 320 331 332 380 195 
54 120 52 121 21 115 20 116 221 56 222 223 5 111 59 58 224 67 225 57 217 213 218 53 55 219 136 220 361 313 362 363 364 207 365 366 127 367 368 0 22 148 137 126 128 124 25 125 369 122 23 123 355 356 262 357 351 113 352 358 118 353 359 112 114 117 119 360 272 311 309 438 435 434 436 433 432 458 468 343 231 245 256 416 469 470 61 4 6 7 60 62 255 76 260 74 244 140 143 230 64 229 471 414 131 226 129 227 63 228 65 445 336 337 465 149 405 466 406 447 284 283 212 214 215 446 315 285 314 208 209 210 211 204 216 189 467 316 270 268 178 335 177 428 93 304 302 306 430 399 303 300 299 203 413 459 449 398 441 254 147 144 146 275 274 472 9 19 12 15 2 24 3 26 27 36 395 85 152 102 402 31 29 250 252 69 71 253 240 377 132 133 134 374 273 277 236 370 371 372 232 373 135 130 375 242 376 317 454 198 200 429 455 263 456 478 384 261 264 411 318 161 182 162 160 180 278 325 347 354 349 181 206 334 344 345 346 348 350 109 342 196 324 99 443 179 154 153 77 197 331 310 312 287 437 392 41 174 175 172 290 301 257 298 297 173 170 171 339 108 340 341 426 419 425 415 423 424 440 439 397 396 142 258 70 259 164 155 271 417 1 49 50 51 39 40 45 46 47 13 14 66 16 17 18 86 11 462 477 38 165 157 48 82 266 75 73 8 294 330 394 141 286 393 452 457 237 238 239 241 195 156 418 381 289 276 379 378 243 233 234 235 450 444 105 332 106 338 288 328 391 145 401 403 475 72 404 265 150 407 151 282 97 81 185 186 184 95 94 159 420 421 422 448 333 464 453 463 101 327 249 291 460 461 292 107 205 104 188 190 139 269 32 163 194 248 427 442 92 91 90 305 166 169 192 400 409 168 100 89 88 295 110 380 281 320 280 279 326 323 308 307 383 176 322 319 251 83 84 386 10 87 33 42 43 44 34 35 37 390 479 476 103 78 28 30 431 410 382 187 385 387 389 451 474 473 296 388 321 183 199 201 247 191 202 412 408 267 98 96 79 80 158 193 329 167 68 246 293 138 
122 21 23 123 131 226 129 227 56 57 5 58 63 6 64 228 61 65 229 236 370 371 372 232 133 373 135 374 54 120 52 121 20 0 22 116 124 25 125 130 132 2 24 26 134 375 242 376 118 384 381 377 472 289 276 275 417 379 418 416 240 271 270 378 243 239 241 414 115 221 222 223 111 59 224 67 225 53 55 4 7 60 62 219 136 220 230 233 234 235 237 238 12 13 9 14 40 66 46 429 450 454 127 218 391 447 475 466 451 452 457 470 335 165 195 157 156 164 155 154 420 277 474 386 389 153 366 274 272 473 298 404 296 388 387 385 273 369 217 213 361 313 362 363 364 207 365 367 368 148 137 126 128 112 113 114 117 119 19 15 3 27 36 360 352 359 321 249 251 319 380 382 183 383 307 187 39 41 33 42 1 43 44 90 86 91 17 89 465 288 328 478 455 356 358 353 247 314 318 467 431 357 456 329 332 338 336 398 198 311 197 331 105 85 83 103 139 152 84 78 77 158 423 415 419 268 453 464 412 269 408 469 479 304 399 305 261 169 167 460 463 291 293 461 471 468 355 262 351 309 438 435 434 436 433 432 458 343 231 245 256 255 76 260 74 244 140 143 208 209 210 211 212 214 204 215 216 189 49 50 51 45 47 16 18 11 316 283 405 446 185 310 141 393 142 396 394 397 439 339 323 440 96 320 176 322 98 87 88 92 93 94 95 79 10 80 81 97 8 175 171 174 172 173 287 199 191 200 401 337 315 285 406 138 178 180 407 402 403 192 193 202 201 299 177 428 334 163 443 194 248 38 48 35 68 82 266 75 37 32 34 278 279 280 421 449 422 459 413 448 354 350 349 347 346 267 292 265 477 462 301 257 297 295 72 427 348 344 442 345 445 149 284 302 306 430 303 300 203 441 254 147 144 146 395 102 31 29 250 252 69 71 253 206 325 109 342 196 324 99 104 106 107 108 100 110 101 179 160 411 282 70 426 425 424 308 184 186 159 166 168 170 181 162 182 161 28 30 188 190 400 263 264 246 410 294 259 409 327 205 312 437 392 330 286 151 150 73 326 341 340 281 333 476 390 145 317 290 258 444 
116 124 25 125 121 219 136 220 230 58 64 57 67 7 5 225 229 62 61 224 360 352 115 114 20 359 119 118 240 377 132 131 133 26 134 122 21 23 123 137 52 3 27 0 22 368 128 127 374 369 365 120 467 316 283 355 405 215 446 217 54 213 218 204 216 53 55 447 372 452 457 454 237 238 236 63 228 239 241 46 6 66 65 226 129 227 56 244 245 140 111 59 15 16 17 18 47 60 4 432 256 223 376 270 471 414 468 361 434 221 222 465 443 179 178 160 180 445 351 358 411 318 349 113 354 353 356 262 357 211 109 342 196 350 117 112 314 384 416 271 466 332 338 336 456 382 381 455 375 187 130 307 242 385 386 232 387 135 89 12 2 24 44 370 371 373 74 250 252 69 146 207 29 144 126 148 45 48 34 1 42 38 36 101 91 86 9 19 470 430 299 398 367 366 154 153 438 273 277 472 449 272 364 300 313 362 363 478 436 331 312 311 302 186 317 93 315 159 284 94 285 151 401 149 407 406 463 210 212 214 333 337 348 107 205 206 422 104 189 462 453 324 208 209 391 475 275 274 155 201 247 202 451 198 200 429 403 396 440 234 450 322 98 323 321 233 235 439 293 461 464 473 412 269 378 379 243 167 172 173 174 39 40 13 14 97 289 276 417 418 31 330 394 395 397 343 141 142 143 259 260 231 8 70 71 255 76 99 100 102 103 78 28 73 81 82 10 11 96 193 192 51 49 50 392 290 170 433 423 469 139 77 268 306 195 156 419 424 458 171 175 435 309 328 194 248 442 444 335 177 428 43 41 182 181 80 281 282 161 162 33 267 258 72 400 431 261 263 264 410 389 388 474 346 347 278 325 340 253 460 110 341 108 327 280 390 479 345 334 344 164 415 84 105 138 288 106 329 409 254 441 308 383 380 393 92 185 183 249 251 319 176 477 305 292 298 404 296 291 87 169 303 304 297 88 301 90 165 157 420 75 320 150 145 402 147 30 85 152 188 190 191 68 32 35 37 95 184 166 168 421 459 413 437 448 326 339 203 295 399 197 246 287 310 476 158 426 79 294 257 265 266 408 286 427 425 83 199 279 163 
55 126 127 128 22 117 118 119 143 59 231 111 61 223 56 62 140 225 67 60 189 214 53 218 54 216 220 136 71 253 254 255 147 367 144 148 52 207 137 123 21 366 368 120 121 27 125 25 29 36 24 0 324 99 325 208 347 353 354 112 20 113 114 358 359 115 116 350 102 286 393 141 396 142 395 343 244 258 70 433 222 256 245 76 260 74 5 228 65 229 57 58 363 416 469 470 432 224 221 47 66 7 69 8 86 11 14 9 40 4 6 345 188 190 104 448 333 206 212 204 464 453 406 213 446 215 209 210 211 357 315 285 314 447 219 217 196 462 16 73 348 163 427 334 460 322 477 249 250 323 441 251 252 401 151 402 145 146 303 362 364 365 398 85 152 31 227 375 242 376 135 23 374 134 124 122 436 275 274 272 459 472 369 430 299 471 361 313 18 101 91 44 26 3 28 30 51 35 37 38 43 1 2 90 19 12 15 461 45 199 191 49 100 326 327 108 109 281 278 340 342 386 385 346 474 349 264 262 351 352 180 344 466 428 181 445 162 178 360 384 318 467 355 356 390 479 48 34 78 287 246 437 476 197 310 330 388 237 233 439 394 382 424 187 308 440 397 234 400 478 411 431 267 72 294 266 259 257 173 172 170 435 434 458 468 423 165 157 82 75 373 429 450 236 235 63 454 238 230 243 129 64 270 241 240 131 226 316 302 372 164 155 154 271 415 417 268 414 425 392 290 438 311 309 193 192 174 46 97 17 68 32 10 110 83 84 80 98 13 175 171 39 50 442 288 138 328 329 105 106 107 449 203 421 205 419 159 158 420 422 413 412 239 269 293 473 292 291 463 404 150 403 407 149 405 284 283 94 377 456 306 95 93 317 184 391 475 465 336 337 103 81 156 335 248 194 177 444 296 132 130 321 319 176 457 339 279 320 455 307 383 380 381 295 261 168 410 409 263 399 297 89 88 169 304 166 300 289 276 161 418 183 389 387 232 133 153 370 371 443 179 312 139 77 273 277 341 280 301 298 182 42 33 202 160 186 92 41 305 87 198 247 201 200 451 282 79 426 378 167 408 379 265 452 338 96 195 331 185 332 
36 22 24 0 86 11 14 9 59 60 61 62 40 65 66 4 5 6 7 51 35 37 38 43 44 1 2 3 55 126 127 128 118 123 21 119 27 125 25 90 91 135 23 134 26 19 12 15 20 109 110 101 31 83 84 85 75 80 10 76 18 82 16 98 13 97 17 8 117 143 231 111 223 56 140 225 67 218 54 228 229 57 58 216 220 136 47 175 171 39 174 46 242 243 227 129 63 64 238 49 50 45 52 53 107 204 205 206 202 193 192 74 163 164 68 155 32 165 157 48 150 30 160 161 33 34 148 152 102 186 187 159 92 41 42 182 28 29 189 214 71 253 254 255 147 367 144 207 137 366 368 120 121 358 353 359 115 116 375 376 374 124 122 350 354 114 305 306 300 166 295 301 87 88 89 298 235 388 389 387 373 232 133 130 131 132 241 307 104 105 106 108 100 99 112 113 201 211 342 196 341 208 327 338 138 329 188 146 199 286 287 246 288 275 289 139 103 274 276 77 78 265 259 266 72 73 283 284 282 81 79 260 179 322 323 321 281 176 96 93 94 95 185 317 69 70 324 325 347 393 141 396 142 395 343 244 258 433 222 256 245 363 416 469 470 432 224 221 357 315 285 314 406 213 447 446 219 217 429 450 236 454 230 270 240 226 462 453 333 215 293 437 438 309 434 435 290 170 172 400 399 173 167 168 169 304 378 183 383 296 460 463 291 408 418 379 269 239 414 233 234 237 439 440 197 198 200 191 203 190 209 210 212 332 348 349 422 459 421 457 452 451 247 252 427 334 428 335 390 248 194 372 154 370 195 271 415 417 371 156 153 264 409 410 403 145 407 402 151 149 352 360 180 351 162 426 184 158 302 316 382 424 308 380 419 177 178 181 444 445 345 448 464 477 249 250 441 251 401 303 362 364 365 398 436 272 472 369 430 299 471 361 313 466 262 384 318 467 355 356 465 328 391 478 455 381 377 479 474 340 412 468 267 294 257 297 292 473 404 319 320 397 344 346 385 386 273 277 336 337 339 326 278 331 280 425 423 279 456 475 476 310 330 392 311 413 420 268 263 431 411 261 405 312 443 449 461 394 458 442 
118 123 22 21 127 218 55 54 228 61 65 229 59 60 62 56 57 5 58 223 358 353 359 117 119 115 20 116 227 375 242 376 135 24 23 374 125 134 124 126 128 36 0 27 25 120 52 121 122 366 367 368 357 315 285 314 406 214 213 447 220 446 219 189 53 216 136 217 373 429 450 236 235 63 454 238 230 243 129 40 66 6 64 270 241 240 225 143 231 111 140 67 86 11 14 9 4 7 47 221 222 224 131 226 363 416 469 470 433 432 256 466 428 181 445 162 351 178 180 360 264 262 347 354 113 352 384 318 467 324 99 325 208 112 114 350 355 356 414 418 465 288 328 391 478 383 455 381 377 183 307 130 132 388 389 387 232 133 90 91 44 26 2 154 153 372 71 253 254 255 147 144 148 207 137 29 51 35 37 38 43 1 3 19 12 15 18 101 361 313 362 364 365 369 370 371 436 275 274 272 459 472 398 303 430 299 471 456 438 287 437 392 306 95 93 317 316 184 94 284 283 150 403 407 149 405 464 453 333 215 212 475 345 188 190 104 448 206 204 209 210 211 196 462 336 337 273 277 156 199 198 191 200 247 451 452 401 397 234 440 457 319 96 320 176 439 237 233 296 460 463 291 408 379 167 269 239 378 175 171 39 174 46 97 17 13 139 77 268 271 102 286 393 141 396 142 395 343 244 258 70 245 76 260 74 69 8 109 110 31 83 84 85 75 80 10 82 16 98 49 50 45 193 192 311 309 435 434 458 468 289 276 417 302 164 155 415 425 423 173 172 170 290 338 163 335 427 177 248 444 443 42 182 41 179 81 280 79 33 160 161 265 259 266 409 263 410 431 411 261 386 385 346 474 349 340 342 278 250 461 100 326 327 108 281 334 344 348 390 479 195 419 78 138 105 332 329 106 400 252 251 380 382 308 394 185 92 187 477 441 322 321 249 169 404 87 292 293 473 298 305 300 166 295 301 88 89 68 32 413 73 323 151 402 145 146 152 28 30 107 205 202 165 157 48 34 186 159 304 399 203 449 420 312 422 341 279 421 297 168 246 197 331 476 310 426 158 282 257 294 267 72 412 330 442 424 103 201 339 194 
119 27 125 25 128 216 220 136 47 62 66 60 225 229 61 67 7 58 5 140 350 354 117 359 118 114 116 20 18 101 91 86 44 134 26 36 22 24 0 368 127 374 124 123 21 137 121 52 3 29 144 126 196 462 453 324 333 446 215 189 55 214 53 447 219 218 54 204 38 193 192 45 174 46 51 40 4 97 17 238 65 64 6 11 14 9 59 432 256 224 223 56 376 270 241 240 230 57 228 244 245 111 15 16 69 8 70 71 142 143 231 104 390 479 348 474 349 345 347 112 340 342 180 353 352 113 99 325 208 314 384 318 467 360 115 358 211 109 76 82 206 138 329 188 327 301 110 100 19 298 90 89 12 182 161 43 42 2 307 242 135 23 133 35 37 1 470 430 299 471 398 367 369 365 120 366 454 154 153 373 387 372 122 377 132 131 227 375 74 250 252 146 207 148 48 34 141 28 30 31 145 102 147 251 253 254 255 108 395 246 476 286 477 473 461 460 209 404 464 463 210 413 203 448 422 212 94 285 406 213 405 190 178 391 475 466 407 465 217 316 283 355 357 315 107 205 85 152 157 247 201 451 202 199 191 49 421 435 173 171 50 304 378 399 305 175 39 172 185 317 284 186 282 81 98 80 13 96 439 440 237 235 63 243 129 239 83 84 75 10 472 392 290 436 170 433 438 434 221 423 469 222 414 468 361 363 416 356 455 272 139 77 273 268 269 271 418 226 167 452 457 236 429 450 330 394 397 343 259 260 103 78 73 249 68 32 72 257 258 234 233 396 393 106 248 194 444 442 163 427 334 232 388 385 344 379 261 412 386 346 389 426 458 419 339 341 281 326 278 280 33 41 160 162 351 264 262 411 313 93 381 431 478 456 410 443 179 445 428 181 165 266 276 288 332 105 328 338 279 362 303 297 88 295 309 296 293 87 306 300 166 169 302 321 184 187 159 92 95 183 176 441 322 308 383 382 130 164 155 150 417 168 420 449 459 364 277 275 274 336 337 200 195 156 370 371 291 292 319 320 403 402 151 310 149 263 400 401 380 323 287 331 197 437 312 265 267 408 425 424 158 415 79 311 177 294 289 198 409 335 
129 130 131 132 23 232 122 133 233 63 234 235 57 236 228 64 237 230 238 6 378 379 243 226 227 239 240 241 321 249 251 319 380 381 382 183 242 383 307 21 123 384 377 375 376 26 124 134 187 2 0 24 473 298 404 296 474 371 386 388 135 389 387 370 372 373 374 385 185 310 141 393 142 396 394 397 439 339 323 451 450 457 440 96 320 176 65 56 5 58 61 229 391 447 475 466 452 454 429 46 7 66 322 98 12 13 9 14 4 40 60 479 304 399 305 261 412 169 408 167 453 464 417 418 271 269 460 463 291 472 289 276 275 416 270 414 293 461 97 282 344 177 334 427 209 69 250 253 477 70 252 254 441 458 426 425 424 308 329 328 478 455 456 95 184 92 54 120 52 121 20 22 116 25 125 118 247 314 318 467 431 357 356 332 338 336 465 288 17 89 15 3 27 44 186 159 39 41 33 42 1 43 36 19 90 86 91 462 174 309 435 175 301 257 297 295 87 72 265 267 292 354 350 349 347 346 420 277 156 153 155 348 470 335 165 195 157 164 154 366 274 272 273 369 442 345 182 161 284 311 312 197 330 437 286 476 112 140 143 244 395 144 145 29 146 245 343 231 203 364 413 459 340 281 341 280 279 326 192 193 202 191 200 401 337 403 181 162 81 79 115 221 222 223 111 59 224 67 225 53 55 62 219 136 220 127 218 139 138 359 178 180 360 446 407 406 405 217 402 331 201 198 287 199 172 173 45 47 16 18 179 160 80 88 93 94 10 8 11 49 50 51 171 390 313 302 362 303 306 300 166 263 400 409 168 149 30 150 264 410 411 333 216 215 196 324 342 211 210 325 158 423 415 419 268 78 77 84 368 398 105 85 83 103 152 363 469 361 471 468 317 82 351 428 443 444 163 194 208 128 126 71 255 74 256 258 259 260 365 137 207 147 367 108 448 205 422 421 449 190 327 101 110 206 188 107 106 315 285 34 213 148 113 114 117 119 352 358 353 248 68 246 316 283 355 262 294 266 100 99 48 38 37 170 32 28 31 35 104 109 438 436 290 434 433 73 75 151 189 204 212 214 278 432 299 76 445 392 102 430 
133 26 124 134 132 239 240 241 46 64 7 6 230 58 57 238 66 229 65 237 385 386 232 372 122 387 374 135 17 89 15 12 3 25 27 2 23 0 24 377 131 116 125 21 123 307 376 242 44 187 382 130 293 461 464 473 412 271 269 378 129 379 243 416 270 226 227 167 42 172 173 174 45 47 39 4 40 16 18 67 5 62 60 13 9 14 63 452 457 454 236 228 121 219 136 220 225 61 56 439 440 235 91 97 322 98 323 321 396 233 234 305 442 345 344 347 346 479 474 388 267 292 155 371 153 389 298 404 296 275 366 274 272 154 373 370 291 87 96 81 169 302 303 304 297 100 88 301 90 99 19 101 86 48 34 1 38 36 137 52 20 22 119 41 33 43 466 332 338 336 456 381 356 455 375 384 224 360 352 115 114 359 118 368 128 127 54 120 176 477 441 308 383 183 182 161 393 186 159 92 424 185 380 254 249 251 319 295 394 312 330 310 250 324 462 209 460 325 453 210 463 411 400 261 410 408 84 276 417 418 268 399 164 363 469 470 415 361 414 139 77 273 472 289 166 168 95 184 162 436 290 433 170 309 435 175 409 191 192 50 171 188 189 190 104 49 51 193 102 103 78 28 73 82 8 10 11 76 244 245 140 111 59 53 55 216 93 94 79 80 357 331 201 247 202 451 198 200 429 403 475 450 217 337 465 391 447 369 365 467 316 283 355 405 215 446 213 218 204 432 256 223 221 222 476 395 343 397 279 320 317 284 282 253 179 160 281 326 339 231 143 142 141 300 443 444 194 390 177 334 427 117 112 350 348 214 448 333 354 349 113 151 401 149 258 294 72 257 265 266 37 35 32 157 156 420 277 413 288 83 367 459 364 398 422 248 68 195 335 165 181 280 285 313 430 306 362 299 259 328 329 327 110 108 199 208 196 109 105 106 107 206 138 71 152 29 30 31 85 148 74 252 69 146 207 144 126 178 180 158 406 205 264 263 431 478 262 314 318 471 468 434 445 351 358 353 211 342 255 260 423 425 426 286 419 449 203 458 147 70 311 392 437 197 246 278 340 212 402 145 150 407 75 287 163 341 315 438 421 428 
135 24 123 23 242 243 227 129 40 65 60 66 228 61 229 63 6 57 64 235 388 389 387 373 374 232 122 133 14 90 86 91 36 22 0 44 134 27 26 375 376 118 21 125 124 130 131 132 2 183 383 307 296 460 463 291 408 418 379 167 241 269 239 414 226 270 240 378 43 175 171 39 51 4 174 47 46 11 9 59 62 5 7 97 18 17 238 429 450 236 454 230 127 218 55 54 56 58 225 233 234 237 12 13 319 96 320 176 397 439 440 169 427 348 479 349 474 344 346 385 265 404 156 153 371 386 87 292 293 273 369 277 472 370 372 154 473 298 98 80 305 306 300 166 295 110 301 88 89 109 101 19 15 35 37 38 1 3 126 128 119 25 20 182 161 42 465 288 328 391 478 455 384 381 377 356 223 358 353 359 117 115 116 120 52 121 220 368 321 249 251 380 382 187 41 33 394 95 184 185 425 92 308 252 477 441 322 297 393 437 286 476 253 211 209 462 461 342 210 453 464 264 409 410 261 412 78 77 268 271 417 168 195 471 468 361 419 470 416 289 276 275 272 139 304 399 186 159 160 438 309 434 435 290 170 172 400 202 50 192 173 107 204 205 206 193 45 49 31 83 84 85 75 10 76 82 16 8 143 231 111 140 67 216 136 53 317 284 282 81 467 287 199 198 191 200 247 451 452 401 337 457 447 475 466 336 217 366 367 357 315 285 314 406 214 213 446 219 189 221 222 224 432 256 310 141 142 396 339 323 93 94 79 250 181 162 280 341 279 245 244 343 395 303 428 177 163 334 444 390 442 114 350 112 345 215 422 212 113 347 354 150 403 407 259 257 266 294 267 72 34 48 157 32 155 413 274 420 332 103 365 449 398 364 448 335 165 164 248 68 179 281 283 430 313 302 299 362 258 338 106 108 100 327 201 196 208 99 138 329 188 104 105 74 30 148 152 102 28 29 71 254 255 147 144 207 137 445 351 426 405 190 411 431 263 456 318 355 262 363 469 433 178 180 360 352 324 325 69 70 458 424 158 330 415 459 421 423 146 260 392 311 312 246 197 340 278 333 145 402 151 149 73 331 194 326 316 436 203 443 
44 134 27 26 91 97 18 17 238 66 229 65 47 62 60 46 64 7 6 174 182 161 43 38 36 42 3 2 241 307 376 242 374 125 124 135 24 123 23 101 86 119 25 22 0 89 15 12 133 298 301 90 185 317 284 186 282 82 81 98 14 80 13 76 16 11 9 96 387 439 440 237 454 230 235 228 63 270 240 225 61 58 57 243 227 129 40 193 192 45 51 4 128 216 220 136 67 5 59 172 173 39 132 239 304 378 399 305 435 175 171 321 444 445 181 351 162 179 160 41 426 184 157 37 34 33 187 159 92 85 148 152 102 48 1 35 95 183 167 269 176 477 441 322 308 455 383 382 130 356 375 377 131 154 153 373 372 122 368 127 118 21 116 388 389 232 206 138 329 188 327 110 99 100 19 109 140 350 354 117 359 114 20 137 121 52 55 126 169 302 303 297 88 87 385 386 309 473 404 296 257 293 295 362 306 300 166 380 290 476 392 437 430 355 316 315 93 262 283 285 94 340 339 281 280 79 276 84 75 10 73 323 165 255 260 74 266 71 8 103 78 28 31 83 319 320 291 292 346 395 394 343 397 393 396 233 279 200 457 450 234 336 217 337 465 429 236 452 272 139 77 273 268 271 414 418 226 416 432 256 224 223 56 218 54 219 460 463 408 379 208 246 247 201 451 202 199 191 49 421 205 50 189 190 104 107 204 29 144 196 462 453 324 333 446 215 214 53 447 244 245 111 143 231 312 436 433 170 409 168 461 464 412 313 479 474 261 263 400 222 221 434 438 251 390 442 248 443 427 428 177 115 358 360 178 213 149 405 352 180 353 413 203 448 458 425 419 424 158 415 371 370 156 155 32 150 30 151 105 289 207 402 147 146 407 194 195 68 163 164 344 410 210 253 250 249 254 252 423 106 338 456 381 478 198 357 467 384 288 328 391 466 332 361 274 369 277 472 275 366 470 299 471 398 367 365 120 348 349 265 212 475 278 326 341 108 325 211 342 69 70 142 345 347 112 113 314 318 363 469 259 294 267 311 72 145 401 258 364 468 286 330 310 287 331 264 411 406 459 449 420 422 417 197 335 431 209 141 403 334 
136 137 121 52 25 114 116 20 244 67 245 140 58 224 225 5 111 56 59 7 204 215 216 219 220 53 54 55 74 250 252 69 146 365 207 29 128 144 126 124 125 369 120 368 127 0 21 22 148 3 26 27 211 109 342 196 349 352 113 350 119 354 117 360 115 359 118 112 31 330 394 395 397 343 141 142 143 259 260 434 256 222 231 8 70 71 62 230 64 57 229 61 471 414 468 361 221 223 432 4 6 60 255 76 15 16 17 18 46 47 66 348 107 205 206 422 212 104 333 189 463 210 405 446 213 214 462 453 324 467 316 283 355 217 218 447 208 209 11 75 345 194 442 390 461 319 249 477 253 320 251 441 254 403 150 145 402 147 300 299 398 367 364 28 30 102 240 377 132 131 133 134 122 23 123 374 438 273 277 472 449 272 366 313 362 363 470 430 9 19 12 2 24 36 85 152 45 48 34 1 42 38 44 89 101 91 86 460 51 201 202 193 110 341 108 327 99 280 340 278 325 389 388 474 346 347 411 318 180 353 351 479 465 443 179 178 160 445 358 356 262 357 314 384 334 344 35 37 84 331 197 312 310 246 476 286 385 235 439 233 393 383 425 183 380 234 396 440 409 456 264 263 265 266 257 72 258 294 171 175 435 170 433 423 469 458 68 32 10 73 372 452 457 454 237 238 236 63 228 239 241 65 226 129 227 376 270 315 306 373 195 156 370 418 419 268 417 416 424 311 309 436 392 290 49 50 39 40 13 14 165 157 82 100 103 78 81 96 97 172 173 174 192 427 332 105 338 106 138 329 188 459 421 203 190 415 184 426 413 448 420 408 243 379 296 291 404 473 464 292 151 401 149 407 406 94 285 284 375 478 302 186 317 93 159 336 337 466 391 475 83 80 155 248 335 163 444 177 293 242 307 176 322 321 450 279 339 323 381 130 382 308 455 297 410 399 261 400 431 168 295 90 301 305 166 304 303 139 77 33 271 187 386 232 387 135 371 154 153 428 181 437 289 276 275 274 326 281 88 87 41 43 161 191 162 95 185 182 169 298 247 198 199 451 200 79 282 158 167 378 412 269 267 429 328 98 164 287 92 288 
138 28 139 103 246 193 247 201 1 68 32 35 248 154 164 194 48 195 165 390 206 329 188 391 288 107 332 105 8 9 10 11 30 77 78 31 83 84 85 392 287 272 273 275 289 330 331 197 102 395 476 286 101 208 327 99 192 451 202 45 199 191 49 236 452 429 198 51 29 0 2 3 33 34 36 37 38 72 73 153 155 156 157 74 75 76 163 445 444 443 428 335 270 361 268 414 373 370 372 345 442 334 16 71 462 255 477 253 479 348 427 47 53 212 204 421 205 189 190 104 301 110 475 328 338 106 15 100 19 384 131 381 377 466 336 465 109 86 69 70 4 5 6 7 12 13 14 17 18 79 80 81 82 149 145 150 151 152 269 271 274 276 277 137 146 148 430 355 317 316 290 437 436 312 311 438 374 120 364 366 413 369 472 227 418 226 416 240 250 324 461 394 310 141 126 147 350 111 343 244 439 143 393 473 211 460 209 91 112 20 113 114 210 278 325 342 196 279 326 341 108 435 174 173 171 50 431 478 450 200 457 46 447 57 63 228 234 230 454 357 456 356 375 467 60 40 140 142 144 21 22 23 24 25 26 27 39 41 42 43 44 94 158 92 159 160 161 162 261 262 263 264 257 258 265 259 266 267 346 387 389 386 371 415 417 419 67 245 252 260 432 115 351 358 182 181 360 179 178 166 306 177 363 302 313 315 471 376 241 221 56 222 223 362 458 468 469 470 426 123 135 122 124 133 117 347 385 344 319 249 59 231 254 453 52 207 441 176 322 232 474 388 349 66 54 55 213 214 136 215 216 420 422 448 333 423 308 424 449 203 459 399 304 303 298 90 297 89 88 295 402 407 403 401 337 383 455 382 314 318 129 130 132 242 380 218 406 217 219 405 128 251 256 58 61 62 64 65 87 93 95 96 97 98 180 280 281 282 283 186 284 184 285 404 400 408 409 410 411 412 292 291 463 167 239 243 379 121 365 397 299 185 170 172 175 309 433 224 434 229 238 134 127 367 368 398 340 339 464 293 235 233 396 354 440 307 187 237 378 296 116 118 119 352 353 320 323 425 305 169 168 300 294 359 446 321 225 125 183 220 
140 141 142 143 29 128 144 126 209 69 249 250 70 251 252 71 253 254 255 8 62 225 67 256 245 59 231 111 334 112 344 345 310 233 393 330 244 394 395 145 146 234 396 397 343 102 147 148 286 28 30 31 119 27 125 25 220 368 127 136 137 121 52 398 367 365 207 55 197 208 210 211 291 460 324 461 462 177 427 321 319 322 477 194 442 390 74 257 72 258 259 260 380 381 130 382 323 441 320 16 73 76 348 163 1 68 32 35 10 11 75 216 47 66 60 229 61 7 58 5 359 118 432 224 223 56 114 116 20 299 423 470 469 433 222 434 22 117 165 335 53 206 212 204 113 346 347 349 350 387 385 388 479 309 311 312 437 476 185 183 235 439 237 201 331 246 263 399 261 400 149 150 401 151 402 403 339 451 236 450 63 457 440 424 187 308 383 425 48 3 34 78 152 85 199 287 9 138 139 103 77 83 84 33 36 37 38 354 18 101 91 86 44 134 26 24 0 374 124 123 21 447 446 219 218 54 430 471 369 120 366 215 170 421 420 449 472 459 364 303 363 362 468 300 189 214 105 289 198 327 99 278 325 109 342 196 213 292 463 464 453 167 241 269 239 293 473 296 93 304 313 302 178 428 179 443 444 181 97 282 98 96 176 242 307 132 107 332 195 248 337 301 298 297 404 265 295 267 294 262 264 266 478 411 431 409 456 458 426 475 329 391 328 384 131 377 375 455 129 326 281 279 341 280 15 17 81 82 156 157 188 288 164 2 193 247 154 153 155 79 13 80 14 333 192 45 174 46 51 40 4 238 65 64 6 376 270 240 230 57 228 314 318 467 180 353 360 352 115 358 392 290 436 438 221 414 361 416 168 166 158 417 415 419 226 173 172 435 171 175 49 370 336 205 190 104 422 448 351 410 408 389 474 386 87 135 133 232 305 412 378 243 169 41 315 186 316 317 306 95 182 161 43 284 184 159 92 202 452 273 356 379 217 405 406 407 465 338 466 203 413 340 191 429 200 454 23 122 42 162 277 276 275 12 272 268 271 274 94 160 110 100 19 90 89 373 372 227 285 283 355 357 445 88 39 371 106 108 418 50 
144 145 29 146 142 256 140 245 257 70 72 258 69 8 71 252 259 74 260 251 398 368 367 128 126 365 137 207 263 399 261 400 149 30 150 401 147 151 402 141 143 28 31 102 148 397 244 343 403 234 233 396 299 423 470 469 432 225 224 433 231 223 222 62 67 59 111 434 337 301 298 297 404 265 295 267 294 262 264 10 73 75 266 478 411 431 254 209 249 250 253 255 1 68 32 35 11 76 16 320 319 441 409 456 380 381 130 382 321 323 322 170 421 420 449 472 369 459 366 364 430 471 220 127 121 120 303 363 362 119 27 125 25 136 52 55 468 300 455 356 435 192 174 173 304 378 305 169 168 379 412 408 410 213 217 405 406 407 33 34 78 152 84 328 465 475 334 112 344 345 310 393 330 394 395 286 9 138 139 103 77 83 85 36 37 38 48 3 383 425 183 235 439 440 338 466 339 451 236 450 63 457 237 185 424 187 308 166 279 327 278 326 158 417 415 419 458 226 416 414 361 392 290 436 438 221 359 118 61 56 58 172 216 47 66 60 229 7 5 114 116 20 22 117 171 175 200 454 336 101 110 91 90 100 89 88 309 473 296 293 87 474 371 232 386 464 292 463 351 113 115 352 355 357 283 467 318 285 79 13 80 81 82 156 157 155 191 429 375 384 197 208 210 211 291 460 324 461 462 177 427 477 194 442 390 348 163 0 2 246 193 247 201 248 154 164 195 165 153 86 14 18 15 17 341 280 96 176 242 307 202 452 377 426 329 391 131 129 132 97 282 98 281 39 206 205 212 422 190 448 203 276 277 274 413 370 122 372 275 272 273 445 444 443 317 306 316 302 313 315 447 446 219 218 54 123 21 124 350 354 44 134 26 24 374 204 215 53 189 214 106 376 198 45 51 50 46 40 93 479 388 243 167 239 453 418 271 269 347 385 346 389 349 284 358 160 360 180 353 162 94 92 159 41 42 43 161 188 288 228 335 387 311 312 437 476 331 199 287 4 6 12 107 332 105 289 268 270 184 95 65 238 230 340 57 23 133 64 182 186 99 109 108 325 342 227 240 373 181 179 178 428 314 196 333 241 49 19 135 104 
126 102 147 148 143 59 231 111 16 71 73 8 254 258 70 255 76 260 74 253 55 127 128 367 144 52 207 137 48 3 34 1 78 151 152 28 29 30 31 396 142 401 402 145 146 395 343 244 85 286 393 141 22 117 118 119 61 223 56 62 140 225 67 433 222 256 245 5 103 15 17 18 81 82 9 10 11 156 157 267 72 266 75 68 32 35 69 323 322 441 251 252 400 478 411 431 294 259 257 462 477 250 38 165 348 163 427 334 460 209 249 60 189 214 53 218 54 216 220 136 123 21 366 368 120 121 27 125 25 469 303 363 362 364 365 398 20 0 194 195 7 45 46 47 26 42 2 44 36 162 33 161 37 277 273 77 276 84 412 261 149 150 407 138 139 83 382 424 187 308 237 233 440 439 397 234 295 328 465 337 405 475 403 168 410 409 263 399 390 350 479 476 394 330 105 289 211 199 287 246 437 197 310 388 112 344 345 24 324 99 325 208 347 353 354 113 114 358 359 115 116 228 65 229 57 58 416 470 432 224 221 66 459 173 172 170 436 435 434 458 361 468 299 423 4 6 201 331 332 100 19 89 12 101 91 86 64 96 97 13 14 184 285 95 94 79 80 282 418 419 414 268 373 370 153 154 155 371 464 293 292 404 265 262 264 318 193 247 248 164 457 326 281 339 98 321 279 176 320 132 130 319 455 307 383 380 381 300 305 450 191 429 200 375 467 384 356 456 283 88 87 297 301 298 196 453 473 461 444 442 49 198 335 349 188 288 428 181 177 296 463 291 210 40 190 104 448 333 206 212 204 406 213 446 215 357 315 314 447 219 217 227 242 376 135 23 374 134 124 122 275 274 272 472 369 430 471 313 425 415 169 302 304 166 316 203 413 449 421 420 107 443 452 192 50 51 174 39 133 183 185 182 43 41 280 351 180 160 158 92 159 284 426 389 226 269 270 271 417 379 386 385 346 239 378 167 408 329 391 392 377 186 230 238 63 235 454 451 236 171 175 90 106 336 338 466 352 360 474 232 290 312 311 342 438 306 93 309 243 387 327 108 109 278 340 445 178 355 129 241 240 131 372 341 422 179 202 110 317 205 
149 30 145 150 261 262 263 264 10 72 8 73 257 70 258 265 75 259 266 404 213 217 405 337 401 406 403 407 32 33 1 34 28 29 31 78 151 102 152 399 400 144 146 147 402 408 409 410 84 379 378 412 351 113 115 352 355 356 357 283 411 467 318 455 456 478 431 285 77 79 13 80 9 11 81 16 82 68 35 69 71 74 76 156 48 157 267 301 298 297 295 294 142 256 140 245 252 260 254 463 296 292 37 155 474 371 232 386 473 464 293 284 212 53 214 54 218 215 219 446 445 358 336 465 466 447 160 360 180 200 440 454 457 338 475 328 353 162 153 154 94 158 92 159 41 2 42 43 161 0 3 36 38 138 139 103 83 85 141 143 126 148 137 277 273 276 435 192 174 173 304 305 303 169 168 300 251 398 368 367 128 365 207 397 244 343 231 396 389 349 388 243 167 269 274 275 453 417 226 418 129 271 239 479 347 385 346 182 210 278 208 325 112 20 114 117 354 21 116 118 359 430 317 316 315 314 198 429 375 384 377 186 106 308 307 383 376 382 381 202 452 451 450 191 184 95 268 270 272 279 280 176 96 281 98 282 93 12 14 17 97 4 5 6 7 15 18 86 246 193 247 201 248 164 194 195 165 163 209 249 250 253 255 59 111 67 419 414 373 370 362 327 101 110 91 90 100 89 88 309 175 87 433 172 170 171 434 234 233 299 423 470 469 432 225 224 223 222 62 320 319 441 323 322 342 211 460 291 135 387 415 416 372 350 420 472 122 23 133 477 462 461 324 185 421 422 206 204 448 189 333 52 55 136 216 56 57 58 121 220 127 392 290 436 444 181 443 179 178 428 289 105 332 288 391 228 236 230 50 49 439 238 237 235 229 205 107 329 190 188 413 374 361 424 425 426 187 183 177 39 40 24 44 26 19 22 25 27 45 46 47 60 51 390 287 330 331 197 199 286 334 344 345 310 393 394 395 449 369 227 221 66 313 302 306 166 363 468 471 380 130 321 459 366 364 120 119 125 348 427 242 241 240 196 131 63 64 132 476 442 326 341 340 99 109 123 124 61 437 312 311 438 335 108 104 134 458 339 65 203 
78 151 102 152 34 156 48 157 267 73 258 72 16 71 8 82 266 76 75 81 277 273 77 103 28 276 85 84 411 412 400 261 401 147 402 149 30 145 150 3 1 126 148 29 31 161 38 37 407 162 42 33 418 419 414 268 373 195 370 153 32 154 155 194 165 68 35 371 405 464 293 292 295 294 404 257 265 478 431 254 70 260 259 262 263 264 10 15 17 18 9 11 143 59 231 111 255 74 69 282 97 80 410 318 184 285 95 94 96 79 13 389 448 449 420 369 472 413 272 274 227 226 332 139 289 275 269 270 271 201 330 331 197 105 83 138 417 379 283 467 386 347 385 346 239 305 378 167 408 300 399 168 409 328 465 337 475 403 396 142 144 146 207 213 217 406 7 45 46 47 26 2 27 44 36 0 253 55 127 128 367 52 137 395 343 244 140 141 284 426 185 182 43 160 446 447 280 353 358 351 181 180 41 183 158 92 159 243 281 325 326 278 424 468 458 423 415 471 361 470 416 123 135 374 122 372 452 247 248 164 335 387 107 345 442 390 443 334 163 49 198 199 246 193 474 232 352 360 219 324 453 461 473 210 291 463 133 90 87 298 296 171 434 175 435 301 297 88 450 191 429 200 375 384 455 356 456 381 323 322 441 251 252 256 245 222 113 115 355 357 25 99 100 19 89 12 101 91 86 64 6 14 62 66 60 4 5 286 393 22 117 118 119 61 223 56 225 67 433 462 477 250 209 249 340 339 321 98 317 186 354 359 314 425 214 218 315 306 93 319 320 176 279 388 189 333 190 203 212 421 422 365 398 364 459 224 438 221 120 366 368 228 65 229 242 129 376 241 240 131 466 338 336 391 288 392 287 311 51 202 394 312 310 476 436 104 106 188 206 329 215 316 116 112 350 349 344 479 132 40 39 166 169 304 110 299 362 303 192 174 173 170 50 383 236 440 454 457 451 234 382 187 308 237 233 439 397 53 54 445 58 172 124 134 23 24 125 20 21 348 427 460 216 220 136 121 469 363 380 130 444 179 178 341 428 437 309 177 235 307 208 196 342 327 108 430 313 432 63 238 230 57 377 109 205 302 114 211 290 204 
137 31 146 29 244 67 245 140 11 74 75 76 252 259 260 69 8 70 71 250 136 121 52 365 207 128 144 126 35 36 37 38 84 150 30 85 148 152 102 397 343 403 145 402 147 141 142 143 28 330 394 395 25 114 116 20 58 224 225 5 111 56 59 434 256 222 231 62 83 86 14 9 80 10 18 82 16 155 32 265 266 72 73 165 157 48 255 320 319 251 441 254 409 456 264 263 257 258 294 209 249 253 1 68 345 194 442 390 461 462 477 7 204 215 216 219 220 53 54 55 124 125 369 120 368 127 0 21 22 468 300 471 299 398 367 364 119 27 163 164 60 51 40 4 24 43 44 2 3 160 161 33 34 274 275 276 77 78 408 410 407 151 149 105 289 103 383 425 183 380 235 439 234 233 396 440 297 338 466 475 406 337 401 399 261 400 431 168 334 112 344 310 393 286 138 139 324 201 331 197 312 246 476 385 350 479 348 26 211 109 342 196 349 352 113 354 117 360 115 359 118 230 64 57 229 61 414 361 221 223 432 6 449 171 175 435 438 170 433 423 470 469 362 458 47 66 199 287 288 110 101 90 91 19 12 15 65 98 13 97 17 159 283 186 284 282 81 79 271 415 416 417 372 154 371 370 156 153 463 296 404 292 267 318 411 262 49 198 335 195 450 341 280 279 96 176 339 321 323 242 307 322 381 130 382 308 455 303 169 457 202 452 451 377 357 356 384 478 285 301 298 295 88 87 208 210 291 460 177 427 193 247 248 347 107 332 443 179 444 293 464 473 453 46 205 206 422 212 104 333 189 405 446 213 214 467 316 355 217 218 447 240 132 131 133 134 122 23 123 374 273 277 472 272 366 313 363 430 424 419 305 306 166 304 315 421 420 459 203 413 188 428 429 50 192 45 39 174 135 187 92 41 42 182 281 180 351 162 426 185 184 94 158 386 270 379 226 418 268 269 389 388 474 243 167 378 412 106 336 311 375 95 228 63 238 237 236 200 454 173 172 89 329 391 328 465 353 358 346 387 309 437 392 325 436 302 317 290 239 232 108 327 99 340 278 178 445 314 241 129 227 376 373 326 448 181 191 100 93 190 
84 150 31 30 37 155 35 32 265 75 259 266 11 74 76 10 72 8 73 80 274 275 276 83 85 77 28 78 264 408 409 410 403 146 145 407 152 402 151 36 38 137 29 148 102 33 1 34 149 160 43 161 271 415 416 417 372 164 154 371 157 370 156 163 68 165 48 153 406 463 296 404 297 257 292 294 267 456 263 252 260 70 258 318 431 411 82 86 14 9 18 16 244 67 245 140 69 71 255 79 13 81 261 262 159 283 186 284 98 282 97 386 422 459 413 366 272 420 472 277 240 270 288 289 139 273 379 226 418 199 286 287 246 138 103 105 268 269 285 357 389 349 388 474 243 169 167 378 412 303 168 399 400 338 466 475 337 401 397 343 207 147 144 446 447 405 60 51 40 4 24 44 0 2 3 27 250 136 121 52 365 128 126 141 142 143 111 395 94 158 92 41 42 162 213 217 281 352 360 180 179 351 182 187 426 185 184 239 280 342 341 340 425 469 423 458 419 363 470 361 414 124 133 122 374 373 429 198 335 195 248 232 188 348 427 334 428 390 194 193 247 201 197 49 346 387 353 358 218 211 210 460 291 453 473 464 135 89 298 87 293 173 433 172 170 88 295 301 457 202 452 451 377 356 381 384 478 455 320 319 251 441 254 222 231 256 354 359 314 467 22 109 110 101 90 91 19 12 15 65 66 17 5 6 7 47 62 330 394 25 114 116 20 58 224 225 56 59 434 209 249 253 462 477 278 279 176 96 93 95 113 115 355 424 215 219 316 302 317 322 323 321 339 385 204 212 205 421 333 203 448 367 364 398 449 223 436 432 368 369 120 230 64 57 132 241 131 129 227 376 465 328 391 336 332 311 331 392 45 191 393 437 476 310 438 206 329 107 104 106 214 315 118 350 112 347 479 344 242 46 174 304 305 166 100 362 299 300 50 39 171 435 192 382 454 234 236 450 200 440 383 183 380 235 439 233 396 216 220 178 61 175 123 23 134 26 21 119 125 345 442 461 53 54 55 127 468 471 308 307 177 181 445 326 443 312 290 444 237 130 196 208 325 108 327 313 430 221 238 63 228 229 375 99 190 306 117 324 309 189 
85 148 152 102 38 165 157 48 255 76 260 74 82 266 75 16 71 73 8 18 105 289 83 276 84 103 78 28 111 395 343 244 207 402 147 137 31 146 29 161 37 407 151 150 30 3 34 1 126 27 44 36 197 49 198 199 335 370 195 163 35 164 68 371 156 155 32 194 52 462 477 253 441 254 250 252 69 222 231 294 259 258 70 67 245 140 11 282 97 81 80 10 410 318 431 411 267 72 265 15 17 9 143 59 47 62 66 60 91 86 14 334 104 106 107 336 332 188 288 138 311 331 472 275 273 139 286 287 246 417 379 226 418 277 77 274 201 330 5 56 390 350 479 348 476 439 394 393 141 440 397 396 142 364 120 365 367 144 168 409 403 145 401 136 121 128 284 426 185 184 182 43 162 42 33 160 292 446 447 406 475 405 149 412 400 261 264 408 7 45 46 26 2 0 55 127 101 119 125 25 134 22 24 174 51 40 4 310 19 196 108 109 50 200 191 202 193 454 429 452 247 178 177 428 443 248 470 416 372 154 373 427 420 474 232 386 122 389 153 419 414 268 271 415 345 442 20 21 54 453 324 473 461 211 460 209 444 176 322 319 249 308 455 307 383 320 251 323 362 458 361 468 221 223 434 224 256 433 88 87 295 297 257 456 263 478 114 116 58 225 351 340 339 281 321 98 280 96 79 317 186 13 285 95 94 159 283 269 167 180 354 359 353 314 384 467 357 262 381 464 293 404 463 296 99 100 89 12 64 6 117 118 61 192 216 220 229 238 65 298 301 90 110 344 333 189 203 190 204 205 206 337 338 328 329 356 376 375 465 391 466 313 93 315 309 312 438 437 392 436 368 398 369 366 272 240 270 227 158 423 378 129 243 239 131 448 449 413 422 459 53 57 115 349 347 112 388 385 290 92 187 237 233 235 279 457 450 234 425 183 380 382 424 435 363 300 471 299 469 303 170 39 171 166 169 305 399 215 219 124 355 130 445 181 179 41 358 352 360 346 387 291 214 218 213 217 451 236 173 172 133 23 123 327 374 241 242 135 304 175 342 325 208 341 326 230 228 377 302 306 430 316 432 278 421 63 113 210 132 212 
153 32 154 155 268 269 270 271 30 77 28 78 272 139 273 274 84 275 276 413 346 387 389 374 373 386 372 371 10 72 8 73 1 68 35 34 156 48 157 361 414 248 164 195 370 415 416 417 37 426 458 419 292 210 291 463 167 241 239 408 418 243 379 376 240 227 226 412 33 149 145 150 29 31 151 102 152 9 11 138 103 83 85 81 16 82 277 120 364 366 369 472 247 392 246 287 288 289 332 422 459 420 75 80 340 282 339 281 203 448 449 410 113 112 347 344 385 349 388 474 87 293 134 135 133 232 265 296 404 229 454 238 230 124 122 123 464 267 79 13 261 262 263 264 257 70 258 259 266 69 71 74 76 0 2 3 36 38 193 201 194 165 163 162 42 161 221 56 222 223 362 468 363 469 470 471 391 445 444 443 390 428 335 429 199 198 331 452 280 342 341 425 423 158 160 43 333 284 185 184 380 159 424 108 325 326 278 294 212 213 53 214 208 209 211 324 453 249 460 461 473 166 168 169 305 378 66 65 242 129 132 409 125 356 455 375 307 377 131 58 64 57 228 61 411 400 94 92 41 217 405 337 401 406 403 407 399 144 146 147 402 140 141 142 143 126 148 137 4 5 6 7 12 14 15 17 18 86 206 329 188 107 105 330 197 286 285 95 96 97 313 54 52 121 207 365 127 367 368 435 434 398 436 433 432 224 438 236 451 430 355 317 316 290 476 437 312 311 395 465 328 336 466 338 215 204 205 421 320 279 283 186 98 196 351 182 321 251 323 106 104 190 189 431 115 352 20 114 353 117 354 334 345 348 350 310 233 393 427 479 442 39 170 172 88 295 89 297 298 90 44 27 26 24 23 235 63 237 225 62 200 440 457 450 439 116 25 21 118 22 180 176 93 357 467 318 456 478 301 256 245 252 260 254 128 250 253 255 59 231 111 244 67 19 40 45 46 47 60 51 101 327 99 192 202 191 49 358 181 183 309 343 304 303 300 299 302 315 306 384 381 475 360 179 178 177 462 477 109 110 383 308 187 216 130 234 396 382 50 100 218 219 446 55 136 319 322 394 171 173 174 175 91 220 119 441 314 447 397 359 
34 156 48 157 73 81 16 82 277 78 273 77 102 103 28 152 276 85 84 151 162 42 33 3 1 161 38 37 418 419 414 268 373 195 370 153 32 154 155 71 8 194 165 68 35 266 76 75 371 267 258 72 184 285 95 94 96 17 97 79 10 13 80 15 18 9 11 282 389 448 449 420 369 472 413 272 274 227 226 332 139 289 275 269 270 271 30 126 147 148 29 31 201 330 331 197 105 83 138 407 402 150 417 379 411 412 400 261 401 149 145 280 353 358 351 181 182 180 41 160 183 185 26 2 44 43 158 92 159 7 45 46 47 27 36 0 284 426 408 243 281 325 326 278 424 468 458 423 415 471 361 470 416 123 135 374 122 372 452 247 248 164 335 346 387 386 143 59 231 111 254 70 255 260 74 69 107 345 442 390 443 334 163 49 198 199 246 193 410 318 431 294 259 265 474 232 405 464 293 292 295 404 257 478 262 263 264 425 406 214 218 213 357 315 314 355 283 306 93 317 186 319 320 176 321 98 64 6 12 14 91 279 25 99 100 19 89 101 86 62 66 60 4 5 340 339 463 296 388 189 333 190 203 212 421 422 323 365 398 364 459 224 438 434 221 120 366 368 228 61 65 229 242 129 376 241 240 131 466 338 336 391 288 392 287 311 210 291 167 239 253 55 127 128 367 144 52 207 137 396 142 146 395 343 244 140 141 51 202 250 324 461 462 394 312 310 476 286 436 104 106 188 206 329 446 447 475 403 168 409 453 473 378 467 347 385 305 300 399 328 465 337 217 341 117 354 118 359 113 115 352 428 445 178 360 437 175 309 177 179 444 235 397 439 383 380 307 308 187 130 133 124 134 23 24 39 40 174 67 58 191 173 192 50 172 119 125 22 20 21 349 169 460 208 196 342 327 108 382 245 256 299 469 362 121 430 313 363 56 222 223 432 225 375 63 454 238 230 57 236 377 456 356 457 451 200 429 112 344 87 393 433 322 441 251 252 477 209 249 109 110 205 350 479 348 427 316 302 384 381 88 297 298 219 90 171 435 301 450 455 53 216 215 54 220 166 304 290 234 440 237 233 132 136 116 303 211 204 170 114 
94 158 92 159 33 180 41 160 278 79 279 280 13 176 96 80 281 98 282 10 318 314 285 93 95 283 186 284 420 212 421 422 423 308 424 415 184 425 426 2 42 307 187 183 185 37 43 161 419 32 1 34 446 407 447 406 359 178 360 353 162 358 351 177 179 181 182 352 417 210 208 325 327 326 342 341 340 398 449 441 320 323 339 274 459 413 81 12 9 14 17 97 439 238 440 237 322 321 319 75 11 82 448 277 30 77 28 78 8 73 16 354 410 431 411 384 467 264 357 262 220 219 313 315 316 355 214 218 213 309 310 311 312 302 317 306 405 215 276 472 113 346 112 347 53 206 204 189 333 329 205 190 203 299 470 469 468 458 343 397 383 380 382 271 416 268 6 39 4 40 0 3 24 36 44 26 477 241 376 242 455 132 130 393 396 233 235 394 84 150 31 35 38 157 418 414 72 153 154 155 68 156 48 29 151 102 152 216 266 292 294 267 402 475 403 401 149 391 466 465 217 125 119 118 116 115 221 438 428 445 443 117 304 344 334 427 335 442 444 172 436 290 437 175 349 114 371 370 226 291 463 209 211 464 324 453 20 101 99 109 196 192 451 193 202 110 108 100 256 170 432 433 368 369 367 366 364 365 260 255 254 252 251 450 234 457 386 372 275 272 23 87 88 89 19 15 90 86 91 5 7 18 65 60 66 46 64 476 395 134 387 374 135 229 454 230 228 63 200 460 253 249 461 250 265 259 74 76 83 85 389 373 273 145 269 270 139 138 103 69 70 71 258 350 167 408 168 409 412 400 261 381 478 456 263 236 247 452 377 356 375 225 62 61 128 136 127 55 54 121 361 362 363 471 430 287 392 331 174 435 141 197 330 286 198 169 303 166 305 300 379 289 122 385 388 474 345 348 52 47 45 188 104 107 301 328 338 106 171 51 50 191 173 144 224 231 223 222 434 245 207 148 147 111 244 143 142 239 240 164 57 49 21 22 25 27 123 133 124 479 390 462 243 227 129 131 337 336 146 137 163 165 195 257 248 246 201 194 140 126 293 296 404 295 297 288 332 429 67 59 56 58 120 298 399 105 232 473 199 378 
160 37 43 161 159 283 186 284 75 80 11 10 98 14 13 282 82 97 81 281 352 360 180 179 41 351 182 162 84 150 31 30 35 36 38 32 33 1 34 187 92 24 44 2 42 426 185 184 157 419 424 158 405 215 219 446 467 316 355 318 94 314 285 302 317 93 95 262 155 265 259 266 74 76 72 8 73 83 85 86 9 18 16 77 28 78 79 322 323 321 176 96 40 65 60 66 91 17 12 340 339 280 152 276 448 277 449 420 326 278 279 411 349 114 113 116 115 354 359 353 465 217 443 178 445 358 407 447 406 312 172 436 290 444 181 177 213 149 274 275 264 408 409 410 403 146 145 402 151 137 29 148 102 163 164 68 165 48 51 4 0 3 27 153 154 156 237 393 396 233 382 308 130 380 183 307 90 135 123 23 22 134 26 174 47 46 6 39 413 333 203 458 425 415 371 370 325 418 414 268 468 417 423 190 212 421 422 401 342 463 211 210 204 136 216 53 214 121 220 54 218 375 478 384 356 357 331 311 313 315 430 431 442 169 303 304 363 166 306 476 392 437 309 310 261 263 271 416 372 296 404 297 257 292 294 267 456 252 260 70 258 244 67 245 140 69 71 255 199 286 287 246 288 289 138 139 103 105 109 110 101 19 15 5 7 62 269 270 272 273 132 460 253 477 254 441 249 251 319 457 440 320 63 234 235 439 238 175 171 242 243 227 129 228 61 229 57 64 59 298 301 89 87 88 453 196 108 341 364 459 379 226 472 189 389 373 369 365 398 100 99 327 208 400 388 474 348 350 346 112 347 25 20 119 117 58 224 225 125 118 21 429 450 236 328 337 391 475 466 336 195 194 248 335 428 221 438 432 394 330 173 433 170 435 223 479 390 427 344 334 386 366 240 167 378 412 168 399 338 397 343 207 147 144 250 52 128 126 141 142 143 111 395 188 198 193 247 201 197 49 107 205 206 202 50 192 45 387 374 361 230 231 377 381 455 383 131 241 376 305 300 295 232 122 133 124 55 127 104 106 362 469 470 324 471 434 256 299 191 329 291 473 464 209 462 120 368 56 200 451 452 454 332 461 345 367 239 293 222 385 
162 34 42 33 184 285 95 94 73 81 16 82 96 17 97 79 10 13 80 280 353 358 351 181 182 180 41 160 78 151 102 152 48 3 1 157 161 38 37 183 185 26 2 44 43 158 92 159 32 415 425 426 406 214 218 213 357 315 314 262 284 355 283 306 93 317 186 318 156 267 258 72 71 8 266 76 75 103 28 15 18 9 11 276 85 84 282 319 320 176 321 98 46 64 7 6 12 14 91 278 279 281 30 77 422 274 459 413 341 340 339 264 347 117 354 118 359 113 115 352 466 447 428 445 178 360 149 217 405 437 175 438 309 177 179 444 446 407 277 273 411 412 400 261 401 147 402 145 150 126 148 29 31 194 195 165 68 35 45 47 27 36 0 371 370 155 235 394 397 439 383 380 307 308 187 130 89 133 124 134 25 23 24 39 4 40 66 174 420 212 421 423 424 419 153 154 342 271 416 417 469 268 458 205 333 203 448 403 325 464 324 453 189 55 53 216 215 127 54 220 219 377 456 356 384 467 287 392 430 316 313 263 427 305 300 166 471 304 302 310 311 312 290 476 410 431 418 414 373 293 292 295 294 404 257 265 478 254 70 260 259 143 59 231 111 255 74 69 201 330 331 197 332 139 105 289 83 138 99 100 19 101 86 62 60 5 379 226 472 275 242 461 250 249 252 251 477 441 322 450 234 323 238 440 237 233 63 172 173 132 239 240 241 230 58 57 229 65 67 87 88 90 298 301 210 208 327 326 398 449 269 270 272 204 386 372 366 367 364 110 109 108 196 409 385 346 345 112 474 350 349 22 119 20 114 61 223 56 21 116 125 452 457 454 338 475 336 337 465 391 164 163 335 248 443 432 436 221 393 286 171 434 435 170 224 344 334 442 479 390 389 369 227 378 167 408 399 168 328 396 142 144 146 207 253 128 52 137 395 343 244 140 141 107 247 49 198 199 246 193 188 190 104 191 192 50 51 232 122 470 228 245 375 455 381 382 376 129 131 169 303 297 387 374 135 123 136 121 206 329 299 468 361 211 363 433 222 362 202 106 473 291 463 462 209 368 120 225 451 200 429 236 288 460 348 365 243 296 256 388 
157 161 38 37 152 276 85 84 282 82 97 81 76 18 16 75 80 11 10 266 371 370 156 165 48 155 35 32 284 426 185 184 182 44 43 162 34 42 33 148 102 27 36 3 1 150 31 30 160 407 402 151 417 379 226 418 472 289 275 277 78 273 77 105 83 103 28 274 351 340 339 281 321 98 280 96 79 317 186 91 17 14 13 285 95 94 73 255 260 74 71 8 47 62 66 60 86 9 15 265 259 72 159 283 410 318 431 411 294 267 258 420 474 232 386 122 372 389 373 153 470 416 335 195 164 154 419 414 268 197 49 198 199 163 68 194 271 415 262 355 413 333 203 448 458 380 425 424 158 130 183 187 92 444 445 181 179 41 174 46 26 2 24 353 358 180 111 395 343 244 207 147 137 146 29 126 101 119 125 25 134 22 0 51 40 4 7 45 264 408 409 403 145 149 352 360 292 446 447 406 475 405 401 168 412 400 261 423 404 453 473 464 378 129 243 239 269 131 227 240 270 368 398 369 366 272 311 331 332 139 288 449 334 104 106 107 336 188 138 286 287 246 201 330 422 459 213 217 115 196 342 108 341 325 326 278 364 251 323 320 279 233 63 234 235 319 176 322 290 476 392 437 430 316 306 315 93 302 298 301 90 89 12 64 6 65 214 218 357 314 52 462 477 253 441 254 250 252 69 222 231 70 67 245 140 143 59 193 192 128 216 220 136 225 229 61 58 5 238 109 110 19 99 100 463 296 297 257 456 263 215 219 467 167 354 359 384 381 478 88 87 295 293 421 350 349 479 388 347 385 346 23 133 135 387 57 236 228 123 374 124 432 256 224 299 469 471 468 361 363 178 177 428 443 248 452 247 429 141 310 50 200 191 202 454 348 427 390 345 442 113 356 54 189 204 212 190 205 362 142 396 382 308 383 249 132 242 307 394 397 439 237 393 166 436 175 438 309 312 172 304 399 305 435 173 171 39 117 118 466 56 440 120 365 367 144 121 55 127 206 329 327 114 116 20 21 241 376 169 303 338 337 465 291 391 451 450 328 170 300 324 211 210 461 460 377 375 230 433 434 221 223 313 209 344 455 53 208 457 112 
163 35 164 68 199 286 287 246 31 83 84 85 288 275 289 138 28 139 103 188 348 427 334 428 335 390 248 194 11 74 75 76 37 155 32 38 165 157 48 429 198 372 154 370 195 193 247 201 1 45 191 49 253 211 460 209 393 437 476 141 197 310 330 438 392 311 331 395 36 137 146 29 150 30 148 152 102 80 10 274 276 77 78 18 82 16 105 465 328 391 336 332 416 240 271 270 272 273 472 206 329 107 8 9 99 15 100 19 190 104 106 143 114 349 350 388 479 112 344 345 322 477 181 177 444 442 69 249 250 315 471 306 430 445 443 178 462 255 86 14 244 67 245 140 252 259 260 70 71 265 266 72 73 160 43 161 33 34 415 417 371 156 153 27 44 3 375 467 478 384 450 200 236 451 452 454 366 124 133 122 386 374 373 361 268 414 226 470 101 208 327 192 202 51 0 2 189 7 46 47 173 4 50 326 196 108 109 254 204 136 215 216 342 463 210 453 324 296 291 473 461 237 396 233 439 394 95 93 309 312 290 142 358 224 434 221 175 432 436 355 317 316 313 314 111 343 60 40 24 121 52 365 207 128 144 126 397 403 145 402 147 264 408 409 410 407 151 149 159 283 186 284 98 13 282 97 81 79 422 459 413 420 277 379 418 269 62 66 91 17 228 219 405 217 401 337 447 475 466 383 455 338 131 381 377 356 376 363 469 230 58 64 57 132 239 241 129 227 412 120 364 369 368 398 53 212 421 205 301 110 5 6 12 325 25 26 89 297 88 449 448 203 333 231 116 20 352 113 119 354 117 389 474 346 347 243 169 167 387 385 232 187 382 130 323 441 321 251 319 176 42 162 182 41 179 304 302 166 357 285 468 300 299 362 305 115 351 360 359 180 22 90 65 225 56 59 256 222 320 456 263 257 258 294 406 404 292 267 318 431 411 261 262 281 92 426 185 184 94 158 280 341 340 425 423 458 419 125 134 174 242 400 235 234 440 457 63 229 238 223 433 367 21 23 123 135 464 293 278 279 435 171 39 214 172 303 168 170 424 339 220 54 55 446 213 298 87 378 308 380 183 307 96 218 353 295 61 127 399 118 
37 155 35 32 75 80 11 10 274 84 275 276 31 83 85 30 77 28 78 150 160 43 161 36 38 33 1 34 271 415 416 417 372 164 154 371 157 370 156 74 76 163 68 165 48 72 8 73 153 265 259 266 159 283 186 284 98 14 13 282 82 97 81 86 9 18 16 79 386 422 459 413 366 272 420 472 277 240 270 288 289 139 273 379 226 418 152 137 146 29 148 102 199 286 287 246 138 103 105 149 145 151 268 269 264 408 409 410 403 407 402 281 352 360 180 179 41 351 182 162 187 92 24 44 2 42 426 185 184 60 51 40 4 0 3 27 94 158 412 239 280 342 341 340 425 469 423 458 419 363 470 361 414 124 133 122 374 373 429 198 335 195 248 474 232 389 244 67 245 140 252 260 69 70 71 255 188 348 427 334 428 390 194 193 247 201 197 49 261 262 263 257 258 267 346 387 406 463 296 404 297 292 294 456 318 431 411 424 405 215 219 446 467 316 355 314 285 302 317 93 95 322 323 321 176 96 65 66 91 17 12 339 22 109 110 101 90 19 15 5 6 7 47 62 278 279 464 293 385 204 212 205 421 333 203 448 320 367 364 398 449 223 436 433 432 368 369 120 230 58 64 57 132 241 131 129 227 376 465 328 391 336 332 311 331 392 453 473 378 243 250 136 121 52 365 207 128 144 126 397 343 147 141 142 143 111 395 45 191 253 211 460 209 393 437 476 310 330 438 206 329 107 104 106 213 217 337 401 399 400 210 291 167 357 349 388 169 303 168 338 466 475 447 326 114 113 116 115 354 359 353 443 178 445 358 312 172 290 444 181 177 237 396 233 382 308 130 380 183 307 135 123 23 134 26 174 46 39 59 61 202 171 50 192 175 20 21 25 119 125 347 305 461 196 208 325 108 327 383 231 222 362 468 299 127 313 430 471 225 256 224 221 56 377 238 236 63 228 229 454 375 478 384 450 200 451 452 350 479 298 394 434 319 251 441 254 249 462 477 99 100 190 112 344 345 442 315 306 356 455 301 295 87 218 89 173 170 88 457 381 216 53 214 220 54 304 166 309 440 234 235 439 242 55 118 300 324 189 435 117 
38 165 157 48 76 18 82 16 105 85 289 83 152 276 84 102 103 78 28 148 27 44 36 161 37 3 34 1 197 49 198 199 335 370 195 163 35 164 68 266 75 371 156 155 32 71 73 8 194 255 260 74 47 62 66 60 91 97 17 86 11 14 9 282 81 80 10 15 334 104 106 107 336 332 188 288 138 311 331 472 275 273 139 286 287 246 31 407 402 151 150 30 417 379 226 418 277 77 274 126 147 29 201 330 111 395 343 244 207 137 146 101 119 125 25 134 26 22 24 0 174 46 182 43 42 2 51 40 4 284 426 185 184 162 33 160 7 45 141 310 19 196 108 109 50 200 191 202 193 454 429 452 247 178 177 428 443 248 470 416 372 154 373 348 427 390 410 318 431 411 294 259 267 258 72 265 420 474 232 386 122 389 153 419 414 268 271 415 143 59 231 254 70 69 345 442 52 462 477 253 441 250 252 222 67 245 140 192 128 216 220 136 225 229 61 58 5 238 65 64 6 298 301 90 89 12 317 186 98 13 96 110 351 340 339 281 321 280 79 285 95 94 159 283 99 100 209 249 344 333 189 203 190 204 205 206 88 337 338 328 329 356 376 455 375 465 391 466 313 314 93 315 309 312 438 437 392 436 368 398 369 366 272 240 270 227 211 460 393 476 292 446 447 406 475 403 405 401 149 168 409 145 412 400 261 264 408 158 423 404 453 473 464 378 129 243 239 269 131 448 449 413 422 459 55 127 367 144 396 142 324 461 394 56 350 479 439 440 397 364 120 365 121 327 354 117 359 118 114 116 20 374 124 123 21 241 307 242 135 23 133 304 399 305 435 173 175 171 39 172 444 445 181 179 41 187 92 183 262 355 458 380 425 424 130 353 358 180 352 360 112 233 291 342 325 208 341 326 170 263 456 457 451 450 217 230 228 236 467 478 384 377 357 221 302 471 306 430 316 363 432 256 224 299 469 468 361 349 388 322 167 381 87 295 297 257 293 463 296 278 279 421 347 385 346 387 57 63 223 433 323 251 319 54 176 308 383 320 362 434 215 214 53 219 218 237 235 132 303 300 166 169 290 213 115 234 210 212 382 113 
60 51 40 4 36 22 24 0 109 86 110 101 14 90 91 9 19 12 15 11 59 61 62 65 66 5 6 7 107 204 205 206 202 171 50 193 47 192 45 43 44 175 39 174 46 1 2 3 49 35 37 38 55 126 127 128 118 123 21 119 27 125 25 135 23 134 26 20 201 211 342 196 341 108 208 327 99 338 106 295 301 88 100 138 329 188 18 98 80 13 97 17 305 306 300 166 87 89 298 8 10 16 104 105 31 83 84 85 75 76 82 117 143 231 111 223 56 140 225 67 218 54 228 229 57 58 216 220 136 242 243 227 129 63 64 238 52 53 103 332 114 348 349 350 215 422 212 333 189 459 421 203 190 457 452 451 200 191 400 399 435 173 170 246 247 199 186 187 159 92 160 161 41 33 42 182 293 437 438 309 434 290 172 167 168 169 304 378 28 29 30 32 34 48 197 198 74 163 164 68 155 165 157 150 148 152 102 214 71 253 254 255 147 367 144 207 137 366 368 120 121 358 353 359 115 116 375 376 374 124 122 354 235 388 389 387 373 232 133 130 131 132 241 307 112 113 194 195 331 460 209 463 210 462 453 324 352 280 340 278 325 425 469 415 423 279 326 339 456 382 377 381 466 336 475 391 328 337 258 267 294 257 297 362 303 299 390 248 139 288 179 322 323 321 281 282 176 79 96 283 284 81 93 94 95 185 317 239 412 181 427 428 177 315 471 430 313 302 468 291 292 296 473 404 69 70 72 73 77 78 334 335 289 146 286 287 275 274 276 265 259 266 260 347 393 141 396 142 395 343 244 433 222 256 245 363 416 470 432 224 221 357 285 314 406 213 447 446 219 217 429 450 236 454 230 270 240 226 183 383 408 418 379 269 414 233 234 237 439 440 330 273 443 479 344 345 474 346 405 184 426 413 448 420 320 364 398 449 308 158 424 458 380 403 356 431 384 478 455 263 401 151 402 411 261 410 409 476 392 154 316 419 360 180 351 162 178 444 445 385 386 464 310 311 312 436 365 369 145 149 153 156 370 252 372 271 417 371 264 407 477 249 250 441 251 272 472 361 262 318 467 355 465 319 397 277 442 461 268 394 
166 167 168 169 39 290 170 172 291 87 292 293 88 294 295 89 296 297 298 12 317 430 306 299 300 302 303 304 387 344 346 385 269 410 408 239 305 412 378 50 171 431 409 400 399 46 173 174 243 6 4 40 444 182 445 181 392 432 436 437 175 438 309 256 433 434 435 312 241 249 209 460 210 463 461 464 473 153 389 266 267 265 404 133 386 232 90 108 19 100 110 301 402 475 407 403 259 257 258 17 15 91 388 135 2 23 0 24 9 14 86 476 185 284 186 355 316 95 315 93 248 443 470 471 363 313 427 428 177 398 144 368 367 469 362 468 179 442 134 374 310 233 141 393 334 112 345 348 479 113 347 349 474 268 270 271 418 379 152 151 411 261 264 132 240 129 106 203 104 190 49 51 191 45 192 202 260 381 384 478 318 456 263 146 150 145 401 147 26 42 3 7 47 66 242 227 13 63 57 64 5 65 60 1 43 36 44 390 97 321 282 98 161 351 162 160 41 115 358 360 178 247 246 287 331 311 472 369 224 221 223 286 423 142 140 245 225 231 222 459 366 364 365 449 394 330 238 229 376 251 319 69 250 322 253 477 197 208 211 324 462 212 213 53 214 325 453 342 77 413 272 274 154 373 155 372 371 156 82 76 75 73 72 405 149 406 237 230 124 122 200 339 340 341 196 109 326 99 327 105 107 101 328 188 329 205 338 207 148 451 234 236 450 391 447 466 465 337 446 252 74 70 254 71 96 81 16 18 25 27 235 228 123 33 130 131 21 20 22 8 10 11 80 395 380 183 426 184 187 159 92 262 283 285 94 217 54 218 357 314 467 139 138 288 68 194 164 163 335 195 226 417 416 414 361 121 120 127 421 420 29 128 126 137 220 425 415 458 424 419 307 125 454 396 397 439 143 244 165 206 204 114 350 117 278 352 353 354 448 189 333 215 422 32 273 84 275 276 277 78 157 38 37 85 102 31 30 382 377 58 336 216 198 199 201 193 429 457 452 343 111 255 383 375 455 356 180 359 34 48 67 62 61 79 56 52 55 59 28 35 323 320 176 281 280 116 118 219 103 83 289 332 370 279 158 119 440 441 136 308 
170 50 39 171 168 299 166 300 108 88 19 100 87 12 89 295 110 90 301 294 256 432 433 290 172 434 175 435 106 203 104 190 49 4 51 191 173 45 192 167 169 6 40 46 174 400 305 399 202 431 410 409 398 144 368 367 470 430 471 469 303 363 362 317 306 302 304 468 200 339 340 341 196 109 326 99 327 105 107 9 15 86 101 328 188 329 297 291 292 293 296 298 2 23 0 24 14 91 17 258 267 257 205 338 402 475 407 403 266 259 265 423 142 140 245 225 224 231 223 222 472 369 392 436 438 221 459 366 364 444 182 445 181 437 309 312 365 449 337 336 458 380 426 425 413 333 448 422 421 216 189 204 206 197 198 199 201 193 1 3 7 47 60 450 429 451 387 344 346 385 269 408 239 412 378 243 13 63 57 64 5 65 66 43 36 44 26 42 401 147 151 411 261 263 457 452 260 381 384 478 318 456 264 152 146 150 145 420 70 251 69 252 29 128 126 137 207 220 127 121 120 226 417 416 414 361 248 443 316 313 315 415 476 185 284 186 355 95 93 427 428 177 179 442 424 419 455 356 454 321 323 282 281 320 280 279 268 453 342 325 278 350 119 354 117 324 208 211 165 334 335 163 289 332 83 288 138 103 8 10 11 16 18 25 27 22 383 375 465 391 241 249 209 460 210 463 461 464 473 153 389 404 133 386 232 388 135 41 33 129 130 131 132 122 21 123 124 134 20 98 80 97 96 81 254 71 73 72 405 149 382 377 466 148 234 236 447 446 406 82 76 75 74 158 233 396 141 143 397 244 343 62 67 59 111 125 359 118 61 56 58 370 371 372 276 277 275 274 272 273 247 246 287 331 311 360 178 358 479 390 161 351 162 160 115 393 286 310 394 330 440 217 376 183 187 308 184 159 77 474 349 215 212 214 462 136 55 53 345 347 112 114 348 85 195 35 164 68 194 48 28 30 31 32 34 37 38 235 228 467 374 113 270 271 418 379 240 242 227 92 94 79 237 230 238 229 52 54 102 78 283 262 357 255 314 180 353 285 157 84 319 322 441 250 253 219 218 116 156 155 154 373 139 477 395 213 307 176 352 439 
172 46 173 174 169 302 303 304 17 89 15 12 297 100 88 298 91 301 90 296 312 436 290 433 170 309 435 175 26 42 3 2 7 45 47 6 39 4 40 409 168 191 192 50 171 378 399 305 66 243 408 167 179 442 443 444 316 363 313 317 166 430 306 469 362 299 300 93 64 96 81 97 16 18 13 9 14 25 27 99 19 101 86 23 0 24 87 259 265 257 294 295 190 328 188 329 327 110 108 473 404 293 44 134 388 135 389 387 463 291 292 186 394 330 310 331 311 476 392 437 360 178 223 432 221 438 182 445 181 367 459 366 364 222 434 256 177 41 133 124 95 183 184 185 162 34 33 161 43 48 1 38 36 67 58 5 62 60 189 104 49 51 193 63 57 65 403 146 150 145 264 410 263 261 400 431 326 450 429 200 199 451 202 421 206 205 106 203 232 479 474 379 412 239 238 229 460 242 227 129 418 241 269 349 344 346 385 160 461 319 250 249 345 194 390 334 427 195 248 335 428 467 283 355 314 315 127 368 470 471 361 284 231 425 415 423 416 458 468 207 120 365 398 144 92 94 132 240 230 320 176 280 79 321 282 98 285 73 82 10 80 102 103 78 28 8 11 76 136 137 121 52 116 125 20 21 22 119 324 325 208 196 109 105 107 138 130 131 122 123 456 252 74 260 75 266 70 72 258 406 407 267 337 149 401 402 475 449 448 478 383 375 455 465 288 391 336 338 83 279 278 341 339 340 477 462 453 464 371 386 307 376 374 348 235 228 373 156 153 342 211 210 209 159 397 439 244 395 233 141 393 201 197 246 286 332 273 139 247 287 198 219 405 217 352 180 115 351 358 359 61 59 56 225 224 472 369 272 147 126 422 274 413 420 275 343 111 245 142 140 237 372 377 380 308 187 426 158 353 151 152 157 37 32 71 165 68 35 29 30 31 85 148 114 220 53 54 55 128 216 117 347 112 214 333 212 204 234 236 226 466 84 357 262 318 411 356 381 384 424 419 281 440 454 457 452 163 164 350 354 417 271 270 253 414 277 77 268 215 113 251 441 322 69 255 370 154 289 446 213 218 447 118 254 143 155 382 323 276 396 
175 40 171 39 305 306 300 166 14 90 86 91 295 110 301 87 12 88 89 293 437 438 309 434 435 290 170 172 24 43 36 44 60 51 4 66 174 47 46 400 399 202 50 192 173 167 168 169 6 239 412 378 181 427 428 177 315 471 430 93 304 313 302 468 299 362 303 317 65 98 80 13 11 9 97 18 17 22 0 109 101 19 15 134 27 26 298 258 267 294 257 297 205 338 107 106 108 100 327 291 292 296 2 23 385 133 386 232 464 473 404 95 393 286 476 287 392 310 311 312 358 445 224 221 432 436 41 178 179 365 449 369 398 256 433 222 444 182 135 123 186 187 159 92 160 37 161 33 42 35 38 1 3 59 61 62 5 7 204 206 193 45 49 238 229 64 401 147 151 402 411 261 431 410 409 263 341 457 452 451 201 200 191 203 104 190 329 421 387 344 346 269 408 243 63 57 461 132 240 241 271 129 379 347 479 474 388 162 460 322 253 477 348 163 334 390 442 164 335 248 443 357 285 314 355 316 121 120 361 363 470 94 245 424 419 458 414 423 469 144 368 367 364 207 185 284 242 227 228 323 321 281 282 176 79 96 283 75 10 82 81 31 83 84 85 76 16 8 55 126 127 128 118 21 119 125 25 20 211 342 196 208 99 138 188 105 307 376 374 124 478 254 71 70 73 72 260 266 259 405 149 265 475 407 403 145 337 459 422 456 382 377 381 466 332 336 391 328 103 339 340 326 279 278 249 209 210 463 153 389 130 131 122 345 237 230 372 155 371 325 324 453 462 184 396 233 143 141 439 395 394 199 246 197 330 288 275 289 198 331 247 218 406 447 353 351 359 180 360 115 58 67 225 56 223 272 366 472 146 137 448 277 420 413 273 142 140 231 343 111 235 373 375 308 380 183 158 426 352 150 30 32 34 157 74 68 165 48 148 152 102 28 29 117 54 216 220 136 52 53 114 349 350 215 212 333 189 440 454 270 465 78 467 318 262 264 384 455 356 425 415 280 234 236 450 429 194 195 112 113 268 418 226 250 416 274 276 417 214 354 441 251 319 255 69 154 370 139 213 446 219 217 116 252 244 156 383 320 77 397 
66 174 47 46 44 134 27 26 298 91 301 90 18 101 86 17 89 15 12 97 238 229 65 62 60 64 7 6 304 378 399 305 435 192 173 175 40 171 39 38 36 193 45 51 4 42 3 2 172 182 161 43 241 307 376 242 374 125 124 135 24 123 23 119 25 22 0 133 309 473 404 296 257 297 293 295 87 362 303 327 110 100 88 306 300 166 14 76 82 16 11 9 206 138 329 188 99 19 109 96 81 13 169 302 185 317 284 186 282 98 80 387 439 440 237 454 230 235 228 63 270 240 225 61 58 57 243 227 129 128 216 220 136 67 5 59 132 239 93 313 232 479 474 388 379 261 412 408 167 263 400 409 168 222 221 434 433 170 421 205 202 50 191 437 438 290 85 148 152 102 157 37 48 34 1 35 208 246 247 201 451 199 49 189 190 104 107 204 95 183 184 162 33 41 312 436 321 444 445 181 351 179 160 426 187 159 92 269 176 477 441 322 308 455 383 382 130 356 375 377 131 154 153 373 372 122 368 127 118 21 116 389 140 350 354 117 359 114 20 137 121 52 55 126 385 386 177 178 311 462 461 453 464 460 463 291 371 72 265 267 292 145 337 149 401 258 294 259 364 207 120 365 361 363 468 471 299 469 279 278 326 341 108 338 106 328 427 428 315 430 165 255 260 74 266 75 71 73 8 276 84 10 103 78 28 31 83 53 212 68 390 248 194 139 391 288 332 105 475 324 325 196 211 342 319 320 280 79 285 94 442 443 316 380 476 392 355 262 283 340 339 281 323 346 395 394 343 397 393 396 233 200 457 450 234 336 217 465 429 236 452 272 77 273 268 271 414 418 226 416 432 256 224 223 56 218 54 219 29 144 333 446 215 214 447 244 245 111 143 231 310 314 335 348 345 344 349 347 417 30 150 264 410 411 70 456 478 431 147 151 402 403 146 458 366 449 369 398 367 459 423 158 424 420 422 448 203 286 287 358 289 407 370 156 155 32 195 163 164 112 113 210 330 331 197 198 381 384 425 415 353 180 360 251 115 213 405 352 413 419 253 250 249 254 252 357 467 466 274 277 472 275 470 69 142 318 334 209 406 141 
13 176 79 96 41 2 33 42 307 92 308 187 94 158 159 95 183 184 185 93 12 9 14 10 80 17 81 97 439 238 440 237 441 279 320 322 98 323 321 180 160 278 280 281 282 181 162 182 319 177 178 179 6 39 4 40 0 1 3 24 43 36 44 32 34 37 161 26 477 241 376 242 455 383 132 382 130 343 397 423 424 425 380 393 396 233 186 318 314 285 283 284 420 212 421 422 415 426 419 306 315 317 235 394 309 310 311 312 313 302 316 23 87 88 89 19 15 90 86 91 5 7 8 11 16 18 65 60 66 30 77 28 78 73 82 75 46 64 476 395 134 387 374 135 229 454 230 228 63 200 457 450 234 260 255 254 252 251 398 449 326 339 341 460 253 249 446 407 447 406 359 360 353 358 351 352 417 210 208 325 327 342 340 274 459 413 448 277 437 175 438 428 445 444 461 250 304 344 334 427 335 442 443 221 172 436 290 57 166 167 168 169 170 50 171 173 174 49 51 45 47 20 21 22 25 27 29 31 35 38 48 123 72 153 154 155 68 156 157 151 102 152 84 150 133 124 479 390 462 269 239 270 240 243 227 129 125 356 375 377 131 337 106 336 338 456 381 478 207 402 148 147 111 244 231 143 142 245 299 470 469 468 458 190 203 205 388 348 286 141 354 410 431 411 384 467 264 357 262 220 219 355 214 218 213 405 215 276 472 113 346 112 347 53 206 204 189 333 329 271 416 268 418 414 305 300 471 430 287 392 385 345 330 435 291 209 197 198 331 361 362 363 303 122 292 293 294 295 296 297 298 108 100 110 301 104 105 107 109 101 99 52 54 55 56 58 59 61 62 67 69 70 71 74 76 83 85 103 149 145 272 139 273 275 138 267 258 266 265 259 473 246 350 389 386 232 373 372 225 217 465 429 236 452 263 191 202 451 403 466 475 328 401 222 137 367 126 144 146 365 256 432 433 368 369 366 364 463 211 163 216 391 119 118 116 115 117 349 114 371 370 226 464 324 453 196 192 193 434 224 164 248 194 399 165 289 332 195 120 223 408 412 378 409 400 199 201 188 121 127 128 136 140 261 257 247 474 379 288 404 
177 41 178 179 309 310 311 312 92 93 94 95 313 314 315 302 186 316 317 304 344 334 427 335 428 442 443 444 13 176 79 96 33 180 160 42 181 162 182 221 438 359 360 358 445 172 436 290 43 174 435 175 249 291 209 460 141 197 330 393 437 286 476 198 331 287 392 394 2 307 308 187 158 159 183 184 185 10 80 318 285 283 284 17 81 97 306 361 362 363 471 430 447 220 446 219 467 355 357 169 303 166 98 14 298 91 301 90 399 305 300 233 387 346 385 112 345 388 348 479 69 250 165 163 194 390 322 253 477 289 336 105 332 195 248 164 461 319 12 9 439 238 440 237 441 279 320 323 321 278 280 281 282 32 1 34 37 161 407 406 353 351 352 26 3 44 120 272 364 366 222 434 223 433 432 224 384 125 119 118 354 116 115 465 405 217 218 466 89 296 297 173 170 39 24 36 378 66 47 46 192 40 171 257 293 295 87 251 167 241 269 239 292 210 463 464 473 208 211 324 462 140 142 143 244 395 85 83 199 246 201 396 370 454 200 429 49 452 247 273 103 139 288 275 235 397 6 4 0 376 242 455 383 132 382 130 343 423 424 425 380 420 212 421 422 415 426 419 30 77 28 78 8 11 73 16 82 75 410 431 411 264 262 214 213 215 64 7 15 18 56 270 268 414 458 468 416 469 470 207 365 299 127 367 368 369 121 391 475 225 229 62 61 128 216 136 55 54 333 375 478 356 377 456 243 408 409 168 100 88 65 60 86 404 134 27 101 327 110 263 261 400 412 234 374 135 153 389 133 386 232 113 347 349 474 53 206 204 114 350 117 29 144 126 70 252 71 254 255 74 38 157 48 35 68 188 138 107 472 276 337 106 338 328 104 373 156 154 372 155 23 19 5 230 228 63 457 450 260 398 449 326 339 341 417 325 342 340 274 459 413 448 277 72 31 151 102 152 84 150 266 294 267 402 403 401 149 124 25 45 52 203 111 231 245 256 59 58 67 236 451 381 123 22 21 20 453 196 265 259 191 50 51 379 193 329 205 202 145 258 240 227 129 271 418 99 109 189 146 147 148 137 76 226 371 108 57 131 190 122 
33 180 41 160 79 10 13 80 318 94 314 285 92 93 95 159 283 186 284 158 32 1 34 2 42 37 43 161 446 407 447 406 359 178 360 353 162 358 351 176 96 177 179 181 182 281 98 282 352 278 279 280 30 77 28 78 8 9 11 73 81 16 82 12 14 17 97 75 354 410 431 411 384 467 264 357 262 220 219 313 315 316 355 214 218 213 184 307 308 187 183 185 309 310 311 312 302 317 306 419 424 426 405 215 420 212 421 422 423 415 425 72 153 154 155 68 35 156 48 157 29 31 0 3 36 38 151 102 152 6 39 4 40 24 44 26 84 150 333 216 266 292 294 267 402 475 403 401 149 391 466 465 217 125 119 118 116 115 221 438 428 445 443 347 117 113 439 238 440 237 441 320 322 323 321 319 304 344 334 427 335 442 444 172 436 290 437 175 448 277 449 326 339 340 349 114 417 210 208 325 327 342 341 398 274 459 413 145 268 269 270 271 272 139 273 275 276 138 103 83 85 69 70 71 74 76 5 7 15 18 86 258 23 87 88 89 19 90 91 65 60 66 46 64 265 259 453 196 350 167 408 168 409 412 400 261 260 381 478 456 263 236 247 451 452 377 356 375 225 229 62 61 128 136 127 55 54 121 361 362 363 471 430 287 392 331 464 324 189 53 477 241 376 242 455 383 132 382 130 343 397 380 393 396 233 235 394 174 435 249 291 209 460 141 197 330 286 476 198 169 303 166 305 300 418 414 468 458 190 203 463 211 204 472 346 112 206 329 205 299 470 469 416 257 387 389 374 373 386 372 371 248 164 195 370 246 193 201 194 165 163 140 142 143 144 146 126 147 148 137 20 21 22 25 27 45 47 51 63 57 170 50 171 173 49 135 123 134 133 124 474 104 462 293 296 404 295 297 207 234 450 328 337 338 131 288 332 336 230 457 454 429 228 368 67 223 59 56 58 224 120 364 366 222 434 433 432 385 345 99 395 200 255 254 252 251 253 461 250 298 301 399 388 348 479 390 289 105 369 365 100 108 109 226 101 192 202 110 256 367 239 243 379 240 227 188 107 199 245 231 111 244 52 129 122 106 473 378 191 232 
42 181 162 182 96 17 81 97 306 95 315 93 184 285 94 185 317 284 186 183 26 3 2 34 33 44 161 43 437 175 438 309 428 358 445 177 41 178 179 280 79 353 351 180 160 321 282 98 444 319 320 176 46 64 7 6 15 16 18 12 13 9 14 73 82 10 80 91 427 305 300 166 471 430 304 313 302 287 392 357 314 355 316 310 311 312 92 415 425 426 158 159 406 214 218 213 262 283 318 130 380 187 290 476 235 394 397 439 383 307 308 89 133 124 134 25 27 23 0 24 45 47 48 1 38 36 39 4 40 78 151 102 152 157 37 32 66 174 393 286 90 293 295 87 171 434 435 170 172 224 221 432 436 164 163 335 248 443 466 447 359 360 115 344 334 442 422 274 459 413 341 279 340 339 281 278 264 347 117 354 118 113 352 149 217 405 446 407 233 63 234 251 323 322 479 390 242 461 250 249 252 477 441 450 238 440 237 173 132 239 240 241 230 58 57 229 65 67 5 62 60 99 100 19 101 86 103 28 8 11 76 88 156 267 258 72 71 266 75 276 85 84 30 77 298 301 460 253 348 412 378 400 399 167 168 169 110 468 299 362 303 369 121 365 120 361 363 470 288 275 83 289 199 246 198 197 331 247 377 456 356 384 467 220 219 54 291 209 141 330 342 271 416 417 469 423 268 458 419 205 421 424 333 203 448 420 212 150 403 325 464 324 453 189 55 53 216 215 127 261 263 411 410 431 129 131 381 382 142 396 473 462 395 228 385 345 244 245 343 478 375 455 376 297 386 232 372 122 387 374 135 116 125 21 123 136 137 52 20 22 119 188 190 104 191 192 49 50 51 193 194 195 165 68 35 29 31 148 277 273 401 147 402 145 126 371 370 155 153 154 388 143 211 292 404 296 294 257 202 449 398 256 433 222 414 225 56 223 272 364 366 368 472 429 138 336 105 332 139 391 452 457 454 338 475 337 465 346 112 69 204 367 109 108 327 326 196 210 208 265 259 409 474 350 349 114 61 59 236 451 70 254 255 227 74 146 207 260 328 200 269 379 243 270 226 140 111 128 329 106 107 206 201 418 373 231 463 408 144 389 
95 183 184 185 42 181 162 182 319 96 320 176 81 280 79 97 321 282 98 17 306 315 93 285 94 317 284 186 235 394 397 439 383 425 380 307 92 308 187 34 33 415 426 158 159 44 161 43 130 26 3 2 437 175 438 309 428 358 445 177 41 178 179 353 351 180 160 444 242 461 250 249 252 251 477 441 322 450 234 341 279 339 323 238 440 237 13 73 16 82 10 80 422 274 459 413 340 281 278 91 18 14 233 63 46 64 7 6 15 12 9 427 305 300 166 471 430 304 313 302 287 392 357 314 355 316 310 311 312 406 214 218 213 262 283 318 290 476 65 228 442 385 345 344 330 244 395 141 393 245 343 142 396 478 375 455 381 382 205 421 423 424 458 241 376 132 78 151 102 152 48 1 157 38 37 32 342 271 416 417 469 268 419 333 203 448 420 212 66 174 47 27 36 24 129 131 89 133 124 134 25 23 0 45 39 4 40 286 90 293 295 87 171 434 435 170 172 224 221 432 436 164 163 335 248 443 466 447 359 360 115 334 264 347 117 354 118 113 352 149 217 405 446 407 479 390 135 123 227 464 473 324 462 291 209 460 194 74 69 255 253 146 365 137 207 260 254 70 328 401 465 337 429 236 200 454 457 451 110 109 108 327 326 398 449 364 387 374 229 230 156 267 258 72 71 8 266 76 75 103 28 11 276 85 84 30 77 215 204 155 386 372 371 275 366 272 472 277 367 453 196 325 210 208 298 301 101 86 62 60 232 122 57 173 239 240 58 67 5 99 100 19 88 348 412 378 400 399 167 168 169 468 299 362 303 369 121 120 361 363 470 288 83 289 199 246 198 197 331 247 377 456 356 384 467 220 219 54 150 403 189 55 53 216 127 261 263 411 410 431 243 61 373 346 474 388 112 350 201 31 29 140 143 111 259 256 222 231 402 148 147 144 145 191 391 106 336 338 475 329 202 51 50 107 206 104 190 269 270 125 273 126 195 165 68 35 370 153 154 349 114 211 379 226 418 414 433 223 192 193 119 22 21 297 116 136 52 20 188 49 292 404 296 294 257 225 56 368 138 105 332 139 452 265 409 59 389 463 128 408 
182 44 161 43 185 317 284 186 91 97 18 17 282 82 81 98 14 80 13 321 444 445 181 351 162 179 160 41 66 174 47 46 27 38 36 26 42 3 2 426 184 157 37 34 33 187 159 92 24 130 380 183 290 476 392 437 430 355 316 306 95 315 93 262 283 285 94 302 134 298 301 90 101 86 89 15 12 62 60 76 16 11 9 64 7 6 96 340 339 281 280 79 152 276 85 84 75 10 73 322 323 176 40 65 233 63 234 235 251 319 320 166 479 390 442 248 443 427 428 177 432 436 115 358 360 178 175 438 309 213 149 217 405 352 180 353 312 172 238 229 304 378 399 305 435 192 173 171 39 193 45 51 4 119 125 25 22 0 148 102 48 1 35 133 124 23 413 333 203 448 458 425 419 424 158 415 266 371 370 156 165 155 32 150 31 30 78 151 237 393 396 382 308 307 135 123 249 129 131 132 381 242 383 142 394 397 439 170 477 473 462 461 395 246 286 330 310 247 287 331 311 470 299 471 363 313 54 218 357 314 467 300 113 261 263 264 356 411 318 215 219 446 406 214 169 303 241 376 374 404 296 257 297 293 295 87 362 327 110 100 88 206 138 329 188 99 19 109 128 216 220 136 225 61 67 58 5 59 255 260 74 71 8 103 28 83 239 240 230 57 268 453 196 342 108 341 325 326 278 364 459 279 277 449 420 422 274 407 402 417 379 226 418 472 289 275 273 77 105 265 259 72 267 258 460 253 254 441 457 440 243 227 228 141 232 122 236 451 450 70 69 252 250 168 474 388 350 348 385 345 344 68 194 163 334 139 391 288 164 335 195 368 398 369 256 433 224 434 221 223 21 20 116 118 359 466 447 465 212 53 145 337 401 403 336 349 114 354 347 117 387 454 270 412 408 167 400 409 222 421 205 202 50 191 208 201 199 49 189 190 104 107 204 140 127 137 121 52 55 126 111 343 244 207 147 146 29 386 372 377 272 106 361 468 469 423 414 271 416 410 431 294 389 373 153 154 197 198 143 231 456 455 375 209 384 475 328 478 144 245 464 463 291 324 211 452 429 332 367 365 120 366 56 210 112 200 269 292 338 346 
186 187 159 92 43 179 160 41 322 98 323 321 80 281 282 13 176 79 96 14 302 316 317 283 284 93 94 95 237 393 396 233 382 424 308 130 185 380 183 37 161 419 158 426 184 2 33 42 307 24 36 44 312 172 436 290 443 360 178 444 182 445 181 352 180 351 162 177 132 460 253 477 254 441 249 251 319 457 440 326 339 279 320 63 234 235 97 75 11 10 82 81 448 277 449 420 278 280 340 12 9 17 439 238 40 65 60 66 86 91 18 442 169 303 304 363 313 166 430 306 331 311 467 355 314 315 476 392 437 405 215 219 446 318 285 262 309 310 64 230 427 388 348 479 286 143 141 395 394 231 142 343 397 456 377 381 455 383 190 203 458 425 423 129 131 242 84 150 31 30 35 38 32 1 34 157 325 418 414 268 468 417 415 212 421 422 413 333 6 39 4 0 3 26 241 376 90 135 123 23 22 134 27 51 174 47 46 330 89 296 297 298 173 433 170 435 175 223 432 221 438 195 194 248 335 428 465 217 115 358 359 390 411 349 114 113 116 354 353 407 447 406 213 149 344 334 133 124 240 463 291 211 209 473 462 461 163 71 255 69 250 147 367 126 144 70 252 260 338 403 466 475 452 454 451 236 450 200 100 99 327 108 341 364 459 398 232 122 57 228 155 265 259 266 74 76 72 8 73 83 85 16 77 28 78 152 276 214 189 156 389 373 153 273 369 472 272 274 365 210 208 342 453 196 87 88 19 15 5 7 387 374 229 171 243 227 61 59 62 109 110 101 301 345 408 167 409 168 378 399 305 469 362 299 300 366 127 368 470 471 361 332 103 139 201 197 247 246 287 198 375 478 384 356 357 54 218 220 151 401 204 136 216 53 121 410 431 264 261 263 239 58 372 474 346 385 350 112 199 102 148 111 244 140 258 222 256 245 145 29 146 207 402 202 336 329 391 328 337 106 191 45 192 188 104 206 205 379 226 21 275 137 164 68 165 48 154 371 370 347 117 324 269 270 271 416 434 224 50 49 20 25 125 295 118 55 128 119 107 193 404 292 293 257 294 56 225 120 105 138 288 289 429 267 400 67 386 464 52 412 
188 189 190 104 45 199 191 49 324 99 325 208 100 326 327 19 196 108 109 15 83 288 138 328 329 105 106 107 117 345 347 112 214 448 333 53 206 212 204 173 192 449 203 421 205 4 50 51 216 7 46 47 163 35 164 68 287 429 198 246 193 247 201 450 200 451 202 197 55 250 461 462 464 453 209 210 211 353 354 281 278 340 342 20 113 114 101 297 89 88 301 110 424 468 419 458 339 341 279 9 12 86 350 119 3 25 26 27 17 18 91 286 31 84 85 275 289 28 139 103 428 335 465 391 336 332 390 248 194 478 383 375 455 337 338 475 165 334 22 118 330 244 394 395 442 385 344 479 348 386 346 474 349 406 218 213 446 215 159 158 420 422 413 52 54 136 303 409 169 168 172 174 170 39 171 435 323 365 369 398 277 364 459 380 426 425 423 308 0 1 2 6 40 60 128 220 16 67 58 5 64 62 66 42 38 44 36 427 11 74 75 76 37 155 32 157 48 372 154 370 195 438 437 392 311 331 467 384 236 452 454 476 401 397 235 234 228 440 457 263 356 456 381 431 141 310 59 61 127 252 69 319 249 255 477 253 312 293 473 291 460 412 271 239 269 292 463 404 285 264 357 262 358 359 351 115 352 180 80 98 282 79 280 417 415 268 111 56 21 116 433 259 265 257 296 298 294 87 295 302 304 90 299 166 300 399 362 382 187 434 245 224 256 471 414 361 470 469 418 251 321 320 441 176 8 10 13 14 23 24 140 225 125 34 137 121 124 133 134 96 81 97 82 393 146 29 150 30 148 152 102 274 276 77 78 416 240 270 272 273 472 315 306 430 181 177 445 444 443 178 219 405 217 447 466 131 377 376 400 411 183 242 307 130 227 145 149 403 402 407 126 123 223 343 142 143 439 233 179 305 378 232 388 387 267 371 153 389 410 167 408 379 261 162 314 284 355 283 318 94 160 43 161 186 92 185 184 207 120 57 363 243 436 290 309 175 432 222 221 396 237 322 144 368 367 366 156 373 33 41 63 65 229 73 230 132 241 238 95 182 260 70 71 266 72 122 374 226 93 317 316 313 360 258 151 135 231 254 129 147 
191 173 45 192 190 328 188 329 297 100 89 88 99 15 19 327 301 101 110 326 450 429 200 199 49 451 193 202 303 409 169 168 172 46 174 170 50 39 171 189 104 7 47 4 51 421 206 205 435 449 448 203 478 383 375 455 465 288 391 337 106 336 338 83 138 105 107 475 433 259 265 257 296 298 294 87 295 302 304 17 12 91 90 299 166 300 108 324 325 208 196 109 3 25 26 27 18 86 9 279 278 341 399 362 424 468 419 458 281 339 340 401 397 235 234 228 236 440 454 457 467 384 287 198 247 452 263 356 456 163 35 164 68 246 201 197 381 431 469 363 403 146 150 145 264 408 410 261 400 243 167 378 305 312 436 290 309 175 42 2 6 40 66 256 432 434 117 345 347 112 214 333 53 212 204 216 16 67 58 5 64 62 60 38 44 36 0 1 423 308 158 420 422 459 222 221 323 365 369 398 277 364 413 159 380 426 425 411 320 252 319 251 183 242 307 130 382 227 376 131 377 219 405 217 447 466 428 335 289 332 139 149 286 31 84 85 275 28 103 390 248 194 165 334 402 407 367 366 223 74 260 75 266 70 72 258 406 463 404 292 267 388 135 389 387 291 293 473 179 442 443 444 316 313 317 430 306 93 96 81 97 13 14 23 24 134 144 368 470 471 55 250 461 462 464 453 209 210 211 353 354 342 20 113 114 350 119 48 34 136 137 121 52 116 124 125 21 22 133 76 82 11 8 10 441 176 79 280 417 415 207 120 361 187 245 224 414 418 268 80 98 282 321 151 244 343 394 439 142 233 396 65 63 238 237 123 373 374 229 230 57 360 352 115 283 318 355 262 357 314 438 437 392 311 331 370 195 154 348 427 37 155 32 157 372 395 476 330 141 310 231 416 127 29 148 147 30 152 285 349 474 379 412 269 460 129 241 239 344 346 385 232 479 186 178 182 445 181 177 41 95 184 185 162 33 161 43 140 225 472 118 386 218 213 446 215 54 128 220 102 78 73 111 56 59 61 132 240 92 94 276 274 272 322 273 156 153 77 160 284 69 255 254 249 477 226 270 122 180 351 358 359 315 253 393 271 126 71 371 143 
193 47 192 45 206 138 329 188 18 101 91 86 327 301 110 99 15 100 19 208 246 247 201 451 202 199 191 49 27 38 44 36 66 174 46 60 51 40 4 421 205 435 173 171 50 189 190 104 7 53 212 204 68 390 248 194 139 391 288 103 107 332 105 475 328 338 106 83 62 76 82 16 97 17 11 14 9 134 26 298 90 89 12 22 24 0 109 279 278 326 341 108 399 362 304 303 297 88 295 324 325 196 3 25 112 20 113 114 210 211 342 28 395 476 286 392 287 330 331 197 154 164 236 452 429 198 48 195 165 381 431 384 478 450 200 457 163 35 119 125 85 148 152 102 157 161 37 34 1 182 43 42 2 238 229 65 64 6 378 305 175 39 172 59 61 5 423 308 158 424 420 422 449 448 203 459 257 222 221 434 309 433 170 409 169 168 300 400 117 345 347 214 333 216 67 58 209 52 54 55 213 136 215 346 348 349 350 32 462 255 477 253 479 444 442 427 334 445 443 428 335 272 77 273 275 289 131 377 466 336 465 78 234 402 407 403 447 401 337 383 375 455 456 382 31 84 128 220 225 260 74 266 75 71 73 8 276 282 81 80 10 185 317 284 186 98 13 96 241 307 376 242 374 124 135 123 23 133 473 404 296 293 87 306 166 302 126 127 118 21 398 441 176 320 79 280 323 281 339 417 415 340 468 419 458 425 469 263 261 364 207 120 365 361 313 363 471 299 93 259 265 294 258 267 250 461 464 453 353 354 137 121 116 344 111 56 115 351 352 292 291 463 460 30 343 244 439 394 143 393 141 290 437 312 310 430 355 316 436 311 438 270 268 414 153 155 373 156 370 372 57 63 228 230 454 357 356 467 380 130 410 318 411 264 314 397 235 440 396 237 140 359 368 147 146 29 151 150 371 426 184 162 33 160 321 181 179 41 187 159 92 95 183 387 240 243 227 129 132 239 232 474 388 379 412 408 167 231 223 218 470 94 472 277 274 413 369 367 366 145 149 72 245 224 256 432 177 178 385 386 406 446 219 249 217 262 283 405 269 389 254 252 69 322 319 358 360 315 271 418 226 416 122 251 233 180 144 70 285 142 
16 71 73 8 48 3 34 1 126 102 147 148 78 151 152 28 29 30 31 103 15 17 18 81 82 9 10 11 143 59 231 111 254 258 70 255 76 260 74 156 157 267 72 266 75 68 32 35 69 194 195 165 7 45 46 47 26 42 2 27 38 44 36 162 33 161 37 0 253 55 127 128 367 144 52 207 137 396 142 401 402 145 146 395 343 244 85 277 273 77 276 84 411 412 400 261 149 150 407 138 139 83 140 141 201 330 331 197 332 105 289 25 99 100 19 89 12 101 91 86 64 6 96 97 13 14 62 66 60 184 285 95 94 79 80 282 4 5 286 393 22 117 118 119 61 223 56 225 67 433 222 256 245 323 322 441 251 252 478 431 294 259 257 462 477 250 418 419 414 268 373 370 153 154 155 371 405 464 293 292 295 404 265 262 263 264 410 318 246 193 247 248 164 163 209 249 107 345 442 390 443 334 335 452 49 198 199 58 188 189 190 104 191 173 192 50 51 172 174 39 40 133 124 134 23 24 183 185 182 43 41 125 280 353 358 351 181 180 160 158 92 159 284 426 20 21 348 427 460 214 53 218 54 216 220 136 123 366 368 120 121 469 303 363 362 364 365 398 382 424 187 308 237 233 440 439 397 234 328 465 337 475 403 168 409 399 350 479 476 394 389 448 449 420 369 472 413 272 274 227 226 275 269 270 271 417 379 283 467 386 347 385 346 239 305 378 167 408 300 213 217 406 446 447 206 329 391 288 392 287 112 344 310 202 324 461 312 436 311 466 338 336 106 116 325 208 326 327 196 108 109 297 88 301 110 169 302 304 298 90 87 132 240 241 230 57 238 229 65 63 319 320 176 321 98 317 186 93 415 425 357 315 314 355 306 278 279 281 340 339 211 437 388 354 113 114 359 115 228 416 470 432 224 221 459 170 435 434 458 361 468 299 423 457 130 455 307 383 380 381 450 429 200 375 384 356 456 453 473 444 243 471 135 374 122 372 387 474 232 352 360 219 210 291 463 296 171 175 451 236 445 428 177 205 179 316 313 178 377 454 333 212 204 203 421 290 309 166 131 376 242 129 235 422 341 438 349 215 430 342 
194 48 195 165 201 330 331 197 102 103 78 28 332 273 139 105 85 289 83 107 345 442 390 443 248 334 335 163 16 71 73 8 34 156 157 1 68 32 35 452 247 373 370 154 164 49 198 199 38 51 202 193 250 324 461 462 394 312 310 395 246 476 286 436 311 392 287 141 3 126 147 148 151 152 29 30 31 81 82 277 77 276 84 9 10 11 138 466 338 336 391 288 414 227 418 226 472 275 272 104 106 188 76 18 109 86 110 101 205 206 329 244 117 347 112 385 344 350 479 348 319 249 179 444 177 427 255 477 253 316 363 302 313 178 428 445 209 69 15 17 143 59 231 111 254 258 70 260 74 267 72 266 75 162 42 33 161 37 419 268 153 155 371 0 2 36 377 357 456 356 457 451 454 200 429 236 369 123 135 374 389 122 372 470 417 416 270 361 19 196 108 50 191 45 27 44 204 60 40 4 171 47 192 341 208 327 99 252 189 55 214 53 325 464 453 210 211 293 473 291 460 235 397 439 233 393 186 317 290 437 309 343 360 223 433 432 172 221 438 314 93 315 430 355 140 142 7 46 26 127 128 367 144 52 207 137 396 401 402 145 146 411 412 400 261 149 150 407 184 285 95 94 96 97 79 13 80 282 448 449 420 413 274 269 271 379 5 6 12 14 230 218 406 447 403 475 217 337 465 382 381 328 376 455 375 384 131 471 468 228 61 65 229 242 243 129 241 240 408 368 398 366 120 364 216 333 203 190 88 100 62 66 91 342 22 24 90 295 301 459 422 421 212 245 118 119 353 354 20 113 114 386 346 474 349 239 305 378 232 388 387 183 383 307 320 251 176 441 322 321 43 160 41 182 181 166 306 304 467 283 469 303 362 299 169 359 180 358 115 351 25 89 64 56 225 67 222 256 323 478 431 294 259 257 405 292 404 265 262 263 264 410 318 280 185 158 92 159 284 426 281 326 278 424 458 423 415 21 23 39 132 409 237 440 234 450 238 57 63 224 434 365 125 134 124 133 463 296 340 339 170 173 174 215 175 300 399 435 425 279 54 220 136 213 446 87 298 167 380 308 187 130 98 219 352 297 58 121 168 116 
19 196 108 109 49 4 50 51 216 104 333 189 106 203 190 107 204 205 206 105 9 12 15 88 100 86 110 101 350 119 354 117 453 340 342 324 99 325 208 200 191 339 341 326 327 201 202 193 211 197 198 199 0 1 2 3 6 39 40 7 45 46 47 170 171 173 192 60 462 128 220 136 446 215 55 214 53 474 349 413 448 422 212 345 347 112 188 337 336 338 328 329 458 380 426 425 459 421 449 103 332 138 114 348 165 334 335 163 289 83 288 5 8 10 11 13 14 16 17 18 23 24 87 89 90 91 25 26 27 168 299 166 300 295 301 297 36 22 390 479 62 140 225 67 125 359 118 116 20 180 353 352 113 404 473 464 463 210 268 419 281 278 280 250 461 209 455 263 356 456 454 429 457 452 451 450 364 251 321 323 282 320 279 469 415 423 424 468 194 48 195 331 247 246 253 460 85 141 310 330 311 286 287 370 35 164 68 21 28 29 30 31 32 33 34 37 38 41 42 43 44 63 57 64 65 66 167 169 172 174 175 58 294 256 432 433 290 434 435 400 305 399 303 409 59 61 395 476 477 144 126 368 127 137 121 52 229 447 219 218 54 318 94 314 285 406 213 405 379 261 378 412 232 388 386 385 346 389 77 272 274 277 420 159 158 184 244 394 442 344 440 145 149 401 217 465 403 466 475 376 375 391 382 377 381 478 383 362 361 234 142 233 396 130 185 183 187 308 284 367 366 398 365 369 102 78 273 139 443 248 143 393 427 157 69 249 177 178 428 472 276 275 84 56 70 71 72 73 74 75 76 79 80 81 82 92 93 95 96 97 98 129 131 132 122 123 133 124 134 135 291 292 293 296 298 302 304 306 431 410 470 430 471 363 317 258 267 257 259 265 255 444 439 245 231 111 224 223 374 384 467 360 115 358 407 160 162 351 264 357 262 283 411 371 243 271 239 269 408 418 153 154 155 270 414 416 417 252 319 312 307 355 238 230 228 236 237 397 235 222 221 120 254 322 441 176 161 182 156 373 436 392 437 152 309 313 315 438 226 372 146 147 148 150 151 179 181 186 227 240 241 242 387 402 266 445 343 207 316 260 
197 49 198 199 165 334 335 163 104 105 106 107 289 336 332 83 188 288 138 85 141 310 330 311 331 286 287 246 19 196 108 109 50 200 191 51 201 202 193 370 195 454 429 452 247 35 164 68 45 38 157 48 209 69 249 250 344 177 427 345 194 442 390 178 428 443 248 348 4 216 333 189 203 190 204 205 206 88 100 337 338 328 329 86 110 101 103 472 276 275 273 139 356 376 455 375 465 391 466 31 84 28 99 15 76 18 82 16 152 102 78 112 140 142 143 233 393 244 394 395 291 460 309 312 437 476 324 461 462 313 314 93 315 438 392 436 253 211 9 12 350 119 354 117 453 340 342 325 208 339 341 326 327 170 39 171 173 192 263 456 457 451 450 60 40 47 226 470 417 416 371 156 372 155 154 373 217 229 238 230 440 228 236 467 478 384 377 357 11 74 75 37 32 1 7 46 148 27 44 36 161 3 34 266 71 73 8 210 29 128 144 126 70 251 252 254 255 321 319 322 477 387 346 385 388 479 304 302 179 444 181 347 221 359 180 360 41 358 445 471 306 430 316 363 114 349 0 2 6 220 136 446 215 55 214 53 474 413 448 422 212 458 380 426 425 459 421 449 168 299 166 300 87 89 295 90 301 297 145 149 401 403 475 382 381 383 22 24 14 91 122 368 398 369 420 277 366 274 272 379 418 77 240 271 270 414 227 355 262 374 125 134 124 241 307 242 132 131 308 219 405 447 218 406 137 146 150 30 80 10 25 26 17 260 62 66 97 282 81 407 402 151 147 113 225 67 256 245 59 231 111 234 396 397 343 130 185 183 235 439 237 167 269 239 292 463 293 464 473 296 174 435 175 172 290 186 317 95 361 362 318 94 285 283 92 224 434 432 223 433 5 13 23 118 116 20 353 352 404 268 419 281 278 280 364 323 320 279 469 415 423 424 468 294 169 400 305 399 303 409 257 72 258 261 264 411 431 61 65 43 129 158 232 386 389 153 133 123 135 115 351 213 58 64 57 63 441 176 259 265 160 33 42 207 182 284 184 162 410 267 127 121 52 367 365 98 96 187 408 412 378 243 298 120 222 79 21 54 159 56 
50 200 49 191 108 88 19 100 337 106 336 338 104 105 107 190 328 188 329 203 170 39 171 4 51 173 45 192 455 263 356 456 454 198 429 457 202 452 451 196 109 197 199 201 193 326 99 327 450 339 340 341 168 299 166 300 87 12 89 295 110 90 301 9 15 86 101 297 440 145 149 401 217 465 403 466 475 376 375 289 332 288 391 382 377 381 205 216 333 189 204 206 165 334 335 163 83 138 103 449 448 421 478 383 458 380 426 425 413 459 422 294 256 432 433 290 172 434 175 435 167 169 6 40 46 174 400 305 399 0 1 2 3 7 47 60 303 409 308 307 257 70 72 258 261 262 264 411 431 355 357 467 384 229 238 230 228 236 370 195 331 247 287 396 237 234 350 119 354 117 453 342 324 325 208 211 85 141 310 330 311 286 246 35 164 68 194 48 424 468 419 281 278 279 397 235 364 251 321 323 282 320 280 268 469 415 423 410 398 144 368 367 470 430 471 363 362 317 306 302 304 291 292 293 296 298 23 24 14 91 17 267 5 8 10 11 13 16 18 25 26 27 36 22 259 265 441 176 439 29 146 30 150 147 151 402 404 213 405 406 407 115 445 351 358 218 447 219 374 125 134 124 241 242 240 132 131 227 472 276 275 273 139 443 248 428 254 322 187 130 462 128 220 136 446 215 55 214 53 474 349 212 345 347 112 114 348 38 157 209 69 249 250 344 177 427 442 390 178 31 84 28 102 78 365 369 277 420 159 158 252 319 183 361 142 233 185 284 184 77 272 274 366 266 140 245 225 224 231 223 222 392 436 438 221 444 182 181 437 309 312 387 346 385 269 408 239 412 378 243 63 57 64 65 66 43 44 42 20 21 32 33 34 37 41 67 58 62 59 61 343 92 477 71 74 260 73 75 379 113 352 283 318 285 54 316 315 314 118 353 359 360 116 270 135 372 133 122 123 373 226 417 416 371 156 155 154 143 393 98 479 180 473 464 463 210 461 253 460 76 82 152 244 394 395 476 313 93 414 418 80 79 96 120 97 161 162 81 153 271 126 137 207 127 121 186 95 179 389 386 232 388 129 52 56 94 255 148 160 111 
51 201 202 193 109 86 110 101 103 107 332 105 205 338 106 206 138 329 188 204 60 40 4 171 50 47 192 45 194 48 195 165 331 452 247 197 49 198 199 341 108 457 451 200 191 208 327 99 246 211 342 196 36 22 24 0 14 90 91 9 19 12 15 295 301 88 100 18 330 102 78 28 273 139 85 289 83 443 248 466 336 391 288 334 335 163 104 459 422 421 203 190 456 382 377 381 475 328 337 53 212 189 68 390 114 348 349 350 215 216 333 11 59 61 62 65 66 5 6 7 43 44 175 39 174 46 1 2 3 300 400 305 399 435 173 170 27 38 345 442 16 71 73 8 34 156 157 32 35 373 370 154 164 436 312 311 392 287 357 356 454 429 236 141 310 286 425 469 415 423 280 340 279 278 326 339 403 396 237 440 230 234 450 431 384 478 455 263 112 20 113 210 325 324 395 476 136 253 460 209 463 462 453 352 119 354 117 37 55 126 127 128 118 123 21 125 25 135 23 134 26 98 80 13 97 17 306 166 87 89 298 10 434 258 267 294 293 257 297 362 304 303 168 299 76 82 250 461 394 147 148 151 152 29 30 31 81 277 77 276 84 414 227 418 226 472 275 272 316 363 302 313 179 444 178 177 428 445 218 406 447 217 465 376 375 131 69 249 344 427 320 367 366 364 274 413 398 420 449 184 426 448 308 158 424 458 380 409 264 323 254 322 441 187 132 130 307 383 240 402 407 401 145 149 52 54 213 214 346 347 255 477 479 116 143 393 388 389 474 405 219 446 220 75 231 111 223 56 140 225 67 228 229 57 58 242 243 129 63 64 238 186 159 92 160 161 41 33 42 182 437 438 309 290 172 167 169 378 468 471 411 412 261 410 239 222 221 433 256 432 244 385 319 70 260 74 72 266 162 419 268 153 155 371 369 374 122 372 470 417 416 270 361 360 317 314 93 315 430 355 358 353 359 285 262 318 467 142 233 291 183 271 96 79 282 281 176 251 321 259 265 150 343 439 397 235 124 133 115 351 292 464 473 121 296 408 379 404 283 180 144 207 137 368 120 387 232 241 284 94 95 185 181 365 224 386 252 146 269 245 
106 203 104 190 50 200 49 191 339 108 340 341 19 196 109 100 326 99 327 88 337 336 338 105 107 328 188 329 458 380 426 425 413 333 448 459 205 422 421 4 51 216 189 204 206 173 45 192 449 170 39 171 455 263 356 456 454 198 429 457 202 452 451 197 199 201 193 450 364 251 321 323 282 281 320 280 279 268 419 453 342 325 278 469 415 423 110 9 12 15 86 101 350 119 354 117 324 208 211 297 89 301 424 468 168 299 166 300 87 295 90 440 145 149 401 217 465 403 466 475 376 375 289 332 288 391 382 377 381 165 334 335 163 83 138 103 478 383 362 361 234 142 233 396 130 185 183 187 308 284 184 159 158 77 272 274 277 420 474 349 215 212 214 367 366 398 0 1 2 3 6 40 7 46 47 60 462 128 220 136 446 55 53 345 347 112 114 348 303 409 169 172 174 435 365 369 294 256 432 433 290 434 175 167 400 305 399 307 257 70 72 258 261 262 264 411 431 355 357 467 384 229 238 230 228 236 370 195 331 247 287 237 85 141 310 330 311 286 246 35 164 68 194 48 397 235 222 221 120 69 252 249 319 254 322 441 63 97 98 96 176 161 351 182 162 81 79 80 153 32 154 155 270 414 271 416 417 418 404 473 464 463 210 352 113 353 231 223 363 470 5 8 10 11 13 14 16 17 18 23 24 91 25 26 27 36 22 390 479 62 140 225 67 125 359 118 116 20 180 250 461 209 253 460 259 265 296 298 302 304 245 224 471 410 144 368 430 317 306 291 292 293 267 439 29 146 30 150 147 151 402 213 405 406 407 115 445 358 218 447 219 374 134 124 241 242 240 132 131 227 472 276 275 273 139 443 248 428 38 157 344 177 427 442 178 31 84 28 102 78 207 313 56 143 244 343 393 394 129 44 43 186 92 95 82 283 285 94 34 42 33 160 37 269 373 386 372 371 156 389 379 378 412 232 388 385 346 126 127 436 21 41 57 64 65 66 58 59 61 395 476 477 137 121 52 54 318 314 408 243 312 309 438 266 392 444 181 437 387 239 71 74 260 73 75 316 315 360 135 133 122 123 226 76 152 93 111 255 179 148 
107 204 205 206 51 201 202 193 211 109 342 196 110 341 108 101 208 327 99 86 103 332 105 338 106 138 329 188 114 348 349 350 215 422 212 216 104 333 189 171 50 459 421 203 190 47 192 45 53 60 40 4 194 48 195 165 331 452 247 197 49 198 199 457 451 200 191 246 136 253 460 209 463 210 462 453 324 352 113 280 340 278 325 119 354 117 19 295 90 301 88 100 425 469 415 423 279 326 339 18 91 15 112 20 36 22 24 0 14 9 12 330 102 78 28 273 139 85 289 83 443 248 466 336 391 288 334 335 163 456 382 377 381 475 328 337 68 390 25 116 286 143 393 141 427 388 479 344 345 389 474 346 347 405 219 446 213 214 184 426 413 448 420 128 220 55 300 400 305 399 175 39 435 174 173 170 320 367 366 364 274 398 449 308 158 424 458 380 27 38 44 66 46 7 52 54 11 59 61 62 65 5 6 43 1 2 3 442 16 71 73 8 34 156 157 32 35 373 370 154 164 436 312 311 392 287 357 356 454 429 236 310 403 396 237 440 230 234 450 431 384 478 455 263 395 476 67 58 121 254 255 322 477 69 249 250 437 296 291 473 461 408 418 243 379 404 464 292 283 411 467 318 360 115 180 359 353 351 81 96 79 282 281 268 419 417 140 225 125 118 434 258 267 294 293 87 257 298 297 306 166 89 362 304 303 168 299 383 183 433 231 223 222 363 416 470 361 468 271 441 176 323 251 321 76 82 97 17 134 26 111 56 21 37 126 127 123 135 23 98 80 13 10 394 147 148 151 152 29 30 31 277 77 276 84 414 227 226 472 275 272 316 302 313 179 444 178 177 428 445 218 406 447 217 465 376 375 131 409 264 187 132 130 307 240 402 407 401 145 149 137 124 224 142 343 244 233 439 181 169 167 387 385 232 265 153 371 386 261 378 412 269 410 160 355 94 314 285 262 284 162 42 33 95 185 92 159 144 368 229 471 239 438 309 290 172 221 256 432 397 235 319 207 120 365 369 155 372 161 182 238 64 57 75 228 242 129 63 186 41 70 260 74 72 266 374 122 270 317 93 315 430 358 259 150 133 245 252 241 146 
202 171 51 50 205 338 107 106 295 110 90 301 109 86 101 108 88 19 100 341 457 452 451 201 193 200 49 191 300 400 305 399 175 40 39 435 192 174 173 204 206 60 4 47 45 203 104 190 170 459 422 421 456 382 377 381 466 332 336 475 329 391 328 103 105 138 188 337 434 258 267 294 293 87 257 298 297 306 166 14 91 12 89 362 304 303 327 211 342 196 208 99 36 22 24 0 9 15 18 339 340 326 168 299 425 469 415 423 280 279 278 403 396 237 440 230 454 234 236 450 357 356 331 247 198 429 431 384 478 194 48 195 165 197 199 246 455 263 468 471 401 147 151 402 411 412 261 410 409 239 378 167 169 437 438 309 290 172 43 44 66 46 6 222 221 433 114 348 349 350 215 212 216 333 189 53 11 59 61 62 65 5 7 1 2 3 27 38 458 380 426 413 448 449 256 432 320 367 366 364 274 398 420 184 308 158 424 264 323 254 322 441 187 132 130 307 383 240 131 376 375 218 406 447 217 465 443 248 139 288 289 407 330 102 78 28 273 85 83 334 335 163 68 390 145 149 365 369 224 71 70 73 72 260 266 259 405 464 292 404 265 385 133 386 232 473 296 291 181 427 428 177 315 430 93 313 302 317 98 80 13 97 17 134 26 23 207 120 361 363 136 253 460 209 463 210 462 453 324 352 113 325 119 354 117 112 20 35 37 55 126 127 128 118 123 21 125 25 135 8 10 16 76 82 251 321 282 281 268 419 144 368 470 183 231 223 416 271 417 81 96 79 176 150 143 142 393 233 343 439 397 64 238 63 235 124 372 122 57 228 229 358 353 359 285 262 314 318 467 355 436 312 311 392 287 154 164 370 345 442 34 156 157 32 373 141 310 286 395 476 245 414 121 148 29 146 152 30 283 347 346 269 408 379 461 241 129 243 479 474 388 387 344 95 445 41 178 179 444 182 186 159 92 160 161 33 42 111 56 272 116 389 219 446 213 214 220 52 54 31 84 75 140 225 67 58 242 227 185 284 77 277 472 319 275 155 371 276 162 94 255 69 252 477 249 270 226 374 351 180 360 115 316 250 394 418 137 74 153 244 
148 52 207 137 255 76 260 74 5 111 56 59 343 222 231 244 67 245 140 395 85 152 102 402 147 31 146 29 20 0 21 22 54 120 121 55 126 127 128 441 254 364 365 367 144 250 252 69 136 462 477 253 38 165 157 48 82 266 75 16 71 73 8 294 259 258 70 11 53 4 6 7 57 58 60 61 62 115 116 221 223 224 225 117 118 119 143 440 439 397 396 142 362 458 361 468 434 256 433 330 394 141 25 114 390 350 479 348 476 286 393 18 105 289 83 276 84 103 78 28 161 37 407 151 150 30 3 34 1 431 168 410 409 403 145 401 35 36 112 113 9 19 12 15 2 23 24 26 27 122 123 124 125 217 213 218 219 220 313 363 366 368 369 189 214 216 308 455 307 383 176 322 320 319 251 323 435 203 413 459 272 449 398 300 471 299 469 303 345 194 442 461 249 209 204 215 246 196 453 324 473 211 460 444 163 427 334 44 197 49 198 199 335 370 195 164 68 371 156 155 32 282 97 81 80 10 318 411 267 72 265 17 475 88 87 295 292 297 257 456 264 263 400 478 86 14 208 210 212 50 51 39 40 45 46 47 13 63 64 65 66 131 226 129 227 228 229 230 355 356 262 357 351 352 358 353 359 360 311 309 438 436 432 416 470 414 99 325 347 354 279 200 454 457 238 237 450 235 234 92 187 233 425 183 380 382 424 399 304 339 108 340 341 426 268 419 415 423 270 171 175 170 173 172 201 331 312 310 385 344 109 342 349 248 104 333 474 232 388 290 392 437 287 91 106 107 336 332 188 288 138 472 275 273 139 417 379 418 277 77 274 284 185 184 182 43 162 42 33 160 446 447 406 405 149 412 261 408 381 384 166 167 169 305 269 338 466 337 328 465 206 346 278 100 110 101 89 90 41 130 132 133 134 135 236 372 373 374 375 242 376 240 377 445 283 315 285 314 467 316 178 177 428 93 302 306 430 190 448 464 158 241 79 96 98 321 280 326 281 301 298 174 205 422 421 420 154 153 443 179 293 291 463 247 404 378 243 296 317 181 191 202 193 429 452 386 389 271 186 95 94 159 180 451 391 387 327 192 239 329 
208 209 210 211 53 206 212 204 334 112 344 345 113 346 347 114 348 349 350 20 101 327 99 278 325 109 342 196 141 197 310 330 249 291 460 250 324 461 462 213 214 292 463 464 453 136 215 216 253 52 54 55 193 47 192 45 329 421 205 188 189 190 104 420 422 448 333 107 69 165 335 163 177 427 194 442 390 233 393 387 385 388 479 244 394 395 117 351 115 352 353 354 269 410 167 408 389 474 386 25 116 119 286 143 5 111 56 59 21 22 118 138 18 91 86 301 110 15 100 19 451 202 279 326 341 108 199 191 49 158 417 423 415 280 340 281 51 201 140 142 105 85 289 83 198 311 331 287 246 309 312 437 476 321 251 319 322 477 241 239 293 473 296 74 252 255 262 284 355 283 217 218 405 219 446 406 153 266 294 267 87 265 404 418 243 379 412 271 67 7 58 121 220 128 71 254 0 148 207 137 120 126 127 57 60 61 62 247 27 38 44 36 66 174 46 40 4 435 173 171 50 475 391 328 338 106 308 424 449 203 459 288 79 276 472 277 398 274 413 184 425 426 419 159 103 332 29 144 70 157 48 370 195 35 164 68 336 178 428 443 248 93 304 313 302 179 444 181 130 185 380 183 234 396 235 397 439 237 134 374 135 133 232 305 378 169 31 146 245 343 149 161 182 162 445 358 160 360 180 356 357 359 411 467 318 285 264 268 270 407 152 402 151 431 168 409 400 261 166 156 373 371 155 372 3 26 124 125 224 225 102 147 231 6 76 260 222 221 223 122 23 123 24 139 82 16 97 17 11 14 9 298 90 89 12 399 362 303 297 88 295 381 384 478 236 452 450 429 200 457 441 176 320 323 339 468 458 469 94 92 226 470 416 414 299 81 96 282 80 98 8 256 145 84 78 28 275 273 454 314 315 438 392 436 41 175 172 290 186 316 317 306 95 63 382 242 383 307 187 132 238 229 65 376 240 227 129 75 259 365 263 430 337 465 466 447 401 150 403 77 272 154 73 258 72 257 39 170 64 230 369 368 367 2 364 361 363 366 131 228 37 34 1 43 42 434 433 300 377 375 455 456 440 33 13 432 30 32 471 10 
212 213 53 214 210 278 208 325 351 113 115 352 112 20 114 347 353 117 354 346 420 421 422 206 204 448 189 333 262 284 355 283 217 54 218 405 215 219 446 209 211 52 55 136 216 464 324 453 406 292 291 463 158 417 423 415 279 327 326 280 342 341 340 101 99 109 196 281 149 161 182 162 445 358 160 360 180 356 357 21 116 118 359 411 467 318 349 334 344 345 348 350 5 111 56 59 22 119 25 386 385 474 285 264 269 410 167 408 387 389 388 79 276 472 277 398 449 274 459 413 308 424 329 205 190 203 184 425 426 193 47 192 45 188 104 107 419 159 261 263 282 82 97 81 185 317 186 95 94 430 316 315 314 336 337 465 466 447 57 58 121 220 127 151 401 407 141 197 310 330 249 460 250 461 462 253 0 148 207 137 120 126 128 60 61 62 67 7 412 271 239 293 473 404 150 403 153 266 294 267 87 265 296 241 418 243 379 92 371 157 370 156 226 470 416 414 268 299 469 468 458 441 176 320 323 339 451 202 110 108 100 96 138 18 91 86 301 15 19 199 191 49 51 201 80 98 72 257 145 38 37 44 43 34 42 33 321 444 181 179 41 392 432 290 436 443 178 428 454 198 200 429 455 456 375 478 384 377 122 23 123 124 125 224 225 223 73 258 400 431 69 165 335 163 177 427 194 442 390 233 393 479 244 394 395 286 143 4 6 255 76 260 74 343 222 231 245 140 221 36 24 27 3 26 155 372 133 232 305 378 75 259 409 270 152 402 168 166 169 134 374 135 373 13 85 84 289 275 78 273 77 368 369 366 272 256 170 433 367 364 365 440 439 397 307 187 383 183 380 382 475 391 328 338 106 171 50 173 246 247 66 174 46 40 435 83 288 105 103 332 30 399 70 16 11 10 17 14 130 476 437 306 93 302 248 471 363 313 331 312 311 438 287 376 457 228 450 236 452 230 131 129 227 63 64 65 229 102 147 295 142 309 251 319 322 477 252 71 254 9 12 2 31 146 29 144 361 362 240 132 90 298 297 154 88 39 172 89 238 242 48 35 32 195 164 300 303 434 237 235 234 396 381 68 139 304 8 1 175 28 
204 136 215 216 211 109 342 196 25 114 116 20 349 352 113 350 119 354 117 348 107 205 206 422 212 104 333 189 67 7 58 5 121 219 220 52 53 54 55 463 210 405 446 213 214 462 453 324 128 253 460 209 51 201 202 193 110 341 108 101 208 327 99 280 340 278 325 19 137 3 26 27 124 125 0 21 22 224 225 360 115 359 118 111 56 59 112 389 388 474 346 347 283 411 467 318 180 353 351 390 479 345 62 140 286 143 393 141 427 334 344 86 103 332 105 338 106 138 329 188 171 50 459 421 203 190 47 192 45 415 184 425 426 413 448 420 49 4 244 245 15 16 17 18 46 64 6 66 60 230 57 229 61 369 365 120 368 127 316 355 217 218 447 148 207 126 408 418 243 379 296 291 404 473 464 292 160 151 401 149 465 407 406 94 314 285 262 284 395 246 476 477 461 250 29 144 163 71 254 255 322 69 249 437 197 310 330 40 194 48 195 165 331 452 247 198 199 457 451 200 191 295 90 301 88 100 469 423 279 326 339 91 274 81 96 79 320 282 281 268 458 419 158 417 9 12 74 252 146 34 1 42 2 38 44 36 89 133 134 23 24 240 377 132 131 122 123 374 471 414 468 361 434 256 221 222 223 432 443 179 178 445 358 356 357 384 76 260 343 231 265 156 373 153 135 387 371 232 386 169 167 385 261 378 412 269 410 159 186 267 73 258 72 400 478 431 263 264 375 33 41 162 161 182 68 248 444 442 439 394 8 70 142 287 102 147 396 237 233 181 428 177 335 14 78 28 273 139 85 289 83 466 336 391 288 456 382 381 475 328 337 300 305 399 175 39 435 174 173 170 367 366 364 398 449 308 424 380 271 416 95 183 185 92 383 77 272 277 276 472 31 397 259 82 10 11 97 13 172 239 241 238 65 63 372 454 236 228 226 129 227 376 270 438 299 313 362 363 470 430 436 312 311 302 317 93 315 152 402 441 409 242 297 298 87 293 257 266 294 80 98 43 30 145 150 403 429 450 392 290 176 319 251 164 323 187 130 321 306 309 157 32 35 370 154 440 234 455 166 304 303 168 433 155 275 235 75 37 307 84 
217 54 213 218 355 356 262 357 21 115 20 116 351 113 352 358 118 353 359 445 336 337 465 149 405 466 406 447 56 57 5 58 52 53 55 121 219 136 220 284 283 212 214 215 446 315 285 314 127 430 317 316 454 198 200 429 455 263 456 375 467 478 384 261 264 411 318 377 120 122 23 123 0 22 124 25 125 111 59 112 114 117 119 224 67 225 360 161 182 162 160 180 210 278 208 325 347 354 349 428 181 178 61 223 392 432 290 436 444 443 179 376 289 105 332 106 338 288 328 391 440 457 145 401 403 475 228 450 236 72 404 257 265 150 407 151 452 230 221 222 131 226 129 227 63 6 64 65 229 4 7 60 62 148 207 137 126 128 209 211 204 216 189 369 365 368 282 82 97 81 185 186 184 95 94 159 346 420 421 422 206 448 333 464 324 453 342 463 438 287 437 306 93 313 366 367 248 470 299 471 166 363 302 476 331 312 311 238 335 370 165 195 197 49 199 201 247 50 191 202 451 308 307 383 382 381 70 258 400 431 409 242 30 379 378 412 399 408 410 75 259 266 267 73 240 132 361 362 364 371 372 232 133 373 135 374 130 2 24 26 134 9 19 12 15 3 27 36 255 76 260 74 343 231 244 245 140 143 334 344 345 348 350 109 196 99 414 468 434 256 426 157 38 37 44 43 34 42 33 321 98 41 280 96 79 80 281 292 291 158 417 423 415 279 327 326 341 340 101 386 385 474 389 388 164 163 427 177 175 309 416 469 433 246 472 398 170 39 172 479 390 442 194 241 276 275 85 83 273 103 139 104 107 188 138 108 88 100 190 329 205 441 176 320 439 237 397 235 234 396 144 29 146 147 402 295 294 297 10 8 473 298 296 293 301 84 31 152 78 102 272 435 458 418 271 270 243 239 233 13 14 40 66 46 1 51 45 47 16 17 18 86 11 395 254 250 252 69 71 253 141 310 330 249 460 461 462 277 449 300 339 91 380 183 187 92 425 419 424 269 167 387 274 459 413 203 193 192 286 393 305 304 303 68 168 87 89 169 477 394 156 155 154 48 35 171 173 110 322 319 251 323 142 32 28 174 268 153 90 77 
121 219 136 220 58 224 67 225 360 116 352 115 25 114 20 125 359 119 118 124 369 365 120 137 52 368 128 127 467 316 283 355 405 215 446 217 54 213 218 7 5 204 216 53 55 229 62 61 447 230 64 57 471 414 468 361 434 245 256 221 56 222 223 244 140 111 59 432 465 443 179 178 160 180 445 351 358 411 318 349 113 354 353 356 262 357 21 3 26 27 0 22 211 109 342 196 350 117 112 374 134 123 314 384 240 377 132 131 133 122 23 438 273 277 472 449 398 272 364 366 300 299 146 207 144 367 313 362 363 74 250 252 69 29 126 148 470 430 375 478 436 331 312 311 302 186 317 93 315 159 284 94 285 151 401 149 407 406 463 210 212 214 333 336 337 466 15 16 17 18 46 6 47 66 60 4 348 107 205 206 422 104 189 462 453 324 208 209 376 270 241 238 65 228 391 475 372 452 457 454 237 236 63 239 226 129 227 306 373 195 156 370 418 419 268 417 416 424 458 423 469 171 175 435 170 433 259 260 343 231 142 309 31 330 394 395 397 141 143 8 70 71 255 76 392 290 429 450 328 194 248 442 444 335 177 428 172 43 41 182 181 80 281 98 282 161 162 33 267 73 258 72 400 431 261 263 264 410 389 388 474 346 347 278 325 340 198 200 455 456 45 48 34 1 42 2 38 44 36 89 12 24 101 91 86 9 19 253 460 51 201 202 193 110 341 108 327 99 280 390 479 345 334 344 154 153 387 135 307 242 247 451 381 271 332 338 382 187 130 385 386 232 371 437 103 139 78 77 289 276 275 448 420 413 274 326 323 339 203 459 421 295 90 301 305 166 399 304 303 168 403 150 145 402 147 441 254 251 11 75 461 319 249 477 320 28 30 102 85 152 288 383 191 197 246 287 310 476 169 14 13 92 95 185 37 158 426 184 82 97 81 79 10 412 294 404 257 265 266 292 408 243 379 296 291 473 464 105 106 440 100 96 173 174 39 40 192 49 50 286 393 427 138 329 188 190 415 425 269 167 439 235 234 155 396 322 321 233 293 378 165 68 164 157 32 308 380 279 87 298 297 88 409 35 84 183 199 163 176 83 
189 55 214 53 324 99 325 208 22 117 118 119 347 353 354 112 20 113 114 345 188 190 104 448 333 206 212 204 59 60 61 62 127 218 54 128 216 220 136 464 453 406 213 446 215 209 210 211 52 250 461 462 45 199 191 49 100 326 327 19 196 108 109 281 278 340 342 101 126 36 24 0 123 21 27 125 25 223 56 358 359 115 116 140 225 67 350 386 385 346 474 349 285 264 357 262 351 352 180 334 344 348 5 111 330 244 394 395 442 390 479 15 83 288 138 328 329 105 106 107 173 192 449 203 421 205 4 50 51 419 159 424 158 420 422 413 193 47 143 231 86 11 14 9 40 65 66 6 7 228 229 57 58 366 367 368 120 121 315 314 447 219 217 29 144 137 412 271 239 269 293 473 292 291 463 404 162 150 403 407 466 149 405 284 355 283 318 94 141 197 310 249 460 253 148 207 194 74 252 69 319 255 477 312 246 476 286 46 163 35 164 68 287 429 198 247 201 450 200 451 202 297 89 88 301 110 468 458 339 341 279 12 277 80 98 282 323 79 280 417 423 415 426 268 18 91 71 254 147 37 38 43 44 1 2 3 90 135 23 134 26 227 375 242 376 374 124 122 363 416 469 470 433 222 432 256 224 221 428 181 445 178 360 384 467 356 8 70 142 245 267 155 372 371 133 232 153 387 389 305 378 388 410 167 408 379 261 184 95 265 75 259 266 409 456 263 431 411 377 161 182 160 33 41 165 335 177 427 233 393 76 260 343 331 31 146 397 235 439 179 443 444 248 17 84 85 275 289 28 139 103 465 391 336 332 478 383 455 337 338 475 303 169 168 172 174 170 39 171 435 365 369 398 364 459 380 425 308 418 414 186 187 92 185 382 276 472 274 77 272 102 396 258 10 82 16 13 97 175 243 129 63 64 238 373 236 454 230 270 241 240 131 226 436 362 430 299 471 361 313 438 437 392 306 93 317 316 30 145 251 400 132 295 87 298 296 294 72 257 81 96 42 152 402 151 401 452 457 311 309 321 322 441 195 320 183 307 176 302 290 32 157 48 154 370 234 440 381 304 166 300 399 434 156 273 237 73 34 130 78 
127 218 55 54 61 223 59 56 358 118 353 359 22 117 119 21 115 20 116 123 366 367 368 126 128 120 52 121 357 315 285 314 406 214 213 447 220 446 219 60 62 189 53 216 136 57 5 58 217 228 65 229 363 416 469 470 433 231 222 432 225 256 224 143 111 140 67 221 466 428 181 445 162 351 178 180 360 264 262 347 354 113 352 384 318 467 125 36 24 0 27 25 324 99 325 208 112 114 350 122 23 124 355 356 227 375 242 376 135 374 134 436 275 274 272 459 364 472 398 369 303 362 147 144 207 365 430 299 471 71 253 254 255 148 137 29 361 313 377 456 438 287 437 392 306 95 93 317 316 184 94 284 283 150 403 407 149 405 464 453 333 215 212 391 475 465 86 11 14 9 40 66 4 6 7 47 345 188 190 104 448 206 204 209 210 211 196 462 131 226 129 63 64 230 336 337 373 429 450 236 235 454 238 243 270 241 240 302 372 164 155 154 271 415 417 268 414 425 423 458 468 173 172 170 435 434 258 70 142 245 343 290 102 286 393 141 396 395 244 76 260 74 69 8 311 309 452 457 338 163 335 427 177 248 444 443 175 42 182 41 179 81 280 96 79 33 160 161 265 75 259 266 409 263 410 431 411 261 386 385 346 474 349 340 342 278 247 451 381 478 51 35 37 38 43 44 1 2 3 90 91 26 19 12 15 18 101 250 461 45 199 191 49 100 326 327 108 109 281 334 344 348 390 479 370 371 232 133 130 132 198 200 455 418 288 328 383 183 307 388 389 387 153 312 83 289 84 276 139 77 273 422 413 420 277 341 320 279 421 449 203 297 89 88 169 304 168 166 300 399 401 151 402 145 146 251 252 441 16 73 460 322 477 249 323 85 152 31 28 30 332 382 202 246 197 331 476 310 305 17 97 185 186 92 34 426 158 159 10 13 80 282 82 408 257 292 294 267 72 404 412 239 269 293 473 291 463 138 329 234 110 98 171 39 174 46 50 193 192 330 394 442 105 106 107 205 419 424 379 378 233 237 440 156 397 319 176 439 296 167 68 165 195 32 157 380 308 339 298 87 295 301 400 48 78 187 201 194 321 103 
128 216 220 136 62 140 225 67 350 119 354 117 125 359 118 25 114 116 20 27 29 144 126 368 127 137 121 52 196 462 453 324 333 446 215 189 55 214 53 229 61 447 219 218 54 7 58 5 204 47 66 60 69 8 70 71 142 256 245 143 59 231 111 432 224 223 56 244 104 390 479 348 474 349 345 347 112 340 342 180 353 352 113 99 325 208 22 374 134 124 123 21 314 384 318 467 360 115 358 3 26 0 211 109 18 101 91 86 44 36 24 141 28 30 31 145 146 102 147 148 251 252 398 367 365 207 253 254 255 470 430 299 471 369 120 366 74 250 19 108 395 246 476 286 477 473 461 460 209 404 464 463 210 413 203 448 422 212 94 285 406 213 405 188 190 206 376 270 241 240 238 65 230 64 57 228 178 391 475 466 407 465 217 316 283 355 357 315 15 16 17 46 6 4 107 205 38 193 192 45 174 51 40 97 11 14 9 249 1 68 32 35 10 72 73 75 76 257 258 259 260 234 233 396 397 343 423 469 433 222 434 393 472 392 290 436 170 438 221 414 468 361 363 416 330 394 49 50 106 248 194 444 442 163 427 334 439 232 388 385 344 379 261 378 412 386 346 389 426 268 458 419 339 341 281 326 278 280 33 41 160 162 351 264 262 411 199 191 100 327 454 154 153 373 387 135 372 133 122 307 242 23 377 132 131 227 375 313 93 236 247 451 452 381 431 478 456 356 410 443 179 445 428 181 48 34 42 2 89 12 201 202 110 82 138 329 301 298 90 182 161 43 37 310 139 103 77 78 83 84 85 149 150 151 152 263 399 400 401 402 403 380 130 382 321 319 323 322 441 320 421 420 449 459 364 303 362 300 226 417 317 166 306 302 168 273 277 272 275 274 105 88 200 287 331 197 437 312 176 129 243 296 291 293 371 265 267 292 271 239 269 408 418 282 425 159 424 158 415 184 79 13 80 92 95 186 284 288 328 173 455 167 440 237 235 63 457 429 450 311 309 177 332 338 336 337 266 294 81 96 172 39 171 157 435 304 305 175 185 98 164 195 165 155 156 297 295 409 183 187 308 383 279 370 276 87 198 335 169 289 
221 56 222 223 361 313 362 363 54 120 52 121 364 207 365 366 127 367 368 272 311 309 438 435 434 436 433 432 21 115 20 116 5 111 59 58 224 67 225 458 468 343 231 245 256 416 469 470 61 270 268 414 178 335 177 428 93 304 302 315 471 306 430 399 303 300 299 316 57 217 213 218 53 55 219 136 220 0 22 148 137 126 128 124 25 125 369 203 413 459 449 398 260 441 255 254 147 144 146 275 274 472 118 123 154 374 153 373 77 273 277 314 198 197 331 310 312 287 437 392 41 179 174 175 172 290 358 181 445 301 257 298 297 173 170 171 443 360 122 23 355 356 262 357 351 113 352 353 359 112 114 117 119 4 6 7 60 62 76 74 244 140 143 230 64 229 339 108 340 341 426 419 425 415 423 424 402 440 439 397 395 396 142 258 71 70 252 259 372 164 155 271 417 226 228 65 139 376 241 240 269 227 418 32 195 156 370 180 289 336 105 332 165 334 163 194 248 344 427 442 444 92 94 95 186 317 91 90 305 166 169 285 192 263 261 400 378 409 168 100 89 88 295 110 467 283 131 129 63 337 465 149 405 466 406 447 284 212 214 215 446 208 209 210 211 204 216 189 9 19 12 15 2 24 3 26 27 36 85 152 102 31 29 250 69 253 377 132 133 134 380 106 104 190 333 448 205 422 421 282 281 420 320 280 279 326 323 294 266 308 455 307 383 176 477 322 319 251 462 401 151 145 403 150 288 83 84 276 386 371 375 242 135 68 454 238 387 346 389 30 28 78 103 318 200 429 49 199 452 201 247 141 330 286 246 249 291 460 393 476 394 13 79 96 33 160 42 162 182 43 66 47 46 40 39 293 87 296 327 101 72 404 265 267 473 191 45 50 202 51 236 232 130 456 478 384 264 411 161 278 325 347 354 349 206 345 348 350 109 342 196 324 99 1 14 16 17 18 86 11 38 157 48 82 75 73 8 457 237 239 321 453 185 184 159 158 183 382 187 431 410 407 450 235 234 233 390 479 35 37 412 379 243 138 167 292 463 408 10 34 338 328 391 107 188 385 388 461 80 81 97 98 44 329 193 474 381 475 464 451 
58 224 67 225 116 124 25 125 369 121 365 120 136 137 52 220 368 128 127 219 230 64 57 7 5 229 62 61 471 414 468 361 434 245 256 221 56 222 223 114 20 244 140 111 59 359 119 118 432 360 352 115 240 377 132 131 133 26 134 122 21 23 123 3 27 0 22 374 438 273 277 472 449 398 272 364 366 300 299 146 207 144 367 313 362 363 54 204 215 216 53 55 74 250 252 69 29 126 148 447 446 218 470 430 467 316 283 355 405 217 213 372 452 457 454 237 238 236 63 228 239 241 46 6 66 65 226 129 227 15 16 17 18 47 60 4 376 270 315 306 373 195 156 370 418 419 268 417 416 424 458 423 469 171 175 435 170 433 259 260 343 231 142 311 309 436 211 109 342 196 349 113 350 354 117 112 31 330 394 395 397 141 143 8 70 71 255 76 314 384 318 180 353 358 392 290 465 443 179 178 160 445 351 411 356 262 357 271 466 332 338 336 456 382 381 455 375 187 130 307 242 385 386 232 387 135 89 12 2 24 44 371 45 48 34 1 42 38 36 101 91 86 9 19 154 153 428 181 437 103 139 78 77 289 276 275 389 448 420 413 274 326 323 281 339 203 459 421 295 110 90 301 305 166 399 304 303 168 403 150 145 402 147 441 254 251 335 177 93 302 348 107 205 206 422 212 104 333 189 463 210 214 462 453 324 208 209 11 75 345 194 442 390 461 319 249 477 253 320 28 30 102 85 152 391 475 407 406 94 285 248 444 317 478 331 312 186 159 284 151 401 149 337 155 201 247 202 451 198 200 429 396 440 234 450 322 98 321 233 235 439 293 464 473 412 269 378 379 243 167 172 173 174 39 40 13 14 97 99 100 73 81 82 10 96 193 192 51 49 50 287 95 427 165 68 164 157 32 408 325 278 158 415 426 190 308 380 425 108 340 341 279 327 400 87 257 298 297 88 294 409 264 263 265 266 72 258 197 310 41 460 280 388 474 346 347 479 334 344 35 37 84 246 476 286 393 383 183 431 410 33 162 182 328 43 80 282 161 267 261 105 138 288 106 329 92 185 176 292 404 296 291 169 188 191 184 163 83 79 199 
131 226 129 227 57 236 63 228 370 122 371 372 23 232 133 123 373 135 374 21 384 381 377 130 132 375 242 376 472 289 276 275 417 379 418 416 240 271 270 6 64 378 243 239 241 61 65 229 414 56 5 58 391 447 475 466 451 234 450 452 230 457 454 233 235 237 238 429 470 335 165 195 157 156 164 155 154 420 277 474 386 389 153 366 274 272 124 2 0 24 26 134 473 298 404 296 388 387 385 118 22 125 273 369 54 120 52 121 20 116 25 247 314 318 467 431 478 357 456 356 329 328 380 382 383 455 332 338 336 321 249 251 319 183 307 187 465 288 368 398 198 311 197 331 105 85 83 103 139 152 84 78 77 158 423 415 419 268 453 464 412 269 408 363 469 361 12 13 9 14 4 7 40 60 66 46 479 304 399 305 261 169 167 460 463 291 293 461 127 218 55 59 62 225 471 468 115 221 222 223 111 224 67 53 219 136 220 138 359 178 180 360 446 407 406 405 217 402 403 401 337 192 193 202 191 200 339 323 396 440 397 201 185 310 141 393 142 394 439 96 320 176 322 98 287 199 432 256 299 177 428 334 163 443 194 248 49 38 48 35 68 82 266 76 75 37 32 34 278 79 279 280 421 449 422 459 413 448 354 350 349 347 346 267 292 265 436 433 367 364 39 41 33 42 1 3 43 36 44 19 15 27 90 86 91 17 89 477 462 174 309 435 175 301 257 297 295 87 72 427 348 344 442 345 358 353 117 119 126 128 438 434 365 213 313 362 207 148 137 112 113 114 352 246 93 315 94 285 316 283 355 410 411 264 262 294 260 259 409 263 400 327 101 110 206 188 205 107 106 190 458 426 425 424 308 254 441 252 97 282 209 69 250 253 70 95 184 92 186 159 430 144 170 312 437 392 330 286 104 18 16 102 28 31 161 151 150 30 80 11 10 73 81 212 326 342 341 340 281 325 333 216 215 196 324 211 210 302 303 231 88 8 50 51 45 47 171 172 173 476 395 390 306 300 166 168 149 145 214 189 143 140 245 351 343 255 74 244 208 204 179 181 445 160 162 147 146 258 99 109 108 100 203 182 284 29 290 444 71 317 
228 61 65 229 227 375 242 376 118 123 22 21 135 24 23 374 125 134 124 373 429 450 236 235 63 454 238 230 127 218 55 54 59 60 62 56 57 5 58 243 129 40 66 6 64 270 241 240 225 414 418 226 465 288 328 391 478 383 455 384 131 381 377 183 307 130 132 356 223 358 353 359 117 119 115 20 116 126 128 36 0 27 25 120 52 121 122 388 389 387 232 133 14 90 86 91 44 26 2 154 153 372 220 368 273 369 277 472 156 370 371 467 287 199 198 191 200 247 451 452 401 337 397 234 440 457 447 475 466 319 96 320 176 439 237 233 336 217 366 367 357 315 285 314 406 214 213 446 219 189 53 216 136 143 231 111 140 67 11 9 4 7 47 221 222 224 296 460 463 291 408 379 167 269 239 378 43 175 171 39 51 174 46 97 18 17 12 13 272 139 77 268 271 416 432 256 195 471 468 361 419 470 417 78 289 276 275 405 164 428 163 335 83 188 138 105 332 190 329 106 338 400 411 431 263 456 252 251 380 382 308 318 394 95 184 185 425 92 187 477 441 322 321 249 355 262 363 469 433 181 445 162 351 178 180 360 264 347 354 113 352 324 99 325 208 112 114 350 71 253 254 255 147 144 148 207 137 29 35 37 38 1 3 19 15 101 313 362 364 365 169 427 348 479 349 474 344 346 385 265 404 386 87 292 293 473 298 98 80 305 306 300 166 295 110 301 88 89 109 182 161 42 41 33 248 68 32 155 413 274 430 299 398 103 438 434 449 448 420 34 48 157 165 283 437 392 286 246 311 197 331 45 49 193 201 100 326 327 192 202 50 258 267 294 151 149 402 407 403 145 245 244 343 142 396 339 323 279 461 250 81 280 79 282 341 476 395 393 310 141 436 459 303 93 317 316 94 284 150 464 453 333 215 212 345 104 206 204 209 210 211 196 462 102 70 76 260 74 69 8 31 84 85 75 10 82 16 309 435 458 297 342 409 410 261 412 168 304 399 186 159 160 290 170 172 173 107 205 28 30 426 415 423 194 424 281 278 158 73 152 177 444 443 334 390 203 421 108 72 266 259 257 146 442 330 422 302 179 340 312 
230 58 64 57 240 377 132 131 116 124 25 125 133 26 134 122 21 23 123 372 452 457 454 237 238 236 63 228 121 219 136 220 67 7 5 225 229 62 61 239 241 46 6 66 65 226 129 227 56 416 271 270 466 332 338 336 456 382 381 356 376 455 375 187 130 307 242 384 224 360 352 115 114 20 359 119 118 137 52 3 27 0 22 368 128 127 374 385 386 232 387 135 17 89 15 12 2 24 44 370 371 373 54 120 275 366 274 272 155 154 153 357 331 201 247 202 451 198 200 429 403 475 396 440 234 450 217 337 465 322 98 323 321 233 235 439 391 447 369 365 467 316 283 355 405 215 446 213 218 204 216 53 55 244 245 140 111 59 16 18 47 60 4 432 256 223 293 461 464 473 412 269 378 379 243 167 42 172 173 174 45 39 40 13 9 14 91 97 472 289 276 417 418 414 221 222 164 363 469 470 415 361 268 84 139 77 273 406 195 443 194 248 103 107 105 138 288 205 106 329 328 409 264 263 431 478 254 441 308 383 380 262 393 186 159 92 424 185 183 249 251 319 176 477 314 318 471 468 434 179 178 160 180 445 351 358 411 349 113 354 353 211 109 342 196 350 117 112 74 250 252 69 146 207 29 144 126 148 48 34 1 38 36 101 86 19 430 299 398 367 305 442 345 344 347 346 479 474 388 267 292 389 298 404 296 291 87 96 81 169 302 303 304 297 100 88 301 90 99 41 33 43 182 161 335 165 157 156 420 277 313 362 364 83 436 433 459 422 413 37 35 32 68 285 312 311 330 197 392 246 287 51 193 49 199 110 341 108 50 191 192 259 265 257 150 407 145 149 401 402 231 143 142 343 397 279 320 339 460 253 80 281 282 79 326 310 141 394 476 395 438 449 300 317 93 315 284 94 151 463 210 212 214 333 348 206 104 189 462 453 324 208 209 31 260 8 70 71 255 76 102 78 28 73 82 10 11 290 170 423 295 325 400 261 410 408 399 166 168 95 184 162 309 435 175 171 188 190 85 152 158 419 458 163 425 280 340 426 75 30 444 177 428 390 334 421 203 327 266 72 258 294 147 427 286 448 306 181 278 437 
225 229 62 61 220 368 128 127 374 125 134 124 119 27 25 118 123 22 21 359 432 256 224 140 67 223 59 56 376 270 241 240 238 66 65 230 58 64 57 216 136 47 60 7 5 218 55 54 228 447 446 219 470 430 299 471 398 144 367 369 121 365 120 29 126 137 52 366 454 154 153 373 387 135 372 133 122 307 242 44 26 24 23 377 132 131 116 350 354 117 114 20 18 101 91 86 36 0 3 358 353 115 227 375 314 384 318 467 180 360 352 472 392 290 436 170 433 438 434 221 423 469 142 245 231 222 414 468 361 69 8 70 71 143 111 244 363 416 356 455 272 139 77 273 268 269 271 418 226 167 239 243 129 439 440 237 235 63 97 17 46 6 40 452 457 236 196 462 453 324 333 215 189 214 53 204 38 193 192 45 174 51 4 11 14 9 15 16 357 315 285 406 213 217 429 450 178 391 475 466 407 465 405 94 316 283 355 417 445 248 444 443 317 166 306 302 313 168 300 303 362 421 420 449 459 364 251 252 146 207 147 277 141 28 30 31 145 102 148 253 254 255 74 250 275 274 336 337 200 68 164 32 155 195 156 370 413 346 389 386 371 291 87 292 293 385 232 388 176 477 441 322 308 383 187 382 130 183 182 161 43 42 2 89 12 90 332 338 456 381 104 390 479 348 474 349 345 347 112 340 342 113 99 325 208 211 109 76 82 206 138 329 188 327 301 110 100 19 298 35 37 1 48 34 428 181 162 351 264 262 288 328 478 93 247 451 431 410 411 33 41 160 179 276 246 287 476 437 331 312 311 39 172 175 309 88 294 295 171 435 173 279 278 326 158 415 424 419 458 425 234 233 396 397 343 259 260 258 209 249 10 72 73 75 257 286 393 395 330 394 198 263 106 103 83 289 78 84 426 210 463 408 379 412 344 169 305 378 461 464 473 296 460 92 320 98 323 321 319 96 185 284 186 282 81 80 13 201 202 403 108 404 203 448 422 212 190 107 205 85 152 157 199 191 49 50 304 399 95 184 150 149 401 177 402 266 267 151 79 159 194 163 335 442 427 409 400 297 280 281 339 341 380 334 310 261 105 165 265 197 
143 59 231 111 71 253 254 255 55 126 127 128 147 367 144 148 52 207 137 102 286 393 141 396 142 395 343 244 22 117 118 119 61 223 56 62 140 225 67 258 70 433 222 256 245 76 260 74 5 16 73 8 348 163 427 334 460 322 477 209 69 249 250 323 441 251 252 462 60 189 214 53 218 54 216 220 136 123 21 366 368 120 121 27 125 25 29 401 151 402 145 146 469 303 363 362 364 365 398 85 152 31 20 0 48 3 34 1 78 28 30 211 199 287 246 437 476 197 310 330 388 479 237 233 439 394 112 344 345 382 424 187 308 440 397 234 390 350 36 24 324 99 325 208 347 353 354 113 114 358 359 115 116 228 65 229 57 58 416 470 432 224 221 47 66 7 400 478 411 431 267 72 294 266 259 257 459 173 172 170 436 435 434 458 361 468 299 423 38 165 157 82 75 11 4 6 103 15 17 18 81 9 10 156 68 32 35 349 83 188 288 138 164 428 335 248 194 181 177 444 442 296 463 291 473 461 132 130 321 319 176 210 457 326 281 339 98 279 320 455 307 383 380 381 196 453 86 14 40 190 104 448 333 206 212 204 464 406 213 446 215 357 315 285 314 447 219 217 227 375 242 376 135 23 374 134 124 122 275 274 272 472 369 430 471 313 101 91 44 26 295 328 465 337 405 149 475 407 403 412 261 150 168 410 409 263 399 425 415 297 100 89 88 169 302 304 166 300 316 203 413 449 421 420 105 289 276 84 161 37 19 12 2 195 45 46 42 162 33 277 273 77 139 342 191 49 429 198 193 247 201 438 392 311 331 306 95 93 309 312 290 243 408 167 389 474 387 346 385 232 64 230 238 63 235 185 183 92 456 377 419 159 158 426 186 200 454 450 451 236 51 43 90 327 108 109 278 340 386 264 262 351 352 180 466 445 178 360 384 318 467 355 356 373 129 270 241 240 131 226 372 155 154 271 417 268 414 192 174 97 305 283 293 292 404 265 87 301 298 341 280 422 50 39 171 175 443 179 370 371 282 80 13 332 96 184 94 79 418 153 329 106 107 391 336 182 41 317 379 269 239 378 133 338 452 160 110 205 284 202 
61 223 59 56 118 123 22 21 366 127 367 368 55 126 128 54 120 52 121 218 228 65 229 60 62 57 5 58 363 416 469 470 433 231 222 432 225 256 224 117 119 143 111 140 67 115 20 116 221 358 353 359 227 375 242 376 135 24 23 374 125 134 124 36 0 27 25 122 436 275 274 272 459 364 472 398 369 303 362 147 144 207 365 430 299 471 220 189 214 53 216 136 71 253 254 255 148 137 29 217 213 219 361 313 357 315 285 314 406 447 446 373 429 450 236 235 63 454 238 230 243 129 40 66 6 64 270 241 240 86 11 14 9 4 7 47 131 226 316 302 372 164 155 154 271 415 417 268 414 425 423 458 468 173 172 170 435 434 258 70 142 245 343 392 290 438 324 99 325 208 347 354 112 113 114 350 102 286 393 141 396 395 244 76 260 74 69 8 355 356 262 351 352 360 311 309 466 428 181 445 162 178 180 264 384 318 467 418 465 288 328 391 478 383 455 381 377 183 307 130 132 388 389 387 232 133 90 91 44 26 2 153 51 35 37 38 43 1 3 19 12 15 18 101 370 371 443 179 312 83 289 84 276 139 77 273 386 422 413 420 277 341 320 280 279 421 449 203 297 100 89 88 169 304 168 166 300 399 401 151 402 145 146 251 252 441 248 444 317 306 345 188 190 104 448 333 206 212 204 464 453 215 209 210 211 196 462 16 73 348 163 427 334 460 322 477 249 250 323 85 152 31 28 30 336 337 149 405 284 283 335 177 93 456 287 437 95 184 94 150 403 407 475 156 199 198 191 200 247 451 452 397 234 440 457 319 96 176 439 237 233 296 463 291 408 379 167 269 239 378 175 171 39 174 46 97 17 13 109 110 75 80 10 82 98 49 50 45 193 192 331 186 442 68 165 195 32 157 412 342 340 426 419 158 205 380 308 424 327 278 326 339 108 409 298 294 87 295 301 257 400 411 431 267 72 266 259 246 476 182 461 281 385 346 474 349 344 390 479 48 34 78 197 310 330 394 382 187 263 261 161 160 41 338 42 81 79 33 265 410 138 105 332 329 106 185 92 321 404 292 293 473 305 107 202 159 194 103 282 201 
62 140 225 67 119 27 125 25 29 128 144 126 220 368 127 136 137 121 52 216 47 66 60 229 61 7 58 5 69 8 70 71 142 256 245 143 59 231 111 359 118 432 224 223 56 114 116 20 244 350 354 117 18 101 91 86 44 134 26 36 22 24 0 374 124 123 21 3 141 28 30 31 145 146 102 147 148 251 252 398 367 365 207 253 254 255 55 447 446 219 218 54 470 430 299 471 369 120 366 204 215 53 74 250 196 462 453 324 333 189 214 38 193 192 45 174 46 51 40 4 97 17 238 65 64 6 11 14 9 376 270 241 240 230 57 228 15 16 209 249 1 68 32 35 10 72 73 75 76 257 258 259 260 234 233 396 397 343 423 469 433 222 434 286 393 395 314 384 318 467 180 353 360 352 115 358 472 392 290 436 170 438 221 414 468 361 363 416 211 109 342 349 113 112 330 394 104 390 479 348 474 345 347 340 99 325 208 82 206 138 329 188 327 301 110 100 19 298 90 89 12 182 161 43 42 2 307 242 135 23 133 37 454 154 153 373 387 372 122 377 132 131 227 375 48 34 334 344 310 139 103 77 78 83 84 85 33 149 150 151 152 263 399 261 400 401 402 403 380 381 130 382 321 319 323 322 441 320 421 420 449 459 364 303 362 300 163 427 460 477 178 391 475 466 407 406 465 405 217 94 285 213 316 283 355 357 315 226 417 445 248 444 443 317 166 306 302 313 168 273 277 272 275 274 107 205 422 212 463 210 194 442 461 108 246 476 473 404 464 413 203 448 190 157 247 201 451 202 199 191 49 435 173 171 50 304 378 305 175 39 172 185 284 186 282 81 98 80 13 96 439 440 237 235 63 243 129 239 356 455 268 269 271 418 167 452 457 236 429 450 197 291 177 164 195 165 155 156 79 262 264 265 266 267 337 297 295 294 478 411 431 409 456 339 183 424 187 308 383 425 279 278 326 158 415 419 458 287 437 388 93 410 41 160 162 351 179 428 181 370 371 276 331 312 311 309 88 87 341 280 389 346 385 106 232 379 412 386 426 281 288 332 105 328 338 296 293 169 184 159 92 95 176 336 200 292 335 289 408 198 
23 232 122 133 63 6 57 64 378 129 379 243 131 226 227 132 239 240 241 130 2 0 24 21 123 26 124 134 473 298 404 296 474 371 386 388 135 389 387 236 228 370 372 373 374 237 230 238 385 233 234 235 12 13 9 14 4 5 7 40 65 60 66 56 58 61 229 46 479 304 399 305 261 412 169 408 167 453 464 417 418 271 269 460 463 291 242 384 381 377 375 376 472 289 276 275 416 270 414 187 382 307 293 461 321 249 251 319 380 183 383 39 41 33 42 1 3 43 36 44 19 15 20 22 25 27 90 86 91 54 120 52 121 116 125 118 17 89 477 462 174 309 435 175 301 257 297 295 87 72 265 267 292 354 350 349 347 346 420 277 156 153 155 427 348 344 391 447 475 466 451 450 452 457 454 429 470 335 165 195 157 164 154 366 274 272 273 369 322 98 323 396 440 439 442 345 185 310 141 393 142 394 397 339 96 320 176 88 92 93 94 95 79 10 80 81 97 8 11 16 18 49 50 51 45 47 53 55 59 62 67 171 115 221 222 223 111 224 225 219 136 220 127 218 172 173 476 395 390 313 302 362 303 306 300 166 192 263 400 409 168 149 30 145 150 264 410 411 333 446 216 215 196 324 342 211 210 325 158 423 415 419 268 78 77 84 437 286 253 209 247 314 318 467 431 478 357 456 356 329 328 455 332 338 336 465 288 368 398 198 311 197 331 105 85 83 103 139 152 363 469 361 471 468 186 159 424 308 254 441 312 330 250 282 177 334 69 70 252 458 426 425 184 170 178 179 180 160 181 162 182 32 34 37 161 28 29 31 35 38 48 104 106 107 108 100 109 110 101 99 112 113 114 117 119 126 128 137 217 213 364 207 365 367 148 360 352 359 358 353 444 255 246 438 436 290 434 433 327 337 401 258 294 259 262 73 75 266 406 403 407 151 405 340 189 422 204 212 214 448 278 279 280 421 449 459 413 428 163 143 138 402 193 202 191 200 201 287 199 432 256 299 443 194 248 68 82 76 281 326 231 343 244 284 140 144 146 245 203 341 315 316 317 285 283 71 74 102 190 205 206 188 208 355 351 260 392 430 147 445 
233 63 234 235 321 249 251 319 129 130 131 132 380 381 382 183 242 383 307 185 310 141 393 142 396 394 397 439 23 232 122 133 57 236 228 64 237 230 238 339 323 451 450 457 440 96 320 176 65 97 282 98 344 177 334 427 209 69 250 460 322 253 477 70 252 254 441 461 6 378 379 243 226 227 239 240 241 21 123 384 377 375 376 26 124 134 187 458 426 425 424 308 475 329 391 328 478 455 456 95 184 92 135 24 182 44 161 43 284 186 159 291 309 311 312 197 330 437 286 476 112 345 140 143 244 395 388 348 479 144 145 29 146 245 343 231 442 385 2 0 473 298 404 296 474 371 386 389 387 370 372 373 374 56 5 58 61 229 447 466 452 454 429 46 7 66 203 364 413 459 340 281 341 280 279 326 431 192 193 202 247 191 200 401 465 337 338 403 42 181 162 81 79 13 40 60 317 91 18 17 82 14 80 351 179 160 41 346 93 304 313 302 178 335 428 443 444 165 163 194 390 208 210 211 324 462 128 126 71 255 74 463 256 257 72 258 8 259 260 365 137 207 147 367 293 464 12 9 4 399 305 261 412 169 408 167 453 417 418 271 269 472 289 276 275 416 270 414 54 120 52 121 20 22 116 25 125 118 314 318 467 357 356 332 336 288 89 15 3 27 108 362 361 468 268 419 469 415 423 333 448 158 205 422 421 449 190 402 407 327 301 101 110 206 138 188 107 106 139 400 411 263 409 264 306 315 285 94 34 33 90 86 36 445 174 47 38 157 37 262 355 283 316 292 435 175 221 438 172 436 290 198 331 287 392 105 85 83 199 246 201 53 212 204 113 347 114 349 350 117 62 225 67 59 111 102 148 31 398 368 149 30 150 151 28 434 224 222 433 223 39 1 19 297 295 87 265 267 354 420 277 156 153 155 470 195 164 154 366 274 272 273 369 115 55 219 136 220 127 218 359 180 360 446 406 405 217 173 45 16 104 77 196 342 325 278 109 100 99 294 266 410 171 51 50 49 248 68 358 353 73 10 11 430 76 152 84 75 213 352 303 300 166 363 471 48 35 103 214 215 216 189 119 299 432 32 88 168 78 170 
57 236 63 228 122 21 23 123 384 131 381 377 129 130 132 227 375 242 376 226 56 5 58 6 64 61 65 229 391 447 475 466 451 234 450 452 230 457 454 232 133 233 235 237 238 373 135 374 429 370 371 372 54 120 52 121 20 0 22 116 124 25 125 2 24 26 134 118 247 314 318 467 431 478 357 456 356 329 328 380 382 383 455 332 338 336 240 378 379 243 239 241 321 249 251 319 183 307 187 414 418 270 465 288 472 289 276 275 417 416 271 115 221 222 223 111 59 224 67 225 53 55 4 7 60 62 219 136 220 12 13 9 14 40 66 46 127 218 139 138 359 178 180 360 446 407 406 405 217 402 403 401 337 192 193 202 191 200 339 323 396 440 397 331 201 198 473 298 404 296 474 386 388 389 387 385 185 310 141 393 142 394 439 96 320 176 322 98 273 369 277 156 153 154 287 199 470 335 165 195 157 164 155 420 366 274 272 213 361 313 362 363 364 207 365 367 368 148 137 126 128 112 113 114 117 119 19 15 3 27 36 352 39 41 33 42 1 43 44 90 86 91 17 89 358 353 248 68 246 93 315 94 285 316 283 355 354 410 411 264 262 294 260 266 259 409 263 400 327 301 101 110 206 188 205 107 106 190 458 426 425 424 308 254 441 252 443 194 103 105 479 304 399 305 261 412 169 408 167 453 464 269 460 463 291 293 461 97 282 344 177 334 427 209 69 250 253 477 70 95 184 92 186 159 471 468 419 268 78 77 428 163 83 398 311 197 85 152 84 158 423 415 469 351 309 438 435 434 436 433 432 343 231 245 256 255 76 74 244 140 143 208 210 211 212 214 204 215 216 189 49 50 51 45 47 16 18 11 87 88 79 10 80 81 8 175 171 174 172 173 392 28 390 179 181 445 160 162 333 292 267 151 149 150 168 147 146 145 297 265 257 258 295 421 99 341 109 108 100 326 203 413 459 340 281 280 279 312 330 48 462 72 350 349 347 346 348 442 345 182 161 284 437 286 476 395 144 29 449 448 34 32 35 299 38 82 75 37 278 422 302 306 430 303 300 102 31 71 325 342 196 324 104 166 170 30 444 317 73 290 
64 237 230 238 133 26 124 134 187 132 382 130 240 377 131 241 307 376 242 239 46 7 6 58 57 66 229 65 322 98 323 321 396 457 440 233 63 234 235 372 122 452 454 236 228 387 374 135 439 385 386 232 17 89 15 12 3 25 27 2 23 0 24 116 125 21 123 44 393 186 159 92 424 308 185 380 183 254 441 456 381 455 383 249 251 319 129 416 271 270 226 227 466 332 338 336 356 375 384 167 269 243 176 477 293 461 464 473 412 378 379 42 172 173 174 45 47 39 4 40 16 18 67 5 62 60 13 9 14 121 219 136 220 225 61 56 91 97 460 253 43 179 160 41 80 281 282 79 96 326 339 279 320 231 143 142 343 397 403 475 451 450 200 310 141 394 275 366 274 272 155 371 154 153 373 370 357 331 201 247 202 198 429 217 337 465 391 447 291 87 292 346 389 388 476 395 305 442 345 344 347 479 474 267 298 404 296 81 169 302 303 304 297 100 88 301 90 99 19 101 86 48 34 1 38 36 137 52 20 22 119 33 224 360 352 115 114 359 118 368 128 127 54 120 182 161 427 348 286 316 317 283 284 93 94 95 37 419 158 426 184 449 190 448 203 458 425 423 147 367 126 144 71 255 70 69 252 260 409 264 263 431 478 329 328 106 177 334 209 250 164 363 469 470 415 417 361 268 414 84 276 418 139 77 273 472 289 218 406 195 443 194 248 103 107 105 138 288 205 355 262 467 314 318 166 168 410 408 210 463 444 390 462 295 312 330 324 325 453 411 400 261 399 162 436 290 433 170 309 435 175 191 192 50 171 188 189 104 49 51 193 102 78 28 73 82 8 10 11 76 244 245 140 111 59 53 55 216 369 365 405 215 446 213 204 432 256 223 221 222 437 211 163 178 445 181 180 351 75 277 420 278 280 340 468 327 108 341 364 413 459 421 398 258 148 145 29 146 207 402 259 265 257 150 407 149 401 311 197 112 83 422 35 32 157 156 68 335 165 358 353 285 392 246 287 199 110 109 294 266 113 349 350 300 117 214 333 354 151 72 313 430 306 362 299 208 196 206 152 30 31 85 74 471 434 342 428 315 212 438 
132 239 240 241 64 237 230 238 385 133 386 232 124 372 122 134 387 374 135 26 187 382 130 377 131 307 376 242 293 461 464 473 412 271 269 378 129 379 243 58 57 416 270 226 227 66 229 65 167 46 7 6 322 98 323 321 396 457 440 233 63 234 235 452 454 236 228 439 305 442 345 344 347 346 479 474 388 267 292 155 371 153 389 298 404 296 23 116 25 125 21 123 275 366 274 272 154 373 370 44 27 24 291 87 17 89 15 12 3 2 0 393 186 159 92 424 308 185 380 183 254 441 456 381 455 383 249 251 319 466 332 338 336 356 375 384 176 477 90 295 394 312 330 310 250 324 462 209 460 325 453 210 463 411 400 261 410 408 84 276 417 418 268 304 399 169 121 219 136 220 67 5 225 62 61 56 164 363 469 470 415 361 414 139 77 273 472 289 91 97 18 47 60 40 166 168 42 172 173 174 45 39 4 16 13 9 14 253 43 179 160 41 80 281 282 79 96 326 339 279 320 231 143 142 343 397 403 475 451 450 200 141 357 331 201 247 202 198 429 217 337 465 391 447 476 395 175 171 300 443 444 194 390 177 334 427 244 117 112 350 348 214 448 189 333 354 349 113 151 405 401 149 258 294 72 257 265 266 37 35 32 157 156 420 277 413 309 435 301 297 224 360 352 115 114 20 359 119 118 137 52 22 368 128 127 54 120 288 83 223 436 433 432 367 459 364 398 369 422 248 68 195 335 165 182 161 38 36 101 86 290 170 88 81 302 303 100 99 19 48 34 1 33 286 316 317 283 284 93 94 95 419 158 426 184 449 190 203 458 425 423 147 126 144 71 255 70 69 252 260 409 264 263 431 478 329 328 106 218 406 103 107 105 138 205 355 262 467 314 318 306 110 434 311 392 437 197 246 74 55 53 208 211 196 353 278 340 342 446 216 215 212 213 73 402 30 145 150 407 152 75 11 10 31 85 28 78 313 362 192 365 204 245 140 111 59 256 221 222 287 199 163 430 299 471 468 280 341 82 76 193 51 50 162 191 188 104 49 102 8 178 445 181 180 351 327 108 421 148 29 146 207 259 358 285 109 438 428 206 315 
238 66 229 65 241 307 376 242 44 134 27 26 374 125 124 135 24 123 23 387 439 440 237 454 230 235 228 63 91 97 18 17 47 62 60 46 64 7 6 270 240 225 61 58 57 243 227 129 40 167 269 239 176 477 441 322 308 455 383 187 132 382 130 356 375 377 131 183 174 182 161 43 38 36 42 3 2 101 86 119 25 22 0 89 15 12 133 154 153 373 372 122 220 368 128 127 118 21 116 388 389 232 14 90 291 87 292 293 346 385 386 92 476 395 394 343 397 393 396 233 279 320 200 457 450 234 98 323 321 336 217 337 465 429 236 452 319 96 298 301 185 317 284 186 282 82 81 80 13 76 16 11 9 193 192 45 51 4 216 136 67 5 59 172 173 39 272 139 77 273 268 271 414 418 226 416 359 432 256 224 140 223 56 218 55 54 121 219 296 460 463 408 379 378 175 171 344 166 168 169 410 305 412 210 461 464 473 79 479 444 390 442 462 255 253 250 249 260 254 252 251 423 158 424 425 380 106 338 456 381 478 159 198 355 262 357 263 467 384 288 328 391 466 332 95 184 304 399 435 445 181 351 162 179 160 41 426 157 37 34 33 85 148 152 102 48 1 35 206 138 329 188 327 110 99 100 19 109 350 354 117 114 20 137 52 126 302 303 297 88 361 248 68 164 32 155 195 156 370 413 274 371 369 277 472 275 366 447 446 470 430 299 471 398 144 367 365 120 29 358 353 115 360 352 427 348 349 474 265 404 306 300 295 209 290 170 294 266 267 113 112 347 345 94 392 437 246 286 312 330 310 111 244 143 141 207 402 147 231 142 245 421 420 449 278 280 326 281 339 341 50 49 191 202 451 403 475 401 289 105 213 149 405 406 145 287 199 247 331 201 309 257 362 316 315 93 283 285 340 276 84 75 10 73 165 74 71 8 103 78 28 31 83 208 205 189 190 104 107 204 196 453 324 333 215 214 53 436 433 409 364 30 458 419 415 417 468 363 469 314 318 180 438 434 221 222 69 70 211 342 264 261 400 334 431 407 151 411 212 325 443 428 177 194 163 259 258 146 422 448 203 459 108 335 197 72 313 178 150 311 
242 243 227 129 65 235 228 63 388 135 389 387 123 373 374 23 232 122 133 24 183 383 307 375 376 130 131 132 296 460 463 291 408 418 379 167 241 269 239 61 229 414 226 270 240 6 57 64 378 40 60 66 319 96 320 176 397 450 234 439 238 440 237 429 236 454 230 233 169 427 348 479 349 474 344 346 385 265 404 156 153 371 386 87 292 293 134 118 22 21 125 124 273 369 277 472 370 372 154 2 0 26 473 298 14 90 86 91 36 44 27 394 95 184 185 425 380 92 308 187 252 251 478 455 381 382 477 441 322 465 288 328 391 384 377 356 321 249 89 297 393 437 286 476 253 211 209 462 461 342 210 453 464 264 409 410 261 412 78 77 268 271 417 166 168 305 127 218 55 54 59 62 56 5 58 225 195 471 468 361 419 470 416 289 276 275 272 139 12 13 9 4 7 46 304 399 43 175 171 39 51 174 47 11 97 18 17 250 42 181 162 182 81 280 79 282 98 341 279 339 323 245 244 343 142 396 401 337 200 457 451 395 467 287 199 198 191 247 452 447 475 466 336 217 310 141 172 173 303 428 177 163 334 444 390 442 143 114 350 112 345 215 422 204 212 113 347 354 150 406 403 407 259 257 266 294 267 72 34 48 157 32 155 413 274 420 290 170 88 295 223 358 353 359 117 119 115 20 116 126 128 25 120 52 121 220 368 332 103 224 438 434 221 365 449 398 364 366 448 335 165 164 248 68 41 33 1 3 19 15 309 435 301 80 306 300 110 109 101 35 37 38 161 330 315 93 285 94 317 284 186 415 426 158 159 459 205 421 423 424 458 146 137 207 74 69 260 255 254 70 400 411 431 263 456 106 338 329 219 405 83 188 138 105 190 314 318 357 355 262 302 100 433 392 311 312 246 197 71 136 216 196 324 208 352 340 278 325 213 53 214 333 446 75 145 152 402 151 149 30 73 16 82 102 28 85 84 430 299 50 367 189 231 111 140 67 222 432 256 331 201 194 313 362 363 469 281 326 10 8 49 45 192 160 202 107 206 193 31 76 445 178 179 351 180 108 327 203 29 148 147 144 258 360 283 99 436 443 104 316 
25 114 116 20 67 7 58 5 204 136 215 216 121 219 220 52 53 54 55 137 3 26 27 124 125 0 21 22 211 109 342 196 349 352 113 350 119 354 117 224 225 360 115 359 118 111 56 59 112 244 245 140 15 16 17 18 46 64 6 47 62 66 60 230 57 229 61 4 348 107 205 206 422 212 104 333 189 463 210 405 446 213 214 462 453 324 128 369 365 120 368 127 467 316 283 355 217 218 447 148 207 126 208 209 74 250 252 69 146 29 144 45 48 34 1 42 2 38 44 36 89 12 133 134 23 24 101 91 86 240 377 132 131 122 123 374 9 19 253 460 51 201 202 193 110 341 108 327 99 280 340 278 325 389 388 474 346 347 411 318 180 353 351 390 479 345 471 414 468 361 434 256 221 222 223 432 465 443 179 178 160 445 358 356 262 357 314 384 255 76 260 343 231 143 334 344 31 330 394 395 397 141 142 259 8 70 71 100 102 103 78 28 73 81 82 10 11 96 97 13 14 172 173 174 39 40 239 241 238 65 63 192 372 452 457 454 237 236 228 226 129 227 376 270 49 50 286 393 427 332 105 338 106 138 329 188 171 459 421 203 190 415 184 425 426 413 448 420 408 418 243 379 296 291 404 473 464 292 151 401 149 407 406 94 285 284 246 476 477 461 438 273 277 472 449 398 272 364 366 300 299 367 313 362 363 470 430 375 478 436 331 312 311 302 186 317 93 315 159 336 337 466 391 475 85 152 402 147 441 254 197 310 249 75 194 442 319 320 251 403 150 145 30 191 195 165 156 157 68 32 35 162 33 161 37 95 183 185 182 43 41 169 303 304 297 88 298 301 90 87 385 386 232 387 135 307 242 130 416 271 456 382 381 455 187 370 371 373 154 153 163 322 437 247 198 199 451 200 295 469 423 279 326 339 274 79 282 281 268 458 419 158 417 265 167 261 378 412 269 410 267 258 72 400 431 263 264 248 444 439 306 424 175 435 170 433 309 392 290 429 450 328 335 177 428 181 80 98 266 294 440 396 233 84 235 383 380 234 409 257 139 289 83 77 276 176 321 92 168 399 305 166 293 275 155 323 287 288 308 164 
244 67 245 140 74 250 252 69 136 137 121 52 146 365 207 29 128 144 126 31 330 394 395 397 343 141 142 143 25 114 116 20 58 224 225 5 111 56 59 259 260 434 256 222 231 8 70 71 62 11 75 76 345 194 442 390 461 319 249 462 255 477 253 320 251 441 254 209 7 204 215 216 219 220 53 54 55 124 125 369 120 368 127 0 21 22 148 403 150 145 402 147 468 300 471 299 398 367 364 28 30 102 119 27 35 36 37 38 84 85 152 324 201 331 197 312 310 246 476 286 385 344 235 439 233 393 350 479 348 383 425 183 380 234 396 440 334 112 3 26 211 109 342 196 349 352 113 354 117 360 115 359 118 230 64 57 229 61 414 361 221 223 432 4 6 60 409 456 264 263 265 266 257 72 258 294 449 171 175 435 438 170 433 423 470 469 362 458 1 68 32 10 73 16 47 66 83 86 14 9 80 18 82 155 165 157 48 347 103 107 332 105 195 443 248 335 163 179 444 177 427 293 464 473 291 460 242 307 176 322 321 453 450 341 280 279 96 339 323 381 130 382 308 455 208 210 15 17 46 205 206 422 212 104 333 189 463 405 446 213 214 467 316 283 355 217 218 447 240 377 132 131 133 134 122 23 123 374 273 277 472 272 366 313 363 430 19 12 2 24 297 338 466 475 406 407 337 149 401 408 410 151 399 261 400 431 168 424 419 295 110 90 301 305 306 166 304 303 315 421 420 459 203 413 138 139 77 78 33 34 101 91 44 164 51 40 43 160 161 274 275 276 289 325 202 193 452 247 49 198 199 436 311 392 287 302 186 317 290 437 309 239 412 378 386 346 232 474 388 387 65 228 63 238 237 92 187 185 478 375 415 184 426 158 95 451 236 457 200 454 45 42 89 108 327 99 340 278 389 411 318 180 353 351 465 178 445 358 356 262 357 314 384 372 241 226 129 227 376 270 373 156 370 418 268 417 416 50 39 13 169 285 296 404 292 267 298 88 87 326 281 448 192 174 173 172 428 181 154 153 79 81 97 288 98 159 284 282 271 371 106 329 188 336 391 41 182 93 269 379 243 167 135 328 429 162 100 190 94 191 
246 193 247 201 68 390 248 194 206 138 329 188 139 391 288 103 107 332 105 28 395 476 286 392 287 330 331 197 101 208 327 99 192 451 202 45 199 191 49 154 164 236 452 429 198 48 195 165 51 1 32 35 462 255 477 253 479 444 442 348 163 427 334 445 443 428 335 345 47 53 212 204 421 205 189 190 104 301 110 475 328 338 106 15 100 19 83 272 77 273 275 289 384 131 381 377 466 336 465 102 78 85 109 86 8 9 10 11 30 31 84 350 111 343 244 439 394 143 393 141 473 461 290 437 312 310 211 460 209 430 355 317 316 436 311 438 250 324 18 91 112 20 113 114 210 278 325 342 196 279 326 341 108 435 174 173 171 50 431 478 450 200 457 7 46 4 270 361 268 414 153 155 373 156 370 372 447 57 63 228 234 230 454 357 456 356 375 467 16 71 73 34 157 38 60 40 29 0 2 3 33 36 37 72 74 75 76 453 148 52 207 137 260 441 254 252 69 176 322 319 249 232 474 388 385 344 166 306 181 177 179 349 432 115 351 358 182 360 178 363 302 313 315 471 117 347 27 44 66 54 55 213 214 136 215 216 346 420 422 448 333 423 308 158 424 449 203 459 399 362 304 303 298 90 297 89 88 295 402 407 403 401 337 383 455 382 25 26 17 12 374 120 364 366 413 274 369 277 472 269 271 276 227 418 226 416 240 314 318 122 21 23 123 129 130 132 242 376 380 218 406 217 219 405 126 147 151 152 81 82 22 24 14 70 5 6 13 79 80 149 145 150 146 354 56 59 222 231 67 245 140 440 397 396 142 307 92 187 237 233 235 378 379 243 404 464 296 463 291 293 39 170 172 175 309 95 93 186 470 299 262 284 283 285 185 223 433 221 224 434 62 97 134 116 118 119 352 353 292 417 415 280 340 281 398 320 323 339 468 419 458 425 469 257 305 409 169 168 300 400 294 266 259 410 411 264 263 58 64 42 241 426 387 389 386 371 135 124 133 359 180 446 61 65 229 238 251 321 258 267 162 161 43 144 41 94 159 160 261 265 121 127 128 365 367 96 98 183 412 408 167 239 87 368 256 282 125 220 184 225 
248 154 68 164 247 392 246 287 272 139 77 273 138 28 103 288 275 83 289 391 445 444 443 390 194 428 163 335 270 361 268 414 153 32 155 373 195 156 370 193 201 1 35 48 165 429 199 198 372 236 451 452 430 355 317 316 290 476 437 436 331 312 311 395 286 330 197 438 374 120 364 366 413 274 369 277 472 269 271 30 78 84 276 227 418 226 332 206 329 188 107 105 8 9 10 11 31 85 102 465 328 336 416 240 384 131 381 377 475 466 338 432 115 351 358 182 181 360 179 178 166 306 479 442 427 177 363 302 313 462 255 477 253 348 334 345 315 471 376 241 221 56 222 223 362 458 468 469 470 426 419 415 417 346 387 389 386 371 72 73 34 157 37 123 135 122 101 208 327 99 192 202 45 191 49 51 29 0 2 3 33 36 38 74 75 76 16 71 375 467 478 450 200 454 124 133 447 57 63 228 234 230 457 431 357 456 356 299 217 54 213 218 262 284 283 285 314 185 186 95 93 39 170 172 175 309 473 461 394 310 393 433 350 111 343 244 439 143 141 211 460 209 250 324 224 434 229 238 134 52 121 207 365 127 367 368 435 203 459 449 398 340 282 339 281 448 420 422 292 210 291 463 167 239 408 243 379 412 149 145 150 151 152 81 82 80 61 65 242 129 47 53 212 204 421 205 189 190 104 301 110 106 15 100 19 109 86 69 70 4 5 6 7 12 13 14 17 18 79 137 146 148 126 147 219 405 401 337 383 455 58 64 132 318 21 23 130 380 382 402 407 403 406 256 20 116 113 352 118 353 359 161 162 160 180 97 321 98 43 41 42 87 88 89 168 300 169 303 304 305 232 474 388 385 344 319 249 322 196 453 260 441 254 252 176 114 349 112 117 347 125 307 66 59 67 225 231 245 399 108 341 425 423 424 333 184 159 158 325 326 278 280 342 410 293 265 296 404 464 267 261 263 264 257 258 259 266 22 24 235 91 279 174 173 171 50 46 60 40 140 142 144 25 26 27 44 94 92 411 400 397 440 237 446 233 251 323 396 294 409 55 136 220 214 215 183 187 96 295 297 298 90 378 216 354 308 62 128 320 119 
29 128 144 126 69 8 70 71 62 140 225 67 142 256 245 143 59 231 111 141 28 30 31 145 146 102 147 148 119 27 125 25 220 368 127 136 137 121 52 251 252 398 367 365 207 253 254 255 55 209 249 250 1 68 32 35 10 72 73 11 74 75 76 257 258 259 260 16 216 47 66 60 229 61 7 58 5 359 118 432 224 223 56 114 116 20 244 234 233 396 397 343 299 423 470 469 433 222 434 286 393 395 22 117 334 112 344 345 310 330 394 9 138 139 103 77 78 83 84 85 33 34 149 150 151 152 36 37 38 263 399 261 400 401 402 403 48 3 350 354 18 101 91 86 44 134 26 24 0 374 124 123 21 447 446 219 218 54 430 471 369 120 366 204 215 53 380 381 130 382 321 319 323 322 441 320 170 421 420 449 472 459 364 303 363 362 468 300 348 163 427 460 477 462 189 214 197 208 210 211 291 324 461 177 194 442 390 2 246 193 247 201 248 154 164 195 165 153 155 156 157 79 13 80 81 82 262 264 265 266 267 14 337 301 298 297 404 295 294 478 411 431 409 456 15 17 196 453 333 192 45 174 46 51 40 4 97 238 65 64 6 376 270 241 240 230 57 228 314 384 318 467 180 353 360 352 115 358 392 290 436 438 221 414 361 416 109 342 349 113 339 451 236 450 63 235 457 237 440 185 183 439 424 187 308 383 425 168 166 279 327 278 326 158 417 415 419 458 226 173 172 435 171 175 199 287 437 476 388 479 99 325 347 335 206 212 346 387 385 309 311 312 331 12 329 188 391 288 107 332 105 272 273 275 289 268 269 271 274 276 277 94 92 159 41 42 160 43 161 162 213 217 405 406 407 408 410 412 455 356 304 378 305 169 379 328 465 475 338 466 104 474 340 110 100 19 90 89 182 307 242 135 23 133 454 373 372 122 377 132 131 227 375 178 285 316 283 355 357 315 445 444 443 317 306 302 313 205 422 463 426 129 282 98 96 176 281 341 280 88 87 39 190 448 203 413 370 371 428 181 296 473 464 198 292 167 239 293 93 179 202 191 49 452 429 389 386 418 95 186 284 184 351 200 336 232 108 50 243 106 
209 69 249 250 334 112 344 345 140 141 142 143 310 233 393 330 244 394 395 197 208 210 211 291 460 324 461 462 29 128 144 126 70 251 252 71 253 254 255 177 427 321 319 322 477 194 442 390 74 165 335 163 53 206 212 204 113 346 347 114 348 349 350 387 385 388 479 117 8 62 225 67 256 245 59 231 111 145 146 234 396 397 343 102 147 148 286 309 311 312 437 476 130 185 380 183 235 439 237 201 331 246 137 31 105 85 289 83 198 199 287 20 101 327 99 278 325 109 342 196 213 214 292 463 464 453 136 215 216 167 241 269 239 293 473 296 189 55 28 30 119 27 125 25 220 368 127 121 52 398 367 365 207 257 72 258 259 260 381 382 323 441 320 16 73 76 93 304 313 302 178 428 179 443 444 181 63 97 282 98 339 96 176 242 383 307 187 132 103 107 332 195 248 68 11 75 49 38 157 48 370 35 164 336 188 288 138 54 193 47 192 45 329 421 205 190 104 420 422 448 333 351 115 352 353 354 410 408 389 474 386 116 87 134 374 135 153 133 232 305 412 378 243 169 22 118 1 32 10 66 60 229 61 7 58 5 359 432 224 223 56 299 423 470 469 433 222 434 263 399 261 400 149 150 401 151 402 403 451 236 450 457 440 424 308 425 3 34 78 152 41 174 435 175 221 438 172 436 290 314 315 392 186 316 317 306 95 129 131 182 44 161 43 284 426 184 159 92 458 65 228 238 64 230 51 202 452 247 273 139 36 37 84 106 18 82 276 472 275 454 200 429 191 21 91 86 301 110 15 100 19 279 326 341 108 158 417 415 280 340 281 262 355 283 217 218 405 219 446 406 266 294 267 265 404 418 379 271 166 168 376 270 240 227 268 90 295 298 89 297 9 77 33 26 24 0 124 123 447 430 471 369 120 366 170 449 459 364 303 363 362 468 300 337 264 478 411 431 409 456 475 391 328 384 377 375 455 17 81 156 94 361 180 360 358 445 160 42 162 23 122 57 14 80 13 79 203 413 338 466 373 154 155 50 371 226 416 372 356 465 46 40 4 173 171 277 274 419 357 467 318 285 407 39 88 272 2 6 414 12 
70 251 69 252 144 145 29 146 234 142 233 396 140 141 143 245 397 244 343 256 257 72 258 8 71 259 74 260 380 381 130 382 321 249 319 323 254 322 441 128 126 209 250 253 255 365 137 207 320 398 368 367 263 399 261 400 149 30 150 401 147 151 402 28 31 102 148 403 339 451 236 450 63 235 457 237 440 185 183 310 393 394 439 424 187 308 231 62 225 67 59 111 334 112 344 345 330 395 286 434 224 222 383 425 299 423 470 469 432 433 223 337 301 298 297 404 265 295 267 294 262 264 10 73 75 266 478 411 431 1 68 32 35 11 76 16 409 456 458 426 475 329 391 328 384 131 377 375 455 129 132 242 307 97 282 98 96 176 177 427 460 477 461 326 281 279 119 27 125 25 220 127 136 121 52 55 197 208 210 211 291 324 462 194 442 390 348 163 468 300 471 369 120 364 341 280 170 421 420 449 472 459 366 430 303 363 362 356 435 192 174 173 304 378 305 169 168 379 412 408 410 213 217 405 406 407 33 34 78 152 84 465 9 138 139 103 77 83 85 36 37 38 48 3 338 466 203 413 340 193 202 247 452 191 429 200 447 57 228 230 454 23 232 122 133 64 238 65 182 44 161 43 284 184 186 159 92 95 309 311 312 437 476 388 479 385 190 448 419 158 216 47 66 60 229 61 7 58 5 359 118 56 114 116 20 22 117 165 335 53 206 212 204 113 346 347 349 350 387 201 331 246 199 287 171 175 438 221 414 361 205 422 415 166 327 278 417 226 416 392 290 436 172 336 101 110 91 90 100 89 88 473 296 293 87 474 371 386 464 292 463 351 115 352 355 357 283 467 318 285 79 13 80 81 82 156 157 155 0 2 248 154 164 195 153 86 14 18 15 17 108 268 333 188 107 106 288 332 314 21 123 227 376 240 6 243 239 241 26 124 134 135 24 317 162 179 160 41 42 181 93 313 302 178 428 443 444 99 325 277 354 374 446 219 218 54 215 189 214 105 289 198 109 342 196 453 167 269 306 315 273 272 274 39 276 370 372 275 445 316 45 51 50 46 40 418 271 389 358 360 180 353 94 4 12 270 104 49 373 19 
71 253 254 255 126 102 147 148 286 143 393 141 231 396 142 111 395 343 244 59 16 73 8 258 70 76 260 74 348 163 427 334 460 322 477 209 69 249 250 367 144 323 441 251 252 52 207 137 462 55 127 128 48 3 34 1 78 151 152 28 29 30 31 401 402 145 146 85 211 199 287 246 437 476 197 310 330 388 479 237 233 439 394 112 344 345 140 433 223 222 256 245 382 424 187 308 440 397 234 5 56 67 390 350 22 117 118 119 61 62 225 103 15 17 18 81 82 9 10 11 156 157 267 72 266 75 68 32 35 400 478 411 431 294 259 257 38 165 114 349 83 188 288 138 164 428 335 248 194 181 177 444 442 296 463 291 473 461 132 130 321 319 176 208 210 324 469 303 363 362 366 368 364 120 365 398 457 326 281 339 98 279 320 455 307 383 380 381 20 0 21 54 121 136 196 453 60 189 214 53 218 216 220 123 27 125 25 195 7 45 46 47 26 42 2 44 36 162 33 161 37 277 273 77 276 84 412 261 149 150 407 139 295 328 465 337 405 475 403 168 410 409 263 399 105 289 204 215 342 191 49 429 198 193 247 201 275 438 392 311 331 306 95 315 93 309 312 290 243 169 408 167 389 474 387 346 385 232 64 230 238 63 235 185 183 92 206 212 113 347 459 173 172 170 436 432 435 221 434 416 470 224 458 361 468 299 423 456 377 449 190 448 203 419 159 158 426 425 186 200 454 450 451 236 4 6 57 58 115 116 104 333 354 24 99 325 353 358 359 228 65 229 66 332 100 19 89 12 101 91 86 96 97 13 14 184 285 94 79 80 282 418 414 268 373 370 153 154 155 371 464 293 292 404 265 262 264 318 300 305 375 467 384 356 283 88 87 297 301 298 109 352 422 329 106 107 391 336 372 471 430 445 443 178 175 182 41 179 304 313 302 317 166 135 379 241 269 239 378 129 133 124 134 240 131 376 242 327 278 213 415 316 274 272 472 369 413 421 420 338 466 452 108 340 341 280 43 160 23 122 217 219 446 40 406 357 314 447 227 374 192 50 51 174 39 351 180 284 226 270 271 417 386 171 90 360 205 202 355 110 
142 256 140 245 70 251 69 252 398 144 368 367 29 128 126 146 365 137 207 145 234 233 396 141 143 397 244 343 299 423 470 469 432 225 224 433 231 223 222 8 71 62 67 59 111 259 74 260 434 257 72 258 380 381 130 382 321 249 319 323 254 322 441 209 250 253 255 320 170 421 420 449 472 369 459 366 364 430 471 220 127 121 120 303 363 362 147 28 30 31 102 148 119 27 125 25 136 52 55 403 150 402 468 300 263 399 261 400 149 401 151 339 451 236 450 63 235 457 237 440 185 183 310 393 394 439 424 187 308 334 112 344 345 330 395 286 383 425 168 166 279 327 278 326 158 417 415 419 458 226 416 414 361 392 290 436 438 221 359 118 61 56 58 173 172 435 1 68 32 35 10 73 11 75 76 16 216 47 66 60 229 7 5 114 116 20 22 117 409 456 264 265 266 294 171 175 337 301 298 297 404 295 267 262 478 411 431 426 475 329 391 328 384 131 377 375 455 129 132 242 307 97 282 98 96 176 177 427 460 477 461 281 197 208 210 211 291 324 462 194 442 390 348 163 341 280 88 87 39 206 205 212 422 190 448 203 79 276 277 274 413 370 122 371 372 275 272 273 445 248 444 443 317 306 316 302 313 315 447 446 219 218 54 123 21 124 100 89 169 304 9 138 139 103 77 78 83 84 85 33 34 152 36 37 38 48 3 350 354 18 101 91 86 44 134 26 24 0 374 204 215 53 189 214 338 466 406 407 408 410 110 90 305 356 192 174 378 379 412 213 217 405 465 340 193 202 247 452 191 429 200 57 228 230 454 23 232 133 64 238 65 182 161 43 284 184 186 159 92 95 309 311 312 437 476 388 479 385 165 335 113 346 347 349 387 201 331 246 199 287 50 167 12 99 109 108 325 342 94 157 156 418 268 271 289 227 240 270 164 155 154 373 195 355 181 360 179 178 428 358 314 318 467 180 353 352 115 45 46 296 2 153 13 80 81 82 14 15 17 196 453 333 51 40 4 6 376 241 357 285 463 292 293 336 473 474 386 464 351 283 188 107 106 288 332 243 239 135 162 160 41 42 93 105 198 269 19 104 389 49 
257 70 72 258 263 399 261 400 144 145 29 146 149 30 150 401 147 151 402 337 301 298 297 404 265 295 267 294 142 256 140 245 69 8 71 252 259 74 260 262 264 10 73 75 266 478 411 431 254 455 356 456 435 192 174 173 304 378 305 303 409 169 168 379 412 408 410 300 251 398 368 367 128 126 365 137 207 141 143 28 31 102 148 397 244 343 403 213 217 405 406 407 32 33 1 34 78 152 84 328 465 475 231 396 200 440 454 457 336 338 466 362 327 101 110 91 90 100 89 88 309 175 473 296 293 87 433 172 170 474 371 232 386 464 292 463 171 434 234 233 299 423 470 469 432 225 224 223 222 62 67 59 111 209 249 250 253 255 68 35 11 76 16 320 319 441 351 113 115 352 355 357 283 467 318 285 77 79 13 80 9 81 82 156 48 157 37 155 450 191 429 375 384 381 323 322 106 308 307 383 376 382 377 198 202 452 451 221 329 421 206 205 193 47 45 51 50 66 46 40 39 93 313 302 306 166 479 388 243 167 239 363 453 417 226 418 129 271 269 347 385 346 389 349 468 471 380 130 321 420 449 472 369 459 366 364 430 220 127 121 120 119 27 125 25 136 52 55 334 112 344 345 310 393 330 394 395 286 138 139 103 83 85 36 38 3 425 183 235 439 284 212 53 214 54 218 215 219 446 445 358 447 160 360 180 353 162 153 154 94 158 92 159 41 2 42 43 161 0 277 273 276 274 275 190 188 288 391 228 236 424 187 237 49 279 176 238 229 230 289 105 332 107 361 278 326 208 99 341 109 108 18 86 15 19 44 134 26 17 12 14 177 178 179 311 438 312 436 290 437 477 462 461 460 291 135 387 133 354 350 370 122 372 373 23 325 324 210 342 211 339 63 185 415 419 458 416 414 392 359 118 61 56 58 216 60 7 5 114 116 20 22 117 197 427 194 442 390 348 163 246 247 201 248 164 195 165 280 96 242 182 21 317 316 315 314 186 184 95 268 270 272 281 98 282 97 4 6 199 287 227 131 132 104 241 374 124 240 335 331 422 448 203 204 189 65 64 24 428 443 444 181 476 333 196 57 426 413 123 340 
252 259 74 260 245 397 244 343 403 146 150 145 137 31 29 207 402 148 147 365 320 319 251 250 69 441 255 254 409 456 264 263 265 75 266 257 70 72 258 67 140 11 76 8 71 222 111 231 294 434 224 256 383 425 183 380 235 394 439 234 142 233 396 330 395 141 143 440 297 338 466 475 406 407 337 149 401 408 410 84 30 152 151 399 261 400 144 136 121 52 128 126 35 36 37 38 85 102 28 364 120 367 431 168 468 300 471 299 369 398 368 450 341 280 279 96 176 339 321 323 242 307 461 249 477 322 381 130 382 345 194 442 390 462 253 209 308 455 303 169 457 202 452 451 377 357 356 384 478 285 262 318 411 463 296 404 292 267 155 32 10 73 82 301 298 295 25 114 116 20 58 225 5 56 59 62 83 86 14 9 80 18 16 165 157 48 1 68 362 458 361 221 223 433 88 87 449 171 175 435 438 170 432 414 423 470 469 375 459 205 422 421 415 184 426 158 424 95 185 92 187 65 228 63 238 237 385 344 310 393 476 236 324 201 331 197 312 246 286 350 479 348 334 112 200 454 173 172 89 107 106 332 336 329 391 328 230 218 447 217 465 353 162 358 351 213 405 446 389 349 388 474 243 167 379 378 412 269 274 275 276 77 78 33 34 161 192 174 304 305 7 204 215 216 219 220 53 54 55 124 125 127 0 21 22 119 27 163 164 60 51 40 4 24 43 44 2 3 160 105 289 103 138 139 203 413 272 366 313 363 50 39 166 419 110 90 306 315 430 273 277 472 420 429 109 108 342 340 327 278 326 81 79 282 281 42 181 182 97 98 13 135 123 23 227 376 129 131 132 241 293 464 473 291 460 177 427 444 117 347 195 443 248 335 179 196 453 211 208 210 100 302 46 193 49 191 247 198 240 118 359 314 467 355 214 94 284 283 113 115 352 180 354 418 387 371 232 386 346 153 271 416 417 372 154 370 156 101 91 309 26 360 64 57 229 61 6 47 66 199 287 288 19 12 15 17 159 186 268 270 311 436 290 448 437 428 445 392 373 226 206 104 190 212 333 93 317 41 374 122 133 134 239 189 325 316 45 188 178 99 
254 258 71 70 231 396 143 142 401 147 151 402 126 102 148 144 145 29 146 367 323 322 441 253 255 251 69 252 400 478 411 431 267 73 72 294 260 266 259 59 111 16 8 76 74 256 140 245 257 433 223 222 382 424 187 308 237 393 233 440 343 439 397 286 141 395 244 234 295 328 465 337 405 149 475 407 403 412 261 78 152 30 150 168 410 409 207 55 127 128 52 137 48 3 34 1 28 31 85 398 368 365 263 399 469 303 363 362 366 364 120 457 326 281 339 98 321 279 176 320 132 130 460 477 249 319 455 307 383 348 163 427 334 209 250 462 380 381 300 305 450 191 429 200 375 467 384 356 456 283 318 262 264 464 293 292 404 265 156 157 82 75 10 88 87 297 22 117 118 119 61 56 62 225 67 5 103 15 17 18 81 9 11 68 32 35 38 165 299 423 470 432 224 434 301 298 459 173 172 170 436 435 221 416 458 361 468 377 449 190 448 203 419 159 158 426 425 186 92 185 183 64 230 238 63 235 388 479 476 394 310 454 211 199 287 246 437 197 330 112 344 345 390 350 451 236 171 175 90 188 329 288 391 106 336 338 228 219 217 447 466 352 160 360 180 446 406 213 386 347 385 346 239 378 269 167 408 379 277 273 77 276 84 161 37 33 50 39 166 169 60 189 214 53 218 54 216 220 136 123 21 121 27 125 25 20 0 194 195 7 45 46 47 26 42 2 44 36 162 138 139 83 105 289 421 420 472 369 430 471 192 174 304 415 100 89 302 316 313 275 274 272 413 452 99 327 325 278 108 340 341 80 282 79 280 43 179 41 13 96 97 133 124 134 240 131 241 376 242 129 296 463 291 473 461 444 442 177 114 349 164 428 335 248 181 208 210 324 196 453 110 306 40 49 193 202 198 247 227 116 115 355 357 314 215 284 94 285 354 359 353 351 113 271 232 153 387 389 474 371 418 414 268 373 370 154 155 19 12 290 24 358 65 229 57 58 66 4 6 201 331 332 101 91 86 14 184 95 417 226 392 438 309 422 312 443 178 311 372 270 104 206 205 333 212 317 93 182 122 374 135 23 243 204 342 315 51 107 445 109 
255 76 260 74 111 395 343 244 85 148 152 102 207 402 147 137 31 146 29 52 462 477 253 441 254 250 252 69 38 165 157 48 82 266 75 16 71 73 8 222 231 294 259 258 70 67 245 140 11 5 56 59 390 350 479 348 476 439 394 286 143 393 141 440 397 396 142 330 18 105 289 83 276 84 103 78 28 161 37 407 151 150 30 3 34 1 126 364 120 365 367 144 431 168 410 409 403 145 401 136 121 128 35 36 20 0 21 22 54 55 127 246 196 453 324 473 461 211 460 209 444 442 176 322 319 249 163 427 334 308 455 307 383 320 251 323 345 194 27 44 197 49 198 199 335 370 195 164 68 371 156 155 32 282 97 81 80 10 318 411 267 72 265 15 17 9 362 458 361 468 221 223 434 224 256 433 475 88 87 295 292 297 257 456 264 263 400 478 25 114 116 58 225 62 86 14 53 4 6 7 57 60 61 115 117 118 119 248 216 104 333 189 354 474 349 347 112 232 388 385 344 290 392 437 312 310 92 187 237 233 235 287 279 200 454 457 238 450 234 425 183 380 382 424 201 331 47 66 91 106 107 336 332 188 288 138 311 472 275 273 139 417 379 226 418 277 77 274 284 426 185 184 182 43 162 42 33 160 446 447 406 405 149 412 261 408 45 46 26 2 435 203 413 459 272 366 449 369 398 313 363 368 300 471 299 469 303 381 384 170 50 39 171 166 167 169 305 399 269 338 466 337 328 465 204 215 219 220 124 125 51 40 24 113 19 12 23 122 123 217 213 218 214 247 108 109 340 342 99 325 208 404 464 463 210 378 129 243 296 291 293 317 430 306 445 443 181 428 177 179 13 79 96 98 321 132 130 242 423 158 356 376 375 377 241 341 280 339 326 281 101 134 174 191 202 193 429 452 178 470 416 372 154 373 420 386 389 153 419 414 268 271 415 351 186 285 95 94 159 283 180 359 353 314 467 357 262 100 89 64 304 270 309 438 436 432 175 173 172 451 236 391 110 90 301 298 346 387 352 360 230 229 65 212 63 131 227 228 355 358 190 205 206 448 422 133 135 239 316 315 93 302 41 421 278 374 192 329 240 327 
261 262 263 264 72 404 257 265 213 149 217 405 145 337 401 150 406 403 407 30 379 378 412 399 400 408 409 410 351 113 115 352 355 356 357 283 411 467 318 70 258 455 456 478 431 75 259 266 285 10 8 73 474 371 232 386 473 298 296 464 267 293 292 301 297 295 294 463 284 212 53 214 54 218 215 219 446 445 358 336 465 466 447 160 360 180 151 144 29 146 147 402 200 440 454 457 338 475 328 84 31 152 353 162 32 33 1 34 28 78 102 453 417 226 418 129 243 271 239 269 479 388 304 305 169 167 347 385 346 435 192 174 173 303 168 300 389 349 161 182 210 278 208 325 112 20 114 117 354 21 116 118 359 430 317 316 315 314 198 429 375 384 377 159 186 94 142 256 140 245 69 71 252 74 260 254 106 308 307 383 376 382 381 202 452 451 450 191 37 155 35 11 76 82 184 95 77 79 13 80 9 81 16 68 156 48 157 350 276 420 472 277 370 122 372 373 153 23 133 135 387 477 462 461 460 291 309 175 90 87 89 324 362 327 101 110 91 100 88 433 172 170 171 434 342 211 282 97 185 421 422 206 204 448 189 333 209 52 55 136 216 56 57 5 58 121 220 127 392 432 290 436 444 181 443 179 178 428 289 105 332 288 391 228 236 230 281 98 43 41 251 398 368 367 128 126 365 137 207 141 143 148 397 244 343 231 396 50 49 441 279 176 320 439 238 237 235 234 229 205 107 329 190 188 274 275 83 85 36 38 280 96 42 154 158 92 2 0 3 138 139 103 273 196 423 415 470 416 419 414 268 131 227 240 270 63 6 64 132 241 242 476 395 394 390 348 442 345 344 427 93 313 302 306 166 40 39 46 222 221 193 47 45 51 66 469 363 299 468 471 426 44 321 326 341 340 99 109 334 111 59 22 119 25 120 123 124 125 224 67 225 61 223 248 437 331 312 311 438 287 335 165 195 197 199 201 247 424 187 14 233 62 249 250 253 255 319 323 322 108 19 104 425 183 380 130 374 134 164 163 86 18 17 272 12 4 7 15 246 194 449 459 413 369 366 24 26 65 286 330 310 393 177 364 361 27 339 203 60 458 
265 75 259 266 264 408 409 410 84 150 31 30 403 146 145 407 152 402 151 406 463 296 404 297 257 292 294 267 37 155 35 32 11 74 76 10 72 8 73 456 263 252 260 70 258 318 431 411 82 285 357 262 389 349 388 474 243 169 167 379 261 378 412 303 168 399 400 269 80 274 275 276 83 85 77 28 78 36 38 137 29 148 102 33 1 34 149 338 466 475 337 401 245 397 244 343 207 147 144 446 447 405 157 161 353 162 358 351 218 213 217 418 342 211 210 460 291 453 473 464 135 387 89 298 87 293 371 232 386 173 433 172 170 88 295 301 346 153 160 43 271 415 416 417 372 164 154 370 156 163 68 165 48 86 14 9 18 16 67 140 69 71 255 79 13 81 457 202 452 451 377 356 381 384 478 455 365 320 319 251 250 441 254 222 111 231 142 256 180 354 359 314 467 283 282 97 214 184 95 94 315 284 355 118 113 115 352 373 215 422 204 212 114 348 350 112 347 427 479 344 385 242 227 129 241 239 46 174 304 305 166 226 100 469 363 362 302 299 300 50 39 171 435 192 268 270 159 186 98 459 413 366 272 420 472 277 240 288 289 139 273 199 286 287 246 138 103 105 60 51 40 4 24 44 0 2 3 27 136 121 52 128 126 141 143 395 158 92 41 42 382 205 107 106 332 336 329 391 328 230 454 465 234 236 450 200 440 434 224 383 425 183 380 235 394 439 233 396 330 364 120 367 398 368 333 216 220 219 178 360 426 185 182 117 280 96 181 428 445 127 55 54 53 414 341 340 109 196 278 208 325 253 209 462 324 393 437 476 477 461 249 65 228 63 123 374 23 122 133 134 17 15 12 91 90 309 175 290 191 45 223 436 432 221 312 108 19 110 327 101 281 179 187 423 458 419 470 361 124 429 198 335 195 248 188 334 390 194 193 247 201 197 49 22 66 5 6 7 47 62 25 116 20 58 225 56 59 279 176 93 237 331 132 131 376 375 130 308 307 468 471 369 339 321 323 322 345 442 119 125 313 316 317 189 306 438 392 430 61 21 421 203 448 206 104 177 444 310 229 57 64 238 26 190 99 443 424 449 311 326 
267 73 258 72 411 412 400 261 78 151 102 152 401 147 402 149 30 145 150 405 464 293 292 295 294 404 257 265 34 156 48 157 16 71 8 82 266 76 75 478 431 254 70 260 259 262 263 264 10 283 467 318 386 347 385 346 239 305 378 269 410 167 408 300 399 168 409 379 81 277 273 77 103 28 276 85 84 3 1 126 148 29 31 161 38 37 407 328 465 337 475 403 231 396 143 142 144 146 207 213 217 406 32 33 352 160 360 180 219 446 447 271 325 324 453 461 473 210 291 463 133 232 90 87 298 296 153 387 389 171 434 175 435 301 297 88 474 371 162 42 418 419 414 268 373 195 370 154 155 194 165 68 35 15 17 18 9 11 59 111 255 74 69 282 97 80 450 191 429 200 375 384 455 356 456 381 367 323 322 441 253 251 252 256 140 245 343 222 351 113 115 355 357 285 79 13 215 159 186 284 316 94 314 116 354 359 353 372 214 448 189 333 117 345 112 350 349 442 344 479 388 132 240 241 129 243 40 39 166 169 304 270 110 468 471 299 306 362 303 192 174 173 170 50 417 226 184 95 96 449 420 369 472 413 272 274 227 332 139 289 275 201 330 331 197 105 83 138 7 45 46 47 26 2 27 44 36 0 55 127 128 52 137 395 244 141 426 185 182 43 383 190 188 329 288 391 106 336 338 228 236 466 440 454 457 451 234 433 223 382 424 187 308 237 393 233 439 397 286 398 368 365 364 120 212 53 54 218 445 358 158 92 41 114 281 98 179 443 178 121 136 220 216 416 326 278 99 208 340 196 342 250 462 209 211 394 312 310 249 460 477 64 230 238 124 122 134 374 135 23 14 86 91 12 89 290 172 309 202 51 224 438 221 432 437 327 101 100 108 19 280 181 183 458 423 415 361 470 123 452 247 248 164 335 107 390 334 163 49 198 199 246 193 25 6 62 66 60 4 5 22 118 119 61 56 225 67 339 321 317 235 287 242 376 131 377 307 380 130 469 363 366 279 176 320 319 348 427 20 21 430 315 93 204 302 436 311 313 58 125 203 421 422 104 206 444 177 476 57 229 65 63 24 205 109 428 425 459 392 341 
82 266 76 75 157 161 38 37 407 152 402 151 85 148 102 84 150 31 30 276 282 97 81 18 16 80 11 10 410 318 431 411 294 260 259 267 73 258 72 165 48 255 74 71 8 155 35 32 265 371 370 156 284 426 185 184 182 44 43 162 34 42 33 27 36 3 1 160 292 446 447 406 475 403 405 401 149 168 409 207 147 146 145 412 400 261 78 105 289 83 103 28 111 395 343 244 137 29 126 274 275 77 264 408 417 379 226 418 472 277 273 351 340 339 281 321 98 280 96 79 317 186 91 17 14 13 285 95 94 47 62 66 60 86 9 15 159 283 269 167 180 354 359 353 314 384 467 357 262 381 478 456 263 88 87 295 297 257 222 231 254 70 252 464 293 404 197 49 198 199 335 195 163 164 68 194 52 462 477 253 441 250 69 67 245 140 143 59 271 415 416 372 154 153 463 296 420 474 232 386 122 389 373 470 419 414 268 355 413 333 203 448 458 380 425 424 158 130 183 187 92 444 445 181 179 41 174 46 26 2 24 358 101 119 125 25 134 22 0 51 40 4 7 45 352 360 346 387 291 216 215 220 219 214 218 213 178 391 466 465 217 451 234 236 450 328 337 338 170 50 39 171 166 169 300 305 399 303 364 120 365 367 144 396 142 397 347 385 239 378 334 104 106 107 336 332 188 288 138 311 331 139 286 287 246 201 330 5 56 390 350 479 348 476 439 394 393 141 440 136 121 128 55 127 422 459 366 272 240 270 349 388 243 423 453 473 129 131 227 368 398 369 449 115 196 342 108 341 325 326 278 251 323 320 279 233 63 235 319 176 322 290 392 437 430 316 306 315 93 302 298 301 90 89 12 64 6 65 193 192 225 229 61 58 238 109 110 19 99 100 210 241 344 117 114 113 118 116 313 247 452 377 356 375 329 382 383 455 191 429 200 457 202 299 172 434 175 435 173 433 362 361 468 221 223 224 256 324 461 133 310 454 177 428 443 248 427 345 442 20 21 54 211 460 209 249 308 307 469 363 124 374 135 421 23 57 228 123 432 471 189 204 212 190 205 132 242 237 436 438 309 312 304 206 327 376 112 53 230 208 
268 269 270 271 77 413 272 274 346 153 387 389 154 374 373 155 386 372 371 32 426 458 419 361 414 415 416 417 292 210 291 463 167 241 239 408 418 243 379 139 273 376 240 227 226 84 275 276 412 30 28 78 340 282 339 281 203 364 459 448 277 449 420 120 366 369 472 422 410 113 112 347 344 385 349 388 474 87 293 134 135 133 232 265 296 404 156 248 68 164 195 370 229 454 238 230 124 122 123 37 35 157 464 267 10 72 8 73 1 34 48 333 284 185 184 380 425 159 424 158 108 341 362 468 469 423 325 326 278 221 56 222 223 363 470 471 280 342 266 294 212 213 53 214 208 209 211 324 453 249 460 461 473 166 168 169 305 378 66 65 242 129 132 264 409 261 247 392 246 287 138 103 288 83 289 332 125 356 455 375 307 377 131 58 64 57 228 61 75 80 11 31 85 152 411 400 33 149 145 150 29 151 102 9 81 16 82 196 161 351 182 162 97 321 98 96 79 251 323 320 279 106 104 190 205 421 435 434 365 398 367 189 313 54 52 121 207 127 368 436 433 432 224 438 215 204 407 402 431 115 352 20 114 353 117 354 206 334 345 348 350 310 233 141 393 427 479 442 39 290 170 172 88 295 89 297 298 90 44 27 26 24 23 235 63 237 406 403 259 257 391 445 444 443 390 194 428 163 335 193 201 165 429 199 198 331 452 225 62 336 217 337 465 200 440 457 450 236 439 116 25 21 118 22 160 43 36 38 74 76 405 401 258 13 262 263 70 69 71 0 2 3 42 216 355 283 317 186 285 95 94 130 183 187 92 234 142 396 382 308 383 50 49 191 19 109 100 99 327 110 399 304 303 300 299 245 256 231 311 309 5 111 59 67 343 316 302 430 315 306 318 260 475 218 219 446 55 136 101 197 330 250 462 253 177 319 322 477 437 286 476 394 312 12 171 46 173 174 175 40 91 18 17 47 60 7 6 357 456 146 451 395 329 188 107 105 328 466 338 220 128 119 467 478 384 381 176 441 14 86 137 148 147 41 144 140 143 126 4 15 358 360 180 181 179 252 254 397 51 45 192 202 301 178 93 255 447 359 244 314 
272 139 77 273 270 361 268 414 248 154 68 164 153 32 155 373 195 156 370 374 120 364 366 413 274 369 277 472 247 392 246 287 138 28 103 288 275 83 289 269 271 30 78 84 276 227 418 226 332 376 241 240 221 56 222 223 362 458 468 363 416 469 470 426 419 415 417 471 391 445 444 443 390 194 428 163 335 193 201 1 35 48 165 429 199 198 372 346 387 389 386 371 10 72 8 73 34 157 37 123 135 122 331 452 229 454 238 230 134 124 133 313 54 52 121 207 365 127 367 368 435 434 203 459 449 398 436 433 432 340 282 339 281 448 420 422 224 438 236 451 430 355 317 316 290 476 437 312 311 395 286 330 197 206 329 188 107 105 9 11 31 85 102 465 328 336 292 210 291 463 167 239 408 243 379 412 33 149 145 150 29 151 152 81 16 82 75 80 228 61 65 242 129 131 466 338 125 356 455 375 307 377 132 66 58 64 57 309 21 115 20 116 5 111 59 67 225 343 231 245 256 399 304 303 300 299 108 341 425 423 424 302 333 284 185 184 380 159 158 325 326 278 280 342 315 306 384 381 475 351 358 182 181 360 179 178 166 479 442 427 177 462 255 477 253 348 334 345 101 208 327 99 192 202 45 191 49 51 0 2 3 36 38 74 76 71 467 478 450 200 410 113 112 347 344 385 349 388 474 87 293 232 265 296 404 464 267 79 13 261 262 263 264 257 70 258 259 266 69 162 42 161 160 43 118 22 24 23 235 63 357 456 457 62 217 337 440 439 237 44 27 26 25 93 213 218 53 55 219 136 220 148 137 126 128 260 441 254 147 144 146 301 298 297 174 175 173 172 170 171 106 104 190 205 421 320 279 323 453 196 97 321 98 96 251 214 189 212 215 204 447 234 431 283 285 314 186 95 39 473 461 394 310 393 350 244 143 141 211 460 209 250 324 47 110 15 100 19 109 86 4 6 7 12 14 17 18 405 401 383 294 249 168 169 305 378 409 411 400 94 92 41 406 403 407 402 140 142 60 40 183 130 382 119 308 176 322 187 91 46 352 353 359 114 117 397 396 252 90 89 88 295 50 354 216 233 318 180 319 446 
274 84 275 276 271 415 416 417 37 155 35 32 372 164 154 371 157 370 156 386 422 459 413 366 272 420 472 277 75 80 11 10 31 83 85 30 77 28 78 240 270 288 289 139 273 379 226 418 152 412 239 269 280 342 341 340 425 469 423 426 268 458 419 363 470 361 414 158 150 160 43 161 36 38 33 1 34 74 76 163 68 165 48 72 8 73 153 124 133 122 374 373 287 429 199 198 335 195 248 474 232 389 82 266 464 267 293 292 385 346 387 184 215 204 212 205 421 333 203 448 320 279 367 364 398 449 282 339 281 223 436 433 432 368 369 120 278 79 265 259 159 283 186 284 98 14 13 97 81 86 9 18 16 137 146 29 148 102 286 246 138 103 105 149 145 151 230 58 64 57 132 241 131 129 227 376 428 465 328 391 188 336 332 311 197 331 247 392 404 453 473 378 243 408 407 402 347 411 400 261 305 410 167 461 210 291 463 96 349 352 114 113 211 109 196 208 325 110 108 327 326 383 183 380 308 424 231 222 362 468 299 185 127 316 302 313 303 430 471 225 256 224 221 56 94 92 264 409 403 360 180 179 41 351 182 162 187 24 44 2 42 60 51 40 4 0 3 27 244 67 245 140 252 260 69 70 71 255 348 427 334 390 194 193 201 49 262 263 257 258 377 116 25 125 26 134 21 23 123 237 238 135 236 63 228 229 454 438 437 375 467 478 384 450 191 200 451 452 45 178 177 443 445 444 354 350 479 388 298 296 318 431 294 324 405 401 295 90 87 442 345 344 112 95 219 446 136 216 213 53 214 107 206 104 189 202 171 50 106 190 329 397 235 234 319 176 251 321 323 441 147 126 144 207 365 435 434 170 61 59 312 172 290 309 173 220 128 121 54 52 406 297 456 355 314 285 317 93 322 65 66 91 17 12 22 101 19 15 5 6 7 47 62 250 343 141 142 143 111 395 253 460 209 393 476 310 330 217 337 399 457 46 382 130 307 242 381 356 455 315 306 181 447 475 466 338 99 100 462 477 304 169 168 117 300 175 39 166 394 249 115 359 353 20 119 301 88 192 439 233 396 440 254 118 55 89 357 358 174 218 
277 78 273 77 418 419 414 268 34 156 48 157 373 195 370 153 32 154 155 389 448 449 420 369 472 413 272 274 73 81 16 82 102 103 28 152 276 85 84 227 226 332 139 289 275 269 270 271 30 408 243 379 281 325 326 278 424 468 458 158 417 423 415 471 361 470 416 426 151 162 42 33 3 1 161 38 37 71 8 194 165 68 35 266 76 75 371 123 135 374 122 372 331 452 201 247 248 164 335 346 387 386 10 72 463 265 296 404 388 474 232 159 214 189 333 190 203 212 421 422 323 339 365 398 364 459 79 279 280 224 438 434 221 120 366 368 340 282 267 258 184 285 95 94 96 17 97 13 80 15 18 9 11 126 147 148 29 31 330 197 105 83 138 407 402 150 228 61 65 229 242 129 376 241 240 131 443 466 338 336 107 391 288 392 246 287 198 311 292 210 291 167 239 412 149 145 349 264 409 410 169 261 378 460 453 473 464 98 347 353 117 354 324 99 208 196 342 100 327 108 341 382 187 308 380 425 245 256 299 469 362 92 121 315 306 430 300 313 363 56 222 223 432 225 284 185 411 400 401 358 351 181 182 180 41 160 183 26 2 44 43 7 45 46 47 27 36 0 143 59 231 111 254 70 255 260 74 69 345 442 390 334 163 49 199 193 318 431 294 259 375 118 22 21 24 23 125 134 124 235 63 133 454 238 230 57 236 436 312 377 357 456 356 457 202 451 200 429 51 445 444 428 178 177 113 112 344 385 87 293 262 263 257 211 406 403 297 89 298 427 348 479 350 186 218 213 55 53 446 216 215 188 104 206 204 191 173 192 329 205 106 396 237 440 322 321 441 176 320 251 146 137 207 144 367 170 433 435 58 67 437 175 309 290 171 54 52 127 220 128 405 295 478 314 355 283 93 317 319 64 6 12 14 91 25 19 101 86 62 66 60 4 5 253 142 395 343 244 140 141 250 461 462 394 310 476 286 447 475 168 450 40 383 307 130 132 455 384 381 316 302 179 217 337 465 328 109 110 209 249 166 305 399 114 303 172 174 304 393 477 359 115 352 119 20 88 301 50 233 439 397 234 252 116 136 90 467 360 39 219 
152 276 85 84 82 266 76 75 371 157 370 156 38 165 48 37 155 35 32 161 407 402 151 148 102 150 31 30 417 379 226 418 472 289 275 277 78 273 77 18 16 105 83 103 28 80 11 10 274 282 97 81 410 318 431 411 294 260 259 267 73 258 72 255 74 71 8 265 420 474 232 386 122 372 389 373 153 470 416 335 195 164 154 419 414 268 34 27 44 36 3 1 197 49 198 199 163 68 194 160 43 33 271 415 284 426 185 184 182 162 42 292 446 447 406 475 403 405 401 149 168 409 207 147 146 145 412 400 261 111 395 343 244 137 29 126 264 408 158 423 404 453 473 464 378 129 243 239 269 131 227 240 270 368 398 369 366 272 311 331 332 139 288 448 449 413 47 62 66 60 91 17 86 14 9 15 334 104 106 107 336 188 138 286 287 246 201 330 159 283 186 98 13 79 422 459 351 340 339 281 321 280 96 317 285 95 94 167 180 354 359 353 314 384 467 357 262 381 478 456 263 88 87 295 297 257 222 231 254 70 252 293 52 462 477 253 441 250 69 67 245 140 143 59 463 296 278 279 421 350 349 479 388 347 385 346 298 23 133 135 387 57 236 63 228 123 374 124 432 225 256 224 299 469 471 468 361 363 178 177 428 443 248 452 247 429 325 326 424 458 101 119 125 25 134 26 22 24 0 174 46 2 51 40 4 7 45 141 310 19 196 108 109 50 200 191 202 193 454 348 427 390 345 442 352 360 179 41 187 92 342 341 425 355 333 203 380 130 183 444 445 181 358 291 216 215 220 219 214 218 213 391 466 465 217 451 234 450 328 337 338 170 39 171 166 169 300 305 399 303 364 120 365 367 144 396 142 397 5 56 476 439 394 393 440 136 121 128 55 127 212 308 327 324 211 210 461 460 304 6 64 132 241 242 21 377 375 376 61 65 229 230 58 430 433 438 434 221 223 436 313 93 315 309 312 437 392 189 190 323 192 238 301 90 89 12 110 99 100 209 249 344 204 205 206 329 356 455 316 302 322 176 320 115 251 233 235 319 290 306 117 114 113 118 116 382 383 457 172 175 435 173 362 20 54 307 208 112 237 53 
278 79 279 280 420 212 421 422 94 158 92 159 423 308 424 415 184 425 426 417 210 208 325 327 326 342 341 340 33 180 41 160 13 176 96 80 281 98 282 398 449 441 320 323 339 274 459 413 81 276 472 277 113 346 112 347 53 206 204 214 448 189 333 329 205 190 203 215 10 318 314 285 93 95 283 186 284 2 42 307 187 183 185 37 43 161 419 299 470 469 468 458 440 343 439 397 383 380 382 271 416 268 162 34 371 157 370 156 226 418 414 213 292 291 463 209 211 464 324 453 20 114 101 99 109 196 353 117 354 192 451 193 202 110 108 100 349 352 32 1 446 407 447 406 359 178 360 358 351 177 179 181 182 12 9 14 17 97 238 237 322 321 319 75 11 82 256 170 432 433 368 369 367 366 364 365 455 260 255 254 477 252 251 450 235 234 396 457 155 386 372 275 272 77 73 16 379 152 85 84 289 78 273 122 389 373 153 115 269 410 167 408 387 344 385 388 474 334 345 348 350 52 54 55 136 216 47 45 188 104 107 218 301 475 391 328 138 338 106 171 51 50 191 173 405 219 30 28 8 431 411 384 467 264 357 262 220 313 315 316 355 309 310 311 312 302 317 306 6 39 4 40 0 3 24 36 44 26 241 376 242 132 130 393 233 394 150 31 35 38 144 168 166 300 430 471 303 363 362 225 224 361 231 223 222 434 245 200 454 207 402 148 147 111 395 244 143 142 476 478 375 381 456 377 412 239 240 270 164 154 151 102 48 232 266 76 165 335 195 131 129 227 243 217 294 267 87 293 265 296 404 249 460 461 473 141 197 330 250 462 253 5 56 59 21 116 22 118 119 25 18 91 86 15 19 199 49 201 435 174 236 247 452 429 246 295 90 88 297 89 72 68 29 403 401 149 466 465 125 221 438 428 445 443 304 427 442 444 172 436 290 437 175 23 7 65 60 66 46 64 134 374 135 229 230 228 63 259 74 83 140 392 128 127 121 120 126 146 137 337 336 356 258 71 70 69 479 390 133 124 288 139 103 378 105 198 331 332 57 123 409 400 261 169 305 163 194 286 58 61 62 67 27 399 298 248 145 263 287 257 
80 281 98 282 160 37 43 161 419 159 424 158 186 187 92 284 426 185 184 283 75 11 10 14 13 82 97 81 448 277 449 420 326 323 339 278 79 279 280 179 41 322 321 176 96 351 182 162 340 352 360 180 84 150 31 30 35 36 38 32 33 1 34 24 44 2 42 157 325 418 414 268 468 458 417 423 415 190 203 382 308 380 425 212 421 422 94 302 316 317 93 95 237 393 396 233 130 183 307 262 355 285 413 333 405 215 219 446 467 318 314 155 265 259 266 74 76 72 8 73 83 85 86 9 18 16 77 28 78 40 65 60 66 91 17 12 152 276 214 189 156 389 373 153 273 369 472 272 274 365 398 364 459 100 99 327 108 341 457 440 441 320 251 210 208 342 312 172 436 290 443 178 444 445 181 177 132 460 253 477 254 249 319 63 234 235 439 238 213 149 217 115 358 353 453 196 411 349 114 113 116 354 359 465 407 447 406 275 264 408 409 410 403 146 145 402 151 137 29 148 102 163 164 68 165 48 51 4 0 3 27 154 90 135 123 23 22 134 26 174 47 46 6 39 371 370 347 117 324 243 379 227 226 269 270 271 195 471 361 470 416 434 245 224 256 299 469 362 191 173 45 192 188 104 329 206 205 106 456 377 381 455 383 343 397 142 346 112 53 204 442 169 303 304 363 313 166 430 306 331 311 315 476 392 437 309 310 64 230 427 388 348 479 286 143 141 395 394 231 129 131 242 241 376 261 263 356 357 54 218 474 350 216 401 463 211 136 121 220 375 478 384 431 372 296 404 297 257 292 294 267 252 260 70 258 244 67 140 69 71 255 199 287 246 288 289 138 139 103 105 109 110 101 19 15 5 7 62 175 171 228 61 229 57 59 298 301 89 87 88 464 55 345 387 232 386 374 122 332 438 221 120 366 368 300 207 144 367 170 432 433 222 435 328 49 451 193 202 50 200 338 466 475 452 454 236 450 291 209 20 330 223 194 248 335 428 390 344 334 133 124 240 473 462 461 250 147 126 337 336 21 118 119 400 25 58 225 125 429 391 167 378 412 168 399 52 128 111 198 247 201 197 107 305 295 127 385 239 56 293 
159 283 186 284 80 281 98 282 352 160 360 180 43 179 41 161 351 182 162 37 419 424 158 187 92 426 185 184 405 215 219 446 467 316 355 318 94 314 285 14 13 302 317 93 95 82 97 81 262 75 11 10 448 277 449 420 326 323 339 278 79 279 280 322 321 176 96 340 411 349 114 113 116 115 354 359 353 465 217 443 178 445 358 407 447 406 33 24 36 44 2 42 312 172 436 290 444 181 177 157 38 34 213 149 84 150 31 30 35 32 1 325 418 414 268 468 458 417 423 415 190 203 382 308 380 425 212 421 422 237 393 396 233 130 183 307 413 333 151 401 342 463 211 210 204 136 216 53 214 121 220 54 218 375 478 384 356 357 331 311 313 315 430 410 431 264 40 65 60 66 86 9 91 18 17 12 442 169 303 304 363 166 306 476 392 437 309 310 152 276 85 76 16 73 261 263 155 265 259 266 74 72 8 83 77 28 78 189 156 389 373 153 273 369 472 272 274 365 398 364 459 100 99 327 108 341 457 440 441 320 251 208 132 460 253 477 254 249 319 63 234 235 439 238 453 196 267 258 400 388 474 348 350 346 112 347 109 25 20 119 117 58 224 67 225 125 118 21 429 228 450 236 328 337 391 475 466 336 195 194 248 335 428 221 438 432 292 294 402 403 90 135 123 23 22 0 134 27 26 51 4 3 174 47 46 6 39 394 330 89 296 297 298 173 433 170 435 175 223 479 390 427 344 334 371 370 165 48 148 102 404 257 145 275 408 409 146 137 29 163 164 68 154 324 243 379 227 226 269 270 271 471 361 470 416 434 245 256 299 469 362 191 45 192 188 104 329 206 205 106 456 377 381 455 383 343 397 142 64 230 286 143 141 395 231 129 131 242 241 376 412 147 295 291 473 464 209 462 107 7 5 52 55 128 124 120 368 127 229 62 61 56 57 288 200 247 451 452 454 198 332 103 139 201 197 246 287 167 168 260 171 59 110 101 19 15 301 87 88 461 250 345 378 399 305 300 366 367 289 105 255 71 70 372 252 244 140 69 199 138 387 232 386 374 122 207 144 222 49 193 202 50 338 133 240 126 293 385 111 239 
282 82 97 81 284 426 185 184 157 161 38 37 182 44 43 162 34 42 33 351 340 339 281 321 98 280 96 79 152 276 85 84 76 18 16 75 80 11 10 317 186 91 17 14 13 285 95 94 73 262 355 283 413 333 203 448 458 380 425 419 159 424 158 130 183 187 92 415 266 371 370 156 165 48 155 35 32 148 102 27 36 3 1 150 31 30 160 444 445 181 179 41 66 174 47 46 26 2 24 353 358 180 78 151 213 149 217 405 115 352 360 268 453 196 342 108 341 325 326 278 364 459 251 323 320 279 277 449 420 233 63 234 235 319 176 322 422 274 407 402 417 379 226 418 472 289 275 273 77 105 83 103 28 255 260 74 71 8 62 60 86 9 15 265 259 72 290 476 392 437 430 316 306 315 93 302 134 298 301 90 101 89 12 64 7 6 40 65 406 214 218 357 314 318 267 258 113 261 263 264 356 411 467 54 215 219 446 272 354 474 350 349 216 104 189 204 212 106 190 205 421 362 361 468 469 423 142 396 382 308 383 414 249 129 131 132 381 242 307 394 397 439 237 393 271 416 410 431 294 232 386 122 372 389 373 153 470 335 195 164 154 197 49 198 199 163 68 194 111 395 343 244 207 147 137 146 29 126 119 125 25 22 0 51 4 45 408 409 403 145 166 479 390 442 248 443 427 428 177 432 436 178 175 438 309 312 172 238 229 304 378 399 305 435 192 173 171 39 193 133 124 23 135 123 347 117 118 359 466 447 412 400 401 53 404 257 337 336 465 21 20 116 114 270 473 464 462 324 463 211 210 19 109 99 208 50 200 191 100 327 110 222 221 434 120 366 365 369 398 367 70 69 252 254 441 457 440 450 310 141 57 236 228 230 451 461 250 477 460 253 292 475 168 243 239 269 227 240 368 311 331 332 139 288 334 107 188 138 286 287 246 201 330 52 231 67 245 140 143 59 128 220 136 225 61 58 5 296 297 456 170 247 299 471 363 313 300 169 303 241 376 374 293 295 87 88 206 329 55 127 377 384 478 112 455 454 429 375 56 121 388 385 346 348 345 338 328 202 223 224 256 433 144 344 209 391 167 387 452 291 
184 285 95 94 81 280 96 79 353 162 358 351 42 181 182 33 180 41 160 34 415 425 426 183 185 158 92 159 406 214 218 213 357 315 314 262 284 355 283 17 97 306 93 317 186 10 13 80 318 73 16 82 422 274 459 413 341 320 279 340 282 339 281 319 176 321 98 278 264 347 117 354 118 359 113 115 352 466 447 428 445 178 360 149 217 405 161 26 3 2 44 43 437 175 438 309 177 179 444 32 1 37 446 407 78 151 102 152 48 157 38 342 271 416 417 469 423 268 458 419 205 421 383 380 308 424 333 203 448 235 394 397 439 307 187 130 420 212 150 403 325 464 324 453 189 55 53 216 215 127 54 220 219 377 456 356 384 467 287 392 430 316 313 261 263 411 46 64 7 6 15 18 12 9 14 91 427 305 300 166 471 304 302 310 311 312 290 476 30 77 28 8 11 75 410 431 156 267 258 72 71 266 76 103 276 85 84 204 155 386 372 371 275 366 272 472 277 367 364 398 449 110 109 108 327 326 450 234 251 323 441 196 242 461 250 249 252 477 322 238 440 237 233 63 210 208 265 259 409 385 346 345 112 474 350 349 99 22 119 20 114 61 223 59 56 21 116 125 452 230 457 454 338 475 336 337 465 391 164 163 335 248 443 432 436 221 404 257 145 401 89 133 124 134 25 27 23 0 24 45 47 36 39 4 40 66 174 393 286 90 293 295 87 171 434 435 170 172 224 344 334 442 479 390 153 154 68 35 29 31 292 294 402 273 412 400 147 126 148 194 195 165 370 211 239 269 240 270 379 226 418 363 470 361 414 433 231 222 362 468 299 202 51 50 107 206 106 104 190 329 478 375 455 381 382 142 396 343 65 228 330 244 395 141 245 241 376 132 129 131 408 146 297 473 291 463 462 209 188 60 62 128 136 52 123 368 120 121 57 5 58 225 229 332 451 198 200 429 236 247 288 83 289 199 246 197 331 378 399 70 173 67 100 19 101 86 88 298 301 460 253 348 167 168 169 303 369 365 139 138 69 74 260 373 254 143 111 255 201 105 232 387 389 122 374 144 207 256 193 49 191 192 328 135 227 137 296 388 140 243 
199 286 287 246 83 188 288 138 348 163 427 334 164 428 335 68 390 248 194 35 45 191 49 429 198 193 247 201 253 211 460 209 393 437 476 141 197 310 330 275 289 438 392 311 331 28 139 103 395 31 84 85 99 15 100 19 190 328 329 104 105 106 107 465 391 336 332 206 143 114 349 350 388 479 112 344 345 322 477 181 177 444 442 69 249 250 165 372 155 154 370 195 315 471 306 430 445 443 178 1 32 48 462 255 11 74 75 76 37 38 157 189 7 46 47 173 192 4 50 51 326 327 450 200 451 202 196 108 109 375 467 478 384 236 452 454 101 208 71 254 204 136 215 216 342 463 210 453 324 296 291 473 461 237 396 233 439 394 95 93 309 312 290 140 142 244 416 240 271 270 274 276 272 77 273 472 358 224 434 221 175 432 436 355 317 316 313 314 8 9 10 30 78 102 111 343 36 137 146 29 150 148 152 80 18 82 16 325 3 25 26 27 17 89 12 91 86 297 88 301 110 449 448 203 421 205 383 455 337 338 475 333 228 219 405 217 401 447 466 131 381 377 356 376 53 212 126 147 231 116 20 352 113 119 354 117 422 389 474 346 347 243 169 408 167 387 385 232 187 132 382 130 323 441 321 251 319 176 42 162 182 41 179 304 302 166 128 144 70 252 366 124 133 122 386 371 374 153 373 415 417 156 361 268 414 226 470 357 285 369 121 365 120 468 300 299 362 363 305 115 351 360 359 180 0 2 33 34 72 73 52 207 260 14 67 245 259 265 266 160 43 161 44 214 58 5 64 6 62 66 60 172 174 39 40 303 409 168 170 171 435 424 419 458 281 278 339 340 341 279 397 235 234 440 457 263 456 431 227 242 283 411 318 262 400 57 63 230 229 238 59 258 367 220 54 55 446 213 280 418 379 404 464 292 135 298 87 293 241 269 239 378 129 98 308 185 380 183 307 92 96 81 97 184 94 284 186 225 256 145 469 412 459 413 420 277 364 368 398 218 406 353 56 222 223 433 90 295 13 79 149 151 402 24 403 264 410 407 159 282 125 21 22 134 23 257 294 399 158 426 425 423 320 123 65 267 127 118 261 61 
288 275 83 289 287 429 199 198 372 164 155 154 163 35 68 335 370 165 195 428 465 328 391 188 138 336 105 332 416 240 271 270 274 84 276 272 139 77 273 286 246 31 85 28 103 311 197 331 472 438 437 392 375 467 478 384 450 191 200 236 247 451 452 45 49 193 201 454 366 124 133 122 386 371 374 153 373 415 417 37 32 157 156 361 268 414 248 348 427 334 390 194 11 74 75 76 38 48 1 178 177 443 226 470 315 471 306 430 181 445 444 228 219 405 217 401 337 447 475 466 383 455 190 329 106 338 131 381 377 99 15 100 19 104 107 206 356 376 363 469 230 58 64 57 132 239 241 129 227 412 269 379 418 422 459 413 420 277 80 10 30 78 152 120 364 369 253 211 460 209 393 476 141 310 330 395 36 137 146 29 150 148 102 18 82 16 8 9 313 314 93 309 312 436 368 398 358 224 434 221 175 432 290 95 355 317 316 242 360 116 352 115 283 411 318 262 357 400 431 263 456 397 235 234 440 457 326 327 192 202 50 63 189 7 46 47 173 4 51 196 108 109 101 208 229 238 223 433 367 25 125 26 134 21 23 123 237 385 232 387 135 464 267 293 292 346 389 474 280 342 341 340 425 423 426 458 419 158 160 43 161 33 34 72 73 266 56 222 362 468 143 114 349 350 388 479 112 344 345 322 477 442 69 249 250 462 255 86 14 244 67 245 140 252 259 260 70 71 265 27 44 3 0 2 359 180 41 179 304 302 225 256 299 285 121 365 300 305 166 42 162 182 351 65 136 220 215 446 54 213 218 151 149 407 406 258 295 294 402 403 145 320 319 251 183 307 380 130 382 308 449 448 203 421 205 301 110 88 324 325 17 89 12 91 297 216 333 204 53 212 127 303 231 5 62 61 6 66 187 461 473 378 243 167 347 261 410 408 210 291 463 404 453 184 279 282 339 281 278 79 159 186 284 98 13 97 81 52 207 435 254 296 396 233 439 394 142 111 343 60 40 24 128 144 126 147 264 409 94 92 174 172 170 353 171 90 87 39 96 185 20 119 118 113 354 399 168 257 176 321 323 441 424 117 214 169 59 22 298 55 
105 85 289 83 197 49 198 199 38 165 157 48 335 370 195 163 35 164 68 334 104 106 107 336 332 188 288 138 76 18 82 16 152 276 84 102 103 78 28 311 331 472 275 273 139 286 287 246 31 141 310 330 19 196 108 109 50 200 191 51 201 202 193 454 429 452 247 45 148 27 44 36 161 37 3 34 1 266 75 371 156 155 32 71 73 8 194 178 177 428 443 248 226 470 417 416 372 154 373 348 427 390 11 74 209 69 249 250 344 345 442 4 216 333 189 203 190 204 205 206 88 100 337 338 328 329 86 110 101 356 376 455 375 465 391 466 99 15 255 260 47 62 66 60 91 97 17 14 9 282 81 80 10 407 402 151 150 30 379 418 277 77 274 126 147 29 313 314 93 315 309 312 438 437 392 436 122 368 398 369 420 366 272 240 271 270 414 227 253 211 460 393 476 395 137 146 112 140 142 143 233 244 394 291 324 461 462 12 350 119 354 117 453 340 342 325 208 339 341 326 327 170 39 171 173 192 263 456 457 451 450 40 217 229 238 230 440 228 236 467 478 384 377 357 7 46 111 343 207 125 25 134 26 22 24 0 174 182 43 42 2 284 426 185 184 162 33 160 410 318 431 411 294 259 267 258 72 265 474 232 386 389 153 419 268 415 59 231 254 70 221 359 180 360 41 179 358 181 445 304 302 444 471 306 430 316 363 131 129 432 225 256 224 299 423 469 468 361 158 124 133 374 123 135 114 349 388 479 322 477 67 245 252 210 128 144 251 321 319 387 346 385 347 6 220 136 446 215 55 214 53 413 448 422 212 458 380 425 459 421 449 168 166 300 87 89 295 90 301 297 145 149 401 403 475 382 381 383 355 262 241 307 242 132 308 219 405 447 218 406 52 441 222 61 58 5 65 64 298 317 186 98 13 96 351 281 280 79 285 95 94 159 283 292 409 412 400 261 264 408 404 473 464 378 243 239 269 127 367 396 362 92 435 175 172 290 434 223 433 57 63 23 121 365 120 364 278 279 463 296 237 439 397 113 234 130 183 235 167 293 118 116 20 353 352 323 320 424 169 305 399 303 257 115 213 176 56 21 187 54 
39 290 170 172 87 12 88 89 317 166 430 306 168 299 300 169 302 303 304 167 6 4 40 50 171 46 173 174 444 182 445 181 392 432 436 437 175 438 309 294 295 256 433 434 435 296 297 298 312 291 292 293 2 23 0 24 9 19 15 14 90 86 91 108 100 110 301 17 476 185 284 186 355 316 95 315 93 248 443 470 471 363 313 427 428 177 305 431 410 409 400 399 398 144 368 367 469 362 468 243 408 378 179 442 387 344 346 385 269 239 412 13 63 57 64 5 7 65 60 66 1 3 49 51 45 47 43 36 44 106 203 104 190 191 192 202 26 42 479 390 97 321 282 98 161 351 162 160 41 115 358 360 178 247 246 287 331 311 472 369 224 221 223 393 286 310 402 475 407 403 266 267 259 265 257 258 423 142 140 245 225 231 222 459 366 364 365 449 388 135 389 463 404 473 394 330 241 249 209 460 210 461 464 153 133 386 232 33 129 130 131 132 122 21 123 124 134 20 22 25 27 8 10 11 16 18 105 107 109 101 99 80 200 339 340 341 196 326 327 328 188 329 205 338 96 81 477 462 395 380 183 426 184 187 159 92 82 262 283 285 94 217 54 213 218 357 314 467 139 391 138 288 68 194 164 163 335 195 226 417 416 414 361 121 120 127 322 253 348 334 260 381 384 478 318 411 456 264 263 152 151 261 146 150 145 401 147 421 420 70 251 69 252 29 128 126 137 207 220 425 415 458 424 419 242 227 418 379 349 474 319 250 345 374 233 141 112 113 347 268 270 271 240 79 234 235 236 228 237 230 238 56 58 61 229 52 53 55 59 62 67 28 30 31 32 34 35 37 38 48 197 198 199 201 193 204 206 189 337 336 413 333 448 422 216 450 429 451 457 452 439 350 255 323 320 176 281 280 157 149 405 352 180 353 356 116 118 359 466 406 447 219 465 154 103 275 83 289 332 273 370 371 372 276 277 274 272 396 143 211 148 446 76 75 73 72 74 254 71 279 278 158 397 244 343 111 125 119 373 156 342 453 324 376 208 212 214 325 77 155 382 383 307 377 375 114 117 136 78 84 85 102 165 455 454 354 441 308 215 440 
291 87 292 293 387 344 346 385 166 167 168 169 269 410 408 239 305 412 378 241 249 209 460 210 463 461 464 473 39 290 170 172 88 294 295 89 296 297 298 153 389 266 267 265 404 133 386 232 90 134 374 135 310 233 141 393 334 112 345 427 388 348 479 113 347 349 474 442 12 317 430 306 299 300 302 303 304 50 171 431 409 400 399 46 173 174 243 268 270 271 418 379 407 152 402 151 411 261 264 132 240 129 175 40 238 66 229 65 376 242 227 177 321 251 319 69 250 322 253 477 197 330 208 211 324 462 437 286 476 212 213 53 214 325 453 342 394 312 6 4 444 182 445 181 392 432 436 438 309 256 433 434 435 108 19 100 110 301 475 403 259 257 258 17 15 91 77 413 272 274 154 373 155 372 371 156 318 82 76 75 260 73 72 405 401 149 150 406 64 237 230 124 122 23 14 86 307 44 27 26 125 24 123 454 235 228 63 311 130 185 380 183 234 142 396 397 439 140 143 244 395 165 335 163 194 390 206 204 114 350 117 428 278 351 115 352 20 353 354 448 189 333 215 422 179 443 2 0 9 284 186 355 316 95 315 93 248 470 471 363 313 398 144 368 367 469 362 468 106 203 104 190 49 51 191 45 192 202 381 384 478 456 263 146 145 147 42 3 7 47 32 426 458 419 361 414 415 416 417 139 273 226 84 275 276 277 78 446 447 157 161 38 37 85 148 102 31 30 207 283 467 262 285 357 187 382 377 131 58 57 43 36 60 440 97 18 62 225 61 356 455 375 383 178 282 98 339 323 96 320 176 70 252 254 441 29 128 126 71 255 74 105 289 83 198 331 199 287 246 201 101 327 99 109 196 136 216 55 420 421 217 54 218 219 52 281 326 340 280 341 13 5 1 162 160 41 358 360 247 472 369 224 221 223 423 245 231 222 459 366 364 365 449 200 107 328 188 329 205 338 451 236 450 391 466 465 337 81 16 25 28 120 68 164 195 370 35 34 48 180 359 314 80 11 10 8 343 111 457 452 116 21 22 308 119 220 127 118 336 429 184 159 92 425 424 67 59 137 332 288 138 103 193 158 279 56 33 94 121 79 
88 294 87 295 170 50 39 171 431 168 410 409 166 167 169 300 400 305 399 299 108 19 100 12 89 110 90 301 402 475 407 403 266 292 267 259 297 265 257 290 172 291 293 296 298 434 175 435 258 256 432 433 106 203 104 190 49 4 51 191 173 45 192 6 40 46 174 202 260 381 384 478 318 411 456 264 263 152 151 269 408 412 261 146 150 145 303 317 430 306 302 304 387 344 346 385 239 378 243 468 471 362 401 147 398 144 368 367 470 469 363 200 339 340 341 196 109 326 99 327 105 107 9 15 86 101 328 188 329 2 23 0 24 14 91 17 205 338 207 148 451 234 236 450 391 447 466 465 337 446 406 405 149 82 76 75 73 72 153 389 463 404 464 252 74 70 444 182 445 181 392 436 437 438 309 312 241 249 209 460 210 461 473 133 386 232 388 135 365 449 369 224 221 222 254 71 423 142 140 245 225 231 223 472 459 366 364 336 458 380 426 425 413 333 448 422 421 216 189 204 206 197 198 199 201 193 1 3 7 47 60 429 13 63 57 64 5 65 66 43 36 44 26 42 457 452 343 111 255 130 382 131 377 383 375 455 247 314 467 357 356 180 354 359 353 285 262 283 157 161 38 37 85 102 84 31 30 78 268 270 271 418 379 349 474 347 397 244 137 29 476 185 284 186 355 316 95 315 93 248 443 313 427 428 177 179 442 134 374 310 233 141 393 334 112 345 348 479 113 132 240 129 242 227 424 419 414 361 121 120 396 143 126 420 251 69 128 220 127 226 417 416 415 454 321 323 282 281 320 280 279 453 342 325 278 350 119 117 324 208 211 165 335 163 289 332 83 288 138 103 8 10 11 16 18 25 27 22 41 33 122 21 123 124 20 98 80 97 96 81 441 52 395 235 237 440 228 230 139 178 360 219 217 218 94 215 214 213 162 358 351 352 160 276 48 155 35 32 34 156 77 272 274 154 373 372 371 319 250 67 390 115 246 287 331 311 286 394 330 238 229 376 322 253 477 462 212 53 277 273 58 56 59 158 62 125 118 61 370 275 183 187 308 184 159 136 55 114 195 164 68 194 28 92 79 54 439 307 116 176 
89 296 297 298 172 46 173 174 243 169 408 167 303 409 168 304 378 399 305 302 17 15 12 100 88 91 301 90 388 135 389 387 463 265 404 291 87 292 293 433 170 259 257 294 295 309 435 175 473 312 436 290 26 42 3 2 7 45 47 6 39 4 40 191 192 50 171 66 460 242 227 129 418 379 241 269 239 349 474 264 410 261 412 344 346 385 166 469 363 362 299 300 403 146 150 145 263 400 431 93 313 306 232 479 179 442 443 444 316 317 430 64 96 81 97 16 18 13 9 14 25 27 99 19 101 86 23 0 24 190 328 188 329 327 110 108 44 134 427 348 65 235 228 63 123 373 374 122 133 156 153 371 386 342 211 210 453 464 406 407 266 267 72 249 209 461 367 459 366 364 223 432 222 221 434 256 456 252 74 260 75 70 258 337 149 401 402 475 177 41 178 311 438 437 477 462 186 394 330 310 331 476 392 360 182 445 181 124 95 183 184 185 162 34 33 161 43 48 1 38 36 67 58 5 62 60 189 104 49 51 193 57 326 450 429 200 199 451 202 421 206 205 106 203 238 229 393 286 253 383 307 375 376 130 131 132 61 414 226 270 240 277 78 273 77 268 271 417 215 422 204 212 114 350 113 112 347 354 285 357 262 318 411 152 151 30 233 141 334 345 231 425 415 423 416 470 458 361 468 127 368 471 207 120 365 398 144 338 466 245 397 244 343 137 31 29 148 147 84 455 356 478 381 384 92 94 314 315 335 428 439 395 390 160 319 250 194 195 248 467 283 355 284 230 320 176 280 79 321 282 98 73 82 10 80 102 103 28 8 11 76 136 121 52 116 125 20 21 22 119 324 325 208 196 109 105 107 138 449 448 465 288 391 336 83 279 278 341 339 340 322 163 143 234 440 237 236 454 118 369 472 370 372 154 419 157 32 155 413 272 274 276 420 352 216 213 53 214 333 446 353 358 351 218 447 217 405 251 69 197 126 275 59 56 225 224 111 142 140 457 452 377 441 255 254 71 37 35 180 359 198 287 246 159 201 332 139 247 219 115 380 308 187 426 158 165 68 85 220 54 55 128 117 424 281 164 396 382 289 323 
168 299 166 300 88 294 87 295 256 170 432 433 39 290 172 171 434 175 435 50 431 410 409 167 169 400 305 399 398 144 368 367 470 430 471 469 303 363 362 12 89 317 306 302 304 110 90 301 468 108 19 100 402 475 407 403 266 292 267 259 297 265 257 291 293 296 298 258 423 142 140 245 225 224 231 223 222 472 369 392 436 438 221 459 366 364 173 6 4 40 46 174 444 182 445 181 437 309 312 202 51 192 365 449 106 203 104 190 49 191 45 260 381 384 478 318 411 456 264 263 152 151 269 408 412 261 146 150 145 387 344 346 385 239 378 243 401 147 421 420 70 251 69 252 29 128 126 137 207 220 127 121 120 226 417 416 414 361 248 443 316 313 315 425 415 458 2 23 0 24 9 15 14 86 91 17 476 185 284 186 355 95 93 427 428 177 179 442 205 338 107 109 101 327 424 419 200 339 340 341 196 326 99 105 328 188 329 148 451 234 236 450 391 447 466 465 337 446 406 405 149 82 76 75 73 72 153 389 463 404 464 74 241 249 209 460 210 461 473 133 386 232 388 135 254 71 279 278 158 233 396 141 143 397 244 343 8 62 67 59 111 125 359 119 118 61 56 58 370 122 371 372 276 277 275 274 272 273 247 246 287 331 311 360 178 358 320 280 422 413 13 63 57 64 5 7 65 60 66 1 3 47 43 36 44 26 42 479 390 97 321 282 98 161 351 162 160 41 115 393 286 310 394 330 457 452 201 193 204 206 323 281 448 336 380 426 333 216 189 197 198 199 429 255 130 382 131 377 383 375 455 314 467 357 356 180 354 353 285 262 283 157 38 37 85 102 84 31 30 78 268 270 271 418 379 349 474 347 134 374 334 112 345 348 113 132 240 129 242 227 308 212 79 319 322 441 250 253 28 27 25 136 52 55 229 219 218 54 123 22 21 116 124 289 156 164 155 154 373 195 139 138 288 68 194 163 335 183 184 342 33 20 10 11 16 18 80 96 81 477 462 395 187 159 92 94 217 213 332 103 211 208 325 454 453 350 117 324 165 83 235 237 440 228 230 215 214 352 48 35 32 34 77 238 376 53 176 439 114 307 
295 110 90 301 300 400 305 399 202 171 51 50 175 40 39 435 192 174 173 434 258 267 294 293 87 257 298 297 205 338 107 106 109 86 101 108 88 19 100 306 166 14 91 12 89 362 304 303 327 468 471 299 401 147 151 402 411 412 261 431 168 410 409 239 378 167 169 263 341 457 452 451 201 193 200 49 191 204 206 60 4 47 45 203 104 190 170 437 438 309 290 172 24 43 36 44 66 46 6 222 221 433 329 421 365 449 369 398 224 256 432 478 254 71 70 73 72 260 266 259 405 149 464 292 404 265 475 407 403 385 133 386 232 473 296 291 145 337 459 422 456 382 377 381 466 332 336 391 328 103 105 138 188 211 342 196 208 99 22 0 9 15 18 339 340 326 181 427 428 177 315 430 93 313 302 317 65 98 80 13 11 97 17 134 27 26 2 23 364 207 120 361 363 469 279 278 245 424 419 458 414 423 470 121 144 368 367 465 231 396 143 142 126 102 148 29 146 78 152 30 150 283 467 318 262 264 347 346 269 408 379 384 461 132 240 241 271 129 243 479 474 388 387 344 455 356 425 415 280 237 440 230 454 234 236 450 357 331 247 198 429 194 48 195 165 197 199 246 114 348 349 350 215 212 216 333 189 53 59 61 62 5 7 1 3 38 380 426 413 448 95 393 286 476 287 392 310 311 312 358 445 436 41 178 179 444 182 135 123 186 187 159 92 160 37 161 33 42 35 238 229 64 63 57 343 111 56 223 272 366 308 158 420 137 323 281 277 273 472 58 67 225 140 375 322 441 253 255 251 69 252 16 8 76 74 34 156 157 82 75 10 352 360 180 219 217 446 447 406 213 325 324 453 210 463 153 389 371 442 345 124 372 122 374 155 477 462 460 249 209 320 274 184 130 307 383 131 376 218 443 248 139 288 289 330 28 85 83 334 335 163 68 390 136 113 119 354 117 112 20 55 127 128 118 21 125 25 321 282 268 162 164 285 314 355 316 94 185 284 242 227 228 176 79 96 81 31 84 52 54 270 416 417 244 418 373 370 226 116 220 233 439 397 141 395 77 276 32 115 359 353 351 214 394 250 275 183 235 154 319 
169 302 303 304 89 296 297 298 312 172 436 290 173 433 170 174 309 435 175 46 243 408 167 409 168 378 399 305 179 442 443 444 316 363 313 317 166 430 306 100 88 469 362 299 300 91 301 90 93 17 15 12 388 135 389 387 463 265 404 291 87 292 293 259 257 294 295 473 186 394 330 310 331 311 476 392 437 360 178 223 432 221 438 182 445 181 39 191 45 192 50 171 367 459 366 364 222 434 256 66 47 40 177 41 26 42 3 2 7 6 4 460 242 227 129 418 379 241 269 239 349 474 264 410 261 412 344 346 385 403 146 150 145 263 400 431 232 479 43 160 461 319 250 249 345 194 390 334 427 195 248 335 428 467 283 355 314 315 127 368 470 471 361 185 284 95 190 328 188 329 99 19 327 101 110 108 231 425 415 423 416 458 468 207 120 365 398 144 44 134 27 18 86 14 92 94 64 96 81 97 16 13 9 25 23 0 24 348 65 235 228 63 123 373 374 122 133 156 153 371 386 342 211 210 453 464 406 407 266 267 72 209 456 252 74 260 75 70 258 337 149 401 402 475 477 462 98 80 159 397 439 244 395 233 141 393 324 201 197 246 286 332 273 103 139 247 287 198 219 465 405 217 352 180 115 351 358 359 61 59 56 225 224 472 369 272 321 282 161 162 326 450 429 200 199 49 451 193 202 189 104 51 421 206 205 106 203 147 126 341 320 280 279 422 274 413 420 449 275 343 111 245 142 140 238 229 62 60 38 36 176 79 33 124 183 184 34 48 1 67 58 5 57 253 383 307 375 376 130 131 132 414 226 270 240 277 78 77 268 271 417 215 204 212 114 350 113 112 347 354 285 357 262 318 411 152 151 30 338 466 137 31 29 148 84 455 356 478 381 384 187 37 281 251 441 322 69 255 117 107 105 165 163 68 452 370 154 164 391 138 288 289 336 116 446 54 213 218 447 220 118 22 21 55 128 52 121 380 426 82 448 83 325 208 196 109 278 339 340 254 71 143 308 158 424 419 372 155 125 119 76 11 10 230 73 102 28 8 136 20 234 440 237 236 454 157 32 276 216 53 214 333 353 457 377 35 323 396 85 382 
297 100 89 88 303 409 169 168 191 173 45 192 172 46 174 170 50 39 171 433 259 265 257 296 298 294 87 295 190 328 188 329 99 15 19 327 301 101 110 302 304 17 12 91 90 299 166 300 108 469 363 362 403 146 150 145 264 408 410 263 399 261 400 243 167 378 305 431 326 450 429 200 199 49 451 193 202 189 104 7 47 4 51 421 206 205 435 312 436 290 309 175 26 42 3 2 6 40 66 256 432 434 106 203 367 459 366 364 223 222 221 456 252 74 260 75 266 70 72 258 406 407 463 404 292 267 337 149 401 388 135 389 387 291 293 473 402 475 449 448 478 383 375 455 465 288 391 336 338 83 138 105 107 324 325 208 196 109 25 27 18 86 9 279 278 341 179 442 443 444 316 313 317 430 306 93 64 96 81 97 16 13 14 23 0 24 44 134 398 144 368 470 471 468 339 340 231 425 415 423 416 458 361 127 207 120 365 466 245 397 244 343 137 31 29 148 147 84 30 152 151 285 357 262 318 411 349 474 379 412 269 356 460 242 227 129 418 241 239 344 346 385 232 479 381 384 424 419 281 235 234 228 236 440 454 457 467 287 198 247 452 163 35 164 68 246 201 197 117 345 347 112 214 333 53 212 204 216 67 58 5 62 60 38 36 1 308 158 420 422 186 394 330 310 331 311 476 392 437 360 178 438 182 445 181 177 41 133 124 95 183 184 185 162 34 33 161 43 48 63 57 65 238 229 142 140 225 224 472 369 380 426 413 126 320 280 274 275 272 61 59 56 111 377 319 251 250 69 441 255 254 11 76 8 71 37 155 32 10 73 82 353 358 351 218 447 213 217 405 446 342 211 210 453 464 371 386 153 427 348 123 373 374 122 156 249 209 461 477 462 323 277 159 307 130 382 376 131 219 428 335 289 332 139 286 85 28 103 390 248 194 165 334 55 354 20 113 114 350 119 136 121 52 116 125 21 22 176 79 417 160 195 283 355 314 315 284 92 94 132 240 230 321 282 98 80 102 78 128 220 226 414 268 143 271 372 154 270 118 54 439 233 396 395 141 276 77 157 359 115 352 180 215 393 253 273 187 237 370 322 
298 91 301 90 304 378 399 305 66 174 47 46 435 192 173 175 40 171 39 309 473 404 296 257 297 293 295 87 44 134 27 26 18 101 86 17 89 15 12 362 303 327 110 100 88 306 300 166 14 93 313 302 232 479 474 388 379 261 412 243 169 408 167 263 400 409 168 239 97 238 229 65 62 60 64 7 6 38 36 193 45 51 4 42 3 2 172 222 221 434 433 170 329 421 206 205 202 50 191 437 438 290 24 43 177 41 178 179 311 312 436 129 477 462 461 453 464 460 463 291 371 386 72 265 267 292 135 389 387 145 337 149 401 258 294 259 385 133 182 161 241 307 376 242 374 125 124 123 23 119 25 22 0 76 82 16 11 9 138 188 99 19 109 96 81 13 364 207 120 365 361 363 468 471 299 469 451 279 278 326 208 341 108 338 107 106 190 328 181 427 428 315 430 317 98 80 310 92 94 95 314 186 316 335 442 443 444 122 476 439 395 394 390 350 348 345 344 354 349 347 346 417 226 418 271 269 30 150 264 410 411 227 70 455 356 456 262 478 431 147 151 402 403 146 132 240 185 284 282 440 237 454 230 235 228 63 270 225 61 58 57 128 216 220 136 67 5 59 85 148 152 102 157 37 48 34 1 35 246 247 201 199 49 189 104 204 183 184 162 33 458 343 111 231 56 223 245 224 256 272 366 432 449 369 398 367 459 475 391 423 308 158 424 420 212 422 448 203 53 457 452 200 450 429 393 286 287 392 358 445 187 159 160 334 176 79 180 359 360 198 197 331 330 131 441 322 255 253 319 250 249 196 324 211 209 333 446 215 342 210 325 276 472 277 370 372 156 373 153 155 10 8 73 75 266 406 407 405 144 29 336 217 465 466 213 254 71 260 252 74 321 351 426 383 382 130 375 377 154 368 127 118 21 116 140 117 114 20 137 121 52 55 126 165 84 103 78 28 31 83 68 248 194 139 288 332 105 320 280 285 413 54 268 414 416 470 419 425 415 381 384 236 323 281 339 340 112 113 163 164 357 355 283 141 318 447 219 467 289 195 397 396 233 244 143 353 352 214 275 273 77 274 32 142 69 115 380 234 218 251 
305 306 300 166 90 293 295 87 437 175 438 309 171 434 435 39 290 170 172 40 239 412 378 400 399 167 168 169 181 427 428 177 315 471 430 93 304 313 302 110 301 468 299 362 303 12 88 89 317 14 86 91 385 133 386 232 464 267 292 473 298 404 296 258 294 257 297 291 95 393 286 476 287 392 310 311 312 358 445 224 221 432 436 41 178 179 174 202 51 50 192 173 365 449 369 398 256 433 222 6 4 46 444 182 24 43 36 44 60 66 47 461 132 240 241 271 269 129 379 243 347 346 411 261 410 408 479 474 388 401 147 151 402 431 409 263 387 344 42 162 460 322 253 477 348 163 334 390 442 164 335 248 443 357 285 314 355 316 121 120 361 363 470 92 94 186 205 338 107 106 109 101 108 19 100 327 245 424 419 458 414 423 469 144 368 367 364 207 2 23 0 9 15 17 185 284 65 98 80 13 11 97 18 22 134 27 26 345 64 237 230 238 124 372 122 374 135 155 371 153 389 325 324 453 210 463 405 149 72 265 266 462 478 254 71 70 73 260 259 475 407 403 145 337 249 209 96 81 184 396 233 143 141 439 395 394 211 199 246 197 330 288 275 83 289 198 331 247 218 466 406 447 353 351 359 180 360 115 58 67 225 56 223 272 366 472 176 79 33 160 341 457 452 451 201 193 200 49 191 204 206 45 203 104 190 329 421 146 137 326 323 281 339 448 277 420 413 459 273 142 140 231 343 111 63 57 5 7 1 3 321 282 161 123 187 159 37 35 38 59 61 62 229 250 382 130 377 131 307 376 242 416 270 226 227 274 84 276 417 418 268 214 189 333 117 112 354 350 349 113 283 467 318 262 264 30 150 152 328 465 126 102 148 29 78 381 384 456 455 356 183 34 280 441 251 319 255 69 114 188 138 68 194 165 429 154 370 195 336 105 332 139 391 118 213 220 446 219 217 54 116 25 125 136 52 128 127 308 158 10 422 103 342 196 208 99 340 279 278 252 74 244 380 426 425 415 373 156 21 20 8 16 82 228 75 31 85 76 55 119 440 234 235 454 236 32 157 77 53 216 215 212 352 450 375 48 320 397 28 383 
307 92 308 187 439 238 440 237 13 176 79 96 441 279 320 322 98 323 321 477 241 376 242 455 383 132 382 130 41 2 33 42 94 158 159 95 183 184 185 343 397 423 424 425 380 393 396 233 186 476 395 394 134 387 374 135 229 454 230 65 235 228 63 200 457 450 234 64 93 12 9 14 10 80 17 81 97 180 160 278 280 281 282 181 162 182 319 260 255 254 252 251 421 398 420 449 326 339 341 460 253 249 43 179 479 444 390 442 462 461 250 66 167 269 239 270 240 243 227 129 125 124 356 375 377 131 24 123 23 337 106 336 338 456 381 478 133 26 177 178 6 39 4 40 0 1 3 36 44 32 34 37 161 318 314 285 283 284 212 422 415 426 419 306 315 317 207 402 148 147 111 244 231 143 142 245 327 299 470 469 417 468 458 190 448 203 459 205 427 388 348 286 141 310 302 316 473 290 392 437 246 312 330 350 385 345 344 27 291 87 292 293 346 153 389 386 232 154 373 372 122 225 62 61 58 57 217 465 429 236 452 60 263 50 49 191 198 202 451 403 466 475 328 401 46 7 309 311 313 88 89 19 15 90 86 91 5 8 11 16 18 30 77 28 78 73 82 75 446 407 447 406 359 360 353 358 351 352 210 208 325 342 340 274 413 277 175 438 428 445 222 294 266 259 76 74 258 71 70 52 137 69 367 126 144 146 365 329 206 256 170 432 433 368 472 369 366 364 276 100 99 108 110 109 296 463 211 209 163 334 172 436 443 474 166 430 248 68 194 196 453 324 464 47 168 169 410 408 305 412 378 268 271 418 379 272 139 273 414 226 416 220 128 127 119 25 118 22 21 116 355 262 357 467 384 288 391 332 145 149 104 105 107 188 289 409 264 431 400 411 304 335 221 171 173 174 51 45 20 29 31 35 38 48 72 155 156 157 151 102 152 84 150 354 219 214 218 213 405 215 113 112 347 53 204 189 333 300 471 287 120 85 56 59 67 140 223 434 224 192 193 101 303 363 362 361 371 370 349 114 199 197 331 404 247 138 103 201 216 117 295 297 298 267 265 164 195 275 136 55 54 121 115 257 261 165 435 301 83 399 
309 310 311 312 93 304 313 302 344 177 334 427 178 335 428 179 442 443 444 41 174 435 175 221 438 172 436 290 249 291 209 460 141 197 330 393 437 286 476 314 315 198 331 287 392 186 316 317 394 92 94 95 298 91 301 90 399 362 303 305 306 300 166 361 363 471 430 169 233 387 346 385 112 345 388 348 479 69 250 165 163 194 390 322 253 477 181 359 180 360 358 445 289 336 105 332 195 248 164 43 160 182 461 319 13 176 79 96 33 42 162 378 66 47 46 192 173 40 171 39 257 297 222 434 433 170 293 295 87 120 272 364 366 223 432 224 89 296 321 251 167 241 269 239 292 210 463 464 473 208 211 324 462 140 142 143 244 395 85 83 199 246 201 237 396 439 447 220 446 219 318 285 467 283 355 357 370 454 200 429 49 452 247 273 103 139 288 275 98 14 80 159 284 185 235 397 2 307 308 187 158 183 184 10 17 81 97 404 44 134 27 26 18 101 86 15 12 327 110 100 88 263 261 400 409 168 207 365 468 299 469 412 56 270 268 414 458 416 470 127 367 368 369 121 243 408 130 380 234 374 135 153 389 133 386 232 410 113 347 349 474 53 206 212 204 114 350 117 29 128 144 126 70 252 71 254 255 74 38 157 48 35 68 188 138 107 132 382 323 441 384 125 119 118 354 353 116 352 115 407 406 351 465 405 217 218 466 472 276 356 376 455 375 337 106 338 328 391 104 373 156 154 372 155 24 36 37 161 281 282 242 383 320 9 238 440 279 278 280 32 1 34 3 379 229 65 62 60 64 7 6 193 45 51 4 329 421 205 202 50 191 145 149 401 72 265 258 267 294 259 343 111 231 245 256 449 398 459 54 52 77 413 274 277 203 61 59 225 58 67 63 339 381 240 227 129 271 418 266 213 214 325 453 342 20 99 109 196 136 215 216 189 55 8 146 102 147 148 137 31 76 82 16 152 84 78 28 230 457 424 475 333 431 411 264 262 478 377 456 226 417 371 228 450 236 451 19 108 11 75 419 426 425 0 423 420 422 415 30 73 124 123 23 25 22 326 341 190 150 151 402 403 260 21 5 340 131 122 448 57 
313 314 93 315 311 221 309 438 359 178 180 360 177 41 179 428 358 181 445 335 361 362 363 304 302 471 306 430 447 220 446 219 318 94 285 467 316 283 355 310 312 92 95 186 317 287 437 392 357 198 197 331 120 272 364 366 222 435 434 223 436 433 432 174 175 172 290 224 384 125 119 118 354 353 116 352 115 407 406 33 160 162 351 465 405 217 443 344 334 427 442 444 13 176 79 96 42 182 43 164 163 248 218 466 289 336 105 332 165 195 194 56 270 268 414 458 468 416 469 470 207 365 399 303 300 299 127 367 368 298 91 301 90 305 166 169 369 121 391 475 225 229 62 61 128 216 136 55 54 333 215 214 213 410 431 411 264 262 10 80 159 284 184 375 478 356 249 291 209 460 141 330 393 286 476 394 2 307 308 187 158 183 185 17 81 97 98 14 288 275 83 199 246 247 377 456 370 454 200 429 49 452 201 85 273 103 139 52 154 374 153 373 77 413 274 277 472 203 459 449 398 343 111 231 245 256 257 297 173 170 171 59 378 66 47 46 192 40 39 293 295 87 89 296 58 67 236 451 381 134 124 27 25 123 22 21 140 350 117 114 20 453 340 196 342 349 113 347 266 292 294 267 402 403 151 401 149 150 32 1 34 37 161 281 282 280 228 450 328 337 233 387 346 385 112 345 388 348 479 69 250 390 322 253 477 461 319 12 9 439 238 440 237 441 279 320 323 321 278 26 3 44 24 36 372 155 35 68 188 138 230 457 338 276 376 455 106 104 107 38 157 48 156 5 241 240 269 271 227 418 226 426 419 415 417 339 108 341 425 423 424 260 255 254 148 137 147 126 144 146 263 261 400 409 168 100 88 110 473 404 18 101 86 15 327 239 412 167 243 408 131 329 234 65 64 57 60 7 29 462 324 189 53 204 474 448 422 212 463 211 210 325 464 152 259 73 258 72 265 75 30 28 78 8 11 16 82 242 383 191 251 208 142 143 244 395 396 235 397 6 4 0 132 382 130 380 420 421 84 31 45 193 202 371 50 19 109 51 76 102 135 133 122 389 386 190 205 326 74 71 70 252 145 232 379 206 63 23 99 129 
302 186 316 317 312 172 436 290 43 179 160 41 443 360 178 444 182 445 181 442 169 303 304 363 313 166 430 306 98 14 80 13 159 283 284 92 93 94 95 331 311 467 355 314 315 476 392 437 185 394 330 310 89 296 297 298 173 433 170 174 309 435 175 223 432 221 438 39 187 24 36 44 37 161 2 33 42 281 282 352 180 351 162 176 79 96 177 195 194 248 335 428 219 465 405 217 115 358 359 479 390 427 97 321 461 319 250 249 345 344 334 46 243 408 167 409 168 378 399 305 100 88 469 362 299 300 91 301 90 366 127 367 368 470 471 361 87 12 322 323 40 65 60 66 86 11 9 18 17 75 10 82 81 419 424 158 426 184 215 446 318 285 262 307 308 183 332 273 103 139 201 197 247 246 287 198 116 375 478 384 411 356 357 54 213 218 447 220 477 473 462 395 286 393 130 380 385 235 397 439 244 233 141 324 291 209 460 15 388 135 389 387 463 265 404 292 293 259 257 294 295 191 45 192 50 171 459 364 222 434 256 47 416 61 59 56 231 225 224 472 398 369 120 272 6 4 237 396 382 123 23 22 0 134 27 26 51 35 38 1 3 84 150 31 30 32 34 157 448 277 449 420 326 339 278 279 280 340 349 114 113 354 353 407 406 149 238 440 441 320 452 373 156 370 48 165 154 68 164 107 105 163 391 138 288 289 336 121 136 429 228 450 236 328 401 337 475 466 151 21 20 118 125 119 232 474 350 348 255 253 63 234 251 464 242 383 252 74 69 117 347 112 346 7 227 129 418 379 241 269 239 264 410 261 412 403 146 145 263 400 431 190 188 329 99 19 327 101 110 108 425 415 423 458 468 207 365 144 275 274 55 126 128 52 147 226 417 414 270 268 132 254 457 229 57 64 62 5 109 83 85 76 16 8 155 266 72 73 77 28 78 152 276 325 203 212 421 422 413 333 342 211 210 204 216 53 214 376 455 343 338 102 202 193 49 199 451 454 200 58 67 25 131 381 377 456 267 258 453 196 111 143 142 386 245 137 29 140 189 208 374 122 133 153 371 260 70 402 104 206 205 106 341 372 271 71 230 124 148 240 
318 94 314 285 446 407 447 406 33 180 41 160 359 178 360 353 162 358 351 354 410 431 411 384 467 264 357 262 79 10 13 80 92 93 95 159 283 186 284 220 219 313 315 316 355 214 218 213 184 333 216 215 266 292 294 267 402 475 403 151 405 401 149 391 466 465 217 150 158 32 1 34 2 42 37 43 161 176 96 177 179 181 182 281 98 282 352 125 119 118 116 115 311 221 309 438 428 445 443 347 117 113 81 280 453 340 196 342 350 349 114 152 269 167 408 168 409 412 400 261 260 259 381 478 456 263 73 258 72 236 247 451 452 377 356 375 265 75 278 279 30 77 28 78 8 9 11 16 82 12 14 17 97 307 308 187 183 185 310 312 302 317 306 419 424 426 225 229 62 61 128 136 127 55 54 121 335 361 362 363 304 471 430 287 437 392 436 331 325 464 324 189 53 212 415 425 474 413 203 448 104 422 204 462 463 211 210 76 346 153 387 389 291 87 293 296 404 88 295 297 257 207 148 147 146 145 234 450 328 337 338 102 131 139 138 288 329 332 336 230 457 454 429 228 84 31 420 421 423 154 155 68 35 156 48 157 29 0 3 36 38 6 39 4 40 24 44 26 439 238 440 237 441 320 322 323 321 319 344 334 427 442 444 172 290 175 277 449 326 339 368 374 134 124 27 25 123 22 21 140 67 20 223 59 56 58 224 198 197 120 272 364 366 222 435 434 433 432 174 164 163 248 195 194 386 385 345 112 99 208 274 459 341 473 268 458 108 19 109 390 479 348 388 85 270 271 241 239 418 243 379 166 169 305 378 170 50 171 300 399 303 343 111 231 255 74 254 71 70 252 380 130 382 383 455 191 200 202 57 63 246 193 201 199 192 240 132 376 227 242 417 327 398 273 275 276 103 83 69 5 7 15 18 86 23 89 90 91 65 60 66 46 64 477 397 393 396 233 235 394 249 209 460 141 330 286 476 414 468 190 256 47 144 126 137 52 367 369 365 289 105 165 416 469 470 299 298 301 461 250 188 206 205 232 106 49 51 107 395 253 373 372 371 135 133 100 110 173 244 143 142 245 251 122 129 101 472 370 45 226 
306 95 315 93 437 175 438 309 42 181 162 182 428 358 445 177 41 178 179 427 305 300 166 471 430 304 313 302 96 17 81 97 184 285 94 185 317 284 186 287 392 357 314 355 316 310 311 312 92 393 286 476 90 293 295 87 171 434 435 39 290 170 172 224 221 432 436 174 183 26 3 2 34 33 44 161 43 280 79 353 351 180 160 321 282 98 444 164 163 335 248 443 218 466 406 447 359 360 115 344 334 442 13 176 460 322 253 477 348 479 390 40 239 412 378 400 399 167 168 169 110 301 468 299 362 303 12 88 89 369 121 365 120 361 363 470 298 91 319 320 46 64 7 6 15 16 18 9 14 73 82 10 80 415 425 426 158 159 214 213 262 283 318 130 380 187 288 275 83 289 199 246 198 197 331 247 118 377 456 356 264 384 467 220 446 219 217 54 249 291 209 141 330 394 307 308 388 237 396 233 143 439 395 211 473 462 461 86 385 133 386 232 464 267 292 404 296 258 294 257 297 202 51 50 192 173 449 398 256 433 222 4 414 58 67 225 245 56 223 272 364 366 368 472 66 47 235 397 383 124 134 25 27 23 0 24 45 48 1 38 36 78 151 102 152 157 37 32 422 274 459 413 341 279 340 339 281 278 347 117 354 113 352 149 405 407 63 234 251 323 429 372 155 154 35 68 370 165 195 188 138 194 336 105 332 139 391 127 55 452 230 457 454 338 403 475 337 465 150 125 119 116 21 20 387 346 112 345 69 250 238 440 441 463 132 382 254 71 255 114 349 350 474 60 240 241 271 269 129 379 243 411 261 410 408 401 147 402 431 409 263 205 107 106 109 101 108 19 100 327 424 419 458 423 469 144 367 207 273 277 136 137 52 128 146 270 268 416 226 417 242 252 450 57 229 65 5 62 99 103 28 8 11 76 156 72 266 75 276 85 84 30 77 342 421 333 203 448 420 212 325 324 453 189 53 216 215 131 381 142 328 31 191 49 193 201 200 236 451 61 59 22 376 455 375 478 265 259 210 208 140 244 343 389 231 126 148 111 204 196 122 374 135 371 153 70 260 145 206 104 190 329 326 373 418 74 228 123 29 227 
185 317 284 186 97 321 282 98 444 182 445 181 161 351 162 43 179 160 41 44 130 380 183 426 184 187 159 92 290 476 392 437 430 355 316 306 95 315 93 82 81 262 283 285 94 14 80 13 302 91 18 17 233 63 234 235 251 339 323 319 96 320 176 340 281 280 79 322 166 479 390 442 248 443 427 428 177 432 436 115 358 360 178 175 438 309 42 157 38 37 34 33 213 149 217 405 352 180 353 24 36 2 312 172 66 174 47 46 27 26 3 249 129 131 132 381 382 242 383 307 142 396 458 425 424 308 394 397 439 413 333 203 448 419 158 415 237 393 39 170 477 473 462 461 395 246 286 330 310 247 287 331 311 470 299 471 363 313 54 218 357 314 467 305 300 304 152 276 85 84 76 16 75 11 10 73 113 261 263 264 356 411 318 215 219 446 406 214 40 65 60 86 9 12 169 303 134 298 301 90 101 89 15 62 64 7 6 141 23 232 122 133 57 236 228 230 238 451 450 457 440 70 69 252 254 441 364 459 341 279 326 250 268 453 196 342 108 325 278 277 449 420 422 274 460 253 87 88 168 474 388 350 348 385 345 344 255 68 194 163 334 139 391 138 288 164 335 195 368 472 398 369 256 433 224 434 221 223 21 20 116 118 359 466 447 465 293 295 171 435 266 371 370 156 165 48 155 35 32 148 102 1 150 31 30 78 151 212 53 72 404 257 265 145 337 401 403 407 336 349 114 354 347 117 135 123 22 0 51 4 296 297 173 229 378 399 192 193 45 119 125 25 124 209 379 243 226 227 239 240 241 384 377 375 376 475 329 328 478 455 456 144 29 146 140 143 245 244 343 231 362 361 468 469 423 205 421 190 77 272 216 104 189 204 106 418 414 417 271 416 167 50 294 464 463 291 324 211 111 28 103 201 197 199 154 452 429 198 275 83 289 332 273 225 367 121 365 120 366 127 56 5 58 52 55 136 220 412 400 110 402 105 260 74 71 8 259 267 258 210 208 112 408 409 410 431 454 200 61 59 109 19 100 374 327 206 188 99 128 67 386 389 387 372 373 202 191 338 126 137 207 147 222 153 270 49 292 346 107 269 
319 96 320 176 235 394 397 439 95 183 184 185 383 425 380 307 92 308 187 242 461 250 249 252 251 477 441 322 42 181 162 182 81 280 79 97 321 282 98 450 234 341 279 339 323 238 440 237 13 65 228 63 442 385 345 344 330 244 395 310 233 141 393 245 343 142 396 476 17 306 315 93 285 94 317 284 186 34 33 415 426 158 159 44 161 43 130 478 375 455 381 382 459 205 422 421 423 424 458 241 376 132 41 2 135 24 123 23 227 129 131 312 293 464 473 324 462 291 209 460 194 390 74 69 255 253 177 334 427 146 365 137 207 260 254 70 479 444 26 3 437 175 438 309 428 358 445 178 179 353 351 180 160 73 16 82 10 80 274 413 340 281 278 91 18 14 328 401 465 337 429 236 200 454 457 451 469 110 109 108 342 327 326 398 420 449 203 364 134 387 374 229 230 64 12 9 243 40 60 66 61 6 57 373 232 122 133 443 239 305 412 378 386 347 346 474 388 117 112 350 348 201 331 197 246 286 31 29 140 143 111 311 259 434 224 256 67 222 231 402 148 147 144 145 290 392 46 7 15 300 166 471 430 304 313 302 287 357 314 355 316 406 214 218 213 262 283 318 78 151 102 152 48 1 157 38 37 32 271 416 417 268 419 333 448 212 174 47 27 36 191 400 411 431 467 384 263 356 456 288 391 377 106 336 338 475 329 367 366 202 171 51 50 107 204 206 104 190 215 299 470 468 362 361 167 269 270 240 125 124 39 4 0 389 90 86 22 118 21 414 418 226 379 436 295 87 267 292 298 404 296 325 453 210 463 189 55 53 208 211 196 103 332 105 195 248 165 335 163 68 11 75 76 8 71 128 126 52 403 150 369 121 120 368 136 294 266 258 257 72 89 25 45 435 170 172 221 432 164 466 447 359 360 115 264 354 113 352 149 217 405 446 407 156 28 276 85 84 30 77 155 372 371 275 272 472 277 301 101 62 188 219 199 198 247 452 49 192 193 433 223 363 88 19 100 99 349 114 153 154 225 58 5 408 59 127 54 56 273 370 399 168 169 261 410 119 20 216 139 289 83 138 35 409 265 116 173 303 220 297 
81 280 96 79 162 34 42 33 415 184 425 426 95 183 185 94 158 92 159 285 73 16 82 17 97 10 13 80 422 274 459 413 341 320 279 340 282 339 281 181 182 319 176 321 98 180 41 160 278 353 358 351 78 151 102 152 48 3 1 157 161 38 37 26 2 44 43 32 342 271 416 417 469 423 268 458 419 205 421 383 380 308 424 333 203 448 284 306 315 93 317 186 235 394 397 439 307 187 130 318 314 283 420 212 406 214 218 213 357 262 355 156 267 258 72 71 8 266 76 75 103 28 15 18 9 11 276 85 84 46 64 7 6 12 14 91 30 77 215 204 155 386 372 371 275 366 272 472 277 367 364 398 449 110 109 108 327 326 450 234 251 323 441 453 196 325 437 175 438 309 428 445 177 178 179 444 242 461 250 249 252 477 322 238 440 237 233 63 446 407 447 359 360 352 210 208 264 347 117 354 118 113 115 466 149 217 405 273 411 412 400 261 401 147 402 145 150 126 148 29 31 194 195 165 68 35 45 47 27 36 0 370 89 133 124 134 25 23 24 39 4 40 66 174 153 154 349 114 211 239 269 240 270 379 226 418 164 363 470 361 414 433 231 223 222 362 468 299 202 171 51 50 107 206 106 104 190 329 478 375 455 381 382 142 396 343 474 350 216 189 427 305 300 166 471 430 304 313 302 287 392 316 310 311 312 290 476 65 228 442 385 345 344 330 244 395 141 393 245 241 376 132 129 131 410 431 384 467 220 219 346 112 53 403 464 324 55 127 54 377 456 356 263 373 293 292 295 294 404 257 265 254 70 260 259 143 59 111 255 74 69 201 331 197 332 139 105 289 83 138 99 100 19 101 86 62 60 5 172 173 230 58 57 229 67 87 88 90 298 301 463 136 348 232 387 389 122 374 288 436 432 368 369 120 303 144 207 365 435 221 434 256 170 338 193 200 49 191 192 451 328 465 337 429 236 454 457 473 462 119 286 224 163 335 248 443 334 479 390 135 123 227 291 209 460 253 146 137 475 391 125 116 20 409 22 61 56 21 452 336 378 167 408 399 168 128 52 140 247 198 199 246 188 169 297 121 388 243 225 296 
97 321 282 98 182 44 161 43 130 185 380 183 284 426 184 186 187 159 92 317 91 18 17 82 81 14 80 13 233 63 234 235 251 339 323 319 96 320 176 351 162 340 281 280 79 179 160 41 322 444 445 181 66 174 47 46 27 38 36 26 42 3 2 157 37 34 33 24 249 129 131 132 381 382 242 383 307 142 396 458 425 424 308 394 397 439 95 262 355 283 285 94 413 333 203 448 419 158 415 302 316 93 237 393 290 476 392 437 430 306 315 134 298 301 90 101 86 89 15 12 62 60 76 16 11 9 64 7 6 152 276 85 84 75 10 73 40 65 310 141 23 232 122 133 57 236 228 230 238 451 450 457 440 70 69 252 254 441 364 459 341 279 326 461 250 477 213 149 217 405 115 358 352 360 180 353 268 453 196 342 108 325 278 277 449 420 422 274 312 172 436 443 178 177 460 253 166 479 390 442 248 427 428 432 175 438 309 229 304 378 399 305 435 192 173 171 39 193 45 51 4 119 125 25 22 0 148 102 48 1 35 124 266 371 370 156 165 155 32 150 31 30 78 151 135 123 344 334 209 379 243 226 227 239 240 241 21 384 377 375 376 475 329 391 328 478 455 456 144 145 29 146 140 143 245 244 343 231 362 361 468 469 423 205 421 190 385 345 330 395 113 261 263 264 356 357 411 467 318 54 218 314 215 219 446 406 214 77 272 354 474 350 349 216 104 189 204 212 106 418 414 417 271 416 169 303 363 313 331 311 388 348 286 170 473 462 246 247 287 470 299 471 300 374 404 296 257 297 293 295 87 327 110 100 88 206 138 188 99 19 109 128 220 136 225 61 67 58 5 59 255 260 74 71 8 103 28 83 407 402 472 289 275 273 105 265 259 72 267 258 291 197 112 386 389 387 372 373 56 447 466 452 454 429 431 202 191 200 401 465 337 338 403 256 126 365 137 207 147 367 222 221 434 120 366 369 398 464 324 194 53 336 20 116 118 359 114 347 117 153 154 270 463 211 210 208 50 49 433 223 195 335 163 168 68 139 288 164 368 224 412 408 167 400 409 201 199 107 127 121 52 55 111 410 294 198 346 269 332 292 
43 179 160 41 98 14 80 13 302 186 316 317 159 283 284 92 93 94 95 187 24 36 44 37 161 2 33 42 312 172 436 290 443 360 178 444 182 445 181 281 282 352 180 351 162 176 79 96 177 322 323 321 40 65 60 66 86 11 9 91 97 18 17 75 10 82 81 12 442 169 303 304 363 313 166 430 306 331 311 467 355 314 315 476 392 437 185 419 424 158 426 184 405 215 219 446 318 285 262 307 308 183 309 310 237 393 396 233 382 130 380 90 135 123 23 22 0 134 27 26 51 4 35 38 1 3 174 47 46 84 150 31 30 32 34 157 6 39 394 330 89 296 297 298 173 433 170 435 175 223 432 221 438 195 194 248 335 428 465 217 115 358 359 479 390 427 448 277 449 420 326 339 278 279 280 340 411 349 114 113 116 354 353 407 447 406 213 149 439 238 440 441 320 319 344 334 132 460 253 477 254 249 251 457 63 234 235 171 242 243 227 129 228 61 229 57 64 59 62 5 7 109 110 101 19 15 83 85 76 16 8 301 155 265 259 266 74 72 73 77 28 78 152 276 87 88 461 250 345 408 167 409 168 378 399 305 100 469 362 299 300 366 127 367 368 470 471 361 332 273 103 139 201 197 247 246 287 198 375 478 384 356 357 54 218 220 473 462 395 286 325 418 414 268 468 458 417 423 415 190 203 425 212 421 422 413 333 151 401 342 463 211 210 204 136 216 53 214 121 410 431 264 261 263 241 376 455 383 343 397 291 209 141 230 388 348 143 231 142 456 377 381 131 295 389 387 373 374 232 122 133 118 21 125 124 55 126 128 119 25 20 107 205 206 202 50 193 192 45 49 163 164 68 165 48 148 102 29 274 275 403 146 145 402 137 153 154 156 371 370 385 244 324 404 292 293 257 294 191 459 364 222 434 256 416 56 225 224 472 398 369 120 272 452 105 391 138 288 289 336 429 450 236 328 337 475 466 474 350 255 189 365 99 327 108 341 208 453 196 267 258 400 346 112 347 117 58 67 454 200 260 252 69 240 71 147 144 70 338 451 379 269 239 226 270 111 140 52 106 329 188 104 199 271 372 245 464 412 207 386 
322 98 323 321 237 393 396 233 186 187 159 92 382 424 308 130 185 380 183 132 460 253 477 254 441 249 251 319 43 179 160 41 80 281 282 13 176 79 96 457 440 326 339 279 320 63 234 235 97 64 230 238 427 388 348 479 286 143 141 476 439 395 394 231 142 343 397 310 14 302 316 317 283 284 93 94 95 37 161 419 158 426 184 2 33 42 307 456 377 381 455 383 449 190 448 203 458 425 423 129 131 242 182 44 133 26 124 134 240 241 376 437 296 463 291 211 209 473 462 461 163 334 71 255 69 250 444 390 442 147 367 126 144 70 252 260 344 177 24 36 312 172 436 290 443 360 178 445 181 352 180 351 162 75 11 10 82 81 277 420 278 280 340 12 9 17 338 403 466 475 452 454 451 236 450 200 468 100 99 327 325 108 341 364 413 459 421 398 23 232 122 57 228 65 91 18 239 46 7 6 58 66 229 372 387 374 135 428 243 169 408 167 389 349 474 346 385 114 350 112 345 199 287 246 197 330 102 148 111 244 140 392 258 433 223 222 59 256 245 145 29 146 207 402 309 311 40 60 86 303 304 363 313 166 430 306 331 467 355 314 315 405 215 219 446 318 285 262 84 150 31 30 35 38 32 1 34 157 418 414 268 417 415 212 422 333 39 4 0 3 202 409 264 263 357 356 431 384 478 332 336 375 329 391 328 337 106 365 369 191 173 45 192 188 189 104 206 205 214 362 361 469 299 470 378 379 226 227 21 123 174 47 27 386 89 15 25 116 125 416 271 270 269 438 297 298 265 404 87 292 293 342 210 453 464 204 136 216 196 324 208 83 288 138 164 335 68 248 194 165 16 73 8 76 74 52 137 128 401 151 366 127 368 120 55 257 72 259 294 266 90 22 51 170 435 175 432 221 195 465 217 115 358 359 411 113 354 353 407 447 406 213 149 155 85 77 28 78 152 276 156 373 153 273 472 272 274 88 19 5 107 218 201 247 198 429 193 50 49 434 224 471 301 101 110 109 347 117 371 370 56 61 62 412 67 121 220 225 275 154 168 399 305 410 261 20 119 53 289 139 103 105 48 400 267 118 171 300 54 295 
45 199 191 49 99 15 100 19 83 188 288 138 190 328 329 104 105 106 107 189 7 46 47 173 192 4 50 51 163 35 164 68 287 429 198 246 193 247 201 326 327 450 200 451 202 196 108 109 197 324 325 208 3 25 26 27 17 89 12 18 101 91 86 297 88 301 110 9 286 31 84 85 275 289 28 139 103 428 335 465 391 336 332 390 248 194 206 449 448 203 421 205 478 383 375 455 337 338 475 216 333 204 165 334 117 345 347 112 214 53 212 16 67 58 5 64 6 62 66 60 42 2 172 174 39 40 38 44 36 303 409 169 168 170 171 435 0 1 348 427 11 74 75 76 37 155 32 157 48 372 154 370 195 438 437 392 311 331 467 384 236 452 454 395 476 330 424 468 419 458 281 278 339 340 341 279 401 397 235 234 228 440 457 263 356 456 381 431 350 119 354 453 342 211 141 310 55 250 461 462 464 209 210 353 20 113 114 34 136 137 121 52 116 124 125 21 22 133 134 23 24 96 81 97 13 14 302 304 298 90 87 82 433 259 265 257 296 294 295 299 166 300 399 362 8 10 253 460 393 146 29 150 30 148 152 102 80 274 276 77 78 416 240 271 270 272 273 472 315 471 306 430 181 177 445 444 443 178 219 405 217 447 466 131 377 376 255 477 479 442 323 365 369 398 277 420 364 413 459 159 158 422 380 426 425 423 308 400 411 320 252 319 251 183 242 307 130 382 227 145 149 403 402 407 128 220 446 215 474 349 69 249 344 118 244 394 385 386 346 406 218 213 54 73 245 140 224 225 111 56 59 230 57 229 61 132 239 241 238 65 63 95 184 185 162 33 182 161 43 41 312 436 290 309 175 378 305 167 469 363 264 408 410 261 243 256 432 434 222 221 143 388 322 260 70 71 266 72 160 415 417 371 156 153 366 122 374 373 361 268 414 226 470 358 93 355 317 316 313 314 360 352 115 283 318 262 357 343 439 473 187 418 98 282 79 280 321 441 176 258 267 151 142 233 396 237 123 135 359 180 404 463 291 127 293 412 269 292 285 351 207 144 126 120 368 232 387 129 94 284 186 92 179 367 223 389 254 147 379 231 
324 99 325 208 117 345 347 112 188 189 190 104 214 448 333 53 206 212 204 55 250 461 462 464 453 209 210 211 45 199 191 49 100 326 327 19 196 108 109 353 354 281 278 340 342 20 113 114 101 22 118 119 330 244 394 395 442 385 344 390 350 479 348 386 346 474 349 334 15 83 288 138 328 329 105 106 107 173 192 449 203 421 205 4 50 51 216 406 218 213 446 215 419 159 424 158 420 422 413 52 54 136 193 47 59 60 61 62 127 128 220 194 74 252 69 319 249 255 477 253 312 310 293 473 291 460 246 476 286 412 271 239 269 292 463 404 141 197 7 46 163 35 164 68 287 429 198 247 201 450 200 451 202 297 89 88 301 110 468 458 339 341 279 9 12 86 285 264 357 262 358 359 351 115 352 180 277 80 98 282 323 79 280 417 423 415 426 268 5 111 56 21 116 25 18 91 126 36 24 0 123 27 125 223 140 225 67 331 137 31 146 29 245 397 343 142 143 235 439 233 393 179 443 444 177 427 305 378 232 388 387 248 267 155 372 371 133 153 389 410 167 408 379 261 165 335 3 26 17 84 85 275 289 28 139 103 428 465 391 336 332 478 383 375 455 337 338 475 303 409 169 168 172 174 170 39 171 435 365 369 398 364 459 380 425 308 1 2 6 40 162 150 403 407 466 447 149 217 405 315 314 219 284 355 283 318 94 418 414 160 37 43 161 186 187 92 185 184 382 276 472 274 77 272 148 207 120 121 57 58 38 44 66 231 11 14 65 228 229 366 367 368 144 195 75 76 259 260 8 70 71 320 251 441 254 183 242 307 176 322 321 302 316 317 436 311 290 392 437 309 90 295 87 298 296 129 243 241 411 400 416 240 270 226 132 266 294 265 72 257 16 64 42 32 157 48 154 370 438 467 384 236 452 454 401 234 440 457 263 356 456 381 431 433 304 299 166 300 399 362 434 224 256 471 361 470 469 10 13 23 95 377 181 445 178 360 182 33 41 156 373 273 82 97 81 96 396 237 222 221 122 124 134 147 135 227 376 374 363 432 30 152 102 145 402 63 238 130 313 430 306 93 175 151 258 230 34 78 131 73 
100 326 99 327 191 173 45 192 449 190 448 203 188 189 104 329 421 206 205 328 297 89 88 15 19 301 101 110 424 468 419 458 281 325 278 339 108 340 341 199 49 324 208 196 109 451 193 202 279 450 429 200 303 409 169 168 172 46 174 170 50 39 171 7 47 4 51 435 323 365 369 398 277 420 364 413 459 159 158 214 333 212 422 380 426 425 106 83 288 138 105 107 117 345 347 112 53 204 216 475 391 338 423 308 478 383 375 455 465 337 336 433 259 265 257 296 298 294 87 295 302 304 17 12 91 90 299 166 300 3 25 26 27 18 86 9 399 362 382 187 434 245 224 256 471 414 361 470 469 418 268 417 415 80 98 282 79 280 353 354 453 342 210 251 321 320 163 35 164 68 287 198 246 247 201 197 55 250 461 462 464 209 211 20 113 114 350 119 381 431 384 236 452 457 441 176 401 397 235 234 228 440 454 467 263 356 456 363 403 146 150 145 264 408 410 261 400 243 167 378 305 312 436 290 309 175 42 2 6 40 66 432 16 67 58 5 64 62 60 38 44 36 0 1 222 221 396 237 322 137 207 121 120 144 368 367 438 273 472 272 366 156 389 373 153 77 274 276 160 37 43 161 186 92 284 185 184 94 406 218 213 446 215 474 349 346 142 233 130 183 286 31 84 85 275 289 28 139 103 428 335 332 390 248 194 165 334 22 118 330 244 394 395 442 385 344 479 348 386 52 54 136 128 220 402 407 447 466 131 377 343 439 307 411 252 319 242 227 376 219 405 217 149 223 74 260 75 266 70 72 258 463 404 292 267 388 135 387 291 293 473 179 443 444 316 313 317 430 306 93 96 81 97 13 14 23 24 134 48 34 116 124 125 21 133 76 82 11 8 10 254 132 393 140 111 231 225 56 315 195 370 226 416 270 78 379 269 271 32 154 155 371 157 283 41 351 182 162 33 180 285 357 262 358 359 115 352 69 249 63 427 372 437 392 311 331 476 141 310 59 61 127 255 477 253 460 412 239 318 314 57 230 238 151 65 123 374 229 360 355 29 148 147 30 152 129 241 232 178 445 181 177 95 102 73 240 143 126 122 71 
190 328 188 329 100 326 99 327 450 191 429 200 45 199 49 192 451 193 202 173 449 448 203 189 104 421 206 205 478 383 375 455 465 288 391 337 106 336 338 15 19 83 138 105 107 301 101 110 475 297 89 88 424 468 419 458 281 325 278 339 108 340 341 324 208 196 109 279 401 397 235 234 228 236 440 454 457 467 384 287 198 247 452 263 356 456 50 7 46 47 4 51 163 35 164 68 246 201 197 435 174 171 381 431 303 409 169 168 172 170 39 323 365 369 398 277 420 364 413 459 159 158 214 333 212 422 380 426 425 117 345 347 112 53 204 216 423 308 400 411 320 252 319 251 183 242 307 130 382 227 376 131 377 219 405 217 447 466 428 335 289 332 139 145 149 403 3 25 26 27 17 12 18 91 86 9 286 31 84 85 275 28 103 390 248 194 165 334 399 362 304 298 90 295 402 407 433 259 265 257 296 294 87 302 299 166 300 187 434 245 224 256 471 414 361 470 469 418 268 417 415 80 98 282 79 280 353 354 453 342 210 321 55 250 461 462 464 209 211 20 113 114 350 119 441 176 258 267 151 244 343 394 439 142 233 396 96 65 63 238 237 123 373 135 374 229 230 57 360 116 352 115 283 318 355 262 357 314 438 437 392 311 331 370 195 154 70 72 261 264 16 67 58 5 64 6 62 66 60 42 2 40 38 44 36 0 1 348 427 11 74 75 76 37 155 32 157 48 372 395 476 330 141 310 222 221 309 175 378 305 260 266 410 363 146 150 408 243 167 312 436 290 432 322 137 207 121 120 144 368 367 273 472 272 366 156 389 153 77 274 276 160 43 161 186 92 284 185 184 94 406 218 213 446 215 474 349 346 22 118 442 385 344 479 386 52 54 136 128 220 147 412 73 69 255 254 249 477 95 24 23 129 132 241 61 226 270 240 125 134 124 122 21 316 180 445 351 358 359 178 315 306 430 181 177 444 443 29 30 404 34 133 81 97 13 14 82 8 10 253 460 393 148 152 102 78 416 271 313 93 473 293 292 223 463 388 387 291 179 317 140 111 231 225 56 379 269 371 41 182 162 33 285 59 127 239 71 143 232 126 
327 301 101 110 329 421 206 205 435 192 174 173 193 47 45 202 171 51 50 451 279 278 326 208 99 341 109 108 399 362 304 303 298 91 90 297 100 89 88 138 188 18 86 15 19 338 107 106 295 475 391 328 423 308 158 424 420 212 422 449 190 448 203 53 204 189 104 459 257 222 221 434 309 175 433 172 170 378 305 66 46 40 39 409 169 168 191 246 247 201 199 49 27 38 44 36 60 4 7 457 452 200 300 400 381 431 384 478 236 450 429 398 441 176 320 79 280 323 281 339 417 415 210 325 342 340 468 419 458 112 20 113 114 211 196 324 425 469 263 261 364 207 120 365 361 313 363 471 299 93 302 306 166 473 404 296 293 87 134 26 17 12 14 259 265 294 68 390 248 194 139 288 103 332 105 83 62 76 82 16 97 11 9 22 24 0 3 25 456 382 377 466 336 337 258 267 234 402 407 403 447 401 465 131 383 375 455 470 440 343 439 397 307 92 187 183 380 94 159 184 426 276 472 277 274 413 346 347 214 333 215 369 209 52 54 55 213 136 216 348 349 350 117 345 367 366 145 149 72 111 231 56 223 245 224 256 272 311 438 436 432 177 41 178 179 312 290 437 232 479 474 388 379 412 243 408 167 239 238 229 65 64 6 42 2 43 146 150 264 410 28 395 476 286 392 287 330 331 197 154 164 198 48 195 165 163 35 119 125 85 148 152 102 157 161 37 34 1 182 59 61 5 67 58 396 237 230 454 357 356 147 151 411 130 260 266 318 314 467 57 63 228 235 368 255 254 477 322 252 319 251 13 96 98 321 33 180 160 80 282 81 371 370 156 226 416 418 414 268 271 292 291 463 464 453 353 354 352 334 344 21 115 116 118 351 253 460 462 250 461 70 262 30 137 126 144 121 127 270 335 428 315 430 316 310 95 186 317 442 443 444 181 427 129 386 135 389 387 385 133 241 376 242 374 124 123 23 74 75 406 32 445 77 273 275 289 78 31 84 128 220 225 71 73 8 10 185 284 132 240 218 217 405 233 446 359 360 219 122 227 244 143 142 394 393 285 283 162 372 373 153 155 269 141 249 355 29 140 358 69 
206 138 329 188 101 208 327 99 246 193 247 201 192 451 202 45 199 191 49 47 53 212 204 421 205 189 190 104 68 390 248 194 139 391 288 103 107 332 105 301 110 475 328 338 106 15 100 19 83 18 91 86 112 20 113 114 210 278 325 211 109 342 196 279 326 341 108 324 28 395 476 286 392 287 330 331 197 154 164 236 452 429 198 48 195 165 51 435 174 173 171 50 381 431 384 478 450 200 457 7 46 4 163 35 27 38 44 36 66 60 40 209 52 54 55 213 214 136 215 216 346 347 420 422 448 333 348 349 350 423 308 158 424 449 203 459 117 345 1 32 462 255 477 253 479 444 442 427 334 445 443 428 335 272 77 273 275 289 131 377 466 336 465 102 78 85 399 362 304 303 298 90 297 89 88 295 234 402 407 403 447 401 337 383 375 455 456 382 3 25 26 17 12 9 31 84 62 76 82 16 97 11 14 134 22 24 0 344 5 111 56 59 21 115 116 118 119 351 352 353 354 292 291 463 464 453 417 415 280 340 281 460 398 441 176 320 79 323 339 468 419 458 425 469 250 461 8 10 30 343 244 439 394 143 393 141 473 290 437 312 310 430 355 317 316 436 311 438 270 361 268 414 153 155 373 156 370 372 57 63 228 230 454 357 356 467 71 73 34 157 257 222 221 434 309 175 433 172 170 378 305 39 409 169 168 300 400 380 130 294 260 266 259 410 318 411 264 263 314 397 235 440 396 237 67 58 64 6 42 2 74 75 37 125 148 152 161 182 43 238 229 65 61 249 207 137 120 121 126 127 128 217 218 219 220 262 284 283 405 446 406 269 167 408 387 385 389 388 474 386 276 472 277 274 413 184 426 159 299 470 307 92 187 183 94 365 369 364 367 366 29 33 72 254 252 69 322 319 232 166 306 181 177 179 432 358 360 178 363 302 313 315 471 374 271 227 418 226 416 240 122 23 123 129 132 242 376 147 151 81 261 93 404 296 293 87 265 258 267 251 321 233 146 150 145 149 359 180 124 133 96 13 80 225 282 185 186 98 241 135 231 245 140 223 224 162 160 285 239 243 379 412 371 256 368 41 70 142 95 144 
201 330 331 197 103 107 332 105 345 194 442 390 195 443 248 165 334 335 163 48 51 202 193 452 247 49 198 199 250 324 461 462 394 312 310 395 246 476 286 273 139 436 311 392 287 85 289 83 141 102 78 28 109 86 110 101 205 338 106 206 138 329 188 466 336 391 288 104 244 117 347 112 385 344 350 479 348 319 249 179 444 177 427 255 477 253 68 373 156 370 154 164 316 363 302 313 178 428 445 38 157 35 209 69 16 71 73 8 34 1 32 204 60 40 4 171 50 47 192 45 341 108 457 451 200 191 208 327 99 377 357 456 356 454 429 236 19 196 74 252 189 55 214 53 325 464 453 210 211 293 473 291 460 235 397 439 233 393 186 317 290 437 309 111 343 143 414 227 418 226 277 77 472 276 275 272 360 223 433 432 172 221 438 314 93 315 430 355 76 18 82 152 84 31 140 142 3 126 147 148 151 29 30 81 9 10 11 342 36 22 24 0 14 90 91 12 15 295 301 88 100 459 422 421 203 190 382 381 475 328 337 212 230 218 406 447 403 217 465 376 455 375 384 131 216 333 137 146 245 118 119 353 354 20 113 114 448 386 346 474 349 239 305 412 378 232 388 387 183 242 383 307 320 251 176 441 322 321 43 160 41 182 181 166 306 304 52 207 260 254 369 123 135 374 389 153 122 371 372 419 268 155 470 417 416 270 361 467 283 366 127 367 368 469 303 362 299 471 169 359 180 358 115 351 27 44 161 37 266 75 128 144 70 17 59 231 258 267 72 162 42 33 2 215 61 62 65 66 5 6 7 175 39 174 46 300 400 399 435 173 170 425 415 423 280 340 279 278 326 339 396 237 440 234 450 431 478 263 240 132 285 264 262 318 409 229 238 228 57 63 67 259 365 54 220 136 213 446 281 271 269 292 463 404 133 87 298 296 129 379 243 167 241 96 380 92 308 187 130 185 98 80 13 159 284 94 95 56 222 402 468 408 449 420 413 274 398 120 364 219 405 352 225 256 224 434 89 297 97 282 407 150 145 26 401 411 261 149 184 79 21 125 25 23 134 294 257 168 426 158 424 458 323 124 64 265 121 116 410 58 
332 273 103 139 331 452 201 247 373 195 156 370 194 48 165 248 154 68 164 443 466 338 336 107 105 391 138 288 414 227 418 226 277 78 77 472 289 276 275 330 197 102 28 85 83 392 246 287 272 436 312 311 377 357 456 356 457 202 451 454 198 200 429 51 193 49 199 236 369 123 135 374 389 153 122 371 372 419 268 34 157 32 155 470 417 416 335 345 442 390 334 163 16 71 73 8 1 35 38 445 444 428 270 361 316 363 302 313 179 178 177 230 218 406 447 403 475 217 337 465 382 381 205 106 329 328 376 455 375 109 86 110 101 206 188 104 384 131 471 468 228 61 65 229 242 243 129 241 240 408 379 269 271 448 449 420 413 274 81 82 152 84 30 368 398 366 250 324 461 462 394 310 395 476 286 141 3 126 147 148 151 29 31 9 10 11 76 18 430 355 317 290 437 438 120 364 360 223 433 432 172 221 309 186 314 93 315 132 358 118 353 359 285 264 262 318 467 409 263 431 478 396 237 440 234 450 341 108 50 191 192 238 204 60 40 4 171 47 45 208 327 99 19 196 57 63 224 434 365 22 21 24 23 125 134 124 235 388 387 232 133 463 265 296 404 474 386 346 281 325 326 278 424 458 158 423 415 426 162 42 33 161 37 266 75 72 225 256 299 469 244 117 347 112 385 344 350 479 348 319 249 427 255 477 253 209 69 15 17 143 59 231 111 254 258 70 260 74 267 0 2 36 27 44 115 351 182 181 166 306 56 222 362 283 127 367 303 169 304 43 160 41 180 64 55 54 214 213 220 446 219 150 407 149 405 259 297 257 145 401 402 323 322 441 187 130 308 307 383 380 459 422 421 203 190 88 100 301 211 342 14 90 91 12 295 53 212 189 216 333 121 300 245 62 5 58 66 6 183 460 291 167 239 378 349 410 261 412 453 473 464 292 210 159 339 79 279 280 340 282 184 95 94 96 97 13 80 128 144 170 252 293 397 439 233 393 343 140 142 7 46 26 52 207 137 146 411 400 284 185 39 175 435 352 173 89 298 174 98 92 119 20 116 354 113 168 399 294 321 176 320 251 425 114 215 305 67 25 87 136 
216 104 333 189 350 119 354 117 19 196 108 109 453 340 342 324 99 325 208 462 128 220 136 446 215 55 214 53 49 4 50 51 106 203 190 107 204 205 206 474 349 413 448 422 212 345 347 112 188 390 479 348 62 140 225 67 125 359 118 25 114 116 20 180 353 352 113 22 105 9 12 15 88 100 86 110 101 200 191 339 341 326 327 201 202 193 211 404 473 464 463 210 426 268 458 419 281 278 280 250 461 209 45 199 395 246 476 286 477 253 460 27 29 144 126 368 127 137 121 52 229 61 447 219 218 54 7 58 5 318 94 314 285 406 213 405 59 60 197 198 0 1 2 3 6 39 40 46 47 170 171 173 192 337 336 338 328 329 380 425 459 421 449 103 332 138 379 261 378 412 232 388 386 385 346 389 282 77 272 274 364 277 420 159 424 158 415 184 330 244 394 442 344 334 83 288 255 68 248 194 444 163 427 439 143 393 141 66 69 8 70 71 142 256 245 231 111 432 224 223 56 374 134 124 123 21 384 467 360 115 358 26 407 33 41 160 178 162 351 264 357 262 283 411 36 24 165 335 289 10 11 13 14 16 17 18 23 87 89 90 91 168 299 166 300 295 301 297 455 263 356 456 454 429 457 452 451 450 251 321 323 320 279 469 423 468 48 195 331 247 371 72 257 265 298 296 267 293 292 129 243 291 271 239 269 408 418 284 185 153 32 154 155 270 361 414 416 417 362 80 98 79 81 96 74 252 319 249 312 310 35 164 287 343 28 139 392 290 437 176 441 322 254 44 30 31 145 146 102 147 148 398 367 365 207 470 430 471 369 120 366 376 241 240 238 65 230 64 57 228 391 475 466 465 217 316 355 315 410 431 92 93 95 186 313 150 403 149 151 401 85 311 370 34 37 38 42 43 63 167 169 172 174 175 294 433 434 435 400 305 399 303 409 440 375 382 377 381 478 383 234 233 396 130 183 187 308 78 273 443 226 304 122 133 135 387 372 156 373 161 182 97 84 275 276 472 222 221 397 235 179 177 428 260 445 317 306 181 307 237 73 75 76 258 259 436 438 363 242 132 131 227 236 266 402 309 157 82 302 152 
165 334 335 163 105 85 289 83 141 197 310 330 198 311 331 199 286 287 246 49 38 157 48 370 195 35 164 68 209 69 249 250 344 177 427 345 194 442 390 336 332 178 428 443 248 188 288 138 348 104 106 107 76 18 82 16 152 276 84 102 103 78 28 472 275 273 139 31 112 140 142 143 233 393 244 394 395 291 460 309 312 437 476 324 461 462 201 454 200 429 452 247 313 314 93 315 438 392 436 45 191 193 253 211 19 196 108 109 50 51 202 148 27 44 36 161 37 3 34 1 266 75 371 156 155 32 71 73 8 226 470 417 416 372 154 373 11 74 208 210 29 128 144 126 70 251 252 254 255 321 319 322 477 387 346 385 388 479 304 302 179 444 181 117 347 350 356 376 455 375 337 338 465 328 391 466 221 359 180 360 41 358 445 471 306 430 316 363 99 15 100 190 329 206 114 349 4 216 333 189 203 204 205 88 86 110 101 260 47 62 66 60 91 97 17 14 9 282 81 80 10 407 402 151 150 30 379 418 277 77 274 147 122 368 398 369 420 366 272 240 271 270 414 227 137 146 53 212 113 225 67 256 245 59 231 111 145 234 396 397 343 130 185 380 183 235 439 237 167 241 269 239 292 463 293 464 473 296 174 435 175 172 290 186 317 95 55 214 325 453 217 229 238 230 440 457 228 450 236 263 456 451 467 478 384 377 357 361 362 447 220 446 219 318 94 285 283 355 92 224 434 432 223 433 7 46 173 192 326 327 136 215 342 12 119 354 340 339 341 170 39 171 40 207 125 25 134 26 22 24 0 182 43 42 2 284 426 184 162 33 160 410 431 411 294 259 267 258 72 265 474 232 386 389 153 419 268 415 131 129 299 423 469 468 158 124 133 374 123 135 20 278 213 127 121 52 367 365 257 381 382 323 441 320 63 98 96 176 242 383 307 187 132 87 408 305 412 378 243 169 298 301 90 399 303 300 166 118 353 448 262 308 149 401 403 475 405 218 406 120 364 222 116 352 115 351 13 79 89 297 449 421 422 6 413 458 425 459 168 295 61 58 5 65 64 281 280 159 409 400 261 264 404 57 23 279 54 56 424 21 
289 336 105 332 335 370 165 195 454 198 200 429 197 49 199 331 452 201 247 311 472 276 275 85 83 273 103 139 356 376 455 375 337 106 338 465 288 328 391 334 163 104 107 188 138 443 194 248 466 178 177 428 226 470 417 416 371 157 156 372 164 155 154 38 48 35 68 373 217 229 238 230 440 457 228 450 236 263 456 50 191 202 451 467 478 384 287 141 310 330 286 246 19 196 108 109 51 193 45 436 312 392 377 357 313 314 93 315 309 438 437 122 368 398 369 420 277 366 274 272 379 418 152 84 78 77 240 271 270 76 18 82 16 102 28 31 414 227 355 262 374 125 134 124 241 307 242 132 131 308 383 382 381 145 149 401 403 475 88 100 190 329 205 219 405 447 209 69 249 250 344 427 345 442 390 348 4 216 333 189 203 204 206 86 110 101 99 15 316 363 302 179 444 445 218 406 221 359 180 360 41 358 181 304 471 306 430 129 432 225 256 224 299 423 469 468 361 158 415 419 268 474 232 386 389 153 266 75 37 32 34 133 148 27 44 36 161 3 1 71 73 8 11 74 123 135 115 351 213 62 61 66 65 58 64 57 387 439 237 235 63 441 279 176 320 397 234 396 257 70 72 258 261 264 400 411 431 409 170 39 171 173 192 326 327 341 116 352 283 318 112 140 142 143 233 393 244 394 395 291 460 476 324 461 462 253 211 9 12 350 119 354 117 453 340 342 325 208 339 60 40 47 7 46 223 433 172 290 186 317 118 353 285 362 220 446 94 92 95 174 435 175 434 23 128 127 144 367 121 365 120 421 449 459 364 278 79 280 422 413 448 404 473 464 378 243 412 239 269 408 407 402 151 150 30 80 10 81 255 260 91 97 17 14 282 126 147 29 137 146 54 284 113 25 22 21 26 24 167 477 322 187 130 183 343 424 425 380 252 319 251 323 254 399 265 295 267 294 259 297 168 166 300 87 89 90 301 136 215 160 210 321 346 385 388 479 347 114 349 0 2 6 55 214 53 212 458 426 303 169 43 182 162 222 33 13 96 42 298 305 67 59 56 245 231 159 184 281 296 293 292 463 410 111 207 185 20 5 98 52 
83 188 288 138 163 35 164 68 45 199 191 49 287 429 198 246 193 247 201 286 31 84 85 275 289 28 139 103 99 15 100 19 190 328 329 104 105 106 107 428 335 465 391 336 332 390 248 194 206 348 427 334 11 74 75 76 37 155 32 38 165 157 48 372 154 370 195 1 189 7 46 47 173 192 4 50 51 326 327 450 200 451 202 196 108 109 197 438 437 392 311 331 375 467 478 384 236 452 454 395 476 330 101 208 253 211 460 209 393 141 310 36 137 146 29 150 30 148 152 102 80 10 274 276 77 78 18 82 16 416 240 271 270 272 273 472 8 9 324 325 3 25 26 27 17 89 12 91 86 297 88 301 110 449 448 203 421 205 383 455 337 338 475 216 333 204 315 471 306 430 181 177 445 444 443 178 228 219 405 217 401 447 466 131 381 377 356 376 462 255 477 479 442 345 53 212 143 114 349 350 388 112 344 322 69 249 250 14 244 67 245 140 252 259 260 70 71 265 266 72 73 160 43 161 33 34 415 417 371 156 153 44 366 124 133 122 386 374 373 361 268 414 226 470 0 2 117 347 214 58 5 64 6 62 66 60 42 172 174 39 40 303 409 169 168 170 171 435 424 468 419 458 281 278 339 340 341 279 397 235 234 440 457 263 456 431 119 354 453 342 358 224 434 221 175 309 432 290 436 95 93 312 355 317 316 313 314 227 242 360 116 352 115 283 411 318 262 357 400 57 63 230 229 238 111 343 439 394 473 461 20 113 210 254 136 215 463 296 291 237 396 233 142 24 121 52 365 207 128 144 126 403 145 402 147 264 408 410 407 151 149 159 186 284 98 13 282 97 81 79 422 459 413 420 277 379 418 269 363 469 132 239 241 129 412 120 364 369 368 398 55 464 353 125 21 22 134 23 96 302 304 298 90 87 433 257 294 295 299 166 300 399 362 323 158 380 426 425 423 308 320 319 251 183 307 130 382 220 446 474 285 305 162 182 41 179 351 359 180 123 135 65 54 213 218 406 258 267 441 176 232 385 346 231 389 243 167 387 187 321 225 56 59 256 222 404 292 261 92 185 184 94 280 223 367 293 118 61 378 127 
337 106 336 338 455 263 356 456 50 200 49 191 454 198 429 457 202 452 451 440 145 149 401 217 465 403 466 475 108 88 19 100 104 105 107 190 328 188 329 376 375 289 332 288 391 382 377 381 205 308 307 383 257 70 72 258 261 262 264 400 478 411 431 355 357 467 384 409 203 170 39 171 4 51 173 45 192 196 109 197 199 201 193 326 99 327 450 229 238 230 228 236 335 370 165 195 331 247 287 396 237 234 110 341 441 279 176 320 439 397 235 399 144 29 146 30 150 147 151 402 404 265 213 405 406 407 295 267 294 115 445 351 358 218 447 219 259 297 339 340 168 299 166 300 87 12 89 90 301 9 15 86 101 216 333 189 204 206 334 163 83 138 103 449 448 421 374 125 134 124 241 242 240 132 131 227 311 472 276 275 85 273 139 443 194 248 164 428 323 254 322 187 130 380 459 422 343 423 158 424 92 425 183 477 252 319 251 298 142 256 140 245 69 8 71 74 260 10 73 75 266 379 378 412 408 410 113 352 283 318 285 305 54 430 317 316 284 315 314 118 353 359 360 116 303 169 458 426 413 432 433 290 172 434 175 435 167 6 40 46 174 0 1 2 3 7 47 60 350 119 354 117 453 342 324 325 208 211 141 310 330 286 246 35 68 48 468 419 281 278 270 225 62 61 66 65 58 64 57 387 135 63 372 133 122 123 373 178 177 226 470 417 416 371 157 156 155 154 38 436 312 392 438 437 231 143 393 233 98 321 469 415 280 255 398 420 79 13 96 476 395 394 244 304 368 367 128 126 365 137 207 28 31 102 148 32 33 34 78 152 84 474 232 386 473 296 464 293 292 463 212 53 214 215 446 160 180 162 21 20 444 182 181 179 161 127 55 220 121 136 364 282 268 471 363 362 306 302 291 23 24 14 91 17 5 11 16 18 25 26 27 36 22 462 349 345 347 112 114 348 209 249 250 344 427 442 390 369 277 159 153 44 269 239 243 129 271 414 418 313 93 309 366 274 272 77 76 82 253 460 186 185 184 111 94 41 42 95 479 461 224 223 222 67 59 80 81 37 388 385 346 389 210 56 52 97 361 221 43 120 
103 107 332 105 194 48 195 165 51 201 202 193 331 452 247 197 49 198 199 330 102 78 28 273 139 85 289 83 109 86 110 101 205 338 106 206 138 329 188 443 248 466 336 391 288 334 335 163 104 345 442 390 16 71 73 8 34 156 157 1 68 32 35 373 370 154 164 38 204 60 40 4 171 50 47 192 45 341 108 457 451 200 191 208 327 99 246 436 312 311 392 287 377 357 456 356 454 429 236 141 310 286 19 196 250 324 461 462 394 395 476 3 126 147 148 151 152 29 30 31 81 82 277 77 276 84 9 10 11 414 227 418 226 472 275 272 76 18 211 342 36 22 24 0 14 90 91 12 15 295 301 88 100 459 422 421 203 190 382 381 475 328 337 53 212 189 316 363 302 313 179 444 178 177 428 445 230 218 406 447 403 217 465 376 455 375 384 131 209 69 249 344 427 348 216 333 244 117 347 112 385 350 479 319 255 477 253 17 143 59 231 111 254 258 70 260 74 267 72 266 75 162 42 33 161 37 419 268 153 155 371 2 369 123 135 374 389 122 372 470 417 416 270 361 27 44 114 349 215 61 62 65 66 5 6 7 43 175 39 174 46 300 400 305 399 435 173 170 425 469 415 423 280 340 279 278 326 339 396 237 440 234 450 431 478 263 20 113 210 325 360 223 433 432 172 290 221 309 438 186 317 437 314 93 315 430 355 240 132 358 118 353 359 285 264 262 318 467 409 229 238 228 57 63 140 142 233 393 291 460 119 354 453 252 55 214 464 293 473 235 397 439 343 26 127 128 367 144 52 207 137 401 402 145 146 411 412 261 149 150 407 184 95 94 96 97 79 13 80 282 448 449 420 413 274 269 271 379 471 468 242 243 129 241 408 368 398 366 120 364 136 463 352 21 125 25 23 134 98 306 166 87 89 298 434 294 257 297 362 304 303 168 299 320 426 308 158 424 458 380 323 322 441 187 130 307 383 54 213 346 283 169 160 41 182 181 180 115 351 124 133 64 220 446 219 405 259 265 251 321 387 388 474 245 386 239 378 232 183 176 56 225 67 222 256 292 404 410 185 92 159 284 281 224 365 296 116 58 167 121 
205 338 107 106 110 341 109 108 457 202 452 451 51 201 193 50 200 49 191 171 459 422 421 204 206 203 104 190 456 382 377 381 466 332 336 475 329 391 328 86 101 103 105 138 188 88 19 100 337 295 90 301 425 469 415 423 280 342 340 279 327 278 326 211 196 208 99 339 403 396 237 440 230 454 234 236 450 357 356 331 247 198 429 431 384 478 192 60 40 4 47 45 194 48 195 165 197 199 246 170 39 173 455 263 300 400 305 399 175 435 174 320 367 366 364 274 413 398 420 449 184 426 215 212 333 448 308 158 424 114 348 349 350 216 189 53 458 380 409 264 323 254 322 441 187 132 130 307 383 240 131 376 375 218 406 447 217 465 443 248 139 288 289 402 407 401 36 22 24 0 14 91 9 12 15 18 330 102 78 28 273 85 83 334 335 163 68 390 168 299 166 87 89 297 145 149 434 258 267 294 293 257 298 306 362 304 303 183 433 231 223 222 363 416 470 361 468 271 417 268 419 81 96 79 282 281 352 113 210 325 453 176 136 253 460 209 463 462 324 119 354 117 112 20 251 321 259 265 150 143 142 393 233 343 439 397 98 64 238 63 235 124 372 133 122 57 228 229 358 118 353 359 285 262 314 318 467 355 436 312 311 392 287 154 164 370 260 266 410 411 11 59 61 62 65 66 5 6 7 43 44 46 1 2 3 27 38 345 442 16 71 73 8 34 156 157 32 35 373 141 310 286 395 476 256 432 290 172 167 169 70 72 261 471 147 151 412 239 378 437 438 309 221 319 126 144 127 368 207 120 365 275 272 472 369 155 386 371 276 277 77 162 42 33 95 185 94 92 159 284 405 219 446 213 214 346 347 474 25 116 427 388 479 344 389 128 220 55 52 54 146 408 75 255 69 252 477 249 186 26 134 241 242 129 58 270 226 227 21 23 123 374 125 315 351 178 180 360 115 445 316 302 313 179 444 177 428 148 152 292 37 135 80 13 97 17 10 76 82 250 461 394 29 30 31 84 414 418 430 317 291 296 404 224 464 385 232 473 181 93 111 140 245 56 225 269 379 153 182 41 160 161 283 67 121 243 74 244 387 137 
339 108 340 341 458 380 426 425 106 203 104 190 413 333 448 459 205 422 421 364 251 321 323 282 281 320 280 279 50 200 49 191 19 196 109 100 326 99 327 268 419 453 342 325 278 469 415 423 110 362 361 468 234 142 233 396 130 185 183 382 424 187 308 284 184 159 158 383 88 337 336 338 105 107 328 188 329 4 51 216 189 204 206 173 45 192 449 77 272 274 277 420 354 474 350 349 215 212 214 367 366 398 202 171 222 435 221 434 120 365 369 381 70 69 252 249 319 254 322 441 63 235 97 98 96 176 457 237 440 161 351 182 162 81 79 80 397 450 170 39 455 263 356 456 454 198 429 452 451 197 199 201 193 9 12 15 86 101 119 117 324 208 211 297 89 301 153 32 154 155 270 414 271 416 417 418 446 404 473 464 462 463 210 352 114 113 347 353 433 231 223 363 470 299 295 90 207 399 304 303 313 300 471 56 245 224 256 236 144 145 29 146 140 141 143 244 343 310 393 394 439 129 131 132 242 307 44 43 186 92 95 377 82 262 355 283 317 285 94 34 42 33 160 37 478 375 168 166 87 149 401 217 465 403 466 475 376 289 332 288 391 165 334 335 163 83 138 103 0 1 2 3 6 40 7 46 47 60 128 220 136 55 53 345 112 348 409 169 172 174 269 30 28 78 139 273 84 275 276 374 373 472 386 372 371 156 389 180 359 379 261 378 412 232 479 388 385 346 390 405 219 213 406 218 147 126 127 368 436 432 400 305 175 111 257 298 309 311 438 54 52 121 137 384 72 258 8 71 259 74 260 209 250 253 255 344 177 427 460 477 461 23 122 133 57 228 64 230 238 65 91 18 17 14 13 179 41 181 157 38 115 445 358 360 444 73 16 10 75 11 294 290 167 264 411 431 357 467 229 370 195 331 247 287 85 330 286 246 35 164 68 194 48 5 24 25 26 27 36 22 62 225 67 125 118 116 20 265 296 302 387 248 241 240 227 226 239 408 243 318 314 447 267 293 292 291 395 476 59 61 316 430 306 148 93 178 428 315 21 58 150 151 402 31 102 312 437 442 123 124 134 135 66 152 76 392 410 407 443 266 
211 109 342 196 114 348 349 350 107 204 205 206 215 422 212 216 104 333 189 136 253 460 209 463 210 462 453 324 51 201 202 193 110 341 108 101 208 327 99 352 113 280 340 278 325 119 354 117 19 25 116 20 286 143 393 141 427 388 479 334 112 344 345 389 474 346 347 390 86 103 332 105 338 106 138 329 188 171 50 459 421 203 190 47 192 45 53 405 219 446 213 214 415 184 425 426 413 448 420 128 220 55 49 4 67 7 58 5 121 52 54 163 71 254 255 322 477 69 249 250 437 476 296 291 473 461 197 310 330 408 418 243 379 404 464 292 395 246 60 40 194 48 195 165 331 452 247 198 199 457 451 200 191 295 90 301 88 100 469 423 279 326 339 18 91 15 283 411 467 318 360 115 180 359 353 351 274 81 96 79 320 282 281 268 458 419 158 417 62 140 225 125 118 22 9 12 137 3 26 27 124 0 21 224 111 56 59 287 126 102 147 148 231 396 142 343 244 237 233 439 394 181 428 177 444 442 169 167 387 385 232 335 265 156 373 153 135 371 386 261 378 412 269 410 68 248 36 24 14 78 28 273 139 85 289 83 443 466 336 391 288 456 382 377 381 475 328 337 300 400 305 399 175 39 435 174 173 170 367 366 364 398 449 308 424 380 38 44 66 46 160 151 401 149 465 217 407 447 406 316 355 218 94 314 285 262 284 271 416 162 34 42 33 95 183 185 92 159 383 77 272 277 276 472 29 144 368 127 229 61 1 2 6 245 16 17 64 230 57 369 365 120 207 164 73 8 258 70 76 260 74 323 441 251 252 187 132 130 321 319 176 306 315 93 438 392 309 311 312 290 89 297 298 87 293 241 239 129 264 409 414 227 226 270 242 72 257 267 266 294 11 65 43 157 32 35 370 154 436 357 356 454 429 236 403 440 234 450 431 384 478 455 263 434 166 362 304 303 168 299 433 223 222 363 470 361 468 82 97 134 186 375 179 178 445 358 41 161 182 155 372 275 10 13 80 98 397 235 256 432 374 123 23 146 133 240 131 122 471 221 152 30 31 402 145 238 63 307 430 313 302 317 172 150 259 228 37 84 376 75 
110 341 109 108 202 171 51 50 459 205 422 421 107 204 206 106 203 104 190 338 295 90 301 86 101 88 19 100 425 469 415 423 280 342 340 279 327 278 326 201 193 211 196 208 99 200 49 191 339 457 452 451 300 400 305 399 175 40 39 435 192 174 173 60 4 47 45 170 320 367 366 364 274 413 398 420 449 184 426 215 212 333 448 308 158 424 329 103 332 105 138 188 114 348 349 350 216 189 53 337 336 328 458 380 456 382 377 381 466 475 391 434 258 267 294 293 87 257 298 297 306 166 14 91 12 89 362 304 303 36 22 24 0 9 15 18 168 299 383 183 433 231 223 222 363 416 470 361 468 271 417 268 419 81 96 79 282 281 352 113 210 325 453 441 176 323 194 48 195 165 331 247 197 198 199 246 136 253 460 209 463 462 324 119 354 117 112 20 455 263 356 454 429 450 251 321 403 396 237 440 230 234 236 357 431 384 478 471 401 147 151 402 411 412 261 410 409 239 378 167 169 437 438 309 290 172 43 44 66 46 6 221 11 59 61 62 65 5 7 1 2 3 27 38 256 432 397 235 319 126 144 127 368 207 120 365 436 275 272 472 369 155 386 372 371 276 277 77 162 34 42 33 95 185 94 92 159 284 405 219 446 213 214 346 347 474 343 439 307 187 330 102 78 28 273 139 85 289 83 443 248 288 334 335 163 68 390 25 116 286 143 393 141 427 388 479 344 345 389 128 220 55 52 54 145 149 217 465 376 375 142 233 130 264 254 322 132 240 131 218 406 447 407 224 71 70 73 72 260 266 259 464 292 404 265 385 133 232 473 296 291 181 428 177 315 430 93 313 302 317 98 80 13 97 17 134 26 23 35 37 118 123 21 125 135 8 10 16 76 82 252 242 394 111 140 245 56 225 316 164 154 270 414 226 84 269 379 418 157 370 156 153 32 285 182 180 41 160 161 351 283 467 318 360 115 359 353 255 477 238 442 373 312 311 392 287 310 395 476 67 58 121 69 249 250 461 408 243 262 355 229 228 63 150 64 124 122 57 358 314 148 29 146 152 30 241 129 387 445 178 179 444 186 31 75 227 244 137 374 74 
101 208 327 99 193 47 192 45 53 206 212 204 329 421 205 188 189 190 104 138 18 91 86 301 110 15 100 19 112 20 113 114 210 278 325 211 109 342 196 451 202 279 326 341 108 199 191 49 324 246 247 201 27 38 44 36 66 174 46 60 51 40 4 435 173 171 50 7 209 52 54 55 213 214 136 215 216 346 347 420 422 448 333 348 349 350 107 475 391 328 338 106 423 308 158 424 449 203 459 83 288 105 117 345 68 390 248 194 139 103 332 62 76 82 16 97 17 11 14 9 134 26 298 90 89 12 22 24 0 399 362 304 303 297 88 295 3 25 334 344 5 111 56 59 21 115 116 118 119 351 352 353 354 292 291 463 464 453 417 415 280 340 281 253 460 462 381 431 384 478 236 452 450 429 200 457 398 441 176 320 79 323 339 468 419 458 425 469 163 35 164 287 198 197 250 461 28 395 476 286 392 330 331 154 48 195 165 125 85 148 152 102 157 161 37 34 1 182 43 42 2 238 229 65 64 6 378 305 175 39 172 61 257 222 221 434 309 433 170 409 169 168 300 400 67 58 141 310 249 207 137 120 121 126 127 128 57 217 218 219 220 262 284 355 283 405 446 406 269 410 167 408 387 385 389 388 474 386 276 472 277 274 413 184 426 159 143 393 427 479 234 402 407 403 447 466 401 465 337 131 377 336 383 375 455 456 382 299 470 440 343 439 397 307 92 187 183 380 94 365 369 364 367 366 31 84 275 289 428 335 244 394 442 32 255 477 444 445 443 272 77 273 78 225 260 74 266 75 71 73 8 282 81 80 10 185 317 186 98 13 96 241 376 242 374 124 135 123 23 133 473 404 296 293 87 306 166 302 263 261 361 313 363 471 93 259 265 294 258 267 69 177 233 231 245 140 223 224 122 356 357 358 359 360 149 162 160 180 411 467 318 285 264 153 239 418 243 379 412 271 371 370 156 226 416 414 268 254 322 437 130 314 63 228 230 454 235 396 237 256 432 368 252 319 251 321 33 41 155 372 438 311 312 30 290 430 316 436 270 373 147 146 29 151 150 181 179 95 240 227 129 132 232 145 72 178 142 144 315 70 
343 222 111 231 260 441 255 254 364 207 120 365 148 52 137 147 367 126 144 402 440 439 397 395 244 396 143 142 362 458 361 468 221 56 223 434 245 224 256 76 74 5 59 67 140 258 71 70 433 294 266 259 308 455 307 383 176 477 322 320 252 319 251 462 253 250 69 323 435 203 413 459 272 366 449 369 398 313 363 54 121 127 368 300 471 299 146 85 152 102 31 29 20 0 21 22 55 128 136 401 151 145 469 303 431 168 410 409 407 403 150 279 200 454 457 238 237 450 235 234 92 187 476 394 393 233 425 183 380 390 350 479 348 286 141 330 382 424 399 304 339 108 340 341 426 268 419 415 423 270 414 416 470 311 309 438 436 432 115 116 58 225 61 171 175 170 38 165 157 48 82 75 16 73 8 11 53 4 6 7 57 60 62 117 118 119 25 114 400 478 411 267 72 257 173 172 475 88 87 295 292 297 265 318 456 264 263 158 337 106 336 338 356 376 375 377 381 241 242 132 130 13 79 96 98 321 444 442 461 249 460 280 246 196 453 324 473 211 209 163 427 334 345 194 326 281 301 298 174 104 190 333 448 205 422 421 282 77 274 277 420 154 374 153 373 273 472 275 178 335 177 428 93 302 315 306 430 316 217 213 218 219 220 124 125 123 110 90 305 166 18 105 289 83 276 84 103 78 28 161 37 30 3 34 1 35 36 112 113 9 19 12 15 2 23 24 26 27 122 189 214 216 204 215 328 465 405 149 412 261 100 89 169 384 50 39 167 269 408 446 447 406 466 278 49 191 198 429 202 452 451 229 230 228 236 134 387 135 65 63 64 41 33 42 94 159 95 184 185 186 290 392 437 312 310 385 344 388 68 248 354 474 349 347 232 199 287 197 201 331 192 378 91 109 99 327 342 325 284 32 155 271 417 418 139 240 227 226 195 156 370 372 164 314 179 358 181 445 443 360 355 262 357 351 352 353 359 51 40 293 44 371 97 81 80 10 17 86 14 208 210 212 45 46 47 66 131 129 467 283 464 404 296 391 291 346 389 463 180 285 107 188 329 332 288 239 243 133 160 162 182 43 317 138 247 379 101 206 386 193 
53 206 212 204 112 20 113 114 101 208 327 99 210 278 325 211 109 342 196 209 52 54 55 213 214 136 215 216 193 47 192 45 329 421 205 188 189 190 104 346 347 420 422 448 333 348 349 350 107 334 344 345 5 111 56 59 21 115 116 22 117 118 119 351 352 353 354 25 138 18 91 86 301 110 15 100 19 451 202 279 326 341 108 199 191 49 324 292 291 463 464 453 158 417 423 415 280 340 281 253 460 462 51 201 141 197 310 330 249 250 461 0 148 207 137 120 121 126 127 128 57 58 217 218 219 220 60 61 62 262 284 355 283 405 446 406 67 7 246 247 27 38 44 36 66 174 46 40 4 435 173 171 50 475 391 328 338 106 308 424 449 203 459 83 288 105 269 410 167 408 387 385 389 388 474 386 79 276 472 277 398 274 413 184 425 426 419 159 286 143 393 427 479 390 103 332 69 165 335 163 177 194 442 233 244 394 395 6 255 76 260 74 343 222 231 245 140 221 223 224 225 122 23 123 124 125 356 357 358 359 360 24 149 161 182 162 445 160 180 411 467 318 285 264 3 26 68 248 139 82 16 97 17 11 14 9 134 298 90 89 12 399 362 304 303 297 88 295 381 431 384 478 236 452 450 429 200 457 441 176 320 323 339 468 458 469 35 164 287 198 153 266 294 267 87 293 265 296 404 241 239 473 418 243 379 412 271 94 92 371 157 370 156 226 470 416 414 268 299 81 96 282 80 98 71 254 322 477 437 476 48 195 331 142 85 289 311 309 312 321 251 319 252 2 152 102 402 147 31 146 29 364 365 367 144 361 313 363 366 368 369 131 129 227 63 64 228 65 229 230 336 337 465 466 447 315 314 316 261 263 185 317 186 95 430 151 401 407 150 403 28 392 154 37 34 1 43 42 238 378 305 175 39 172 257 434 433 170 409 169 168 300 400 234 377 383 375 455 456 382 440 439 397 307 187 183 380 84 275 428 270 166 374 135 133 232 373 155 372 33 41 13 78 273 77 272 256 432 396 237 181 444 443 70 178 93 302 179 130 235 75 73 8 259 258 438 436 471 132 242 376 240 454 72 145 290 32 10 306 30 
334 112 344 345 141 197 310 330 208 209 210 211 249 291 460 250 324 461 462 69 165 335 163 177 427 194 442 390 53 206 212 204 113 346 347 114 348 349 350 233 393 387 385 388 479 244 394 395 117 140 142 143 105 85 289 83 198 311 331 199 286 287 246 309 312 437 476 201 20 101 327 99 278 325 109 342 196 213 214 292 463 464 453 136 215 216 253 321 251 319 322 477 167 241 269 239 293 473 296 74 252 255 189 55 29 128 144 126 70 71 254 49 38 157 48 370 195 35 164 68 336 332 178 428 443 248 188 288 138 93 304 313 302 179 444 181 103 107 52 54 193 47 192 45 329 421 205 190 104 420 422 448 333 351 115 352 353 354 410 408 389 474 386 25 116 119 130 185 380 183 234 396 235 397 439 237 87 134 374 135 153 133 232 305 412 378 243 169 137 31 146 245 343 111 22 118 8 62 225 67 256 59 231 145 102 147 148 106 76 18 82 16 152 276 84 78 28 472 275 273 139 454 200 429 452 247 314 315 438 392 436 191 41 174 435 175 221 172 290 186 316 317 306 95 51 202 5 56 21 91 86 301 110 15 100 19 451 279 326 341 108 158 417 423 415 280 340 281 262 284 355 283 217 218 405 219 446 406 266 294 267 265 404 418 379 271 7 58 121 220 63 97 282 98 339 323 96 320 176 381 382 441 242 383 307 187 132 166 168 238 66 229 65 376 270 240 227 129 268 90 295 298 89 297 11 75 259 260 365 207 60 61 127 30 27 125 368 398 367 257 72 258 73 50 44 36 161 37 3 34 1 371 156 155 32 226 470 416 372 154 373 356 455 375 337 338 465 328 391 466 359 180 360 358 445 471 430 363 92 94 399 362 303 300 361 43 160 182 42 162 0 120 57 46 40 4 173 171 475 308 424 449 203 459 79 277 274 413 184 425 426 419 159 149 357 411 467 318 285 264 407 402 151 431 409 400 261 26 124 224 131 458 236 450 457 440 228 64 230 39 170 88 24 123 23 122 77 272 150 403 434 222 223 10 432 299 469 433 263 401 17 14 9 81 80 369 366 414 456 478 384 377 447 13 33 364 6 12 468 2 
113 346 112 347 212 213 53 214 292 210 291 463 208 209 211 325 464 324 453 278 351 115 352 20 114 353 117 354 269 410 167 408 387 344 385 389 349 388 474 206 204 334 345 348 350 448 189 333 386 420 421 422 262 284 355 283 217 54 218 405 215 219 446 52 55 136 216 406 153 266 294 267 87 293 265 296 404 241 239 249 460 461 473 418 243 379 342 101 327 99 109 196 141 197 310 330 250 462 253 281 326 340 412 271 158 417 423 415 279 280 341 149 161 182 162 445 358 160 360 180 356 357 21 116 118 359 411 467 318 5 111 56 59 22 119 25 285 264 268 270 407 152 402 151 431 168 409 400 261 166 169 305 378 134 374 135 133 232 233 393 427 479 442 156 373 371 193 47 192 45 329 205 188 190 104 107 69 165 335 163 177 194 390 244 394 395 286 143 419 159 424 449 203 413 155 372 79 276 472 277 398 274 459 308 184 425 426 263 282 82 97 81 185 317 186 95 94 430 316 315 314 336 337 465 466 447 57 58 121 220 127 401 0 148 207 137 120 126 128 60 61 62 67 7 150 403 77 272 154 76 75 260 259 73 258 72 475 88 295 297 257 39 290 170 172 89 298 90 238 66 229 65 376 240 242 227 129 132 321 251 319 322 477 437 476 312 78 273 414 226 138 18 91 86 301 110 15 100 19 451 202 108 199 191 49 51 201 140 142 105 85 289 83 198 311 331 287 246 309 74 252 255 71 254 80 98 323 339 468 458 84 275 416 92 157 370 470 299 469 441 176 320 96 145 38 37 44 43 34 42 33 444 181 179 41 392 432 436 443 178 428 454 200 429 455 456 375 478 384 377 122 23 123 124 125 224 225 223 4 6 343 222 231 245 221 36 24 27 3 26 32 361 139 102 31 30 147 146 381 50 171 300 399 303 12 306 302 304 46 173 174 175 40 307 230 235 228 63 64 237 130 380 183 234 396 397 439 48 195 369 247 435 391 328 338 106 288 103 332 29 144 70 35 164 68 248 93 313 187 382 365 364 366 13 368 256 433 367 440 383 16 11 10 17 14 471 363 438 457 450 236 452 131 9 2 362 28 8 434 1 
114 348 349 350 204 136 215 216 253 211 460 209 342 463 210 196 462 453 324 109 25 116 20 352 113 119 354 117 286 143 393 141 427 388 479 334 112 344 345 422 212 389 474 346 347 104 333 189 390 107 205 206 67 7 58 5 121 219 220 52 53 54 55 405 446 213 214 128 163 71 254 255 322 477 69 249 250 437 476 296 291 473 461 197 310 330 208 280 341 340 278 325 408 418 243 379 404 464 292 19 108 99 395 246 51 201 202 193 110 101 327 137 3 26 27 124 125 0 21 22 224 225 360 115 359 118 111 56 59 283 411 467 318 180 353 351 62 140 199 287 126 102 147 148 231 396 142 343 244 237 233 439 394 181 428 177 444 442 169 167 387 385 232 165 335 194 415 184 425 426 459 421 413 203 448 420 265 156 373 153 135 371 386 261 378 412 269 410 49 4 50 106 190 188 68 248 86 103 332 105 338 138 329 171 47 192 45 245 15 16 17 18 46 64 6 66 60 230 57 229 61 369 365 120 368 127 316 355 217 218 447 207 160 151 401 149 465 407 406 94 314 285 262 284 29 144 83 288 164 73 8 258 70 76 260 74 367 323 441 251 252 187 132 382 130 321 319 176 306 95 315 93 438 392 309 311 312 290 89 297 298 87 293 241 239 129 85 289 198 331 274 81 96 79 320 279 282 339 281 469 423 326 268 458 419 158 417 264 409 277 78 273 77 414 227 226 270 271 242 72 257 267 266 294 9 12 88 100 200 191 28 139 247 40 48 195 452 457 451 295 90 301 91 146 34 1 42 2 38 44 36 133 134 23 24 240 377 131 122 123 374 471 468 361 434 256 221 222 223 432 443 179 178 445 358 356 357 384 159 186 400 478 431 263 375 33 41 162 161 182 35 429 275 152 30 31 402 145 433 424 308 440 397 234 98 238 63 235 185 380 183 307 92 175 430 304 313 302 317 166 172 173 174 303 168 399 305 157 370 336 416 383 366 364 398 449 272 276 472 150 403 259 32 154 155 372 65 228 39 170 337 328 391 14 466 456 381 475 300 435 82 10 11 97 13 454 236 376 299 362 363 470 436 80 43 450 84 75 455 37 
210 278 208 325 113 346 112 347 420 212 421 422 53 206 204 214 448 189 333 213 292 291 463 209 211 464 324 453 158 417 423 415 279 327 326 280 342 341 340 20 114 101 99 109 196 353 117 354 281 351 115 352 269 410 167 408 387 344 385 389 349 388 474 334 345 348 350 386 79 276 472 277 398 449 274 459 413 308 424 329 205 190 203 184 425 426 215 52 54 55 136 216 193 47 192 45 188 104 107 406 218 446 419 159 262 284 355 283 217 405 219 153 266 294 267 87 293 265 296 404 241 239 249 460 461 473 418 243 379 141 197 310 330 250 462 253 412 271 94 92 371 157 370 156 226 470 416 414 268 299 469 468 458 441 176 320 323 339 451 202 110 108 100 81 96 282 5 111 56 59 21 116 22 118 119 25 138 18 91 86 301 15 19 199 191 49 51 201 285 264 357 358 359 180 80 98 149 161 182 162 445 160 360 356 411 467 318 270 407 152 402 151 431 168 409 400 261 166 169 305 378 134 374 135 133 232 233 393 427 479 442 373 69 165 335 163 177 194 390 244 394 395 286 143 155 372 33 41 13 85 84 289 275 78 273 77 122 368 369 366 272 256 170 432 433 367 364 365 440 343 439 397 307 187 383 183 380 382 475 391 328 338 106 171 50 173 34 42 95 185 0 148 207 137 120 121 126 127 128 57 58 220 60 61 62 67 7 246 247 27 38 44 36 66 174 46 40 4 435 83 288 105 103 332 150 403 466 447 315 314 37 43 186 263 82 97 317 430 316 336 337 465 401 154 76 75 260 259 73 258 72 88 295 297 257 39 290 172 89 298 90 238 229 65 376 240 242 227 129 132 321 251 319 322 477 437 476 312 140 142 198 311 331 287 309 74 252 255 71 254 10 93 2 48 35 32 195 164 131 225 224 471 361 363 144 300 303 362 231 223 222 434 245 455 237 450 235 234 396 457 381 384 478 236 452 429 200 16 17 181 6 221 23 123 124 125 24 3 26 68 248 139 11 14 9 12 399 304 456 377 428 178 179 145 444 392 436 443 454 375 102 31 30 147 146 306 302 175 230 228 63 64 130 29 70 313 1 28 438 8 
351 113 115 352 262 284 355 283 212 213 53 214 217 54 218 405 215 219 446 149 161 182 162 445 358 160 360 180 210 278 208 325 112 20 114 347 353 117 354 356 357 21 116 118 359 411 467 318 349 261 263 264 282 82 97 81 185 317 186 184 285 95 94 430 316 315 314 159 346 420 421 422 206 204 448 189 333 209 211 52 55 136 216 464 324 453 406 336 337 465 466 447 56 57 5 58 121 220 127 151 401 407 342 463 72 404 257 265 145 150 403 426 157 38 37 44 43 34 42 33 321 98 444 181 179 41 280 96 79 392 432 290 436 443 178 428 80 281 292 291 158 417 423 415 279 327 326 341 340 101 99 109 196 334 344 345 348 350 111 59 22 119 25 386 385 474 454 198 200 429 455 456 375 478 384 377 120 122 23 123 0 124 125 224 67 225 61 223 267 73 258 400 431 410 389 388 30 379 378 412 399 408 409 70 75 259 266 339 152 276 85 84 76 18 16 11 10 91 17 14 13 130 380 183 187 92 476 437 306 93 302 425 248 470 299 471 166 363 313 331 312 311 438 287 419 424 269 167 387 472 277 398 449 274 459 413 308 329 205 190 203 193 47 192 45 188 104 107 141 197 310 330 249 460 250 461 462 253 148 207 137 126 128 60 62 7 271 239 293 473 376 289 105 332 106 338 288 328 391 440 457 475 228 450 236 452 230 221 222 131 226 129 227 63 6 64 65 229 4 369 365 368 366 367 78 102 147 402 295 294 418 243 296 8 371 232 298 301 297 144 29 146 31 458 370 156 165 48 155 35 32 27 36 3 1 66 174 46 26 2 24 233 234 235 251 323 319 320 176 322 479 390 442 427 177 175 309 172 247 246 256 170 433 434 39 195 194 335 164 163 153 87 241 416 414 268 469 468 441 451 202 110 108 100 138 86 15 19 199 191 49 51 201 69 393 244 394 395 286 143 255 260 74 343 231 245 140 372 133 305 238 50 307 383 382 381 242 240 132 361 362 364 373 135 374 134 9 12 71 254 300 168 169 28 304 435 173 303 142 252 275 273 77 83 103 90 89 40 396 397 439 237 477 139 68 88 270 272 171 154 
347 353 117 354 325 464 324 453 406 214 218 213 189 55 53 333 446 216 215 448 386 385 346 345 112 474 350 349 285 264 357 262 358 118 359 351 113 115 352 99 208 22 119 20 114 340 196 342 180 281 326 278 412 271 239 269 293 461 473 292 210 291 463 250 462 209 211 404 162 150 403 407 466 447 149 217 405 315 314 127 54 220 219 284 355 283 212 188 190 104 206 204 59 60 61 62 128 136 52 413 203 422 318 94 419 159 424 158 449 420 421 267 155 372 371 133 232 153 387 389 305 378 442 344 479 388 410 167 408 330 244 394 395 390 348 334 379 261 184 95 265 75 259 266 409 456 263 431 411 377 356 384 467 428 181 445 178 360 223 56 21 116 125 161 182 160 45 199 191 49 100 327 19 108 109 101 126 36 24 0 123 27 25 140 225 67 5 111 426 268 458 339 341 280 33 41 277 80 98 282 323 79 279 468 417 423 415 400 274 84 275 276 416 240 270 226 418 132 241 129 243 90 295 87 298 296 312 310 249 460 477 294 194 74 252 69 319 255 253 246 476 286 141 197 72 257 81 96 42 31 30 146 145 152 402 151 297 338 475 337 401 452 230 457 454 336 465 391 438 287 437 392 306 93 430 317 316 313 366 367 368 120 121 57 58 229 82 97 185 186 15 83 288 138 328 329 105 106 107 173 192 205 4 50 51 193 47 143 231 86 11 14 9 40 65 66 6 7 228 29 144 137 148 207 77 272 364 459 380 425 10 13 92 414 37 43 187 382 308 365 369 398 472 258 35 32 164 154 157 370 156 124 122 374 373 64 237 238 134 135 23 175 171 39 300 399 166 168 169 304 179 443 444 177 427 233 393 439 201 331 245 397 343 142 235 68 248 163 165 335 34 183 17 76 8 73 260 70 303 202 451 381 478 455 332 131 376 375 198 200 429 236 247 471 309 432 290 436 311 221 363 469 470 433 222 256 224 38 44 321 46 450 89 88 301 110 12 18 91 71 254 147 1 2 3 26 227 242 361 362 251 320 176 273 322 396 440 441 434 299 85 28 78 289 139 130 307 63 435 170 172 174 302 103 195 383 16 102 234 48 
349 352 114 113 342 463 211 210 405 215 219 446 204 136 216 212 213 53 214 422 389 388 474 348 350 346 112 347 283 411 467 318 360 116 115 180 354 359 353 109 196 25 20 119 117 278 208 325 351 280 341 340 408 418 243 379 296 460 291 404 453 473 464 253 209 462 324 292 160 151 401 149 465 217 407 447 406 316 355 121 220 54 218 94 314 285 333 107 205 206 104 189 67 7 58 5 52 55 128 420 421 448 262 284 415 184 425 426 459 413 203 265 156 373 153 135 387 371 232 386 169 167 427 479 344 385 261 378 412 286 143 393 141 334 345 390 269 410 159 186 267 73 258 72 400 478 431 263 264 375 384 356 357 443 179 178 445 358 224 225 125 118 21 33 41 162 51 201 202 193 110 108 101 327 99 19 137 3 26 27 124 0 22 111 56 59 62 140 158 417 423 279 326 281 161 182 274 81 96 79 320 282 339 469 268 458 419 409 277 78 273 77 414 227 226 270 271 242 129 241 239 89 297 298 87 293 437 476 477 461 249 257 163 71 254 255 322 69 250 197 310 330 395 246 266 294 80 98 43 102 152 147 402 30 145 150 295 328 337 475 403 429 228 450 236 391 466 336 436 331 312 311 302 317 313 93 315 430 369 365 120 368 127 229 61 57 10 13 92 95 86 103 332 105 338 106 138 329 188 171 50 190 47 192 45 49 4 244 245 15 16 17 18 46 64 6 66 60 230 148 207 126 29 144 276 472 398 449 308 424 82 97 185 416 34 42 183 383 380 367 366 364 272 259 48 157 195 370 32 154 155 123 374 122 372 65 235 63 23 133 134 172 173 174 303 168 304 399 305 166 181 428 177 444 442 439 394 233 199 287 231 396 142 343 237 165 335 194 68 248 37 187 14 8 76 75 70 260 300 191 200 455 456 381 288 376 131 377 247 451 452 454 198 363 290 221 309 438 392 432 471 468 361 434 256 222 223 1 2 176 40 457 90 301 88 100 91 9 12 74 252 146 38 44 36 24 240 132 470 299 441 323 321 275 319 397 234 251 433 362 28 85 84 139 289 307 130 238 170 435 175 39 306 83 164 382 11 31 440 35 
350 119 354 117 196 462 453 324 128 216 220 136 333 446 215 189 55 214 53 104 390 479 348 474 349 345 347 112 62 140 225 67 125 359 118 25 114 116 20 340 342 180 353 352 113 99 325 208 22 19 108 109 395 246 476 286 477 473 461 253 211 460 209 404 464 463 210 250 27 29 144 126 368 127 137 121 52 229 61 447 219 218 54 7 58 5 204 413 203 448 422 212 318 94 314 285 406 213 405 188 190 206 59 60 49 4 50 51 106 107 205 255 68 248 194 444 442 163 427 334 439 394 232 388 385 344 143 393 141 379 261 378 412 386 346 389 330 244 47 66 69 8 70 71 142 256 245 231 111 432 224 223 56 374 134 124 123 21 384 467 360 115 358 3 26 0 426 268 458 419 339 341 281 326 278 280 407 33 41 160 178 162 351 264 357 262 283 411 45 199 191 100 327 101 36 24 105 9 12 15 88 86 110 200 201 202 193 343 138 28 139 103 247 392 287 331 197 290 437 312 310 176 441 322 319 249 129 243 296 291 293 254 371 72 257 265 298 267 292 271 239 269 408 418 74 252 18 91 44 30 31 145 146 102 147 148 251 398 367 365 207 470 430 299 471 369 120 366 376 270 241 240 238 65 230 64 57 228 391 475 466 465 217 316 355 315 16 17 46 6 282 77 272 274 364 459 277 449 420 380 425 421 159 424 158 415 184 410 431 79 10 13 80 92 93 95 186 284 313 150 403 149 151 401 83 288 328 329 173 192 11 14 40 198 1 2 39 170 171 337 336 338 332 260 32 35 154 164 48 195 165 445 443 428 335 317 166 306 181 177 179 307 308 187 440 397 237 396 233 235 23 122 133 135 387 169 167 305 417 226 263 399 400 409 304 155 372 153 156 373 38 174 97 73 75 76 258 259 234 423 469 433 222 434 472 436 438 221 414 468 361 363 416 454 242 377 132 131 227 375 236 451 452 381 478 456 356 34 42 89 185 362 321 323 320 279 98 81 96 266 294 402 37 43 161 182 311 309 429 450 297 301 90 289 87 168 300 295 455 457 78 84 85 273 275 172 175 302 383 382 130 183 63 276 370 435 82 152 303 157 
355 356 262 357 115 445 351 358 336 217 337 465 213 149 405 218 466 406 447 54 430 317 316 284 283 315 285 314 454 198 200 429 455 263 456 375 467 478 384 113 352 261 264 411 318 118 353 359 377 21 20 116 392 432 290 436 444 182 181 443 360 179 178 161 162 160 180 428 376 289 105 332 106 338 288 328 391 440 457 145 401 403 475 228 450 236 219 212 53 214 215 446 72 404 257 265 150 407 151 127 55 220 452 230 56 57 5 58 52 121 136 248 470 299 471 166 306 363 302 313 476 437 185 186 95 93 331 312 311 282 82 97 81 184 94 159 438 287 229 238 335 370 165 195 197 49 199 201 247 50 191 202 451 308 307 383 382 381 70 258 400 431 409 227 242 131 210 278 208 325 112 114 347 117 354 349 30 379 378 412 399 408 410 75 259 266 267 73 61 223 59 22 119 125 240 132 120 122 23 123 0 124 25 111 224 67 225 246 368 472 398 369 256 170 433 434 221 39 172 175 309 479 390 442 427 177 321 98 43 41 42 194 426 157 38 37 44 34 33 280 96 79 80 281 164 163 374 134 241 276 275 85 83 273 103 139 334 104 107 188 138 108 88 19 100 190 329 205 441 279 176 320 439 237 397 235 234 396 144 29 146 147 402 295 294 297 373 135 65 63 346 420 421 422 206 204 448 189 333 209 211 216 464 324 453 342 463 10 8 474 371 232 386 473 298 296 293 292 301 84 31 152 78 102 366 367 126 128 60 62 372 133 64 222 226 129 6 4 7 148 207 137 365 68 417 416 423 469 414 468 361 168 300 303 362 87 12 89 169 304 305 477 462 461 395 286 394 330 310 393 130 380 183 187 92 14 13 17 340 339 76 18 16 11 91 415 425 158 419 424 270 66 387 156 155 154 48 35 141 196 109 51 193 45 203 171 173 192 326 99 327 110 341 343 322 252 319 251 323 254 142 140 245 69 71 74 260 418 243 24 291 101 344 345 348 350 385 389 388 32 1 28 271 239 269 167 435 174 231 143 36 27 26 364 2 9 15 3 255 244 277 274 272 449 459 40 46 90 253 250 249 460 233 413 458 47 153 77 86 268 
358 118 353 359 357 315 285 314 127 218 55 54 406 214 213 447 220 446 219 466 428 181 445 162 351 178 180 360 61 223 59 56 22 117 119 21 115 20 116 264 262 347 354 113 352 384 318 467 125 377 456 356 438 287 437 392 306 95 93 430 355 317 316 184 94 284 283 313 123 366 367 368 126 128 120 52 121 60 62 189 53 216 136 57 5 58 217 150 403 407 149 405 325 464 324 453 333 215 212 391 475 465 225 229 452 230 457 454 338 336 337 471 164 163 335 427 177 248 444 443 175 309 42 182 41 179 432 290 436 81 280 96 79 33 160 161 311 221 228 65 363 416 469 470 433 231 222 256 224 143 111 140 67 36 24 0 27 25 99 208 112 114 350 122 23 124 265 75 259 266 409 263 410 431 411 261 448 386 385 346 345 474 349 340 196 342 210 278 236 247 451 381 478 375 374 134 332 240 132 131 382 376 455 202 198 200 429 434 288 275 83 289 199 286 246 197 331 393 476 310 312 305 300 166 304 302 17 97 185 186 92 299 34 415 425 426 183 158 159 10 13 80 282 82 361 362 227 242 135 274 272 459 364 472 398 369 303 147 144 207 365 71 253 254 255 148 137 29 86 11 14 9 40 66 4 6 7 47 188 190 104 206 204 209 211 462 226 129 63 64 408 84 31 30 146 145 152 402 151 297 257 401 292 294 267 72 404 281 326 412 271 239 269 293 461 473 291 463 250 413 203 422 420 421 139 138 329 328 234 450 270 241 238 201 372 133 237 396 440 205 107 106 105 468 155 154 35 68 370 165 195 348 334 390 194 460 322 477 479 442 344 90 295 87 171 435 39 170 172 174 26 3 2 44 43 321 98 176 73 16 341 320 279 339 319 32 1 37 157 38 373 235 243 417 268 414 423 458 173 258 70 142 245 343 102 141 395 244 76 260 74 69 8 51 91 19 12 15 18 101 45 191 49 100 327 108 109 371 232 130 296 252 169 168 399 400 167 379 378 419 424 449 153 387 389 388 330 394 193 192 380 383 307 103 187 323 441 308 110 50 276 77 273 85 28 233 439 249 301 88 89 298 46 78 48 397 418 277 251 156 
360 116 352 115 467 316 283 355 121 219 136 220 405 215 446 217 54 213 218 465 443 179 178 160 180 445 351 358 58 224 67 225 25 114 20 125 359 119 118 411 318 349 113 354 353 356 262 357 21 375 478 384 436 331 312 311 302 186 317 313 314 93 315 159 284 94 285 430 124 369 365 120 137 52 368 128 127 7 5 204 216 53 55 229 62 61 447 151 401 149 407 406 342 463 211 210 212 214 333 336 337 466 56 57 429 228 450 236 328 391 475 363 195 194 248 442 444 335 177 428 172 290 43 41 182 181 221 309 438 80 281 98 282 161 162 33 392 432 230 64 471 414 468 361 434 245 256 222 223 244 140 111 59 3 26 27 0 22 109 196 350 117 112 374 134 123 267 73 258 72 400 431 261 263 264 410 422 389 388 474 348 346 347 278 208 325 453 340 454 198 200 455 456 377 122 23 288 227 242 376 383 131 381 191 247 451 452 433 332 273 103 139 201 330 197 246 287 394 310 476 437 169 303 304 166 306 14 13 92 95 185 362 37 419 424 158 187 426 184 82 97 81 79 10 470 299 240 132 133 277 472 449 398 272 364 366 300 146 207 144 367 74 250 252 69 29 126 148 15 16 17 18 46 6 47 66 60 4 107 205 206 104 189 462 324 209 270 241 238 65 412 78 102 152 147 402 30 145 150 295 294 403 404 257 265 266 292 280 341 408 418 243 379 296 460 291 473 464 253 420 421 448 413 203 289 105 106 338 440 457 226 129 63 199 373 135 235 397 234 190 188 329 138 469 156 370 48 165 154 68 164 345 390 334 163 461 319 249 344 427 479 89 297 298 173 170 174 435 175 39 24 36 44 2 42 176 96 321 75 11 326 323 339 279 322 157 38 34 32 1 372 237 239 268 417 416 458 423 171 259 260 343 231 142 31 395 141 143 8 70 71 255 76 45 12 101 91 86 9 19 51 202 193 110 108 327 99 153 387 307 293 254 305 399 168 409 378 269 167 415 425 459 371 232 386 385 286 393 49 50 308 382 130 83 183 320 251 380 100 192 77 276 275 28 85 439 233 477 88 301 90 87 40 84 35 396 271 274 441 155 
125 359 119 118 225 229 62 61 447 220 446 219 128 216 136 127 218 55 54 368 374 134 124 27 25 123 22 21 314 384 318 467 180 354 353 360 116 352 115 140 67 350 117 114 20 223 59 56 358 432 256 224 376 270 241 240 238 66 65 230 58 64 57 47 60 7 5 228 178 391 475 466 407 406 465 405 217 94 285 333 215 214 213 316 283 355 121 29 144 126 137 52 196 462 453 324 189 53 204 366 367 120 357 315 470 430 299 471 398 369 365 454 154 153 373 387 135 372 133 122 307 242 44 26 24 23 377 132 131 18 101 91 86 36 0 3 227 375 313 93 236 247 451 452 381 431 478 456 356 410 411 264 262 33 41 160 162 351 340 342 349 113 347 443 179 445 69 8 70 71 142 245 143 231 111 244 104 390 479 348 474 345 112 99 325 208 211 109 363 416 469 433 222 221 428 181 472 392 290 436 170 438 434 423 414 468 361 455 272 139 77 273 268 269 271 418 226 167 239 243 129 439 440 237 235 63 97 17 46 6 40 457 38 193 192 45 174 51 4 11 14 9 15 16 429 450 311 309 177 138 288 329 328 332 338 336 234 402 403 401 337 266 292 294 267 151 149 150 79 10 13 80 92 95 159 186 284 184 413 203 448 422 212 463 210 464 331 312 302 317 141 28 30 31 145 146 102 147 148 251 252 207 253 254 255 74 250 19 108 395 246 476 286 477 473 461 460 209 404 188 190 206 107 205 275 274 459 364 303 362 287 437 306 417 248 444 166 168 300 421 420 449 277 200 68 164 32 155 195 156 370 346 389 386 371 291 87 293 385 232 388 176 441 322 308 383 187 382 130 183 182 161 43 42 2 89 12 90 76 82 327 301 110 100 298 35 37 1 48 34 335 304 310 201 199 198 202 191 380 260 259 409 263 400 152 408 412 261 73 258 72 265 75 158 96 281 98 282 81 280 426 458 419 339 341 326 278 194 442 172 249 257 233 396 397 343 393 330 394 49 50 106 163 427 334 344 379 378 415 425 173 435 175 276 39 88 295 171 279 424 103 83 289 78 84 169 305 296 320 323 321 319 185 85 157 399 197 105 297 165 
361 313 362 363 120 272 364 366 311 221 309 438 222 435 434 223 436 433 432 56 270 268 414 458 468 416 469 470 178 335 177 428 93 304 302 315 471 306 430 207 365 399 303 300 299 127 367 368 316 54 52 121 154 374 153 373 77 413 274 273 369 277 472 203 459 449 398 275 314 198 197 331 310 312 287 437 392 41 179 174 175 172 290 358 181 445 224 343 111 231 245 256 301 257 298 297 173 170 171 61 59 225 443 360 21 115 20 116 5 58 67 139 376 241 240 269 271 227 418 226 32 155 426 419 415 417 195 156 370 339 108 340 341 425 423 424 372 164 359 180 289 336 105 332 165 334 163 194 248 344 427 442 444 92 94 95 186 317 91 90 305 166 169 357 285 355 260 441 255 254 148 137 147 126 144 146 192 263 261 400 378 409 168 100 89 88 295 110 118 123 22 55 128 220 467 283 57 217 213 218 53 219 136 0 124 25 125 68 229 454 238 230 134 387 135 133 122 346 389 386 371 30 28 78 84 276 282 281 448 420 422 103 380 106 104 190 333 205 421 320 280 279 326 323 288 83 447 446 318 200 429 49 199 452 201 247 85 141 330 286 246 249 291 209 460 393 476 394 13 176 79 96 33 160 42 162 182 43 66 47 46 40 39 293 87 296 466 406 353 351 402 440 439 397 395 244 396 143 142 76 74 140 258 71 70 252 259 327 101 145 337 149 401 72 404 265 267 294 473 191 45 50 202 51 228 65 60 62 117 119 465 405 352 23 356 262 113 112 114 4 6 7 64 138 455 375 307 242 377 132 131 167 239 243 129 292 210 463 408 379 412 10 8 73 1 35 34 48 157 37 284 185 184 159 158 325 278 342 251 321 19 196 109 99 453 383 183 308 382 187 384 354 407 338 328 391 107 188 38 69 250 345 390 348 233 385 388 479 322 253 477 461 319 2 80 17 81 97 98 14 44 27 26 18 86 15 12 456 264 214 266 462 152 102 31 29 151 403 150 329 206 193 478 411 431 410 232 474 24 36 189 216 215 63 212 208 211 204 9 3 457 450 236 237 235 347 349 464 11 16 82 75 161 234 130 350 475 451 324 381 
364 207 120 365 362 458 361 468 343 222 111 231 221 56 223 434 245 224 256 435 203 413 459 272 366 449 369 398 260 441 255 254 148 52 137 147 367 126 144 313 363 54 121 127 368 300 471 299 146 399 304 303 339 108 340 341 426 268 419 425 469 415 423 270 414 416 470 424 402 440 439 397 395 244 396 143 142 76 74 5 59 67 140 258 71 70 433 311 309 438 436 432 21 115 20 116 58 225 61 171 175 170 252 259 301 257 298 297 174 173 172 380 106 104 190 333 448 205 422 421 282 281 77 274 277 420 320 280 279 154 374 153 373 273 472 275 326 323 294 266 308 455 307 383 176 477 322 319 251 462 253 250 69 85 152 102 31 29 0 22 55 128 136 401 151 145 178 335 177 428 93 302 315 306 430 316 57 217 213 218 53 219 220 124 25 125 118 123 295 110 90 305 166 168 403 150 192 263 261 400 378 409 169 91 100 89 88 321 50 200 49 191 19 196 109 99 327 453 342 325 278 284 185 184 159 158 32 155 271 417 418 183 139 376 241 240 269 227 226 195 156 370 372 164 382 187 431 410 407 454 457 238 237 450 235 234 92 476 394 393 233 390 350 479 348 286 141 330 38 165 157 48 82 75 16 73 8 11 4 6 7 60 62 117 119 114 478 411 267 72 314 198 197 331 310 312 287 437 392 41 179 290 358 181 445 443 360 122 23 355 356 262 357 351 113 352 353 359 112 230 64 229 228 65 202 51 40 39 293 87 456 264 265 101 337 149 404 473 296 66 47 46 45 130 336 338 105 107 328 188 329 216 189 204 206 354 474 349 215 212 214 161 182 162 97 98 81 96 79 80 30 28 78 84 276 386 371 389 248 68 134 387 135 133 346 332 103 289 288 83 475 292 318 375 377 381 242 132 13 444 442 461 249 460 246 324 211 209 163 427 334 345 194 18 37 3 34 1 35 36 9 12 15 2 24 26 27 465 405 412 180 344 94 95 186 317 285 467 283 131 129 63 466 406 447 446 208 210 86 14 239 167 408 193 379 232 388 243 44 17 429 452 451 199 201 464 463 347 43 42 33 160 10 247 138 291 384 236 385 391 
366 127 367 368 363 416 469 470 61 223 59 56 433 231 222 432 225 256 224 436 275 274 272 459 364 472 398 369 118 123 22 21 55 126 128 54 120 52 121 303 362 147 144 207 365 430 299 471 220 316 302 313 372 164 155 154 271 415 417 270 361 268 414 425 423 458 468 226 218 228 65 229 60 62 57 5 58 117 119 143 111 140 67 115 20 116 221 173 172 170 435 434 254 258 71 70 142 245 343 392 290 438 125 359 443 360 179 178 312 311 309 240 288 83 289 84 276 139 77 273 386 371 422 413 420 277 374 153 373 341 320 280 279 421 449 203 370 122 358 353 227 375 242 376 135 24 23 134 124 36 0 27 25 189 214 53 216 136 253 255 148 137 29 217 213 219 297 100 89 88 169 304 168 166 300 399 396 401 151 402 102 145 146 251 69 252 260 441 445 248 444 317 306 315 447 446 331 467 283 355 186 314 93 442 335 177 428 133 287 429 199 198 163 35 68 165 195 37 32 157 156 412 239 269 379 418 342 340 426 419 158 241 205 383 183 380 184 308 424 327 278 326 339 108 131 129 357 285 406 450 236 235 63 454 238 230 243 40 66 6 64 86 11 14 9 4 7 47 324 99 325 208 347 354 112 113 114 350 286 393 141 395 244 76 74 8 356 262 351 352 409 191 45 192 46 174 50 39 171 296 298 175 294 87 295 301 257 323 322 400 478 411 431 267 73 72 266 259 16 234 233 397 440 439 247 246 476 437 182 181 384 318 180 194 465 405 160 43 41 394 330 310 197 132 328 391 188 138 336 105 332 31 85 28 103 75 80 10 30 78 152 464 293 292 385 232 346 387 389 474 215 204 212 333 448 282 281 79 110 109 319 96 176 321 81 329 206 190 106 104 466 162 264 455 381 377 307 130 388 90 91 44 26 2 51 38 1 3 19 12 15 18 101 345 453 209 210 211 196 462 348 427 334 460 477 249 250 337 149 284 265 17 408 167 378 305 410 263 261 382 187 237 475 407 403 150 48 34 390 479 185 95 94 201 159 98 13 92 461 344 200 451 452 49 193 161 33 82 473 291 463 404 349 202 107 42 456 457 97 338 
369 121 365 120 471 414 468 361 58 224 67 225 434 245 256 221 56 222 223 438 273 277 472 449 398 272 364 366 116 124 25 125 136 137 52 220 368 128 127 300 299 146 207 144 367 313 362 363 54 315 306 430 373 195 156 370 418 419 268 226 470 417 416 424 458 423 469 270 219 230 64 57 7 5 229 62 61 114 20 244 140 111 59 359 119 118 432 171 175 435 170 433 252 259 74 260 343 231 142 311 309 436 21 115 428 358 181 445 437 392 290 227 332 103 139 78 77 289 276 275 389 153 448 420 413 274 122 371 372 326 323 281 339 203 459 421 154 374 360 352 240 377 132 131 133 26 134 23 123 3 27 0 22 204 215 216 53 55 250 69 29 126 148 447 446 218 295 110 90 301 305 166 399 304 303 168 397 403 150 145 31 402 147 441 255 254 70 251 178 335 177 93 302 316 217 213 287 357 285 314 95 355 317 427 248 444 443 135 331 452 201 247 194 48 165 68 164 34 157 32 155 408 243 379 269 271 325 278 158 415 426 129 190 382 187 308 159 380 425 108 340 341 279 327 376 241 467 283 405 457 454 237 238 236 63 228 239 46 6 66 65 15 16 17 18 47 60 4 211 109 342 196 349 113 350 354 117 112 330 394 395 141 143 8 71 76 384 318 180 353 400 202 51 50 40 39 192 174 173 293 87 172 257 298 297 88 294 320 319 409 456 264 263 265 75 266 72 258 11 440 439 396 234 233 198 197 310 312 41 179 356 262 351 163 466 406 162 42 182 393 286 476 246 242 338 336 107 105 391 138 288 102 28 85 83 73 81 82 152 84 30 463 296 404 388 387 474 232 386 346 214 189 333 212 422 79 280 282 100 99 322 98 321 176 80 106 104 205 329 206 465 160 411 381 455 375 130 307 385 89 12 2 24 44 45 1 38 36 101 91 86 9 19 348 210 462 453 324 208 209 345 442 390 461 249 477 253 475 407 94 267 14 412 378 167 169 261 431 410 383 183 235 337 149 401 151 35 37 334 344 92 186 284 199 184 96 97 185 460 479 451 200 429 193 49 33 161 10 291 473 464 292 347 191 188 43 478 450 13 328 
220 368 128 127 125 359 119 118 432 225 256 224 62 140 67 61 223 59 56 229 447 446 219 216 136 218 55 54 470 430 299 471 398 144 367 369 121 365 120 27 25 29 126 137 52 123 22 21 366 374 134 124 314 384 318 467 180 354 353 360 116 352 115 350 117 114 20 358 472 392 290 436 170 433 438 434 221 423 469 142 245 231 222 414 468 361 58 47 66 60 7 5 69 8 70 71 143 111 244 228 65 57 363 416 376 270 241 240 238 230 64 178 391 475 466 407 406 465 405 217 94 285 333 215 214 213 316 283 355 196 462 453 324 189 53 204 357 315 226 417 445 248 444 443 317 166 306 302 313 168 300 303 362 421 420 449 459 364 251 252 146 207 147 273 277 272 18 101 91 86 44 26 36 24 0 3 141 28 30 31 145 102 148 253 254 255 74 250 227 375 242 135 23 122 275 274 454 154 153 373 387 372 133 307 377 132 131 93 236 247 451 452 381 431 478 456 356 410 411 264 262 33 41 160 162 351 340 342 349 113 347 179 104 390 479 348 474 345 112 99 325 208 211 109 428 181 370 371 276 246 287 476 437 331 312 311 182 39 172 175 309 88 294 87 295 171 435 173 279 327 278 326 158 415 424 419 458 425 234 233 396 397 343 259 260 258 195 156 418 268 38 193 192 45 174 46 51 40 4 97 17 6 11 14 9 15 16 209 249 1 68 32 35 10 72 73 75 76 257 286 393 395 330 394 429 450 235 63 243 129 164 155 271 455 139 77 269 167 239 439 440 237 457 177 138 288 329 328 332 338 336 402 403 401 337 266 292 267 151 149 150 79 13 80 92 95 159 186 284 184 413 203 448 422 212 463 210 464 19 108 477 473 461 460 404 188 190 206 107 205 289 379 157 194 163 335 442 427 185 12 89 169 304 305 50 409 400 399 110 90 301 297 100 308 280 323 281 339 341 320 380 130 382 321 319 322 441 103 78 389 82 298 161 43 42 2 37 48 34 334 344 310 83 84 85 152 263 261 383 183 388 232 386 200 346 291 293 385 176 187 201 199 198 202 191 408 412 265 96 98 282 81 426 49 106 378 165 197 296 105 
370 122 371 372 472 289 276 275 131 226 129 227 417 379 418 416 240 271 270 470 335 165 195 157 156 164 155 154 57 236 63 228 23 232 133 123 373 135 374 420 277 474 386 389 153 366 274 272 124 368 398 369 198 311 197 331 105 85 83 332 273 103 139 152 84 78 77 288 21 384 381 377 130 132 375 242 376 6 64 378 243 239 241 61 65 229 414 158 423 415 419 268 404 453 473 464 412 269 408 363 469 361 230 58 432 225 256 224 299 471 468 336 178 177 428 334 163 443 194 248 49 199 38 48 35 68 452 201 247 82 266 76 75 37 32 34 287 429 56 5 391 447 475 466 451 234 450 457 454 233 235 237 238 2 0 24 26 134 298 296 388 387 385 118 22 125 278 79 279 280 421 449 422 459 413 448 261 354 350 349 479 347 346 267 293 292 463 265 223 436 433 367 364 120 116 25 430 220 128 127 144 121 365 170 438 434 221 200 313 314 93 315 309 310 312 437 392 141 330 286 246 104 106 107 188 138 18 16 102 28 31 338 161 407 402 151 148 150 30 80 11 10 73 81 465 328 54 52 20 318 467 431 478 357 456 356 329 380 382 383 455 321 249 251 319 183 307 187 12 13 9 14 4 7 40 60 66 46 304 399 305 169 167 460 291 461 218 55 59 62 212 94 92 159 308 424 184 425 426 327 326 458 342 341 340 281 325 72 257 333 446 216 215 196 462 324 211 210 477 411 400 410 264 409 316 302 303 362 231 222 219 136 67 290 359 119 140 142 245 168 166 300 306 337 180 360 41 179 358 181 445 344 427 442 444 209 69 250 345 390 348 19 108 109 50 191 51 202 193 45 27 44 36 3 1 71 8 74 282 97 294 260 259 258 255 160 43 33 162 42 115 111 53 406 405 217 403 401 192 339 323 396 440 397 185 393 394 439 96 320 176 322 98 39 15 90 86 91 17 89 174 435 175 301 297 295 87 353 117 126 208 441 206 205 190 203 204 214 189 149 145 263 352 114 113 112 476 395 172 173 147 207 137 317 29 70 252 146 88 171 285 283 355 95 186 143 244 253 100 110 101 99 47 284 182 343 213 262 254 351 
123 373 135 374 228 61 65 229 414 227 418 226 242 243 129 376 270 241 240 375 118 22 21 24 23 125 134 124 273 369 277 472 156 389 153 370 122 371 372 235 63 388 387 232 133 454 238 230 154 429 450 236 127 218 55 54 59 60 62 56 57 5 58 40 66 6 64 225 195 471 468 361 419 268 470 417 416 78 77 408 379 269 271 289 276 275 131 183 383 307 130 132 296 460 463 291 167 239 378 356 455 377 272 139 465 288 328 391 478 384 381 223 358 353 359 117 119 115 20 116 126 128 36 0 27 25 120 52 121 14 90 86 91 44 26 2 220 368 332 103 224 438 434 221 365 449 398 364 366 448 420 413 274 34 48 157 32 155 265 404 474 386 346 335 165 164 319 96 320 176 397 234 439 440 237 233 169 427 348 479 349 344 385 87 292 293 473 298 336 217 337 200 457 452 248 68 467 287 199 198 191 247 451 401 447 475 466 367 357 315 285 314 406 214 213 446 219 189 53 216 136 143 231 111 140 67 11 9 4 7 47 222 43 175 171 39 51 174 46 97 18 17 12 13 432 256 331 201 194 306 430 300 299 313 362 363 245 424 458 423 469 281 325 326 278 158 415 426 73 81 16 82 102 28 152 85 84 30 264 409 410 261 412 453 464 210 311 197 105 83 394 95 184 185 425 380 92 308 187 252 251 382 477 441 322 321 249 89 297 393 437 286 476 253 211 209 462 461 342 166 168 305 304 399 355 262 263 456 106 338 392 246 138 405 428 163 188 190 329 400 411 431 318 433 181 445 162 351 178 180 360 347 354 113 352 324 99 208 112 114 350 71 254 255 147 144 148 207 137 29 35 37 38 1 3 19 15 101 98 80 295 110 301 88 109 182 161 42 41 33 443 107 330 309 290 436 435 170 146 323 339 203 459 421 159 333 212 422 79 279 280 340 282 151 8 266 76 75 10 72 150 403 407 259 257 294 267 177 334 49 250 341 244 343 142 396 395 310 141 172 173 303 444 390 442 345 215 204 149 145 50 202 193 283 45 100 327 192 258 402 93 317 316 94 284 104 206 196 70 260 74 69 31 186 160 205 312 302 108 179 
227 375 242 376 123 373 135 374 429 228 450 236 65 235 63 229 454 238 230 61 414 418 226 243 129 270 241 240 465 288 328 391 478 383 455 384 131 381 377 24 23 183 307 130 132 125 134 124 356 118 22 21 273 369 277 472 156 389 153 370 122 371 372 388 387 232 133 154 467 287 199 198 191 200 247 451 452 401 337 397 234 440 457 447 475 466 57 40 60 66 6 64 319 96 320 176 439 237 233 225 62 58 336 217 127 218 55 54 59 56 5 195 471 468 361 419 268 470 417 416 78 77 408 379 269 271 289 276 275 296 460 463 291 167 239 378 272 139 219 405 164 428 163 335 83 188 138 105 332 190 329 106 338 400 411 431 263 456 252 251 380 382 308 314 318 357 14 90 86 91 36 0 44 27 26 2 394 95 184 185 425 92 187 477 441 322 321 249 220 368 128 119 25 116 355 262 223 358 353 359 117 115 20 126 120 52 121 103 224 438 434 221 365 449 398 364 366 448 420 413 274 34 48 157 32 155 265 404 474 386 346 165 169 427 348 479 349 344 385 87 292 293 473 298 248 68 360 352 283 437 392 286 246 311 197 331 35 45 49 193 201 100 326 99 327 192 202 50 258 295 267 294 151 149 402 407 403 145 245 244 343 142 396 339 323 279 178 180 446 406 43 175 171 39 51 4 174 47 46 11 9 7 97 18 17 12 13 461 250 42 181 162 182 81 280 79 282 98 341 476 395 393 310 141 432 256 140 67 216 136 445 351 213 367 315 285 214 189 53 143 231 111 222 194 306 430 300 299 313 362 363 424 458 423 469 281 325 278 158 415 426 73 16 82 102 28 152 85 84 30 264 409 410 261 412 453 464 210 89 297 253 211 209 462 342 166 168 305 304 399 316 215 160 177 444 443 334 390 31 15 19 104 107 206 173 203 421 205 301 101 110 108 88 147 72 260 266 259 257 70 146 137 207 74 69 255 254 93 94 354 80 109 37 38 1 3 161 41 33 442 345 330 317 284 186 159 459 422 144 29 350 114 113 433 347 324 208 112 71 148 309 290 436 435 170 333 212 340 8 76 75 10 150 172 303 204 179 312 196 302 
374 125 134 124 376 270 241 240 225 229 62 61 238 66 65 230 58 64 57 454 154 153 373 387 135 372 133 122 220 368 128 127 119 27 25 118 123 22 21 307 242 44 26 24 23 377 132 131 116 356 455 375 272 139 77 273 268 269 271 414 227 418 226 167 239 243 129 416 359 432 256 224 140 67 223 59 56 216 136 47 60 7 5 218 55 54 228 439 440 237 235 63 91 97 18 17 46 6 40 452 457 236 121 219 336 217 337 465 200 429 450 361 248 68 164 32 155 195 156 370 413 274 346 389 386 371 369 277 472 291 87 292 293 385 232 388 275 366 447 446 470 430 299 471 398 144 367 365 120 29 126 137 52 350 354 117 114 20 101 86 36 0 3 358 353 115 176 477 441 322 308 383 187 382 130 183 174 182 161 43 38 42 2 89 15 12 14 90 466 332 338 456 381 384 360 352 198 355 262 357 263 467 478 106 288 328 391 364 247 392 246 287 138 28 103 83 289 30 78 84 276 426 458 419 415 417 210 463 408 379 412 468 344 166 168 169 410 305 378 461 464 473 296 460 363 469 314 318 180 290 436 170 433 438 434 221 423 142 245 231 222 69 8 70 71 143 111 244 196 462 453 324 333 215 189 214 53 204 193 192 45 51 4 11 9 16 315 285 406 213 92 476 395 394 343 397 393 396 233 279 320 234 98 323 321 319 96 298 301 185 317 284 186 282 82 81 80 13 76 172 173 39 175 171 331 201 202 451 403 475 316 283 405 105 445 351 149 145 401 50 49 191 199 362 444 443 390 194 428 163 335 1 35 48 165 10 72 73 34 157 37 340 339 281 203 459 448 449 420 422 113 112 347 349 474 265 404 267 249 209 88 294 295 297 266 442 345 479 427 348 178 407 94 306 302 313 300 303 421 251 252 146 207 147 141 31 102 148 253 254 255 74 250 104 342 99 325 208 211 109 206 329 188 327 110 100 19 181 162 264 79 260 158 424 425 380 159 95 184 304 399 435 179 160 41 33 85 152 107 205 409 431 411 197 261 257 258 400 108 190 437 312 311 286 330 150 151 75 341 326 278 280 212 310 334 402 93 309 259 177 
240 377 132 131 124 372 133 122 452 230 457 454 64 237 238 57 236 63 228 58 416 271 270 239 241 226 129 227 466 332 338 336 456 382 381 356 376 455 375 26 134 187 130 307 242 21 23 123 384 116 25 125 275 366 274 272 155 386 371 154 374 153 373 385 232 387 135 370 357 331 201 247 202 451 198 200 429 403 475 396 440 234 450 217 337 465 229 46 7 6 66 65 322 98 323 321 233 235 439 56 5 61 391 447 121 219 136 220 67 225 62 164 363 469 470 415 417 361 268 414 84 276 412 269 379 418 139 77 273 293 461 464 473 378 243 167 472 289 218 406 195 443 194 248 103 107 105 138 288 205 106 329 328 409 264 263 431 478 254 441 308 383 380 355 262 467 17 89 15 12 3 27 2 0 24 44 393 186 159 92 424 185 183 249 251 319 176 477 54 120 52 20 22 118 314 318 224 360 352 115 114 359 119 137 368 128 127 83 223 436 433 432 367 459 364 398 369 422 413 420 277 37 35 32 157 156 267 292 346 389 474 68 305 442 345 344 347 479 388 298 404 296 291 87 335 165 358 353 285 312 311 330 197 392 246 287 48 51 193 49 199 110 341 109 108 50 191 192 259 297 265 257 150 407 145 149 401 402 231 143 142 343 397 279 320 339 445 351 213 405 42 172 173 174 45 47 39 4 40 16 18 60 13 9 14 91 97 460 253 43 179 160 41 80 281 282 79 96 326 310 141 394 476 395 221 222 111 59 53 55 178 180 446 365 316 283 215 204 216 244 245 140 256 163 302 313 303 362 430 299 471 425 423 458 468 280 342 340 426 419 158 75 11 10 31 85 30 28 78 152 411 400 261 410 408 210 463 453 90 295 250 324 462 209 325 304 399 169 166 168 315 214 162 444 177 428 390 334 102 86 101 206 188 104 171 421 203 190 88 19 100 327 301 146 266 70 72 258 294 260 147 126 144 71 255 69 252 317 284 113 81 99 34 1 38 36 33 182 161 427 348 286 93 94 95 184 449 448 207 148 112 117 354 434 349 211 196 350 74 29 290 309 438 170 435 212 333 278 76 8 73 82 151 175 300 189 181 437 208 306 
147 367 126 144 254 258 71 70 433 231 223 222 143 59 111 142 256 140 245 396 401 151 402 102 148 145 29 146 469 303 363 362 366 127 368 364 207 120 365 253 255 55 128 52 137 251 69 252 398 323 322 441 400 478 411 431 267 73 72 294 260 266 259 16 8 76 74 257 459 173 172 170 436 432 435 221 434 416 470 61 56 225 224 458 361 468 343 286 393 141 395 244 22 117 118 119 62 67 5 234 233 397 299 423 382 424 187 308 237 440 439 295 328 465 337 405 149 475 407 403 412 261 78 152 30 150 168 410 409 48 3 34 1 28 31 85 263 399 425 415 297 100 89 88 169 302 304 166 300 316 313 430 471 275 274 272 472 369 123 21 54 121 220 203 413 449 348 163 427 334 460 477 209 249 250 462 60 189 214 53 218 216 136 27 125 25 20 0 380 381 130 321 319 320 421 420 457 326 281 339 98 279 176 132 455 307 383 305 450 191 429 200 375 467 384 356 456 283 318 262 264 464 293 292 404 265 156 157 82 75 10 87 103 15 17 18 81 9 11 68 32 35 38 165 301 298 341 280 422 45 192 46 174 50 39 171 296 312 290 309 175 443 360 179 178 311 438 392 372 164 155 154 271 417 270 268 414 226 228 65 229 57 58 115 116 359 108 340 426 419 211 199 287 246 437 476 197 310 330 388 479 394 112 344 345 390 350 36 24 324 99 325 208 347 353 354 113 114 358 47 66 7 4 6 451 236 63 235 185 183 327 278 158 377 190 448 159 186 92 64 230 238 454 90 188 329 288 391 106 336 338 219 217 447 466 352 160 180 446 406 213 386 385 346 239 378 269 167 408 379 277 273 77 276 84 161 37 33 194 195 26 42 2 44 162 138 139 83 105 289 205 184 342 19 101 110 12 91 243 442 444 317 306 93 331 355 314 315 335 177 428 445 248 240 371 374 153 373 370 122 227 242 376 135 23 134 124 104 333 282 349 181 463 291 473 461 210 196 453 86 14 40 206 212 204 215 357 285 131 129 97 96 79 452 80 43 41 13 133 241 49 193 202 198 247 284 94 351 232 387 389 474 418 201 332 95 109 51 182 107 
378 129 379 243 473 298 404 296 23 232 122 133 474 371 386 388 135 389 387 479 304 399 305 261 412 169 408 167 63 6 57 64 131 226 227 132 239 240 241 453 464 417 418 271 269 460 463 291 242 477 462 461 174 309 435 175 301 257 297 90 293 295 87 72 265 267 292 89 130 2 0 24 21 123 26 124 134 236 228 370 372 373 374 237 230 238 385 354 350 349 347 346 276 420 472 277 156 153 155 427 348 344 65 235 476 439 395 394 390 442 345 91 93 313 302 362 303 306 300 166 192 173 263 400 409 168 40 171 39 149 30 145 150 264 410 411 172 46 233 234 12 13 9 14 4 5 7 60 66 56 58 61 229 384 381 377 375 376 289 275 416 270 414 187 382 307 333 446 216 215 196 324 342 211 210 325 157 158 423 415 470 419 268 78 273 77 274 84 393 437 286 253 209 249 183 383 444 176 441 322 255 319 250 246 312 330 310 47 177 41 178 179 311 221 438 436 290 222 434 433 170 327 101 110 100 88 337 401 258 294 259 86 262 10 8 73 70 75 266 406 403 407 151 405 17 15 321 251 380 33 42 1 3 43 36 44 19 20 22 25 27 54 120 52 121 116 125 118 391 447 475 466 451 450 452 457 454 429 335 165 195 164 154 366 272 369 98 323 396 440 340 180 359 353 119 117 352 114 113 104 189 112 422 204 212 214 448 152 85 278 79 279 280 421 398 449 459 413 368 34 48 32 37 35 181 428 163 334 143 141 96 320 397 392 92 308 343 111 244 68 248 194 443 18 94 95 314 315 186 316 317 361 363 471 430 364 207 365 468 299 469 329 206 205 193 45 202 51 50 191 455 356 456 478 431 147 402 146 213 217 28 29 31 102 144 285 357 318 283 467 185 142 339 80 81 97 11 16 49 53 55 59 62 67 115 223 224 225 219 136 220 127 218 247 328 332 338 336 465 288 198 197 331 105 83 103 139 159 424 254 203 128 108 109 99 208 341 281 326 82 76 38 184 425 426 458 432 256 287 199 71 69 252 445 260 148 137 74 138 201 160 162 182 360 358 231 245 367 188 107 106 190 200 351 355 140 282 161 126 284 
321 249 251 319 130 185 380 183 310 233 141 393 234 142 396 235 394 397 439 63 97 282 98 339 323 96 320 176 344 177 334 427 209 69 250 460 322 253 477 381 382 70 252 254 441 242 383 307 461 129 131 132 182 44 161 43 284 426 184 186 187 159 92 458 425 424 308 95 291 309 311 312 197 330 437 286 476 112 345 140 143 244 395 388 348 479 237 451 236 450 457 440 144 145 29 146 245 343 231 65 228 238 442 385 23 232 122 133 57 64 230 317 91 18 17 82 81 14 80 13 351 162 340 281 280 79 179 160 41 203 364 413 459 341 279 326 42 181 387 346 93 304 313 302 178 335 428 443 444 165 163 194 390 208 210 211 324 462 128 126 71 255 74 296 463 473 475 329 391 328 384 377 478 375 455 456 256 257 72 258 8 259 260 365 137 207 147 367 135 24 123 227 376 241 293 464 6 378 379 243 226 239 240 21 26 124 134 445 66 174 47 46 27 38 36 3 2 157 37 34 33 262 355 283 285 94 333 448 419 158 415 316 108 362 361 468 268 469 423 205 422 421 449 190 306 315 167 269 292 435 175 221 438 172 436 290 314 198 331 287 392 105 85 289 83 199 246 201 53 206 212 204 113 347 114 349 350 117 62 225 67 59 111 102 148 31 169 408 389 474 431 192 193 202 247 452 191 429 200 447 466 454 401 465 337 338 403 398 368 263 399 261 400 149 30 150 151 402 28 434 224 222 433 223 40 60 61 229 373 374 305 412 386 0 298 404 371 370 372 56 5 58 7 430 301 90 101 86 89 15 12 76 16 11 9 152 276 84 75 10 73 213 217 405 115 358 352 360 180 353 453 196 342 325 278 277 420 274 106 104 120 272 366 369 77 110 109 327 100 99 87 153 410 303 300 166 363 471 359 336 332 195 248 164 49 48 35 68 188 288 138 103 107 20 214 136 215 216 189 55 119 125 25 220 127 121 52 297 265 418 407 139 318 467 357 356 411 409 264 299 470 432 295 267 294 266 1 32 22 118 414 270 271 4 417 472 275 416 54 116 173 171 39 45 51 156 155 78 218 219 446 406 354 50 19 154 168 170 273 88 
380 381 130 382 251 339 321 323 451 234 236 450 233 63 235 396 457 237 440 142 458 426 425 185 183 424 187 308 475 329 391 328 384 131 377 478 383 375 455 249 319 129 132 242 307 254 322 441 456 70 69 252 203 364 413 459 340 282 281 341 320 280 279 97 98 96 176 326 431 192 193 202 247 452 191 429 200 447 466 57 228 230 454 401 465 337 397 310 141 393 394 439 23 232 122 133 64 238 65 231 143 343 338 403 144 145 29 146 140 245 244 108 362 361 468 268 419 469 415 423 333 448 284 184 159 158 205 422 421 182 44 161 43 186 92 95 449 190 402 407 327 301 101 110 206 138 188 107 106 139 288 332 336 314 318 467 357 356 21 123 227 376 240 400 411 263 344 177 334 427 209 250 460 253 477 461 6 378 379 243 226 239 241 26 124 134 135 24 147 367 126 71 255 260 409 264 256 257 72 258 8 259 74 128 365 137 207 104 222 435 221 434 120 272 366 369 398 77 274 277 420 453 196 342 325 278 351 162 81 79 80 109 317 91 18 17 82 14 13 179 160 41 42 181 100 99 294 266 410 174 173 47 45 171 51 50 208 246 201 199 49 248 154 68 164 287 198 331 359 178 180 360 446 406 219 405 217 218 56 5 58 61 229 373 374 372 295 267 151 149 291 309 311 312 197 330 437 286 476 112 345 395 388 348 479 442 385 2 0 473 298 404 296 474 371 386 389 387 370 46 7 66 40 60 433 223 59 111 102 148 297 265 150 368 399 261 30 28 31 62 225 67 224 19 304 303 313 363 300 471 299 270 414 416 470 153 32 155 271 417 418 354 350 349 216 189 215 204 212 214 262 355 283 285 94 34 33 37 444 445 27 38 36 3 157 302 316 93 306 315 168 152 292 90 89 88 86 15 53 390 194 103 105 83 392 273 275 289 428 163 335 195 443 220 353 116 352 115 358 118 54 52 121 20 22 25 125 305 412 73 346 165 210 211 324 462 463 293 464 12 9 4 169 408 167 269 472 276 127 55 16 76 75 432 10 1 35 11 119 136 175 172 170 438 436 78 84 156 117 114 113 347 213 290 430 85 87 39 48 166 
183 242 383 307 319 96 320 176 65 235 228 63 397 450 234 439 238 440 237 394 95 184 185 425 380 92 308 187 135 24 123 23 227 375 376 129 130 131 132 252 251 478 455 381 382 477 441 322 241 461 250 249 42 181 162 182 81 280 79 97 321 282 98 341 279 339 323 13 243 40 60 66 61 229 6 57 64 373 374 429 236 454 230 232 122 133 233 245 244 343 142 396 328 401 465 337 200 457 451 476 395 393 134 387 442 385 345 344 330 310 141 17 306 315 93 285 94 317 284 186 34 33 415 426 158 159 44 161 43 459 205 422 421 423 424 458 41 2 388 389 14 90 86 91 36 22 0 27 26 118 21 125 124 414 418 226 270 240 288 391 384 377 356 378 379 239 146 365 137 207 74 69 260 255 254 70 191 400 411 431 467 263 456 106 336 338 475 329 479 444 390 462 253 460 167 269 312 293 464 473 324 291 209 194 177 334 427 3 437 175 438 309 428 358 445 178 179 353 351 180 160 73 16 82 10 80 274 413 340 281 278 18 469 110 109 108 342 327 326 398 420 449 203 364 12 9 296 463 408 171 39 51 4 174 47 46 11 59 62 5 7 127 218 55 54 56 58 225 273 369 277 472 156 153 370 371 372 154 287 199 198 247 452 447 466 217 298 404 474 386 259 434 224 256 67 140 222 111 231 31 29 143 402 148 147 144 145 190 188 258 295 267 294 151 405 149 407 403 219 50 49 202 192 193 290 392 246 286 350 348 87 292 346 443 305 412 347 117 112 201 331 197 311 15 300 166 471 430 304 313 302 357 314 355 316 406 214 213 262 283 318 78 102 152 48 1 157 38 37 32 271 416 417 268 419 333 448 212 367 366 107 204 206 104 215 299 470 468 362 361 169 349 265 301 88 89 101 19 35 126 128 119 25 20 223 359 115 116 120 52 121 220 368 195 77 289 276 275 272 139 164 163 335 83 138 105 332 399 261 453 150 136 75 76 8 71 266 257 72 100 99 45 168 410 409 264 360 352 248 68 196 211 210 436 325 189 53 208 103 165 435 170 172 221 432 354 113 446 28 85 84 30 155 433 363 114 297 173 216 303 
384 131 381 377 391 447 475 466 57 236 63 228 451 234 450 452 230 457 454 247 314 318 467 431 478 357 456 356 122 21 23 123 129 130 132 227 375 242 376 329 328 380 382 383 455 332 338 336 240 139 138 288 359 178 180 360 446 407 406 219 465 405 217 402 403 401 337 218 226 56 5 58 6 64 61 65 229 232 133 233 235 237 238 373 135 374 429 192 193 202 191 200 251 339 321 323 396 440 397 331 201 198 124 372 248 154 68 164 246 287 199 220 313 93 315 94 285 316 283 355 354 353 410 411 264 262 116 352 115 294 260 266 259 409 263 400 358 118 370 371 54 120 52 121 20 0 22 25 125 2 24 26 134 378 379 243 239 241 249 319 183 307 187 414 418 270 327 301 101 110 206 188 205 107 106 190 142 458 426 425 185 424 308 254 322 441 320 252 195 443 194 103 105 289 416 271 392 272 77 273 28 275 83 390 428 163 335 119 311 221 309 438 177 41 179 181 445 33 160 162 351 333 216 215 214 213 292 267 151 149 150 136 168 207 148 147 152 146 145 297 265 257 258 295 127 55 472 276 417 222 223 111 59 224 67 225 53 4 7 60 62 12 13 9 14 40 66 46 473 298 404 296 474 386 388 389 387 385 310 141 393 394 439 96 176 98 369 277 156 153 421 435 174 173 47 45 171 51 50 208 99 49 341 109 108 100 326 70 69 203 364 413 459 340 282 281 280 279 97 231 143 343 245 244 436 312 330 197 48 165 366 274 155 444 361 268 32 1 35 395 476 286 437 128 362 363 304 302 471 306 430 92 95 186 317 79 10 80 159 284 184 453 196 342 350 117 349 114 113 347 269 167 408 412 261 73 72 75 88 87 255 76 74 71 82 303 169 399 300 305 470 157 420 365 367 368 137 126 112 19 15 3 27 36 39 42 43 44 90 86 91 17 89 479 464 460 463 291 293 461 344 334 427 209 250 253 477 468 419 78 278 18 212 204 189 104 422 449 448 144 29 140 469 415 423 158 182 161 442 345 102 85 84 290 30 8 11 31 462 348 434 433 432 175 172 34 37 81 324 211 210 325 346 170 166 38 398 256 16 299 
187 132 382 130 322 98 323 321 64 237 230 238 396 457 440 233 63 234 235 393 186 159 92 424 308 185 380 183 133 26 124 134 240 377 131 241 307 376 242 254 441 456 381 455 383 249 251 319 129 460 253 477 43 179 160 41 80 281 282 13 176 79 96 326 339 279 320 97 239 46 7 6 58 57 66 229 65 372 122 452 454 236 228 387 374 135 439 231 143 142 343 397 338 403 466 475 451 450 200 310 141 394 23 232 427 388 348 479 286 476 395 14 302 316 317 283 284 93 94 95 37 161 419 158 426 184 2 33 42 449 190 448 203 458 425 423 182 44 385 386 17 89 15 12 3 25 27 0 24 116 125 21 123 416 271 270 226 227 332 336 356 375 384 167 269 243 147 367 126 144 71 255 70 69 252 260 202 409 264 263 357 431 478 329 391 328 337 106 344 177 334 209 250 461 378 379 437 296 463 291 211 473 462 163 444 390 442 36 312 172 436 290 443 360 178 445 181 352 180 351 162 75 11 10 82 81 277 420 278 280 340 9 468 100 99 327 325 108 341 364 413 459 421 398 91 18 293 464 412 173 174 45 47 39 4 40 16 67 5 62 60 121 219 136 220 225 61 56 275 366 274 272 155 371 154 153 373 370 331 201 247 198 429 217 465 447 87 292 346 389 258 433 223 222 59 111 256 140 245 102 148 244 145 29 146 207 402 205 107 259 297 265 257 150 406 407 149 401 218 192 193 191 50 49 309 311 197 330 112 345 298 404 474 428 169 408 349 114 350 199 287 246 392 86 303 304 363 313 166 430 306 467 355 314 315 405 215 446 318 285 262 84 31 30 35 38 32 1 34 157 418 414 268 417 415 212 422 333 365 369 188 189 104 206 214 362 361 469 299 470 305 347 267 88 301 90 19 101 48 137 52 20 22 119 224 115 359 118 368 128 127 54 120 164 276 139 77 273 472 289 195 194 248 103 105 138 288 168 410 210 151 55 73 8 76 74 72 294 266 110 109 51 399 261 400 411 358 353 335 165 208 324 453 438 342 204 216 196 83 68 170 435 175 432 221 113 354 213 85 28 78 152 156 434 471 117 295 171 53 300 
241 307 376 242 134 387 374 135 439 238 440 237 229 454 230 65 235 228 63 66 167 269 239 270 240 243 227 129 176 477 441 322 308 455 383 187 132 382 130 125 124 356 375 377 131 24 123 23 183 44 27 26 291 87 292 293 346 153 389 385 133 386 232 154 373 372 122 388 92 476 395 394 343 397 393 396 233 279 320 200 457 450 234 98 323 321 64 225 62 61 58 57 336 217 337 465 429 236 452 40 60 6 319 96 91 97 18 17 47 46 7 344 166 168 169 410 408 305 412 378 210 463 268 271 418 379 461 464 473 272 139 77 273 414 226 416 296 460 13 79 479 444 390 442 462 255 253 250 249 260 254 252 251 423 158 424 425 380 106 338 456 381 478 186 159 185 220 368 128 127 119 25 118 22 21 116 198 355 262 357 263 467 384 288 328 391 466 332 14 90 86 36 0 2 95 184 174 182 161 43 38 42 3 101 89 15 12 209 39 290 170 172 88 294 295 297 298 266 267 265 404 113 112 347 349 474 413 274 155 371 156 345 361 248 68 164 32 195 370 369 277 472 275 366 427 348 41 33 94 392 437 246 286 312 330 310 350 111 244 143 141 207 402 148 147 231 142 245 421 398 420 449 278 280 326 281 339 341 50 49 191 202 451 403 475 401 179 160 80 282 359 432 256 224 140 67 223 59 56 216 136 5 218 55 54 121 219 289 105 115 445 351 358 213 149 405 406 447 145 287 199 247 331 201 175 171 51 4 11 9 181 162 81 301 317 284 82 76 16 193 192 45 173 334 430 306 299 300 302 303 304 431 409 400 399 407 152 151 411 261 264 212 53 214 208 211 325 324 453 342 426 458 419 415 417 84 276 78 120 364 138 28 103 83 30 471 468 470 363 469 93 10 180 443 428 177 194 163 196 52 137 74 69 71 222 259 258 70 367 126 144 146 365 327 422 190 448 203 459 205 108 19 100 104 107 188 329 316 283 37 446 29 354 117 114 20 353 360 352 335 165 197 315 285 314 318 257 72 110 109 35 1 34 435 157 85 102 48 206 99 436 438 309 433 434 75 73 150 204 189 333 215 340 221 362 8 178 311 31 313 
385 133 386 232 293 461 464 473 132 239 240 241 412 271 269 378 129 379 243 305 442 345 344 347 346 479 474 388 64 237 230 238 124 372 122 134 387 374 135 267 292 155 371 153 389 298 404 296 23 90 295 87 394 312 330 310 250 324 462 249 291 209 460 325 453 210 463 477 26 187 382 130 377 131 307 376 242 58 57 416 270 226 227 66 229 65 167 411 400 261 410 408 274 84 275 276 417 418 268 304 399 169 63 6 175 40 171 39 300 166 168 319 179 443 444 194 390 177 334 427 244 395 117 112 350 348 233 141 393 214 448 189 333 354 349 113 476 439 46 7 322 98 323 321 396 457 440 234 235 452 454 236 228 116 25 125 21 123 366 272 154 373 370 44 27 24 151 405 401 149 258 294 72 257 265 266 415 37 35 32 164 157 156 420 472 277 77 413 174 309 435 301 297 89 2 0 306 14 86 91 110 12 88 434 290 170 172 397 302 186 316 317 436 331 311 392 437 201 197 246 286 74 252 69 255 253 55 53 208 211 196 251 353 281 326 278 99 340 342 446 216 215 212 213 176 441 17 15 3 159 92 424 308 185 380 183 254 456 381 455 383 466 332 338 336 356 375 384 121 219 136 220 67 5 225 62 61 56 363 469 470 361 414 139 273 289 97 18 47 60 73 283 467 318 478 431 262 263 264 147 402 409 30 145 150 407 152 422 459 75 80 11 10 31 83 85 28 78 288 158 423 419 426 458 93 313 362 303 192 173 13 9 4 438 43 36 51 202 50 468 471 299 430 320 160 41 360 178 182 445 181 195 248 335 428 103 107 105 165 163 68 137 146 29 245 343 140 142 143 111 22 118 119 20 114 206 204 104 406 218 449 190 203 421 188 180 359 352 351 115 42 45 16 282 79 96 339 279 231 403 475 451 450 200 357 247 198 429 217 337 465 391 447 224 52 368 128 127 54 120 223 433 432 367 364 398 369 161 38 101 102 328 71 70 260 259 8 82 76 280 341 425 33 1 34 48 287 199 221 222 327 100 19 315 109 205 106 108 365 256 284 94 95 355 314 193 49 138 207 144 126 148 59 285 358 191 81 184 329 162 
124 372 133 122 230 58 64 57 416 240 271 270 132 239 241 131 226 129 227 377 116 25 125 26 134 21 23 123 275 366 274 272 155 386 371 154 374 153 373 237 238 385 232 387 135 236 63 228 370 452 457 454 121 219 136 220 67 7 5 225 229 62 61 46 6 66 65 56 164 363 469 470 415 417 361 268 414 84 276 412 269 379 418 139 77 273 376 187 382 130 307 242 293 461 464 473 378 243 167 384 381 375 472 289 466 332 338 336 456 356 455 224 360 352 115 114 20 359 119 118 137 52 3 27 0 22 368 128 127 17 89 15 12 2 24 44 54 120 288 83 223 436 433 432 367 459 364 398 369 422 413 420 277 37 35 32 157 156 267 292 346 389 474 248 68 195 322 98 323 321 396 440 233 234 235 439 305 442 345 344 347 479 388 298 404 296 291 87 391 447 475 451 450 429 335 165 357 331 201 247 202 198 200 403 217 337 465 365 467 316 283 355 405 215 446 213 218 204 216 53 55 244 245 140 111 59 16 18 47 60 4 256 42 172 173 174 45 39 40 13 9 14 91 97 221 222 287 199 163 302 313 303 362 430 299 471 231 425 423 458 468 280 342 341 340 426 419 158 75 80 11 10 31 85 30 28 78 152 411 400 261 410 408 210 463 453 392 246 138 103 393 186 159 92 424 308 185 380 183 254 441 383 249 251 319 176 477 90 295 394 312 330 310 250 324 462 209 460 325 304 399 169 166 168 314 318 431 478 329 328 311 197 105 406 443 194 107 205 106 409 264 263 262 434 179 178 160 180 445 351 358 349 113 354 353 211 109 196 350 117 112 74 252 69 146 207 29 144 126 148 48 34 1 38 36 101 86 19 96 81 297 100 88 301 99 41 33 43 182 161 428 188 286 290 309 438 170 435 147 320 279 421 449 203 184 212 333 448 282 339 281 278 79 150 76 72 8 73 82 266 151 401 149 258 294 257 265 444 390 193 253 326 143 142 343 397 141 476 395 175 171 300 177 334 427 348 214 189 407 402 192 191 49 285 51 110 108 50 259 145 317 93 315 284 94 206 104 208 260 70 71 255 102 95 162 190 437 306 327 181 
134 387 374 135 238 66 229 65 167 241 269 239 376 270 240 242 243 227 129 307 44 27 26 125 124 24 123 23 291 87 292 293 346 153 389 385 133 386 232 454 230 154 373 372 122 235 228 63 388 439 440 237 91 97 18 17 47 62 60 46 64 7 6 225 61 58 57 40 344 166 168 169 410 408 305 412 378 210 463 268 271 418 379 461 464 473 132 356 455 375 377 131 272 139 77 273 414 226 416 183 383 130 296 460 176 477 441 322 308 187 382 174 182 161 43 38 36 42 3 2 101 86 119 25 22 0 89 15 12 220 368 128 127 118 21 116 14 90 249 209 39 290 170 172 88 294 295 297 298 266 267 265 404 113 112 347 349 474 413 274 155 371 156 442 345 479 336 217 337 465 200 457 429 450 236 452 361 248 68 164 32 195 370 369 277 472 275 366 319 96 320 397 234 233 427 348 92 476 395 394 343 393 396 279 98 323 321 301 185 317 284 186 282 82 81 80 13 76 16 11 9 193 192 45 51 4 216 136 67 5 59 173 359 432 256 224 140 223 56 218 55 54 121 219 175 171 310 141 334 430 306 299 300 302 303 304 50 431 409 400 399 407 152 402 151 411 261 264 212 213 53 214 208 211 325 324 453 342 426 458 419 415 417 84 276 78 312 330 250 462 198 355 262 357 263 456 467 478 384 106 338 381 288 328 391 466 332 120 364 247 392 246 287 138 28 103 83 289 30 471 468 470 363 469 95 184 425 380 252 251 437 286 253 79 444 390 255 260 254 423 158 424 159 435 445 181 351 162 179 160 41 157 37 34 33 85 148 102 48 1 35 206 329 188 327 110 99 100 19 109 350 354 117 114 20 137 52 126 447 446 398 144 367 365 29 358 353 115 360 352 177 69 197 436 438 309 433 434 108 475 403 259 257 258 318 75 73 72 405 401 149 150 406 278 204 448 189 333 215 422 340 339 281 203 459 449 420 443 194 244 105 145 49 191 202 451 199 331 201 221 222 362 428 163 335 165 10 8 280 341 245 142 143 94 111 207 147 231 421 326 316 315 93 283 285 74 71 31 205 190 104 107 196 314 180 70 311 313 146 178 
65 235 228 63 135 24 123 23 183 242 383 307 227 375 376 129 130 131 132 243 40 60 66 61 229 6 57 64 319 96 320 176 397 450 234 439 238 440 237 373 374 429 236 454 230 232 122 133 233 388 389 387 14 90 86 91 36 22 0 44 134 27 26 118 21 125 124 2 394 95 184 185 425 380 92 308 187 252 251 478 455 381 382 477 441 322 241 414 418 226 270 240 465 288 328 391 384 377 356 378 379 239 321 249 296 460 463 291 408 167 269 43 175 171 39 51 4 174 47 46 11 9 59 62 5 7 97 18 17 127 218 55 54 56 58 225 12 13 461 250 42 181 162 182 81 280 79 282 98 341 279 339 323 245 244 343 142 396 401 337 200 457 451 476 395 393 273 369 277 472 156 153 370 371 372 154 467 287 199 198 191 247 452 447 475 466 336 217 473 298 404 474 386 385 310 141 169 427 348 479 349 344 346 265 87 292 293 80 305 306 300 166 295 110 301 88 89 109 101 19 15 35 37 38 1 3 126 128 119 25 20 161 223 358 353 359 117 115 116 120 52 121 220 368 41 33 442 345 330 315 93 285 94 317 284 186 34 415 426 158 159 459 205 422 421 423 424 458 146 365 137 207 74 69 260 255 254 70 400 411 431 263 456 106 338 329 444 390 462 253 195 471 468 361 419 268 470 417 416 78 77 271 289 276 275 272 139 219 405 164 428 163 335 83 188 138 105 332 190 314 318 357 355 262 304 399 261 412 453 464 177 334 209 297 437 286 211 342 210 264 409 410 168 160 438 309 434 435 290 170 172 202 50 192 173 107 204 206 193 45 49 31 84 85 75 10 76 82 16 8 143 231 111 140 67 216 136 53 366 367 406 214 213 446 189 221 222 224 432 256 312 324 194 445 178 179 351 180 73 274 413 340 281 278 469 108 327 326 398 420 449 203 364 259 29 402 148 147 144 145 258 267 294 151 149 407 403 392 246 350 103 448 48 157 32 155 165 248 68 360 352 283 311 197 331 201 100 99 257 72 354 347 112 303 114 215 212 113 150 266 430 313 302 299 362 196 208 104 30 152 102 28 71 363 433 325 443 316 333 436 
388 135 389 387 296 460 463 291 242 243 227 129 408 418 379 167 241 269 239 169 427 348 479 349 474 344 346 385 65 235 228 63 123 373 374 23 232 122 133 265 404 156 153 371 386 87 292 293 134 89 297 298 393 437 286 476 253 211 209 477 473 462 461 342 210 453 464 249 24 183 383 307 375 376 130 131 132 61 229 414 226 270 240 6 57 64 378 264 409 410 261 412 277 78 273 77 268 271 417 166 168 305 238 66 172 46 173 174 303 304 399 322 181 428 177 163 334 444 390 442 143 141 114 350 112 345 439 395 394 215 422 204 212 113 347 354 310 233 40 60 319 96 320 176 397 450 234 440 237 429 236 454 230 118 22 21 125 124 369 472 370 372 154 2 0 26 150 406 403 407 259 257 266 294 267 72 419 34 48 157 195 32 155 413 272 274 276 420 39 290 170 88 295 90 44 27 302 17 15 12 100 91 301 433 309 435 175 396 306 95 315 93 438 287 392 311 312 199 246 197 330 71 254 255 69 250 136 216 196 324 208 441 352 280 341 340 109 278 325 213 53 214 333 446 321 251 14 86 36 184 185 425 380 92 308 187 252 478 455 381 382 465 288 328 391 384 377 356 127 218 55 54 59 62 56 5 58 225 471 468 361 470 416 289 275 139 13 9 4 7 75 285 357 262 456 263 318 431 411 146 145 400 152 402 151 149 30 448 449 73 81 16 82 102 103 28 85 84 332 426 458 415 158 423 317 430 299 300 50 171 97 18 47 436 42 3 45 191 192 469 363 362 313 323 162 182 358 445 41 178 179 164 335 248 443 83 188 138 68 194 165 126 147 148 231 142 111 343 244 140 25 116 20 119 117 104 189 206 405 219 459 205 421 203 107 351 115 353 180 359 43 51 11 79 282 98 279 339 245 401 337 200 457 451 467 198 247 452 447 475 466 336 217 223 128 120 52 121 220 368 224 434 221 365 398 364 366 33 1 19 31 338 74 260 70 258 76 10 8 281 326 424 161 38 37 35 331 201 432 256 108 110 101 316 99 190 329 327 367 222 94 284 186 314 355 49 193 105 144 207 137 29 67 283 360 202 80 159 106 160 
74 250 252 69 137 31 146 29 330 244 394 395 245 397 343 140 141 142 143 67 11 75 76 259 260 8 70 71 345 194 442 390 461 319 249 462 255 477 253 365 207 320 251 441 254 128 144 126 209 136 121 52 35 36 37 38 84 150 30 85 148 152 102 403 145 402 147 28 324 201 331 197 312 310 246 476 286 385 344 235 439 233 393 350 479 348 111 434 224 256 222 231 383 425 183 380 234 396 440 62 225 59 334 112 25 114 116 20 58 5 56 83 86 14 9 80 10 18 82 16 155 32 265 266 72 73 165 157 48 409 456 264 263 257 258 294 1 68 117 347 103 107 332 105 195 443 248 335 163 179 444 177 427 293 464 473 291 460 242 307 176 322 321 196 453 211 468 300 471 299 369 120 398 368 367 364 450 341 280 279 96 339 323 381 130 382 308 455 119 27 125 220 127 55 208 210 7 204 215 216 219 53 54 124 0 21 22 164 60 51 40 4 24 43 44 2 3 160 161 33 34 274 275 276 77 78 408 410 407 151 149 289 297 338 466 475 406 337 401 399 261 400 431 168 138 139 189 214 325 202 193 452 247 49 198 199 273 436 311 392 287 302 186 316 317 290 437 309 239 305 412 378 386 346 232 474 388 387 65 228 63 238 237 92 187 185 104 333 354 349 449 171 175 435 438 221 170 432 433 414 361 223 423 470 469 362 458 478 375 459 205 422 421 415 184 426 158 424 95 451 236 457 200 454 47 66 229 61 359 118 206 212 113 26 109 342 352 360 115 230 64 57 6 288 110 101 90 91 19 12 15 98 13 97 17 159 283 284 282 81 79 271 416 417 372 154 371 370 156 153 463 296 404 292 267 318 411 262 303 169 377 357 356 384 285 301 298 295 88 87 99 353 448 106 329 188 336 391 373 363 313 178 428 445 172 41 182 181 166 430 306 93 304 133 269 129 379 243 167 241 135 123 23 227 376 131 132 108 340 446 419 315 277 472 272 366 420 203 413 328 465 429 327 278 326 281 42 162 134 374 447 218 213 46 405 467 355 217 240 122 50 192 45 39 174 180 351 94 270 226 418 268 389 173 89 358 190 191 314 100 
146 365 137 207 252 259 74 260 434 245 224 256 244 67 140 343 222 111 231 397 403 150 145 31 29 402 148 147 468 300 471 299 369 121 120 398 144 368 367 250 69 136 52 128 126 441 255 254 364 320 319 251 409 456 264 263 265 75 266 257 70 72 258 11 76 8 71 294 449 171 175 435 438 221 170 432 433 414 361 58 225 56 223 423 470 469 142 330 394 395 141 143 25 114 116 20 5 59 62 440 439 396 362 458 383 425 183 380 235 234 233 297 338 466 475 406 407 337 149 401 408 410 84 30 152 151 399 261 400 35 36 37 38 85 102 28 431 168 424 419 295 110 90 301 305 306 166 304 303 315 430 313 363 273 277 472 272 366 124 125 220 127 54 421 420 459 345 194 442 390 461 249 462 477 253 209 7 204 215 216 219 53 55 0 21 22 119 27 308 455 307 176 322 323 203 413 450 341 280 279 96 339 321 242 381 130 382 169 457 202 452 451 377 357 356 384 478 285 262 318 411 463 296 404 292 267 155 32 10 73 82 298 83 86 14 9 80 18 16 165 157 48 1 68 88 87 326 281 448 51 50 40 39 192 174 173 293 437 309 290 172 428 358 181 445 392 436 311 373 195 156 370 418 268 226 417 416 270 230 64 57 229 61 359 118 115 327 278 158 415 324 201 331 197 312 310 246 476 286 385 344 393 350 479 348 334 112 3 26 211 109 342 196 349 352 113 354 117 360 4 6 60 47 66 200 454 238 237 92 187 108 340 426 375 205 422 184 95 185 65 228 63 236 89 107 106 332 336 329 391 328 218 447 217 465 353 162 351 213 405 446 389 388 474 243 167 379 378 412 269 274 275 276 77 78 33 34 161 163 164 24 43 44 2 160 105 289 103 138 139 190 159 325 101 19 100 91 12 239 427 177 93 302 317 287 314 355 316 248 444 443 178 335 227 153 122 371 372 154 374 240 132 131 133 134 23 123 206 212 79 347 179 464 473 291 460 453 208 210 15 17 46 104 333 189 214 467 283 376 241 13 98 282 429 81 42 182 97 135 129 193 49 191 247 198 94 284 180 387 232 386 346 271 199 288 186 99 45 41 188 
68 390 248 194 138 28 139 103 395 246 476 286 247 392 287 201 330 331 197 193 1 32 35 154 164 48 195 165 462 255 477 253 479 444 442 348 163 427 334 391 288 445 443 428 335 107 332 105 345 206 329 188 8 9 10 11 30 77 78 31 83 84 85 272 273 275 289 102 350 111 343 244 439 394 143 393 141 473 461 290 437 312 310 211 460 209 199 236 451 452 429 198 430 355 317 316 436 311 438 51 202 49 250 324 101 208 327 99 192 45 191 29 0 2 3 33 34 36 37 38 72 73 153 155 156 157 74 75 76 270 361 268 414 373 370 372 16 71 196 453 148 52 207 137 260 441 254 252 69 176 322 319 249 232 474 388 385 344 166 306 181 177 179 114 349 112 384 131 381 377 475 328 466 338 336 465 432 115 351 358 182 360 178 363 302 313 315 471 109 86 110 205 106 104 117 347 47 53 212 204 421 189 190 301 15 100 19 70 4 5 6 7 12 13 14 17 18 79 80 81 82 149 145 150 151 152 269 271 274 276 277 146 374 120 364 366 413 369 472 227 418 226 416 240 126 147 216 333 354 56 59 222 231 67 245 140 402 440 397 396 142 307 92 308 187 237 233 235 378 129 379 243 404 464 296 463 291 293 39 170 172 175 309 95 93 186 136 215 342 210 447 57 63 228 234 450 230 457 454 431 478 200 357 456 356 375 467 470 299 217 54 213 218 262 284 283 285 314 185 223 433 221 224 434 60 40 171 50 341 108 55 214 325 91 20 113 278 279 326 435 174 173 46 144 21 22 23 24 25 26 27 41 42 43 44 94 158 159 160 161 162 261 263 264 257 258 265 259 266 267 346 387 389 386 371 415 417 419 376 241 362 458 468 469 426 123 135 122 124 133 119 340 446 121 127 128 365 367 294 455 383 320 251 323 238 96 98 321 132 382 130 183 242 298 412 169 408 167 239 305 87 88 89 168 300 303 304 116 352 422 318 380 407 403 401 337 406 219 405 368 398 256 118 353 359 180 97 282 90 295 459 203 448 66 420 423 424 449 399 297 58 61 62 64 65 280 281 184 400 409 410 411 292 229 134 339 220 225 425 125 
139 391 138 288 248 154 68 164 236 247 451 452 246 193 201 287 429 199 198 392 272 77 273 28 103 275 83 289 384 131 381 377 475 329 328 466 332 338 336 390 194 206 188 107 105 428 163 335 465 445 444 443 270 361 268 414 153 32 155 373 195 156 370 1 35 48 165 372 447 57 63 228 234 450 230 457 454 431 478 192 202 191 200 357 456 356 331 395 476 286 330 197 101 208 327 99 45 49 51 438 437 311 375 467 430 355 317 316 290 436 312 374 120 364 366 413 274 369 277 472 269 271 30 78 84 276 227 418 226 8 9 10 11 31 85 102 416 240 314 318 122 21 23 123 129 130 132 242 376 380 382 383 455 402 407 403 401 337 301 110 205 106 190 218 406 217 462 255 477 253 479 442 348 427 334 345 47 53 212 204 421 189 104 15 100 19 109 86 315 471 306 181 177 178 219 405 432 115 351 358 182 360 179 166 363 302 313 241 221 56 222 223 362 458 468 469 470 426 419 415 417 346 387 389 386 371 72 73 34 157 37 135 29 0 2 3 33 36 38 74 75 76 16 71 124 133 359 180 446 5 58 6 64 61 65 229 232 233 235 237 238 251 339 321 323 396 440 397 294 260 266 259 410 411 409 264 263 400 435 174 173 171 50 341 108 326 118 353 285 262 350 111 343 244 439 394 143 393 141 473 461 310 211 460 209 250 324 18 91 112 20 113 114 210 278 325 342 196 279 7 46 4 60 40 224 434 175 309 95 93 116 352 283 299 54 213 284 185 186 39 170 172 433 134 52 121 207 365 127 367 368 203 459 449 398 340 282 281 448 420 422 292 291 463 167 239 408 243 379 412 149 145 150 151 152 81 82 80 69 70 12 13 14 17 79 137 146 148 126 147 220 94 354 22 25 125 24 26 378 249 319 183 307 187 142 425 424 308 254 322 441 320 252 168 267 297 265 257 258 295 399 304 303 298 90 89 88 55 214 162 453 176 474 388 385 344 349 117 347 27 44 66 136 215 216 333 423 158 300 305 42 41 160 256 161 97 98 43 87 169 59 67 225 231 245 184 159 280 293 296 404 464 261 140 144 92 119 62 96 128 
247 392 246 287 139 391 138 288 445 248 444 443 68 390 194 164 428 163 335 154 236 451 452 193 201 429 199 198 430 355 317 316 290 476 437 436 331 312 311 28 103 395 286 330 197 275 83 289 438 272 77 273 384 131 381 377 475 329 328 466 332 338 336 206 188 107 105 465 432 115 351 358 182 181 360 179 178 166 306 479 442 427 177 363 302 313 195 1 32 35 48 165 462 255 477 253 348 334 345 372 155 370 315 471 270 361 268 414 153 373 156 447 57 63 228 234 450 230 457 454 431 478 192 202 191 200 357 456 356 101 208 327 99 45 49 51 375 467 470 299 217 54 213 218 262 284 283 285 314 185 186 95 93 39 170 172 175 309 473 461 394 310 393 223 433 221 8 9 10 11 30 78 31 84 85 102 350 111 343 244 439 143 141 211 460 209 250 324 416 240 271 274 276 472 224 434 374 120 364 366 413 369 277 269 227 418 226 318 122 21 23 123 129 130 132 242 376 380 382 383 455 402 407 403 401 337 301 110 205 106 190 406 47 53 212 204 421 189 104 15 100 19 109 86 219 405 368 398 256 20 116 113 352 118 353 359 149 161 162 160 180 97 321 282 98 43 41 42 87 12 88 89 168 300 169 303 304 305 232 474 388 385 344 319 249 322 127 367 469 362 29 0 2 3 33 34 36 37 38 72 73 157 74 75 76 16 71 196 453 148 52 207 137 260 441 254 252 69 176 114 349 112 117 347 124 133 386 371 415 417 121 365 468 241 56 222 458 426 419 346 387 389 135 446 5 58 6 64 61 65 229 233 235 237 238 251 339 323 396 440 397 294 266 259 410 411 409 264 263 400 435 174 173 171 50 341 108 326 18 91 210 278 325 342 279 7 46 4 60 40 225 423 144 55 136 220 214 215 261 82 81 184 94 159 44 183 187 92 14 80 13 96 17 167 295 296 297 298 90 293 378 379 243 404 464 463 291 59 231 459 70 79 145 150 151 152 146 126 147 216 333 354 67 245 140 142 307 308 239 412 422 420 449 134 203 340 281 448 292 408 22 25 125 24 26 425 424 320 267 265 257 258 399 27 66 158 128 119 280 62 
310 233 141 393 344 177 334 427 321 249 251 319 209 69 250 460 322 253 477 291 309 311 312 197 330 437 286 476 130 185 380 183 234 142 396 235 394 397 439 112 345 140 143 244 395 388 348 479 237 387 346 385 93 304 313 302 178 335 428 179 442 443 444 165 163 194 390 181 63 97 282 98 339 323 96 320 176 381 382 70 252 254 441 242 383 307 461 208 210 211 324 462 29 128 144 126 71 255 74 296 463 473 187 132 167 241 269 239 292 293 464 41 174 435 175 221 438 172 436 290 314 315 198 331 287 392 186 316 317 105 85 289 83 199 246 201 306 95 129 131 182 44 161 43 284 426 184 159 92 458 425 424 308 451 236 450 457 440 145 146 245 343 231 65 228 238 53 206 212 204 113 347 114 349 350 117 8 62 225 67 256 59 111 102 147 148 137 31 243 169 408 389 474 232 64 230 87 134 374 135 153 133 386 410 305 412 378 94 298 91 301 90 399 362 303 300 166 361 363 471 430 359 180 360 358 445 336 332 195 248 164 160 49 38 157 48 370 35 68 188 288 138 103 107 42 162 23 122 57 18 17 82 81 14 80 13 351 340 281 280 79 203 364 413 459 341 279 326 475 329 391 328 384 377 478 375 455 456 257 72 258 259 260 365 207 367 24 123 227 376 20 101 327 99 278 325 109 342 196 213 214 453 136 215 216 189 55 28 30 119 27 125 25 220 368 127 121 52 398 16 73 76 11 75 89 297 265 404 418 379 26 124 240 168 66 229 270 268 271 266 294 267 295 33 47 46 192 173 40 171 39 222 434 433 170 120 272 366 223 432 224 447 446 219 318 285 467 283 355 357 454 200 429 452 247 273 139 275 104 106 152 276 84 78 472 45 191 193 51 202 6 226 21 36 3 2 37 34 262 333 448 419 158 415 108 468 469 423 205 422 421 449 190 431 466 401 465 337 338 403 263 261 400 149 150 151 402 60 61 373 54 420 115 352 353 354 116 22 118 1 32 10 7 58 5 56 299 470 409 264 156 371 372 88 154 77 274 155 407 411 86 15 12 110 100 414 416 369 406 405 217 218 356 19 50 417 0 9 277 4 
330 244 394 395 345 194 442 390 74 250 252 69 461 319 249 462 255 477 253 324 201 331 197 312 310 246 476 286 137 31 146 29 245 397 343 140 141 142 143 385 344 235 439 233 393 350 479 348 111 117 347 112 103 107 332 105 195 443 248 165 334 335 163 179 444 177 427 68 67 11 75 76 259 260 8 70 71 365 207 320 251 441 254 128 144 126 209 293 464 473 291 460 183 242 383 307 176 322 321 196 453 211 148 52 189 55 214 53 325 208 210 48 51 202 193 452 247 49 198 199 273 139 436 311 392 287 85 289 83 302 186 316 317 290 437 309 138 28 136 121 35 36 37 38 84 150 30 152 102 403 145 402 147 434 224 256 222 231 425 380 234 396 440 62 225 59 239 305 412 378 386 346 232 474 388 387 96 65 228 63 450 238 237 92 308 187 130 185 216 104 333 354 349 114 5 56 99 22 118 119 353 20 113 448 206 212 204 78 109 86 110 101 205 338 106 329 188 466 336 391 288 373 156 370 154 164 363 313 178 428 445 157 172 43 160 41 360 182 181 166 430 306 93 304 1 32 25 116 58 14 9 80 10 18 82 16 155 265 266 72 73 409 456 264 263 257 258 294 468 300 471 299 369 120 398 368 367 364 341 280 279 339 323 381 382 455 27 125 220 127 133 90 295 87 267 292 298 404 296 271 269 463 129 379 243 167 241 95 184 135 24 123 23 227 375 376 131 132 478 13 79 98 97 282 19 108 340 342 446 215 0 21 54 190 60 61 218 406 213 281 326 278 327 34 40 4 171 50 47 192 45 457 451 200 191 377 357 356 454 429 236 414 418 226 277 77 472 276 275 272 223 433 432 221 438 314 315 355 169 303 159 283 284 94 467 39 170 175 174 435 7 219 124 44 2 3 161 33 274 408 410 407 151 149 297 475 337 401 399 261 400 431 168 449 361 423 470 469 362 458 459 422 421 415 426 158 424 66 229 359 240 411 372 371 153 389 122 134 374 42 162 81 6 57 64 230 328 465 203 413 180 352 115 100 358 285 262 351 419 420 91 12 15 301 88 447 217 384 268 417 416 270 366 89 173 405 26 17 318 46 
234 142 233 396 380 381 130 382 70 251 69 252 321 249 319 323 254 322 441 339 451 236 450 63 235 457 237 440 144 145 29 146 140 141 143 245 397 244 343 185 183 310 393 394 439 424 187 308 231 458 426 425 475 329 391 328 384 131 377 478 383 375 455 129 132 242 307 456 256 257 72 258 8 71 259 74 260 128 126 209 250 253 255 365 137 207 320 97 282 98 96 176 344 177 334 427 460 477 461 326 281 279 147 367 203 364 413 459 340 341 280 431 192 193 202 247 452 191 429 200 447 466 57 228 230 454 401 465 337 23 232 122 133 64 238 65 338 403 398 368 263 399 261 400 149 30 150 151 402 28 31 102 148 62 225 67 59 111 112 345 330 395 286 434 224 222 182 44 161 43 284 184 186 159 92 95 291 309 311 312 197 437 476 388 348 479 442 385 449 190 448 419 158 423 433 223 108 362 361 468 268 469 415 333 205 422 421 407 327 301 101 110 206 138 188 107 106 139 288 332 336 314 318 467 357 356 21 123 227 376 240 411 6 378 379 243 226 239 241 26 124 134 135 24 409 264 299 470 432 298 297 404 265 295 267 294 262 10 73 75 266 1 68 32 35 11 76 16 119 27 125 25 220 127 136 121 52 55 208 210 211 324 462 194 390 163 300 471 369 120 317 91 18 17 82 81 14 80 13 351 162 79 179 160 41 42 181 387 346 93 304 313 302 178 335 428 443 444 165 296 463 473 293 464 100 99 325 278 277 420 303 363 366 104 435 221 272 77 274 453 196 342 109 410 174 173 47 45 171 51 50 246 201 199 49 248 154 164 287 198 331 359 180 360 446 406 219 405 217 218 56 5 58 61 229 373 374 372 2 0 474 371 386 389 370 46 7 66 40 60 170 472 430 305 169 168 412 408 213 33 34 78 152 84 9 103 83 85 36 37 38 48 3 216 118 114 116 20 22 117 53 212 204 113 347 349 350 175 438 414 445 157 355 283 285 94 316 306 315 167 269 292 172 436 290 392 105 289 189 214 418 417 416 19 270 153 155 271 354 215 90 89 88 86 15 273 275 195 353 352 115 358 54 12 4 276 166 87 156 39 
245 397 244 343 146 365 137 207 320 252 319 251 74 250 69 260 441 255 254 259 434 224 256 67 140 222 111 231 383 425 183 380 235 394 439 234 142 233 396 31 29 330 395 141 143 402 148 147 440 403 150 145 468 300 471 299 369 121 120 398 144 368 367 136 52 128 126 364 450 341 280 279 96 176 339 321 323 242 307 461 249 477 322 381 130 382 70 11 75 76 8 71 345 194 442 390 462 253 209 294 266 258 308 455 409 456 264 263 265 257 72 449 171 175 435 438 221 170 432 433 414 361 58 225 56 223 423 470 469 25 114 116 20 5 59 62 362 458 478 375 459 205 422 421 415 184 426 158 424 95 185 92 187 65 228 63 238 237 385 344 310 393 476 451 236 457 35 36 37 38 84 30 85 152 102 28 324 201 331 197 312 246 286 350 479 348 334 112 431 168 410 407 151 401 200 454 297 338 466 475 406 337 149 408 399 261 400 419 295 110 90 301 305 306 166 304 303 315 430 313 363 273 277 472 272 366 124 125 220 127 54 420 7 204 215 216 219 53 55 0 21 22 119 27 203 413 328 465 429 109 108 342 340 327 278 326 274 81 79 282 281 42 181 162 182 97 98 13 135 24 123 23 227 376 129 131 132 241 293 464 473 291 460 177 427 444 329 391 384 377 83 86 14 9 80 10 18 82 16 155 32 73 165 157 48 1 68 117 347 103 107 332 105 195 443 248 335 163 179 196 453 211 208 210 88 87 292 267 318 411 106 336 356 169 202 452 357 285 262 463 296 404 298 448 51 50 40 39 192 174 173 437 309 290 172 428 358 445 392 436 311 373 156 370 418 268 226 417 416 270 230 64 57 229 61 359 118 115 3 26 349 352 113 354 360 4 6 60 47 66 191 467 288 206 104 190 212 333 271 34 33 94 159 284 17 93 317 186 44 161 43 41 2 243 374 232 122 133 134 387 239 412 378 386 346 474 388 193 247 447 164 160 275 276 77 78 289 138 139 189 214 325 49 198 199 287 302 316 167 269 446 405 217 89 218 353 351 213 389 379 101 19 100 91 12 314 355 178 153 371 372 154 240 15 46 283 188 99 180 45 
286 143 393 141 348 163 427 334 71 253 254 255 460 322 477 209 69 249 250 211 199 287 246 437 476 197 310 330 126 102 147 148 231 396 142 111 395 343 244 388 479 237 233 439 394 112 344 345 140 114 349 350 83 188 288 138 164 428 335 68 390 248 194 181 177 444 442 165 59 16 73 8 258 70 76 260 74 367 144 323 441 251 252 52 207 137 462 296 463 291 473 461 187 132 382 130 321 319 176 208 210 324 29 128 204 136 215 216 342 196 453 35 45 191 49 429 198 193 247 201 275 289 438 392 311 331 28 139 103 306 95 315 93 309 312 290 105 85 55 127 48 3 34 1 78 151 152 30 31 401 402 145 146 433 223 222 256 245 424 308 440 397 234 5 56 67 243 169 408 167 389 474 387 346 385 232 98 64 230 238 457 63 235 185 380 183 307 92 53 206 212 113 347 117 62 225 109 25 116 20 352 119 354 422 104 333 189 84 99 15 100 19 190 328 329 106 107 465 391 336 332 372 155 154 370 195 471 430 445 443 178 32 175 42 162 182 358 41 179 304 313 302 317 166 38 157 22 118 61 17 18 81 82 9 10 11 156 267 72 266 75 400 478 411 431 294 259 257 469 303 363 362 366 368 364 120 365 398 326 281 339 279 320 455 383 381 0 21 54 121 135 89 297 298 265 404 87 292 293 418 379 464 241 269 239 378 129 186 159 133 26 124 134 240 377 131 376 242 456 97 282 96 13 79 101 327 278 325 213 214 27 125 220 205 7 58 219 405 446 280 341 340 108 37 46 47 173 192 4 50 51 450 200 451 202 375 467 384 236 452 454 416 271 270 274 276 272 77 273 472 224 434 221 432 436 355 316 314 305 300 184 285 94 284 357 174 435 172 39 170 60 218 123 2 44 36 33 161 277 412 261 149 150 407 295 337 475 403 168 410 409 263 399 459 470 458 361 468 299 423 449 448 203 419 158 426 425 6 57 115 227 264 373 153 371 386 374 23 122 43 160 80 66 229 65 228 338 466 421 420 351 353 359 110 360 283 318 180 415 413 12 91 86 88 301 217 447 356 417 268 414 226 369 90 171 406 24 14 262 40 
231 396 143 142 147 367 126 144 323 254 322 441 71 253 255 70 251 69 252 258 433 223 222 59 111 256 140 245 382 424 187 308 237 393 233 440 343 439 397 102 148 286 141 395 244 145 29 146 234 401 151 402 469 303 363 362 366 127 368 364 207 120 365 55 128 52 137 398 457 326 281 339 98 321 279 176 320 132 130 460 477 249 319 455 307 383 260 16 73 8 76 74 348 163 427 334 209 250 462 257 72 259 380 381 400 478 411 431 267 294 266 459 173 172 170 436 432 435 221 434 416 470 61 56 225 224 458 361 468 22 117 118 119 62 67 5 299 423 456 377 449 190 448 203 419 159 158 426 425 186 92 185 183 64 230 238 63 235 388 479 476 394 310 200 454 450 48 3 34 1 78 152 28 30 31 85 211 199 287 246 437 197 330 112 344 345 390 350 263 399 261 149 150 403 451 236 295 328 465 337 405 475 407 412 168 410 409 415 297 100 89 88 169 302 304 166 300 316 313 430 471 275 274 272 472 369 123 21 54 121 220 413 60 189 214 53 218 216 136 27 125 25 20 0 421 420 338 466 452 99 327 325 278 108 340 341 277 80 282 79 280 43 179 160 41 13 96 97 133 26 124 134 240 131 241 376 242 129 296 463 291 473 461 444 442 177 106 336 356 375 103 15 17 18 81 82 9 10 11 156 157 75 68 32 35 38 165 114 349 83 188 288 138 164 428 335 248 194 181 208 210 324 196 453 301 298 404 265 262 264 329 391 384 305 191 429 467 283 318 464 293 292 87 422 45 192 46 174 50 39 171 312 290 309 175 443 360 178 311 438 392 372 155 154 271 417 270 268 414 226 228 65 229 57 58 115 116 359 36 24 347 353 354 113 358 47 66 7 4 6 202 357 332 104 206 205 333 212 418 37 161 284 184 94 14 317 93 95 2 33 42 182 44 239 122 387 374 135 23 232 243 408 167 389 474 346 385 49 198 217 195 162 273 77 276 84 139 105 289 204 215 342 193 247 201 331 306 315 378 379 213 406 447 90 219 352 180 446 386 269 19 101 110 12 91 355 314 445 371 153 373 370 227 86 40 285 107 109 351 51 
111 395 343 244 148 52 207 137 462 255 477 253 260 441 254 74 250 252 69 76 5 56 59 222 231 67 245 140 390 350 479 348 476 439 394 286 143 393 141 402 147 440 397 396 142 31 146 29 330 85 152 102 20 0 21 22 54 120 121 55 126 127 128 364 365 367 144 136 246 196 453 324 473 461 211 460 209 444 442 176 322 319 249 163 427 334 71 294 266 259 258 70 308 455 307 383 320 251 323 11 75 8 345 194 38 165 157 48 82 16 73 53 4 6 7 57 58 60 61 62 115 116 221 223 224 225 117 118 119 362 458 361 468 434 256 433 25 114 68 248 216 104 333 189 354 474 349 347 112 232 388 385 344 290 392 437 312 310 92 187 237 233 235 199 287 197 431 168 410 409 407 151 403 150 145 401 279 200 454 457 238 450 234 425 183 380 382 424 35 36 37 84 30 28 201 331 18 105 289 83 276 103 78 161 3 34 1 113 9 19 12 15 2 23 24 26 27 122 123 124 125 217 213 218 219 220 313 363 366 368 369 214 435 203 413 459 272 449 398 300 471 299 469 303 204 215 138 139 247 108 109 340 342 99 325 208 446 404 464 463 210 378 129 379 243 296 291 293 317 166 430 306 445 443 181 428 177 179 13 79 96 98 321 132 130 242 188 288 164 335 475 88 87 295 292 267 297 265 257 318 411 72 456 264 263 400 478 423 158 337 106 336 338 356 376 375 377 381 241 341 280 339 326 281 86 14 80 10 155 32 107 332 195 44 49 198 370 371 156 282 97 81 17 212 50 51 39 40 45 46 47 63 64 65 66 131 226 227 228 229 230 355 262 357 351 352 358 353 359 360 311 309 438 436 432 416 470 414 399 304 426 268 419 415 270 171 175 170 173 172 193 154 391 190 205 206 448 422 180 261 412 386 346 389 298 133 135 387 169 408 167 239 305 182 316 95 315 93 302 186 41 33 42 94 159 184 185 191 429 275 384 269 447 406 405 149 466 328 465 421 420 278 202 452 451 236 134 374 43 160 274 77 273 91 472 417 418 277 284 162 100 110 101 89 90 372 373 240 283 285 314 467 178 301 174 153 329 327 271 192 
398 144 368 367 299 423 470 469 142 256 140 245 432 225 224 433 231 223 222 170 421 420 449 472 369 459 366 364 70 251 69 252 29 128 126 146 365 137 207 430 471 220 127 121 120 303 363 362 147 168 166 300 279 327 278 326 158 417 415 424 468 419 458 226 416 414 361 425 145 234 233 396 141 143 397 244 343 8 71 62 67 59 111 259 74 260 434 392 290 436 438 221 125 359 119 118 61 56 58 173 172 435 254 258 88 294 87 295 39 171 175 308 329 206 205 212 422 190 448 203 79 280 276 277 274 413 323 281 339 370 122 371 372 275 272 273 341 320 257 72 380 381 130 382 321 249 319 322 441 209 250 253 255 28 30 31 102 148 27 25 136 52 55 403 150 402 445 248 444 443 317 306 316 302 313 315 229 447 446 219 216 218 54 123 22 21 116 124 297 100 89 169 304 399 401 151 50 431 410 409 167 400 305 12 110 90 301 176 192 451 193 202 101 208 99 109 108 210 325 342 340 94 92 159 184 426 157 156 418 268 271 187 289 131 129 227 379 240 270 164 155 154 373 195 383 183 263 261 149 236 450 63 235 457 237 440 185 310 393 394 439 334 112 344 345 330 395 286 1 68 32 35 10 73 11 75 76 16 47 66 60 7 5 114 20 117 456 264 265 266 355 247 246 287 476 437 331 312 311 182 181 309 360 179 178 428 358 374 134 314 384 318 467 180 354 353 352 115 350 228 65 57 230 64 191 45 46 174 296 298 478 411 267 19 475 407 292 291 293 6 4 40 51 307 391 328 138 188 338 107 106 53 204 189 104 113 346 347 214 333 215 33 41 160 13 96 80 98 282 81 152 85 84 78 77 389 153 386 335 165 23 232 133 135 474 288 83 139 332 103 337 404 262 377 375 455 132 242 97 177 427 460 477 461 197 211 324 462 194 442 390 348 163 9 34 36 37 38 48 3 18 91 86 44 26 24 0 466 406 408 351 479 284 186 95 93 283 357 285 376 241 238 465 405 217 213 196 453 15 17 243 378 412 49 269 387 385 239 2 14 452 429 200 201 199 463 464 349 42 43 161 162 82 198 105 473 356 454 388 336 
263 399 261 400 145 337 149 401 301 257 298 297 72 404 265 258 295 267 294 70 455 356 456 262 264 478 411 431 435 192 174 173 304 378 305 303 409 169 168 30 150 379 412 408 410 147 151 402 300 144 29 146 200 440 454 457 336 217 465 338 403 466 475 213 405 406 407 328 362 327 101 110 91 90 100 89 88 309 175 473 296 293 87 433 172 170 259 10 8 73 75 266 474 371 232 386 464 292 463 254 71 260 171 434 142 256 140 245 69 252 74 106 308 307 383 376 375 382 377 381 198 429 355 357 467 384 202 452 451 351 113 115 352 283 318 285 450 191 222 221 329 421 206 205 193 47 45 51 50 66 46 40 39 93 313 302 306 166 479 388 243 167 239 469 363 299 32 33 1 34 28 31 78 102 152 84 453 417 226 418 129 271 269 347 385 346 389 349 231 396 143 126 148 207 468 471 251 398 368 367 128 365 137 141 397 244 343 49 441 279 176 320 439 238 237 235 234 229 230 228 236 289 105 332 288 391 445 358 218 447 219 107 284 212 53 214 54 215 446 160 360 180 353 162 190 188 364 120 361 278 326 208 99 341 109 108 138 18 86 15 19 44 134 27 26 17 12 14 177 41 178 179 311 438 312 436 290 437 477 462 461 460 291 135 387 133 459 366 223 432 77 79 13 80 9 11 81 16 82 68 35 76 156 48 157 37 155 354 350 276 420 472 277 370 122 372 373 153 23 325 324 210 342 211 323 322 253 255 59 111 449 369 224 233 423 470 225 62 67 209 249 250 319 104 158 424 92 187 425 183 380 241 242 132 130 374 125 124 240 131 227 335 165 195 197 199 331 201 247 287 430 317 316 315 314 118 359 116 161 182 112 20 114 117 21 159 186 94 184 95 458 56 272 422 448 203 204 189 246 38 36 60 4 7 97 65 64 6 42 3 2 24 43 310 428 442 443 444 181 427 476 395 394 390 348 345 344 415 416 127 154 0 139 103 83 85 273 274 275 333 216 196 419 414 268 270 63 57 393 286 55 52 121 321 220 119 25 136 334 330 280 281 339 96 98 61 58 123 163 194 248 164 392 282 185 5 413 340 22 426 
401 147 151 402 400 478 411 431 254 258 71 70 267 73 72 294 260 266 259 295 328 465 337 405 149 475 407 403 231 396 143 142 126 102 148 144 145 29 146 412 261 78 152 30 150 168 410 409 207 300 305 399 450 191 429 200 375 467 384 455 263 356 456 283 318 262 264 381 367 323 322 441 253 255 251 69 252 59 111 16 8 76 74 256 140 245 257 464 293 292 404 265 34 156 48 157 82 75 10 88 87 297 343 222 171 434 175 435 90 301 298 383 190 188 329 288 391 106 336 338 228 236 219 217 447 466 440 454 457 352 160 360 180 446 406 213 451 234 433 223 382 424 187 308 237 393 233 439 397 286 141 395 244 55 127 128 52 137 3 1 28 31 85 398 368 365 386 347 385 346 239 378 269 167 408 379 81 277 273 77 103 276 84 161 38 37 32 33 170 50 39 166 169 303 364 120 110 468 471 299 306 362 304 40 192 174 173 235 100 326 99 327 45 199 49 193 202 287 198 247 452 227 242 376 131 377 116 115 355 357 314 307 215 159 186 284 316 94 285 354 359 353 351 113 380 130 469 363 366 281 339 98 321 279 176 320 132 460 477 249 319 348 163 427 334 209 250 462 22 117 118 119 61 56 62 225 67 5 15 17 18 9 11 68 35 165 423 470 432 224 271 325 324 453 461 473 210 291 463 133 232 296 153 387 389 474 371 162 42 418 419 414 268 373 195 370 154 155 194 282 97 80 79 13 108 19 12 89 290 172 458 361 221 51 449 369 438 437 309 14 86 91 101 183 448 203 189 104 421 206 205 83 138 105 107 164 428 335 289 332 139 123 135 374 65 63 229 238 230 57 121 136 220 54 218 445 358 178 349 114 43 179 41 182 443 333 216 214 212 53 459 436 416 158 426 425 92 185 64 388 479 476 394 310 211 246 197 330 112 344 345 390 350 60 21 27 125 25 20 0 7 46 47 26 2 44 36 420 472 430 372 442 240 241 129 243 270 417 226 184 95 96 413 272 274 275 201 331 4 6 317 302 313 109 315 181 177 93 24 66 278 340 341 208 196 392 311 248 23 134 124 122 58 342 204 312 415 280 444 422 
403 146 150 145 409 456 264 263 252 259 74 260 265 75 266 257 70 72 258 297 338 466 475 406 407 337 149 401 245 397 244 343 137 31 29 207 402 148 147 408 410 84 30 152 151 399 261 400 144 303 169 168 457 202 452 451 377 357 356 381 431 384 478 285 262 318 411 455 365 320 319 251 250 69 441 255 254 67 140 11 76 8 71 222 111 231 294 463 296 404 292 267 37 155 35 32 10 73 82 301 298 295 142 256 173 433 172 170 89 88 87 382 205 107 106 332 336 329 391 328 230 454 218 447 217 465 234 236 450 353 162 358 351 213 405 446 200 440 434 224 383 425 183 380 235 394 439 233 396 330 395 141 143 136 121 52 128 126 36 38 85 102 28 364 120 367 389 349 388 474 243 167 379 378 412 269 80 274 275 276 83 77 78 33 1 34 157 161 435 192 174 304 305 300 398 368 100 469 363 362 302 299 166 46 50 39 171 237 110 341 109 108 51 201 193 49 191 331 247 198 429 240 132 131 376 375 118 359 314 467 355 130 214 184 95 94 315 284 283 113 115 352 180 354 308 307 468 471 369 280 279 96 176 339 321 323 242 461 249 477 322 345 194 442 390 462 253 209 25 114 116 20 58 225 5 56 59 62 86 14 9 18 16 165 48 68 458 361 221 223 418 342 211 210 460 291 453 473 464 135 387 293 371 232 386 346 153 160 43 271 415 416 417 372 164 154 370 156 163 79 13 81 282 97 327 101 91 90 309 175 423 470 432 45 459 366 436 312 290 17 15 12 19 187 422 421 204 206 203 104 190 103 105 138 188 195 443 248 139 288 289 124 133 122 64 238 57 63 228 229 127 55 54 220 219 178 360 445 347 117 42 181 182 41 428 212 53 215 333 216 449 438 414 426 158 424 185 92 65 385 344 310 393 476 324 197 246 286 350 479 348 334 112 7 125 0 21 22 119 27 60 40 4 24 44 2 3 413 272 313 373 427 227 129 241 239 226 268 270 159 186 98 420 472 277 273 199 287 47 66 93 306 430 99 316 179 444 317 26 6 340 278 326 196 208 311 392 335 134 23 123 374 61 325 189 437 419 281 177 448 
207 402 148 147 343 222 111 231 294 260 266 259 255 76 74 254 258 71 70 441 364 120 365 52 137 367 126 144 431 168 410 409 407 152 151 403 146 150 145 395 244 85 102 31 29 396 143 142 401 440 439 397 362 458 361 468 221 56 223 434 245 224 256 5 59 67 140 433 475 88 87 295 292 267 297 265 257 318 411 82 75 73 72 456 264 263 252 462 477 253 250 69 38 165 157 48 16 8 11 323 322 251 400 478 308 455 307 383 176 320 319 435 203 413 459 272 366 449 369 398 313 363 54 121 127 368 300 471 299 20 0 21 22 55 128 136 469 303 381 384 170 50 39 171 166 167 169 305 399 269 408 412 261 446 447 406 405 149 161 37 84 30 78 338 466 337 390 350 479 348 476 394 286 393 141 330 18 105 289 83 276 103 28 3 34 1 35 36 382 424 187 237 233 234 328 465 279 200 454 457 238 450 235 92 425 183 380 304 339 108 340 341 426 268 419 415 423 270 414 416 470 311 309 438 436 432 115 116 58 225 61 175 53 4 6 7 57 60 62 117 118 119 25 114 173 172 451 236 391 19 100 12 89 110 90 301 290 291 293 296 298 346 153 387 389 463 404 464 180 354 359 353 314 467 285 357 262 283 282 97 81 80 10 155 32 156 202 452 377 356 246 196 453 324 473 461 211 460 209 444 442 249 163 427 334 345 194 27 44 197 49 198 199 335 370 195 164 68 371 15 17 9 86 14 326 281 98 321 132 130 191 429 375 158 106 336 376 241 242 13 79 96 280 174 104 190 333 448 205 422 421 77 274 277 420 154 374 373 273 472 275 178 177 428 93 302 315 306 430 316 217 213 218 219 220 124 125 123 112 113 2 23 24 26 122 189 214 216 204 215 329 131 247 51 45 192 40 46 317 344 385 239 378 243 210 271 418 379 349 388 474 386 347 94 360 162 358 351 352 160 284 185 184 182 43 42 33 107 332 230 248 232 392 437 312 310 287 201 331 47 66 91 188 288 138 139 417 226 159 186 64 63 228 278 229 134 135 65 41 95 109 99 327 342 325 240 227 372 179 181 445 443 355 208 212 129 193 101 133 206 
72 404 257 265 149 30 145 150 379 261 378 412 263 399 400 264 408 409 410 262 10 8 73 70 258 75 259 266 474 371 232 386 473 298 296 464 267 293 292 337 401 301 297 295 294 406 403 407 463 213 217 405 32 33 1 34 28 29 31 78 151 102 152 144 146 147 402 84 453 417 226 418 129 243 271 239 269 479 388 304 305 169 167 347 385 346 411 455 356 456 478 431 435 192 174 173 303 168 300 285 357 318 389 349 351 113 115 352 355 283 467 77 79 13 80 9 11 81 16 82 68 35 69 71 74 76 156 48 157 142 256 140 245 252 260 254 37 155 354 350 276 420 472 277 370 122 372 373 153 23 133 135 387 477 462 461 460 291 309 175 90 87 89 325 324 210 200 440 454 457 336 465 338 466 475 328 362 327 101 110 91 100 88 433 172 170 171 434 353 162 358 218 447 446 342 211 284 212 53 214 54 215 219 445 160 360 180 154 94 158 92 159 41 2 42 43 161 0 3 36 38 138 139 103 83 85 141 143 126 148 137 273 251 398 368 367 128 365 207 397 244 343 231 396 274 275 333 216 196 423 415 470 416 419 414 268 289 131 227 240 270 63 6 57 64 132 241 242 476 439 395 394 390 348 442 345 344 427 93 313 302 306 166 40 39 46 448 189 117 112 106 308 307 383 376 375 382 377 381 198 429 384 202 452 451 450 191 222 221 329 421 206 205 193 47 45 51 50 66 469 363 299 468 471 184 95 315 314 118 359 422 204 114 182 278 208 20 21 116 430 317 316 186 272 279 280 176 96 281 98 282 12 14 17 97 4 5 7 15 18 86 246 247 201 248 164 194 195 165 163 209 249 250 253 255 59 111 67 234 233 432 225 224 223 62 320 319 441 323 322 340 119 104 449 459 413 369 366 335 236 228 123 374 124 130 24 26 134 237 230 238 65 235 444 286 312 330 310 393 437 177 178 179 311 438 436 290 326 99 55 49 229 105 332 288 391 107 190 188 364 120 361 341 109 108 19 44 27 181 428 127 220 136 185 52 56 58 121 392 443 424 425 426 187 183 22 25 60 287 331 197 199 334 380 321 125 203 458 61 339 
213 149 217 405 351 113 115 352 261 262 263 264 355 356 357 283 411 467 318 284 212 53 214 54 218 215 219 446 72 404 257 265 145 337 401 150 406 403 407 445 358 336 465 466 447 160 360 180 151 161 182 162 210 278 208 325 112 20 114 347 353 117 354 21 116 118 359 349 30 379 378 412 399 400 408 409 410 70 258 455 456 478 431 75 259 266 285 430 317 316 315 314 454 198 200 429 375 384 377 159 186 94 267 73 282 82 97 81 185 184 95 346 420 421 422 206 204 448 189 333 209 211 52 55 136 216 464 324 453 56 57 5 58 121 220 127 342 463 10 8 474 371 232 386 473 298 296 293 292 301 297 295 294 144 29 146 147 402 440 457 338 475 328 84 31 152 392 432 290 436 444 181 443 179 178 428 376 289 105 332 106 288 391 228 450 236 452 230 80 281 98 43 41 33 78 102 426 157 38 37 44 34 42 321 280 96 79 291 158 417 423 415 279 327 326 341 340 101 99 109 196 334 344 345 348 350 111 59 22 119 25 385 120 122 23 123 0 124 125 224 67 225 61 223 389 388 32 1 28 226 418 129 243 271 239 269 479 304 305 169 167 435 192 174 173 303 168 300 142 256 140 245 69 71 252 74 260 254 308 307 383 382 381 202 451 191 155 35 11 76 248 470 299 471 166 306 363 302 313 476 437 93 331 312 311 438 287 229 238 335 370 165 195 197 49 199 201 247 50 227 242 131 240 132 419 424 187 92 14 13 156 48 16 339 276 85 18 91 17 130 380 183 425 387 472 277 398 449 274 459 413 329 205 190 203 193 47 45 188 104 107 141 310 330 249 460 250 461 462 253 148 207 137 126 128 60 62 7 221 222 63 6 64 65 4 369 365 368 366 367 77 9 68 372 373 153 133 135 477 309 175 90 87 89 362 110 100 88 433 172 170 171 434 251 143 397 244 343 231 396 441 176 320 439 237 235 234 275 83 36 246 39 390 442 427 177 194 164 163 374 134 241 273 103 139 138 108 19 323 322 24 2 3 458 27 66 46 26 233 319 416 414 268 469 468 86 15 51 393 394 395 286 255 361 364 12 154 270 40 272 
145 337 149 401 257 70 72 258 455 263 356 456 261 262 264 400 478 411 431 399 144 29 146 30 150 147 151 402 200 440 454 457 336 217 465 338 403 466 475 404 265 213 405 406 407 295 267 294 328 301 298 297 142 256 140 245 69 8 71 252 259 74 260 10 73 75 266 254 106 308 307 383 376 375 382 377 381 198 429 355 357 467 384 202 452 451 409 379 378 412 408 410 351 113 115 352 283 318 285 300 305 168 450 191 435 192 174 173 304 303 169 251 398 368 367 128 126 365 137 207 141 143 28 31 102 148 397 244 343 32 33 1 34 78 152 84 231 396 50 49 441 279 176 320 439 238 237 235 234 229 230 228 236 289 105 332 288 391 445 358 218 447 219 205 107 329 474 371 232 386 473 296 464 293 292 463 284 212 53 214 54 215 446 160 360 180 353 162 171 434 175 90 87 88 190 188 362 327 101 110 91 100 89 309 433 172 170 233 299 423 470 469 432 225 224 223 222 62 67 59 111 209 249 250 253 255 68 35 11 76 16 319 77 79 13 80 9 81 82 156 48 157 37 155 323 322 108 19 104 158 424 92 187 425 183 380 477 241 242 132 130 374 125 134 124 240 131 227 335 370 165 195 197 199 331 201 247 287 430 317 316 315 314 118 359 116 341 109 51 193 453 417 226 418 129 243 271 239 269 479 388 167 347 385 346 389 349 161 182 210 278 208 325 112 20 114 117 354 21 159 186 94 184 95 468 471 306 166 40 39 326 99 45 221 421 206 47 66 46 93 313 302 363 321 420 449 472 369 459 366 364 220 127 121 120 119 27 25 136 52 55 334 344 345 310 393 330 394 395 286 138 139 103 83 85 36 38 3 153 154 41 2 42 43 0 277 273 276 274 275 203 4 196 280 281 339 96 98 476 387 135 65 63 64 270 61 58 57 372 133 122 123 373 311 163 443 194 248 164 428 392 290 436 444 181 179 178 422 204 86 350 23 462 461 460 291 324 342 211 282 97 185 448 189 333 216 56 5 438 437 14 12 15 361 18 44 26 17 177 312 415 419 458 416 414 60 7 22 427 442 390 348 246 268 272 6 340 426 24 413 
150 406 403 407 265 75 259 266 285 264 357 262 409 456 263 410 318 431 411 408 84 31 30 146 145 152 402 151 353 162 358 351 218 466 447 213 149 217 405 297 257 338 475 337 401 292 294 267 446 463 296 404 37 155 35 32 11 74 76 10 72 8 73 252 260 70 258 82 214 184 95 94 315 314 284 355 283 118 359 377 356 384 467 113 115 352 261 303 169 168 399 400 457 202 452 451 381 478 455 269 167 412 180 354 389 349 388 474 243 379 378 80 274 275 276 83 85 77 28 78 36 38 137 29 148 102 33 1 34 245 397 244 343 207 147 144 157 161 347 117 81 280 96 79 42 181 182 41 160 428 445 178 360 127 55 54 220 219 230 454 336 465 391 212 53 215 173 433 172 170 89 298 88 87 295 301 382 205 107 106 332 329 328 234 236 450 200 440 346 153 387 291 293 464 333 216 418 342 211 210 460 453 473 135 371 232 386 43 271 415 416 417 372 164 154 370 156 163 68 165 48 86 14 9 18 16 67 140 69 71 255 13 365 320 319 251 250 441 254 222 111 231 142 256 282 97 325 324 189 425 426 183 185 158 92 159 17 306 93 317 186 438 287 437 392 430 316 313 61 223 59 56 22 119 21 20 116 125 240 132 131 376 375 198 429 247 278 208 112 114 100 469 363 362 302 304 299 166 300 46 174 305 50 39 171 435 192 396 237 110 341 109 108 51 201 193 49 191 331 380 130 383 308 307 268 270 241 239 344 385 340 196 350 373 422 204 348 427 479 242 227 129 226 98 459 413 366 272 420 472 277 288 289 139 273 199 286 246 138 103 105 60 40 4 24 44 0 2 3 27 136 121 52 128 126 141 143 395 434 224 235 394 439 233 330 364 120 367 398 368 448 345 99 279 339 281 176 321 26 175 309 177 179 444 471 335 248 443 432 290 436 311 221 123 62 57 5 58 225 229 124 133 122 64 238 63 228 421 206 209 45 312 15 12 91 90 19 327 101 323 322 187 203 104 190 188 195 194 374 134 249 461 462 414 253 393 476 477 65 23 423 458 419 470 361 334 390 197 66 6 7 47 25 468 369 442 326 424 310 449 
264 408 409 410 150 406 403 407 463 265 296 404 259 297 257 266 292 294 267 75 285 357 262 456 263 318 431 411 389 349 388 474 243 169 167 379 261 378 412 146 145 303 168 399 400 152 402 151 269 84 31 30 353 162 358 351 218 466 447 213 149 217 405 338 475 337 401 446 418 342 211 210 460 291 453 473 464 135 387 89 298 87 293 371 232 386 72 252 74 260 70 258 173 433 172 170 88 295 301 82 76 73 346 153 37 155 35 32 11 10 8 214 184 95 94 315 314 284 355 283 118 359 377 356 384 467 113 115 352 457 202 452 451 381 478 455 180 354 156 373 215 422 204 212 114 348 350 112 347 427 479 344 385 242 227 129 241 239 46 174 304 305 166 417 226 271 245 397 244 343 137 29 207 148 147 144 100 469 363 362 302 299 300 50 39 171 435 192 157 161 38 85 102 78 268 270 80 274 275 276 83 77 28 36 33 1 34 117 81 280 96 79 42 181 182 41 160 428 445 178 360 127 55 54 220 219 230 454 336 465 391 53 382 205 107 106 332 329 328 234 236 450 200 440 333 216 277 273 414 341 340 109 196 278 208 325 136 253 209 462 324 393 437 286 476 477 461 249 65 235 228 63 123 374 23 122 133 134 17 15 12 91 90 309 175 290 420 472 370 372 365 320 319 251 250 69 441 255 254 67 140 71 222 111 231 142 256 191 45 367 459 366 364 223 436 432 221 434 312 108 19 110 327 101 282 97 18 16 165 48 413 272 154 43 415 416 164 163 68 86 14 9 13 189 425 426 183 185 158 92 159 306 93 317 186 438 287 392 430 316 313 61 59 56 22 119 21 20 116 125 240 132 131 376 375 198 429 247 396 237 51 201 193 49 331 380 130 383 308 307 419 195 369 421 203 448 206 104 25 143 141 334 345 390 322 177 444 442 439 395 394 310 233 24 229 6 57 64 238 66 26 3 2 7 47 4 40 423 470 289 224 330 121 52 128 126 120 398 368 190 188 99 458 361 468 471 179 443 44 27 105 103 139 98 288 199 246 138 60 0 279 339 281 176 321 335 248 311 62 5 58 225 124 323 187 194 449 326 197 424 
407 152 402 151 410 318 431 411 82 266 76 75 294 260 259 267 73 258 72 292 446 447 406 475 403 405 401 149 157 161 38 37 85 148 102 84 150 31 30 168 409 207 147 146 145 412 400 261 78 269 167 408 180 354 359 353 314 384 467 285 264 357 262 381 478 456 263 283 276 282 97 81 18 16 80 11 10 165 48 255 74 71 8 155 35 32 265 88 87 295 297 257 343 222 111 231 254 70 252 464 293 404 34 156 346 153 387 389 291 463 296 94 333 216 215 220 219 214 218 213 178 360 391 466 465 217 162 358 351 451 234 236 450 328 337 338 352 160 371 370 284 426 185 184 182 44 43 42 33 27 36 3 1 105 289 83 103 28 395 244 137 29 126 274 275 77 170 50 39 171 166 169 300 305 399 303 441 364 120 365 52 367 144 396 143 142 245 397 386 347 385 239 378 379 277 273 210 268 270 271 241 418 243 344 349 388 474 41 453 340 196 342 350 119 117 114 113 125 118 116 115 313 93 315 316 355 247 452 377 356 375 95 329 380 130 382 131 383 455 191 429 200 457 202 159 186 417 226 472 339 281 321 98 280 96 79 317 91 17 14 13 47 62 66 60 86 9 15 197 49 198 199 335 195 163 164 68 194 462 477 253 250 69 67 140 59 415 416 372 154 299 108 19 100 12 89 110 90 301 290 172 298 434 175 435 173 433 440 439 362 458 361 468 221 56 223 224 256 5 323 322 251 320 319 325 324 461 473 133 232 419 414 373 112 413 272 374 134 135 249 209 460 211 92 203 448 104 189 422 204 212 128 136 55 53 225 229 61 127 54 121 311 309 438 177 179 428 181 445 443 139 138 288 332 336 230 454 228 192 193 233 63 235 237 57 190 188 106 205 107 420 122 470 425 424 158 183 187 444 174 46 26 2 24 101 25 22 0 51 40 4 7 45 334 331 286 287 246 201 330 390 479 348 476 394 393 141 459 366 240 432 6 430 306 302 304 471 469 363 308 307 176 449 369 398 368 20 21 345 442 132 129 227 208 376 238 65 242 310 427 341 326 278 109 99 124 123 58 312 437 392 436 248 327 206 23 423 279 64 421 
411 412 400 261 151 405 401 149 464 267 293 292 258 295 294 72 404 257 265 73 283 467 318 478 431 262 263 264 386 347 385 346 239 305 378 269 410 167 408 147 402 300 399 168 409 30 145 150 379 78 102 152 352 160 360 180 219 465 217 446 407 447 406 328 337 475 403 213 271 325 324 453 461 473 210 291 463 133 232 90 87 298 296 153 387 389 266 254 71 70 260 259 171 434 175 435 301 297 88 10 8 75 474 371 34 156 48 157 16 82 76 215 159 186 284 316 355 94 314 285 116 115 375 384 356 357 354 359 353 450 191 429 200 455 456 381 351 113 155 372 214 448 189 333 117 345 112 350 349 442 344 479 388 132 240 241 129 243 40 39 166 169 304 268 270 418 231 396 143 142 126 148 144 29 146 207 110 468 471 299 306 362 303 192 174 173 170 50 32 33 1 28 31 84 417 226 81 277 273 77 103 276 85 3 161 38 37 114 80 281 98 282 43 179 41 182 162 443 178 445 358 121 136 220 54 218 228 236 391 466 336 216 383 190 188 329 288 106 338 440 454 457 451 234 212 53 274 275 416 326 278 99 208 340 196 342 55 250 462 209 211 394 312 330 310 249 460 477 64 237 230 238 124 122 134 374 135 23 14 86 91 12 89 290 172 309 413 272 154 373 367 323 322 441 253 255 251 69 252 59 111 74 256 140 245 343 222 202 51 365 449 369 398 224 438 221 432 433 437 327 101 100 108 19 79 13 9 11 68 35 420 472 370 42 419 414 195 194 165 15 17 18 97 204 424 158 187 92 426 185 184 302 317 93 95 436 331 311 313 315 430 58 67 225 25 20 125 119 118 21 227 242 376 131 377 247 452 198 397 235 45 199 49 193 287 308 307 382 380 130 415 164 366 203 421 422 104 206 22 244 395 390 348 334 319 444 177 427 233 141 393 476 439 26 57 66 229 65 63 6 24 36 44 60 4 47 46 458 361 139 223 286 127 128 52 137 368 364 120 205 107 109 423 470 469 363 181 428 2 0 138 83 289 96 332 201 197 105 7 27 339 279 280 321 176 248 335 392 5 62 61 56 123 320 183 163 459 341 246 425 
77 413 272 274 153 32 154 155 426 268 458 419 270 361 414 271 415 416 417 269 30 28 78 139 273 84 275 276 340 282 339 281 203 364 459 448 277 449 420 374 373 120 366 369 472 386 372 371 422 346 387 389 10 72 8 73 1 68 35 34 156 48 157 248 164 195 370 37 333 284 185 184 380 425 159 424 158 108 341 362 468 469 423 325 326 278 418 376 241 240 227 226 221 56 222 223 363 470 471 412 239 379 280 342 292 210 291 463 167 408 243 33 149 145 150 29 31 151 102 152 9 11 138 103 83 85 81 16 82 247 392 246 287 288 289 332 75 80 453 196 161 351 182 162 97 321 98 96 79 251 323 320 279 106 104 190 205 421 435 434 365 398 367 214 189 212 229 454 238 230 134 135 124 133 122 123 313 54 52 121 207 127 368 436 433 432 224 438 464 267 293 385 232 474 215 204 410 113 112 347 344 349 388 87 265 296 404 13 261 262 263 264 257 70 258 259 266 69 71 74 76 0 2 3 36 38 193 201 194 165 163 42 391 445 444 443 390 428 335 429 199 198 331 452 160 43 354 350 216 355 283 317 186 285 95 94 44 130 183 187 92 234 142 233 396 382 308 383 50 200 49 191 19 109 100 99 327 110 399 304 303 300 299 245 256 231 353 117 324 208 125 356 455 375 307 242 377 132 131 66 65 129 58 64 57 228 61 311 309 21 115 20 116 5 111 59 67 225 343 316 302 430 315 306 411 400 305 378 461 473 352 114 211 294 213 53 209 249 460 166 168 169 409 41 217 405 337 401 406 403 407 144 146 147 402 140 141 143 126 148 137 4 6 7 12 14 15 17 18 86 206 329 188 107 105 330 197 286 236 451 290 476 437 312 395 465 328 336 466 338 446 462 119 358 360 180 181 179 91 63 235 319 176 322 381 252 254 441 457 237 440 397 450 88 51 173 45 192 202 171 301 298 297 174 175 172 170 218 55 345 62 439 27 26 24 23 25 118 22 178 177 93 219 136 220 128 260 255 295 90 442 479 348 431 334 310 393 427 39 89 357 467 318 456 478 250 253 244 40 46 47 60 101 384 475 477 359 314 394 447 
346 153 387 389 292 210 291 463 268 269 270 271 167 241 239 408 418 243 379 410 113 112 347 344 385 349 388 474 77 413 272 274 154 374 373 155 386 372 371 87 293 134 135 133 232 265 296 404 156 266 294 267 212 213 53 214 208 209 211 325 464 324 453 249 460 461 473 342 32 426 458 419 361 414 415 416 417 139 273 376 240 227 226 84 275 276 412 166 168 169 305 378 238 66 229 65 242 129 132 264 409 261 277 78 407 152 402 151 431 411 400 278 351 115 352 20 114 353 117 354 206 204 334 345 348 350 448 189 333 310 233 141 393 427 479 442 215 422 30 28 340 282 339 281 203 364 459 449 420 120 366 369 472 248 68 164 195 370 454 230 124 122 123 37 35 157 39 290 170 172 88 295 89 297 298 90 307 44 27 26 125 24 23 235 228 63 64 237 150 406 403 259 257 72 34 48 318 82 76 75 260 73 258 475 405 401 149 421 262 284 355 283 217 54 218 219 446 52 55 136 216 101 327 99 109 196 197 330 250 462 253 326 177 321 251 319 69 322 477 437 286 476 394 312 280 341 10 8 1 185 184 380 425 159 424 158 108 362 468 469 423 221 56 222 223 363 470 471 247 392 246 287 138 103 288 83 289 332 356 455 375 377 131 58 57 61 80 11 31 85 12 317 430 306 299 300 302 303 304 50 171 399 46 173 174 175 40 439 440 91 97 18 17 47 62 60 7 6 225 183 383 130 187 382 285 357 456 263 146 145 81 16 102 447 161 38 148 207 147 381 384 478 467 279 182 162 445 358 160 360 180 21 116 118 359 5 111 59 22 119 25 193 192 45 329 205 188 190 104 107 165 335 163 194 390 244 395 143 309 311 234 142 396 397 140 181 428 444 179 443 33 29 9 98 96 79 323 320 106 435 434 365 398 367 313 121 127 368 436 433 432 224 438 391 201 429 199 198 331 452 336 337 465 200 457 450 236 43 36 74 4 256 19 100 110 301 15 14 86 176 441 308 42 3 2 0 220 128 466 338 252 70 71 314 255 343 231 254 451 328 186 95 94 316 315 137 126 67 202 191 49 51 105 93 178 144 13 92 245 41 
154 374 153 373 272 139 77 273 376 270 241 240 268 269 271 414 227 418 226 361 248 68 164 32 155 195 156 370 229 454 238 230 134 387 135 124 372 133 122 413 274 346 389 386 371 369 277 472 123 120 364 366 247 392 246 287 138 28 103 288 275 83 289 30 78 84 276 332 125 356 455 375 307 242 377 132 131 66 65 167 239 243 129 58 64 57 416 426 458 419 415 417 292 210 291 463 408 379 412 471 468 470 228 61 221 56 222 223 362 363 469 391 445 444 443 390 194 428 163 335 193 201 1 35 48 165 429 199 198 10 72 8 73 34 157 37 331 452 225 62 336 217 337 465 200 440 457 450 236 439 237 235 63 44 27 26 24 23 87 293 385 232 388 116 25 21 340 282 339 281 203 459 448 449 420 422 410 113 112 347 344 349 474 265 296 404 464 267 224 438 434 365 398 368 118 22 313 54 52 121 207 127 367 435 436 433 432 451 430 355 317 316 290 476 437 312 311 395 286 330 197 206 329 188 107 105 9 11 31 85 102 328 33 149 145 150 29 151 152 81 16 82 75 80 466 338 220 128 119 262 357 263 456 467 478 384 106 308 383 382 381 176 477 441 322 187 130 183 91 97 18 17 47 60 46 7 6 40 166 168 169 305 378 461 473 460 219 136 67 5 333 284 185 184 380 425 159 424 158 108 341 423 325 326 278 280 342 266 294 212 213 53 214 208 209 211 324 453 249 264 409 261 411 400 315 306 300 299 245 256 218 55 59 309 115 20 111 343 231 399 304 303 302 475 351 358 182 181 360 179 178 479 442 427 177 462 255 253 348 334 345 101 327 99 192 202 45 191 49 51 0 2 3 36 38 74 76 71 79 13 257 70 258 259 69 162 42 161 160 43 359 140 216 405 406 447 401 403 50 279 320 397 234 396 92 394 393 233 98 323 321 319 96 174 86 89 15 12 14 90 39 170 172 88 295 297 298 352 114 137 196 251 104 190 205 421 189 215 204 407 402 431 353 117 354 350 310 141 175 171 146 144 126 93 148 260 254 147 301 173 283 285 314 186 95 244 143 250 110 100 19 109 4 94 41 142 446 318 252 180 
155 386 372 371 274 84 275 276 412 271 239 269 416 240 270 417 379 226 418 415 37 35 32 164 154 157 370 156 464 267 293 292 385 133 232 346 153 387 389 366 272 124 122 374 373 420 472 277 474 422 459 413 75 80 11 10 31 83 85 30 77 28 78 288 289 139 273 152 347 411 400 261 305 378 410 167 408 461 473 132 241 129 243 210 291 463 268 363 469 470 361 414 230 58 64 57 131 227 376 158 423 419 404 453 280 342 341 340 425 426 458 150 160 43 161 36 38 33 1 34 74 76 163 68 165 48 72 8 73 287 429 199 198 335 195 248 82 266 325 324 151 405 401 149 258 295 294 257 265 90 87 298 296 442 345 344 479 388 237 238 134 135 23 113 112 349 223 436 433 432 367 364 368 398 369 120 377 116 25 125 26 21 123 236 63 228 229 454 278 79 279 421 449 448 354 350 184 215 204 212 205 333 203 320 282 339 281 259 159 283 186 284 98 14 13 97 81 86 9 18 16 137 146 29 148 102 286 246 138 103 105 145 428 465 328 391 188 336 332 311 197 331 247 392 407 402 214 189 117 467 318 478 431 262 263 264 147 300 399 168 409 175 40 171 39 166 169 304 394 312 330 310 250 462 249 209 460 477 187 382 130 307 242 66 65 6 213 53 208 211 127 316 302 313 303 362 430 299 471 231 222 468 225 256 224 221 56 452 457 121 219 136 220 67 7 5 62 61 46 384 381 375 356 455 94 92 308 424 327 326 446 216 196 96 352 114 109 110 108 383 183 380 185 403 360 180 179 41 351 182 162 24 44 2 42 60 51 4 0 3 27 244 245 140 252 260 69 70 71 255 348 427 334 390 194 193 201 49 438 437 450 191 200 451 45 178 177 443 445 444 353 99 55 217 447 406 337 475 254 434 435 301 297 88 306 91 12 89 290 170 172 174 309 319 395 233 141 393 476 439 322 323 321 396 440 234 235 115 20 206 59 173 126 144 207 365 128 54 52 466 338 456 359 119 118 22 17 15 176 441 329 190 104 95 107 202 50 106 397 251 355 314 285 317 93 101 19 47 343 142 143 111 253 315 181 100 218 357 192 358 
270 361 268 414 154 374 153 373 120 272 364 366 77 413 274 273 369 277 472 139 376 241 240 269 271 227 418 226 221 56 222 223 362 458 468 363 416 469 470 32 155 426 419 415 417 195 156 370 471 248 68 164 229 454 238 230 134 387 135 124 372 133 122 346 389 386 371 123 313 54 52 121 207 365 127 367 368 435 434 203 459 449 398 436 433 432 275 30 28 78 84 276 340 282 339 281 448 420 422 332 103 289 224 438 247 392 246 287 138 288 83 125 356 455 375 307 242 377 132 131 66 65 167 239 243 129 58 64 57 292 210 291 463 408 379 412 228 61 311 309 21 115 20 116 5 111 59 67 225 343 231 245 256 399 304 303 300 299 108 341 425 423 424 316 302 430 10 72 8 73 1 35 34 48 157 37 333 284 185 184 380 159 158 325 326 278 280 342 331 452 201 194 165 335 315 306 391 445 444 443 390 428 163 193 429 199 198 62 336 217 337 465 200 440 457 450 236 439 237 235 63 44 27 26 24 23 87 293 385 232 388 25 410 113 112 347 344 349 474 265 296 404 464 267 118 22 178 177 93 213 218 53 55 219 136 220 0 148 137 126 128 260 441 255 254 147 144 146 301 257 298 297 174 175 173 172 170 171 106 104 190 205 421 320 279 323 360 179 312 290 33 149 145 150 29 31 151 102 152 9 11 85 81 16 82 75 80 453 196 161 351 182 162 97 321 98 96 79 251 214 189 212 215 204 466 338 107 105 330 197 358 181 437 451 355 317 476 395 286 206 329 188 328 119 262 357 263 456 467 478 384 308 383 382 381 176 477 322 187 130 183 91 18 17 47 60 46 7 6 40 166 168 169 305 378 461 473 460 266 294 208 209 211 324 249 264 409 261 411 400 314 310 41 352 353 359 114 117 4 76 74 244 140 143 402 397 396 142 258 71 70 252 259 192 90 100 89 88 295 110 50 49 191 19 109 99 327 283 186 442 13 69 2 3 36 38 42 160 43 354 350 216 285 95 94 92 234 233 202 51 345 334 427 475 479 462 253 348 101 45 405 406 447 401 403 394 393 319 86 15 12 14 39 407 431 141 180 446 250 318 
373 195 156 370 414 227 418 226 332 273 103 139 277 78 77 472 289 276 275 369 123 135 374 389 153 122 371 372 331 452 201 247 194 48 165 248 154 68 164 419 268 34 157 32 155 470 417 416 335 471 468 361 228 61 65 229 242 243 129 376 270 241 240 408 379 269 271 131 443 466 338 336 107 105 391 138 288 330 197 102 28 85 83 392 246 287 272 448 449 420 413 274 73 81 16 82 152 84 30 368 398 366 198 311 224 438 434 221 365 120 364 375 118 22 21 24 23 125 134 124 235 63 388 387 232 133 454 238 230 463 265 296 404 474 386 346 57 236 436 312 377 357 456 356 457 202 451 200 429 51 193 49 199 345 442 390 334 163 71 8 1 35 38 445 444 428 281 325 326 278 424 458 158 423 415 426 151 162 42 33 3 161 37 266 76 75 10 72 432 225 256 299 469 363 178 177 121 315 306 430 300 313 362 245 56 222 223 450 127 218 55 54 59 60 62 5 58 40 66 6 64 183 383 307 130 132 460 291 167 239 378 455 349 264 409 410 169 261 412 453 473 464 292 210 384 381 316 302 179 406 447 403 475 217 337 465 382 205 106 329 328 109 86 110 101 206 188 104 250 324 461 462 394 310 395 476 286 141 126 147 148 29 31 9 11 18 355 317 290 437 159 214 189 333 190 203 212 421 422 323 339 459 79 279 280 340 282 267 258 184 285 95 94 96 17 97 13 80 15 407 402 150 149 145 220 128 144 367 170 433 314 93 309 67 358 181 175 171 435 146 137 207 52 478 353 359 117 119 115 20 116 36 0 27 25 14 90 91 44 26 2 319 320 176 397 234 439 440 237 233 427 348 479 344 385 87 293 298 342 211 259 297 257 294 89 354 350 347 113 112 360 172 186 262 318 467 263 431 396 341 108 50 191 192 204 4 47 45 208 327 99 19 196 244 249 255 477 253 209 69 143 231 111 254 70 260 74 351 182 166 98 100 187 308 380 425 92 284 185 411 400 401 180 41 160 43 7 46 140 142 168 303 304 136 305 295 301 399 252 343 213 446 219 53 216 39 174 12 251 441 322 321 393 215 114 173 283 405 88 352 
271 415 416 417 155 386 372 371 422 274 459 413 275 366 272 276 420 472 277 84 412 239 269 240 270 379 226 418 280 342 341 340 425 469 423 426 268 458 419 164 154 363 470 361 414 157 370 156 158 37 35 32 464 267 293 292 385 133 232 346 153 387 389 124 122 374 373 474 184 215 204 212 205 421 333 203 448 320 279 367 364 398 449 282 339 281 77 288 83 289 139 273 223 436 433 432 368 369 120 152 85 78 278 79 75 80 11 10 31 30 28 347 411 400 261 305 378 410 167 408 461 473 132 241 129 243 210 291 463 230 58 64 57 131 227 376 404 453 81 96 349 352 114 113 211 109 196 208 325 110 108 327 326 383 183 380 308 424 231 222 362 468 299 284 185 159 287 429 199 198 163 68 335 165 195 248 127 316 302 313 303 430 471 225 256 224 221 56 82 266 76 38 48 34 94 92 150 160 43 161 36 33 1 74 72 8 73 324 151 405 401 149 258 295 294 257 265 90 87 298 296 442 345 344 479 388 237 238 134 135 23 112 377 116 25 125 26 21 123 236 63 228 229 454 354 350 162 42 95 219 446 136 216 213 53 214 348 107 206 104 189 202 171 51 50 106 190 329 397 450 235 234 319 176 251 321 323 441 147 126 144 207 365 435 434 170 351 182 97 98 428 465 328 391 188 138 336 105 332 286 246 103 311 197 331 247 392 61 59 443 360 179 178 312 172 290 309 438 173 220 128 121 54 52 407 402 148 102 18 16 180 41 13 259 283 186 14 86 9 137 146 29 145 117 467 318 478 431 262 263 264 300 399 168 409 175 40 39 166 169 304 394 330 310 250 462 249 209 460 477 187 382 130 307 242 66 65 6 452 457 67 7 5 62 46 384 381 375 356 455 285 17 181 115 359 353 20 119 253 201 193 101 99 19 338 301 88 100 200 49 191 192 451 252 439 142 233 396 440 343 254 71 70 143 111 140 245 355 317 44 437 45 427 334 390 194 177 445 444 118 22 55 314 93 315 306 297 89 260 255 27 3 2 403 24 60 4 0 244 69 217 447 406 337 475 91 12 174 395 141 393 476 322 466 456 15 358 218 47 357 
372 164 155 154 416 240 271 270 288 275 83 289 274 84 276 272 139 77 273 366 124 133 122 386 371 374 153 373 287 429 199 198 163 35 68 335 370 165 195 415 417 37 32 157 156 361 268 414 248 363 469 470 230 58 64 57 132 239 241 131 226 129 227 412 269 379 418 376 428 465 328 391 188 138 336 105 332 286 246 31 85 28 103 311 197 331 472 422 459 413 420 277 75 80 11 10 30 78 152 120 364 369 247 392 223 436 433 432 367 368 398 377 116 25 125 26 134 21 23 123 237 238 385 232 387 135 236 63 228 464 267 293 292 346 389 474 229 454 438 437 375 467 478 384 450 191 200 451 452 45 49 193 201 348 427 334 390 194 74 76 38 48 1 178 177 443 280 342 341 340 425 423 426 458 419 158 150 160 43 161 36 33 34 72 8 73 82 266 221 56 222 362 468 471 445 444 127 316 302 313 303 430 299 231 225 256 224 457 121 219 136 220 67 7 5 62 61 46 6 66 65 187 382 130 307 242 461 473 378 243 167 381 347 411 400 261 305 410 408 210 291 463 404 453 356 455 315 306 181 405 217 401 337 447 475 466 383 190 329 106 338 99 15 100 19 104 107 206 253 211 460 209 393 476 141 310 330 395 137 146 29 148 102 18 16 9 314 93 309 312 184 215 204 212 205 421 333 203 448 320 279 449 282 339 281 278 79 265 259 159 283 186 284 98 14 13 97 81 86 149 145 151 407 402 54 52 207 365 435 434 355 317 290 59 360 179 172 173 170 147 126 144 128 456 352 115 114 20 359 119 118 3 27 0 22 17 89 12 2 24 44 322 323 321 396 440 233 234 235 439 442 345 344 479 388 298 296 87 325 324 258 295 294 257 90 113 112 349 354 350 358 175 95 318 262 357 431 263 397 326 327 192 202 50 189 47 4 51 196 108 109 101 208 143 477 69 249 250 462 255 244 245 140 252 260 70 71 180 41 304 96 110 183 380 308 424 185 94 92 264 409 403 351 182 162 42 60 40 111 343 399 300 166 55 169 297 88 168 254 142 446 213 218 216 53 174 39 91 441 251 319 176 394 214 117 171 285 406 301 353 
371 157 370 156 417 379 226 418 152 276 85 84 472 289 275 277 78 273 77 420 474 232 386 122 372 389 373 153 82 266 76 75 38 165 48 37 155 35 32 470 416 335 195 164 154 419 414 268 34 158 423 415 404 453 473 464 378 129 243 412 271 239 269 131 227 240 270 408 161 407 402 151 148 102 150 31 30 18 16 105 83 103 28 80 11 10 274 368 398 369 366 272 198 311 197 331 332 139 288 448 449 413 73 81 278 79 279 280 421 422 459 261 354 350 349 479 388 347 385 346 298 296 23 133 135 387 267 293 292 57 236 63 228 123 374 124 463 265 282 97 410 318 431 411 294 260 259 258 72 255 74 71 8 27 44 36 3 1 49 199 163 68 194 160 43 33 432 225 256 224 299 469 471 468 361 363 336 178 177 428 334 443 248 452 201 247 287 429 281 325 326 424 458 426 162 42 212 94 92 159 308 184 425 327 342 341 340 257 333 446 216 215 196 462 324 211 210 477 461 460 291 304 399 305 169 167 6 64 132 241 242 400 21 384 381 377 130 375 376 61 65 229 230 58 264 409 284 185 182 447 406 475 403 405 401 149 168 207 147 146 145 111 395 343 244 137 29 126 47 62 66 60 91 17 86 14 9 15 104 106 107 188 138 286 246 330 283 186 98 13 430 220 128 127 144 367 121 365 120 170 433 364 438 434 221 223 436 454 200 313 314 93 315 309 310 312 437 392 141 466 338 391 465 328 214 189 190 203 323 339 285 95 96 208 180 41 176 441 320 329 206 205 204 263 359 353 119 117 352 114 113 390 348 345 112 476 439 394 442 344 427 174 435 175 301 297 90 295 87 89 2 0 24 26 134 237 238 235 56 5 451 234 450 457 233 118 22 125 116 25 351 321 317 467 357 262 478 456 88 222 231 254 70 252 52 253 250 69 67 245 140 143 59 101 46 51 40 4 7 45 19 108 109 50 191 202 193 360 179 187 290 142 166 300 303 362 306 316 302 356 455 337 358 181 445 444 209 249 99 100 382 380 183 53 307 440 397 383 192 110 219 218 213 136 55 322 319 393 173 171 39 172 12 54 20 251 355 217 396 115 
418 419 414 268 156 389 373 153 448 277 449 420 273 369 472 77 413 272 274 78 408 243 379 227 226 269 270 271 281 325 326 278 424 468 458 158 417 423 415 195 370 471 361 470 416 32 154 155 426 34 48 157 463 265 296 404 388 135 387 474 371 232 386 123 374 122 372 346 159 214 189 333 190 203 212 421 422 323 339 365 398 364 459 79 279 280 276 332 103 139 289 275 224 438 434 221 120 366 368 30 28 84 340 282 73 81 16 82 102 152 85 349 264 409 410 169 167 261 378 412 460 291 242 129 241 239 453 473 464 228 61 65 229 376 240 131 292 210 80 98 347 353 117 354 324 99 208 196 342 100 327 108 341 382 187 308 380 425 245 256 299 469 362 94 92 184 331 452 201 247 194 165 248 68 164 335 121 315 306 430 300 313 363 56 222 223 432 225 10 72 8 1 35 37 284 185 151 162 42 33 3 161 38 71 266 76 75 211 150 406 403 407 259 297 257 294 267 89 298 87 293 427 348 479 344 385 235 63 23 133 134 350 375 118 22 21 24 125 124 454 238 230 57 236 113 112 160 43 186 218 213 55 53 446 216 215 345 188 104 206 204 191 173 45 192 329 205 106 396 457 237 440 322 321 441 176 320 251 146 137 207 144 367 170 433 435 180 41 13 96 443 466 338 336 107 105 391 138 288 330 197 83 392 246 287 198 311 58 67 428 358 181 445 437 175 309 290 436 171 54 52 127 220 128 149 145 29 31 9 11 351 182 97 258 285 95 17 15 18 126 147 148 402 114 357 262 456 263 318 431 411 303 168 399 400 172 46 174 304 305 166 393 286 476 253 209 477 462 461 249 183 383 307 130 132 6 64 66 429 450 59 60 62 5 40 356 455 377 384 381 283 14 179 359 115 352 119 20 250 199 49 19 109 101 328 88 301 110 451 193 202 50 200 254 233 343 439 397 234 142 252 74 260 244 140 111 231 314 93 2 312 51 442 390 334 163 444 178 177 116 25 136 355 317 316 302 295 90 70 69 0 36 44 401 26 7 47 27 143 255 447 217 405 475 337 12 91 39 141 395 394 310 319 465 478 86 360 219 4 467 
420 212 421 422 158 417 423 415 210 278 208 325 279 327 326 280 342 341 340 79 276 472 277 398 449 274 459 413 113 346 112 347 53 206 204 214 448 189 333 308 424 329 205 190 203 184 425 426 215 94 92 159 371 157 370 156 226 470 416 418 419 414 268 299 469 468 458 271 213 292 291 463 209 211 464 324 453 20 114 101 99 109 196 353 117 354 281 441 176 320 323 339 192 451 193 202 110 108 100 81 96 282 349 352 33 180 41 160 13 80 98 379 152 85 84 289 275 78 273 77 122 372 368 369 366 272 389 373 153 256 170 432 433 367 364 365 155 386 351 115 269 410 167 408 387 344 385 388 474 334 345 348 350 52 54 55 136 216 47 45 188 104 107 406 218 446 440 343 439 397 307 187 383 183 380 382 301 475 391 328 138 338 106 171 51 50 191 173 162 34 42 95 185 284 405 219 10 318 314 285 93 283 186 2 37 43 161 232 82 266 76 75 38 165 48 35 32 335 195 164 154 131 129 227 240 270 225 224 471 361 363 243 144 168 166 300 430 303 362 231 223 222 434 245 412 239 262 355 217 294 267 87 293 265 296 404 241 249 460 461 473 141 197 310 330 250 462 253 5 111 56 59 21 116 22 118 119 25 18 91 86 15 19 199 49 201 264 357 358 359 455 260 255 254 477 322 252 319 251 238 237 321 450 235 234 396 457 435 174 381 431 384 478 236 247 452 429 200 246 295 90 88 297 89 73 16 17 97 181 182 411 467 360 1 407 447 178 177 179 12 9 14 11 378 402 151 148 102 150 31 30 105 83 103 28 198 311 331 332 139 288 57 63 228 23 133 123 135 374 124 220 128 127 121 120 438 221 436 142 140 39 290 172 175 392 147 126 207 146 137 149 445 356 409 400 261 169 305 134 233 393 427 479 442 69 163 194 390 244 394 395 286 143 0 58 60 61 62 67 7 27 44 36 66 46 40 4 403 466 315 454 476 376 242 132 130 375 456 377 399 304 298 401 465 337 336 68 248 3 26 306 317 316 8 313 309 312 302 6 24 259 258 72 74 71 428 443 287 64 65 229 230 125 70 29 444 263 257 437 145 
423 308 158 424 421 398 420 449 441 279 176 320 278 79 280 326 323 281 339 327 299 470 469 417 415 468 419 458 440 343 439 397 307 92 187 383 425 183 380 212 422 94 159 184 426 190 448 203 382 329 206 205 256 170 432 433 368 472 369 367 459 366 364 276 277 274 413 365 455 260 255 254 477 322 252 319 251 238 237 13 96 98 321 450 235 234 341 210 208 325 342 340 33 180 41 160 80 282 81 100 99 108 396 457 192 451 193 202 101 110 109 144 168 166 300 430 471 303 363 362 225 224 226 416 414 361 231 223 222 371 157 370 156 418 268 271 434 245 200 454 207 402 148 147 111 395 244 143 142 476 394 393 233 241 376 242 132 130 2 42 95 185 186 478 375 381 113 346 112 347 53 204 214 189 333 215 10 318 314 285 93 283 284 37 43 161 162 34 191 173 45 188 104 106 456 377 301 475 391 328 138 338 107 47 171 51 50 140 88 294 87 295 39 290 172 175 435 392 436 438 221 220 128 127 121 120 122 372 275 272 273 126 379 152 85 84 289 78 77 389 373 153 155 386 146 137 337 336 356 266 259 76 74 258 71 70 52 462 253 250 69 479 444 390 442 461 249 460 134 387 374 135 229 230 65 228 63 64 12 9 14 17 97 181 182 179 401 465 429 236 213 292 291 463 209 211 464 324 453 20 114 196 353 117 354 349 352 32 1 446 407 447 406 359 178 360 358 351 177 75 11 82 73 16 297 89 15 19 199 49 403 466 452 174 431 384 247 246 201 18 91 86 90 29 410 409 167 169 400 305 399 317 306 302 304 445 248 443 316 313 315 125 119 118 62 67 61 59 56 58 131 129 227 240 270 164 154 195 474 232 38 165 48 35 335 408 243 269 412 239 263 198 217 151 150 145 102 31 5 350 348 286 141 330 473 437 312 310 385 345 344 427 388 66 124 24 123 23 133 26 6 4 40 0 3 36 44 411 467 288 115 334 54 55 136 216 218 405 219 30 28 8 264 357 262 355 309 311 46 7 83 105 332 298 139 68 194 103 27 60 267 265 257 293 296 287 331 428 25 22 21 116 57 404 378 197 149 72 163 261 
415 184 425 426 422 274 459 413 81 280 96 79 341 320 279 340 282 339 281 342 271 416 417 469 423 268 458 419 162 34 42 33 95 183 185 94 158 92 159 205 421 383 380 308 424 333 203 448 284 215 204 212 155 386 372 371 275 366 272 276 420 472 277 367 364 398 449 77 285 73 16 82 17 97 10 13 80 181 182 319 176 321 98 180 41 160 278 110 109 108 327 326 397 450 235 234 251 323 441 453 196 325 161 351 349 352 114 113 211 210 208 84 412 239 269 240 270 379 226 418 164 154 363 470 361 414 157 370 156 433 231 223 222 362 468 299 153 32 353 358 78 151 102 152 48 3 1 38 37 26 2 44 43 306 315 93 317 186 394 439 307 187 130 318 314 283 202 171 51 50 107 206 106 104 190 329 252 478 375 455 242 381 382 142 233 396 440 343 354 474 350 216 189 214 262 355 463 405 219 446 136 213 53 348 346 112 347 35 464 267 293 292 385 133 232 387 389 124 122 374 373 288 83 289 139 273 436 432 368 369 120 85 303 147 126 144 127 207 365 435 221 434 256 170 30 28 406 218 357 258 72 71 8 266 76 75 103 15 18 9 11 46 64 7 6 12 14 91 437 175 438 309 428 445 177 178 179 444 461 250 249 477 322 238 237 63 407 447 359 360 338 295 90 301 86 101 88 19 100 201 193 99 200 49 191 192 451 245 244 328 401 465 337 429 228 236 454 457 65 70 69 254 260 255 404 473 462 324 119 117 149 217 115 388 411 467 116 25 20 253 460 209 291 31 400 261 305 378 410 167 408 132 241 129 243 230 58 57 131 227 376 287 199 198 163 68 335 165 195 248 316 302 313 430 471 225 224 56 173 172 143 59 111 140 61 399 304 300 168 166 264 118 466 402 145 150 148 29 194 45 47 27 36 0 89 134 23 24 39 4 40 66 174 427 392 310 311 312 290 476 442 345 344 330 395 141 393 431 384 220 452 60 332 105 138 188 336 475 391 146 137 74 263 356 456 377 135 123 479 390 128 55 54 296 121 67 5 52 286 334 294 257 265 87 298 125 21 229 246 197 331 247 443 297 169 22 403 259 62 409 
419 159 424 158 448 277 449 420 80 281 98 282 326 323 339 278 79 279 280 325 418 414 268 468 458 417 423 415 160 37 43 161 186 187 92 284 426 185 184 190 203 382 308 380 425 212 421 422 94 214 189 333 156 389 373 153 273 369 472 77 413 272 274 365 398 364 459 276 283 75 11 10 14 13 82 97 81 179 41 322 321 176 96 351 182 162 340 100 99 327 108 341 396 457 237 440 441 320 251 210 208 342 33 180 347 353 117 354 324 453 196 78 408 243 379 227 226 269 270 271 195 370 471 361 470 416 32 154 155 434 245 224 256 299 469 362 371 157 352 360 84 150 31 30 35 36 38 1 34 24 44 2 42 302 316 317 93 95 393 233 130 183 307 262 355 285 191 173 45 192 188 104 329 206 205 106 254 456 377 381 132 455 383 343 439 397 234 142 113 346 112 53 204 215 318 314 464 406 218 213 55 446 216 345 474 350 349 48 463 265 296 404 388 135 387 232 386 123 374 122 372 332 103 139 289 275 438 221 120 366 368 28 300 146 137 207 121 144 367 170 432 433 222 435 152 85 405 219 467 259 266 74 76 72 8 73 83 86 9 18 16 40 65 60 66 91 17 12 312 172 436 290 443 178 444 445 181 177 460 253 477 249 319 63 235 238 149 217 115 358 328 297 89 88 15 19 301 101 110 199 49 109 451 193 202 50 200 231 143 338 403 466 475 452 230 454 236 450 64 260 255 252 70 69 292 291 209 211 20 114 407 447 359 385 264 357 118 22 119 250 461 462 473 102 409 410 169 167 261 378 412 242 129 241 239 228 61 229 376 240 131 331 201 247 194 165 248 68 164 335 315 306 430 313 363 56 223 225 171 175 244 67 140 111 58 168 166 303 399 304 411 116 465 145 402 151 29 148 163 51 4 0 3 27 90 23 134 26 174 47 46 6 39 442 311 476 392 437 309 310 427 348 479 286 141 395 394 263 356 54 429 7 288 138 105 107 391 337 336 147 126 71 431 384 478 375 133 124 344 334 52 136 220 293 127 59 62 128 330 390 257 294 267 298 87 21 125 57 197 246 287 198 428 295 305 25 401 258 5 400 
284 426 185 184 161 351 182 162 340 282 339 281 97 321 98 81 280 96 79 82 262 355 283 317 186 285 95 94 413 333 203 448 458 380 425 419 159 424 158 44 43 130 183 187 92 34 42 33 415 157 38 37 213 149 217 405 115 445 358 352 160 360 180 444 181 179 41 353 268 453 196 342 108 341 325 326 278 364 459 251 323 320 279 277 449 420 80 91 18 17 14 13 233 63 234 235 319 176 322 73 16 10 422 274 152 276 85 84 76 75 11 113 261 263 264 356 357 411 467 318 54 218 430 316 315 314 215 219 446 290 476 392 437 306 93 302 406 214 77 272 354 474 350 349 216 104 189 204 212 106 190 205 421 362 361 468 469 423 142 396 382 308 383 418 414 417 66 174 47 46 27 36 26 3 2 24 249 129 131 132 381 242 307 394 397 439 237 393 78 151 102 48 1 32 271 416 266 371 370 156 165 155 35 148 150 31 30 53 72 404 257 265 145 337 401 403 407 336 465 466 447 21 20 116 118 359 432 436 443 178 428 114 166 479 390 442 248 427 177 175 438 309 312 172 347 117 153 154 270 473 464 462 324 463 211 210 119 19 109 99 208 50 200 49 191 100 327 110 222 435 221 434 120 366 365 369 398 367 70 69 252 254 441 457 440 450 389 373 273 472 134 298 301 90 101 86 89 15 12 62 60 9 64 7 6 40 65 310 141 23 232 122 133 57 236 228 230 238 451 461 250 477 460 253 267 258 71 8 103 28 386 372 275 402 379 226 289 105 83 255 260 74 259 112 378 412 399 400 408 409 410 455 456 478 431 454 198 429 375 384 377 56 5 58 52 55 121 136 220 127 470 299 471 363 313 331 311 287 39 170 395 246 286 330 247 305 300 304 169 303 269 139 374 388 385 346 348 345 128 4 51 107 206 188 88 338 328 329 173 45 192 202 171 207 223 245 224 256 433 231 144 29 146 140 143 244 343 243 227 195 229 193 125 25 22 0 124 135 123 344 334 209 239 240 241 376 475 391 147 126 194 68 164 294 335 197 199 163 111 137 296 293 292 297 295 332 288 452 59 67 225 61 368 87 168 138 387 291 201 167 
352 160 360 180 405 215 219 446 159 283 186 284 467 316 355 318 94 314 285 411 349 114 113 116 115 354 359 353 80 281 98 282 43 179 41 161 351 182 162 465 217 443 178 445 358 407 447 406 33 151 401 149 342 463 211 210 204 136 216 212 213 53 214 121 220 54 218 333 37 419 424 158 187 92 426 185 184 14 13 302 317 93 95 82 97 81 262 375 478 384 356 357 436 331 312 311 313 315 430 410 431 264 79 10 267 73 258 72 400 261 263 422 389 388 474 348 350 346 112 347 109 196 25 20 119 117 278 208 325 58 224 67 225 125 118 21 453 340 75 11 448 277 449 420 326 323 339 279 280 322 321 176 96 24 36 44 2 42 172 290 444 181 177 157 38 34 429 228 450 236 328 337 391 475 466 336 363 195 194 248 442 335 428 221 309 438 392 432 266 292 294 402 403 150 32 1 412 78 102 152 147 30 145 295 404 257 265 341 408 418 243 379 296 460 291 473 464 253 209 462 324 107 205 206 104 189 7 5 52 55 128 421 124 369 365 120 137 368 127 229 62 61 56 57 413 203 84 31 35 414 268 468 458 417 423 415 190 382 308 380 425 237 393 396 233 130 183 307 40 65 60 66 86 9 91 18 17 12 169 303 304 166 306 476 437 310 276 85 76 16 288 227 242 376 383 455 131 381 377 191 200 456 247 451 452 454 198 223 433 332 273 103 139 201 330 197 246 287 394 361 362 471 470 299 269 167 168 409 260 259 77 28 8 293 156 48 71 254 70 300 305 399 378 459 373 153 135 387 371 232 386 427 479 344 385 286 143 141 334 345 390 51 202 193 110 108 101 327 99 19 3 26 27 0 22 111 59 140 230 64 434 245 256 222 244 374 134 123 122 23 155 74 83 472 272 274 398 364 100 457 440 441 320 251 132 477 249 319 63 234 235 439 238 90 4 174 47 46 6 39 89 297 298 173 170 435 175 370 165 148 199 397 188 329 106 338 138 289 105 366 367 469 154 68 164 163 461 250 87 88 207 146 29 239 126 231 142 144 171 301 226 270 271 129 241 255 69 395 50 192 45 49 15 240 133 252 275 416 343 372 
161 351 182 162 282 82 97 81 262 284 355 283 185 317 186 184 285 95 94 426 157 38 37 44 43 34 42 33 213 149 217 405 115 445 358 352 160 360 180 321 98 444 181 179 41 280 96 79 353 340 339 281 152 276 85 84 76 18 16 75 80 11 10 91 17 14 13 73 113 261 263 264 356 357 411 467 318 54 218 430 316 315 314 215 219 446 159 130 380 183 187 92 290 476 392 437 306 93 302 415 425 158 406 214 413 333 203 448 458 419 424 266 371 370 156 165 48 155 35 32 148 102 27 36 3 1 150 31 30 66 174 47 46 26 2 24 78 151 212 53 72 404 257 265 145 337 401 403 407 336 465 466 447 21 20 116 118 359 432 436 443 178 428 349 114 354 233 63 234 235 251 323 319 320 176 322 166 479 390 442 248 427 177 175 438 309 312 172 422 274 459 341 279 278 347 117 268 453 196 342 108 325 326 364 277 449 420 402 417 379 226 418 472 289 275 273 77 105 83 103 28 255 260 74 71 8 62 60 86 9 15 259 134 298 301 90 101 89 12 64 7 6 40 65 267 258 210 208 112 378 412 399 400 408 409 410 70 455 456 478 431 454 198 200 429 375 384 377 56 57 5 58 52 55 121 136 220 127 470 299 471 363 313 331 311 287 463 211 204 216 249 129 131 132 381 382 242 383 307 142 396 308 394 397 439 237 393 39 170 477 473 462 461 395 246 286 330 310 247 305 300 304 169 303 271 416 469 423 205 421 464 324 189 272 474 350 104 106 190 362 361 468 414 294 232 386 122 372 389 373 153 335 195 164 154 197 49 199 163 68 194 111 343 244 207 147 137 146 29 126 119 125 25 22 0 51 4 45 238 229 435 192 173 171 193 133 124 23 135 123 346 206 209 296 293 292 297 295 144 440 457 338 475 328 376 332 288 391 228 450 236 452 230 120 59 224 67 225 61 223 368 398 369 256 433 434 221 388 348 109 141 451 69 252 254 441 250 460 253 87 88 168 385 345 344 334 139 138 366 367 110 327 99 270 19 50 191 100 222 365 243 239 269 227 240 107 188 201 231 245 140 143 128 241 374 329 291 167 202 387 
353 162 358 351 406 214 218 213 184 285 95 94 357 315 314 262 284 355 283 264 347 117 354 118 359 113 115 352 81 280 96 79 42 181 182 33 180 41 160 466 447 428 445 178 360 149 217 405 161 150 403 407 325 464 324 453 189 55 53 333 446 216 215 127 54 220 219 212 34 415 425 426 183 185 158 92 159 17 97 306 93 317 186 10 13 80 318 377 456 356 384 467 438 287 437 392 430 316 313 261 263 411 282 82 265 75 259 266 409 410 431 448 386 385 346 345 112 474 350 349 99 208 22 119 20 114 340 196 342 61 223 59 56 21 116 125 210 278 73 16 422 274 459 413 341 320 279 339 281 319 176 321 98 26 3 2 44 43 175 309 177 179 444 32 1 37 452 230 457 454 338 475 336 337 465 391 471 164 163 335 427 248 443 432 290 436 311 221 72 404 257 145 401 151 157 38 408 84 31 30 146 152 402 297 292 294 267 326 412 271 239 269 293 461 473 291 463 250 462 209 211 188 190 104 206 204 60 62 128 136 52 203 123 366 367 368 126 120 121 57 5 58 225 229 420 421 78 102 48 416 417 469 423 268 458 419 205 383 380 308 424 235 394 397 439 307 187 130 46 64 7 6 15 18 12 9 14 91 305 300 166 304 302 310 312 476 77 28 8 11 332 240 132 131 382 381 376 455 375 202 451 478 198 200 429 236 247 224 434 288 275 83 289 199 286 246 197 331 393 470 299 363 361 362 379 378 399 400 70 258 276 85 76 296 155 35 74 252 260 303 169 168 167 449 372 371 133 232 153 387 389 442 344 479 388 330 244 395 390 348 334 45 191 49 100 327 19 108 109 101 36 24 0 27 25 140 67 111 228 65 433 231 222 256 143 122 23 124 374 134 156 71 103 272 472 277 364 398 110 450 234 251 323 441 242 249 477 322 238 440 237 233 63 89 47 39 4 40 66 174 90 295 87 171 435 170 172 154 68 29 201 396 107 106 329 328 105 139 138 369 365 468 370 165 195 194 460 253 298 301 144 147 148 243 137 245 343 207 173 88 270 226 418 241 129 69 255 141 192 50 51 193 86 227 135 254 273 414 142 373 
348 163 427 334 253 211 460 209 199 286 287 246 393 437 476 141 197 310 330 143 114 349 350 388 479 112 344 345 83 188 288 138 164 428 335 68 390 248 194 322 477 181 177 444 442 69 249 250 165 71 254 255 204 136 215 216 342 463 210 196 462 453 324 296 291 473 461 208 35 45 191 49 429 198 193 247 201 275 289 438 392 311 331 28 139 103 395 237 396 233 439 394 306 95 315 93 309 312 290 140 142 244 105 85 126 102 147 148 231 111 343 109 25 116 20 352 113 119 354 117 422 212 389 474 346 347 104 333 189 243 169 408 167 387 385 232 53 206 31 84 99 15 100 19 190 328 329 106 107 465 391 336 332 372 155 154 370 195 471 430 445 443 178 1 32 48 187 132 382 130 323 441 321 251 319 176 175 42 162 182 358 41 179 304 313 302 317 166 29 128 144 70 252 74 38 157 59 16 73 8 258 76 260 367 52 207 137 205 67 7 58 5 121 219 220 54 55 405 446 213 214 280 341 340 278 325 418 379 404 464 292 108 135 89 297 298 265 87 293 241 269 239 378 129 101 327 11 75 37 46 47 173 192 4 50 51 326 450 200 451 202 375 467 478 384 236 452 454 416 240 271 270 274 276 272 77 273 472 224 434 221 432 436 355 316 314 9 10 30 78 98 64 230 238 457 440 63 234 235 424 308 397 185 380 183 307 92 305 300 96 17 81 97 184 285 94 284 186 357 174 435 172 39 170 62 225 256 245 145 146 18 82 152 127 3 34 151 401 402 433 223 222 56 110 26 27 124 125 0 21 22 360 115 359 118 283 411 318 180 353 351 415 425 426 459 421 413 203 448 420 156 373 153 371 386 261 412 410 242 227 303 409 168 399 264 134 374 133 23 122 36 150 80 12 91 86 88 301 449 383 455 337 338 475 228 217 447 466 131 381 377 356 376 366 417 361 268 414 226 470 369 365 120 468 299 362 363 2 33 72 159 456 281 339 279 320 282 13 79 90 295 171 44 161 43 160 218 406 368 398 257 259 266 61 267 400 431 294 469 364 6 66 60 57 229 149 407 262 423 458 419 158 277 65 123 403 14 40 263 24 
164 428 163 335 288 275 83 289 438 287 437 392 199 286 246 198 311 197 331 429 372 155 154 35 68 370 165 195 315 471 306 430 181 427 177 445 248 444 443 188 138 348 334 390 194 336 105 332 178 465 328 391 416 240 271 270 274 84 276 272 139 77 273 31 85 28 103 472 358 224 434 221 175 309 432 290 436 95 93 393 476 310 312 355 317 316 247 45 191 49 193 201 253 211 460 209 141 330 395 454 200 452 313 314 375 467 478 384 450 236 451 366 124 133 122 386 371 374 153 373 415 417 37 32 157 156 361 268 414 11 74 75 76 38 48 1 226 470 357 285 369 121 365 120 468 300 299 362 363 305 166 304 302 42 162 182 41 179 322 477 479 442 344 115 351 360 99 15 100 19 190 329 104 106 107 206 143 114 349 350 388 112 345 69 249 250 462 255 356 376 455 337 338 466 359 180 228 219 405 217 401 447 475 383 131 381 377 469 230 58 64 57 132 239 241 129 227 412 269 379 418 422 459 413 420 277 80 10 30 78 152 364 36 137 146 29 150 148 102 18 82 16 8 9 368 398 218 406 353 67 225 245 256 56 222 223 449 171 435 170 433 90 293 295 87 39 172 174 96 17 81 97 184 94 185 284 186 92 237 396 233 439 394 473 461 291 54 213 262 283 189 7 46 47 173 192 4 50 51 326 327 202 196 108 109 101 208 71 254 204 136 215 216 342 463 210 453 324 296 140 142 244 111 343 229 238 440 457 263 456 220 446 318 242 116 352 411 400 431 397 235 234 63 367 25 125 26 134 21 23 123 385 232 387 135 464 267 292 346 389 474 280 341 340 425 423 426 458 419 158 160 43 161 33 34 72 73 266 86 14 252 259 260 70 265 27 44 3 0 2 118 264 214 52 128 127 207 144 424 110 301 399 303 168 40 378 167 169 12 88 89 298 91 183 79 321 282 98 13 176 187 382 130 323 441 251 319 20 113 149 325 297 448 203 421 205 333 53 212 126 147 231 119 354 117 347 243 408 307 308 145 403 407 65 151 258 294 402 320 380 5 62 61 6 66 261 410 404 279 339 281 278 159 60 24 409 55 59 257 22 
287 429 199 198 164 428 163 335 465 288 328 391 83 188 138 289 336 105 332 275 438 437 392 286 246 311 197 331 375 467 478 384 450 191 200 236 247 451 452 35 68 45 49 193 201 370 165 195 454 372 155 154 315 471 306 430 181 427 177 445 248 444 443 348 334 390 194 178 228 219 405 217 401 337 447 475 466 383 455 190 329 106 338 131 381 377 139 31 84 85 28 103 99 15 100 19 104 107 206 472 276 273 356 376 416 240 271 270 274 272 77 358 224 434 221 175 309 432 290 436 95 93 393 476 310 312 355 317 316 253 211 460 209 141 330 395 313 314 227 242 360 116 352 115 283 411 318 262 357 400 431 263 456 397 235 234 440 457 326 327 192 202 50 57 63 230 11 74 75 76 37 32 38 157 48 1 189 7 46 47 173 4 51 196 108 109 101 208 226 470 417 371 156 373 229 238 366 124 133 122 386 374 153 415 361 268 414 285 369 121 365 120 468 300 299 362 363 305 166 304 302 42 162 182 41 179 322 477 479 442 344 351 143 114 349 350 388 112 345 69 249 250 462 255 359 180 123 135 65 136 220 215 446 54 213 218 160 151 149 407 406 258 295 267 294 402 403 145 320 252 319 251 183 307 380 130 382 308 449 448 203 421 205 301 110 88 21 23 129 132 36 137 146 29 150 30 148 152 102 80 10 78 18 82 16 8 9 324 325 3 25 26 27 17 89 12 91 86 297 216 333 204 53 212 368 398 420 277 379 418 125 134 241 469 58 64 239 412 269 422 459 413 364 353 67 225 245 256 56 222 223 171 435 170 433 90 293 87 39 172 174 96 81 97 184 94 185 284 186 92 237 396 233 439 394 473 461 291 71 254 342 463 210 453 296 140 142 244 111 343 61 243 24 20 119 118 113 354 159 73 72 261 264 410 147 399 168 409 260 266 259 257 70 425 176 339 321 323 441 279 424 419 458 281 278 340 341 5 6 232 14 265 43 161 33 34 44 0 2 117 347 214 62 66 60 40 303 169 423 158 474 389 387 367 385 464 292 346 280 426 52 128 127 207 144 378 167 298 79 282 98 13 187 126 231 408 22 55 404 59 
335 370 165 195 198 311 197 331 472 289 276 275 105 85 83 332 273 103 139 336 178 177 428 334 163 443 194 248 226 470 417 416 371 157 156 372 164 155 154 49 199 38 48 35 68 452 201 247 373 454 200 429 313 314 93 315 309 310 312 438 287 437 392 141 330 286 246 436 122 368 398 369 420 277 366 274 272 379 418 152 84 78 77 240 271 270 288 104 106 107 188 138 76 18 82 16 102 28 31 466 338 391 414 227 356 376 455 375 337 465 328 221 359 180 360 41 179 358 181 445 304 302 344 427 442 444 471 306 430 209 69 249 250 345 390 348 316 363 131 129 432 225 256 224 299 423 469 468 361 158 415 419 268 474 232 386 389 153 266 75 37 32 34 124 133 374 19 196 108 109 50 191 51 202 193 45 148 27 44 36 161 3 1 71 73 8 11 74 377 357 456 457 451 236 123 135 217 229 238 230 440 228 450 263 467 478 384 362 447 220 446 219 318 94 285 283 355 92 95 186 317 174 435 175 172 290 291 460 393 476 394 434 112 140 142 143 233 244 395 324 461 462 253 211 223 433 57 63 23 128 127 144 367 121 365 120 170 421 449 459 364 278 79 279 280 422 413 448 404 453 473 464 378 243 412 239 269 408 407 402 151 150 30 80 10 81 58 64 132 241 4 216 333 189 203 190 204 205 206 88 100 329 86 110 101 99 15 255 260 47 62 66 60 91 97 17 14 9 282 126 147 29 137 146 218 406 403 475 382 381 61 65 242 262 125 134 307 308 383 145 149 401 405 222 119 118 354 353 116 352 115 33 160 162 351 13 176 96 42 182 43 298 301 90 399 303 305 300 166 169 387 346 385 388 479 322 477 319 208 210 70 251 252 254 321 117 347 350 114 349 21 130 6 67 59 56 245 231 168 327 326 424 458 425 212 159 184 426 342 341 340 281 325 261 296 267 293 292 463 265 410 431 411 294 259 258 72 25 26 237 12 339 39 171 173 192 40 7 46 111 343 207 22 24 0 2 284 185 264 409 396 234 235 213 439 441 320 397 257 400 136 55 54 215 214 187 183 98 297 295 87 89 167 53 113 380 5 52 323 20 
317 166 430 306 444 182 445 181 39 290 170 172 392 432 436 437 175 438 309 476 185 284 186 355 316 95 315 93 87 12 88 89 168 299 300 169 302 303 304 248 443 470 471 363 313 427 428 177 305 479 390 442 97 321 282 98 161 351 162 43 179 160 41 115 358 360 178 42 167 6 4 40 50 171 46 173 174 294 295 256 433 434 435 296 297 298 312 247 246 287 331 311 368 472 398 369 224 221 223 393 286 310 90 293 477 473 462 461 395 394 330 44 130 380 183 426 184 187 159 92 82 81 262 283 285 94 14 80 13 217 54 213 218 357 314 467 96 17 291 292 2 23 0 24 9 19 15 86 91 108 100 110 301 431 410 409 400 399 144 367 469 362 468 243 408 378 139 391 138 288 68 194 164 163 335 195 225 226 417 416 423 414 361 121 365 120 366 127 460 322 253 348 334 344 239 412 439 232 474 388 350 385 345 255 319 250 249 18 233 63 234 235 251 339 323 320 176 340 281 280 79 157 38 37 34 33 149 405 352 180 353 36 356 21 20 116 113 118 359 466 406 447 219 465 26 3 387 346 269 57 64 5 7 65 60 66 1 49 51 45 47 106 203 104 190 191 192 202 402 475 407 403 266 267 259 265 257 258 142 140 245 231 222 459 364 449 135 389 463 404 154 236 451 452 193 201 429 199 198 28 103 197 275 83 289 332 273 220 128 370 122 371 372 276 420 277 274 272 421 58 67 56 61 59 237 396 143 141 211 209 133 386 464 441 129 379 453 196 324 111 343 244 397 27 131 132 381 382 242 383 307 458 425 424 308 413 333 448 419 158 415 152 85 84 76 16 75 11 10 73 261 263 264 411 318 215 446 214 336 337 52 53 55 136 212 377 456 384 375 478 241 210 153 123 124 134 22 25 8 105 107 109 101 99 200 341 326 327 328 188 329 205 338 260 151 146 150 145 401 147 70 69 252 29 126 137 207 227 418 349 77 206 32 35 48 165 155 373 156 125 119 62 240 271 270 268 279 278 254 71 114 112 347 440 354 216 189 117 148 74 228 230 238 450 457 342 325 422 102 31 30 78 72 454 455 208 374 229 204 376 
387 344 346 385 167 241 269 239 249 291 209 460 292 210 463 293 461 464 473 87 134 374 135 153 389 133 386 232 310 233 141 393 334 112 345 427 388 348 479 410 408 113 347 349 474 305 412 378 442 166 168 169 238 66 229 65 376 270 240 242 243 227 129 268 271 418 379 132 177 321 251 319 69 250 322 253 477 197 330 208 211 324 462 437 286 476 296 266 294 267 265 404 212 213 53 214 325 453 342 90 295 298 394 312 39 290 170 172 88 89 297 307 44 27 26 125 124 24 123 23 454 230 154 373 372 122 235 228 63 77 413 272 274 155 371 156 64 237 309 311 130 185 380 183 234 142 396 397 439 140 143 244 395 165 335 163 194 390 206 204 114 350 117 181 428 444 407 152 402 151 431 409 411 400 261 264 278 351 115 352 20 353 354 448 189 333 215 422 175 40 171 300 399 304 179 443 12 317 430 306 299 302 303 50 46 173 174 440 91 97 18 17 47 62 60 7 6 225 61 58 57 356 455 375 377 131 139 273 414 226 416 383 32 426 458 419 361 415 417 84 275 276 277 78 187 382 93 313 178 282 98 339 323 96 320 176 381 70 252 254 441 29 128 144 126 71 255 74 105 85 289 83 198 331 199 287 246 201 101 327 99 109 196 136 216 55 95 315 438 392 318 82 76 75 260 259 73 258 72 475 403 257 405 401 149 150 406 420 421 262 284 355 283 217 54 218 219 446 52 281 326 340 280 341 14 86 110 301 434 435 186 316 436 4 182 445 432 256 433 108 19 100 15 308 161 43 38 36 42 3 2 119 25 22 0 220 368 127 118 21 116 336 337 465 200 457 429 450 236 452 248 68 164 195 370 369 472 366 30 28 203 364 459 449 120 37 35 157 34 48 41 221 314 184 159 92 425 424 451 145 146 245 343 231 8 67 59 111 102 147 148 137 31 49 332 188 288 138 103 107 193 192 45 329 205 190 104 162 358 471 447 207 384 478 456 263 467 285 357 158 423 279 160 360 180 359 5 56 51 202 468 362 363 9 470 398 367 469 106 191 81 80 13 16 11 224 223 121 338 328 391 466 247 10 1 222 94 79 365 33 
269 410 167 408 346 153 387 389 266 292 294 267 291 87 293 463 265 296 404 210 268 270 271 241 239 418 243 379 407 152 402 151 431 168 409 411 412 400 261 344 385 166 169 305 378 349 388 474 264 113 112 347 77 413 272 274 154 374 373 155 386 372 371 134 135 133 232 156 318 82 76 75 260 259 73 258 72 475 403 88 295 297 257 405 401 149 464 249 209 460 461 473 39 290 170 172 89 298 90 342 211 453 150 406 212 213 53 214 208 325 324 32 426 458 419 361 414 415 416 417 139 273 376 240 227 226 84 275 276 238 66 229 65 242 129 132 277 78 446 447 157 161 38 37 85 148 102 31 30 207 147 146 145 381 384 478 456 263 50 171 300 399 303 283 467 262 310 233 141 393 334 345 427 348 479 442 12 317 430 306 299 302 304 46 173 174 175 40 215 422 204 114 350 354 285 357 278 351 115 352 20 353 117 206 448 189 333 28 340 282 339 281 203 364 459 449 420 120 366 369 472 248 68 164 195 370 454 230 124 122 123 35 307 44 27 26 125 24 23 235 228 63 64 237 34 48 180 359 314 97 81 18 16 80 11 10 165 255 74 71 8 343 222 111 231 254 70 252 451 234 236 450 391 466 328 465 337 338 108 19 100 110 301 434 435 433 160 360 219 217 177 321 251 319 69 250 322 253 477 197 330 462 437 286 476 394 312 6 4 444 182 445 181 392 432 436 438 309 256 17 15 91 14 86 280 341 109 196 136 216 162 358 218 421 284 355 54 52 55 101 327 99 326 1 185 184 380 425 159 424 158 362 468 469 423 221 56 223 363 470 471 247 246 287 138 103 288 83 289 332 356 455 375 377 131 58 57 61 439 440 47 62 60 7 225 183 383 130 187 382 94 220 178 43 42 33 36 3 105 395 244 137 29 126 441 365 367 144 396 143 142 245 397 329 452 191 429 200 457 202 106 104 190 49 51 45 192 186 316 116 311 140 335 163 194 390 428 179 443 2 0 9 95 315 93 313 398 368 205 107 25 119 118 279 21 5 59 22 193 188 98 96 79 323 320 121 127 224 201 199 198 331 336 176 308 128 41 13 67 92 
239 305 412 378 385 133 386 232 90 293 295 87 464 267 292 473 298 404 296 461 132 240 241 271 269 129 379 243 175 40 171 39 300 400 399 166 167 168 169 347 346 411 261 410 408 479 474 388 304 442 345 344 64 237 230 238 124 372 122 134 387 374 135 155 371 153 389 23 306 14 86 91 110 301 12 88 89 434 435 258 294 257 297 290 170 172 291 325 324 453 210 463 151 405 401 149 72 265 266 477 462 460 174 309 394 312 330 310 250 249 209 26 187 382 130 377 131 307 376 242 58 57 416 270 226 227 66 229 65 274 84 275 276 417 418 268 63 6 437 438 24 43 36 44 60 51 4 47 46 202 50 192 173 468 471 299 362 303 147 402 431 409 263 317 430 302 214 448 189 333 117 112 354 350 349 113 73 283 467 318 478 262 264 30 145 150 407 152 476 439 395 390 348 427 93 313 319 179 443 444 194 177 334 244 233 141 393 7 322 98 323 321 396 457 440 234 235 452 454 236 228 116 25 125 21 123 366 272 154 373 370 27 415 37 35 32 164 157 156 420 472 277 77 413 2 0 181 428 315 80 13 11 9 97 18 17 22 109 101 19 15 205 338 107 106 108 100 327 365 449 369 398 224 221 256 432 433 222 254 71 70 260 259 475 403 337 182 445 392 436 353 281 326 278 99 208 340 196 342 55 53 211 446 216 215 212 213 78 102 352 160 360 180 219 465 217 447 406 328 10 8 75 82 76 176 441 255 253 246 286 41 178 311 397 186 316 331 201 197 74 252 69 251 3 159 92 424 308 185 380 183 456 381 455 383 466 332 336 356 375 384 121 136 220 67 5 225 62 61 56 363 469 470 361 414 139 273 289 422 459 31 83 85 28 288 158 423 419 426 458 95 287 358 161 33 42 38 1 59 204 206 193 45 49 341 451 200 191 203 104 190 329 421 245 120 144 368 367 364 207 231 143 142 126 148 29 146 284 355 248 218 188 118 119 20 114 359 351 115 34 48 16 94 314 285 357 450 429 343 111 68 163 335 320 195 103 105 165 137 140 282 79 96 339 279 247 198 391 52 128 127 54 223 280 425 199 162 81 138 184 
431 168 410 409 402 475 407 403 88 294 87 295 266 292 267 259 297 265 257 260 381 384 478 318 411 456 264 263 170 50 39 171 166 167 169 300 400 305 399 152 151 269 408 412 261 146 150 145 303 207 148 147 451 234 236 450 391 447 466 328 401 465 337 446 406 405 149 338 299 108 19 100 12 89 110 90 301 290 172 291 293 296 298 434 175 435 258 82 76 75 73 72 346 153 387 389 463 404 464 252 74 70 173 433 343 222 111 231 255 254 71 329 380 130 382 131 377 383 375 455 247 452 314 467 357 356 191 429 200 180 354 359 353 285 262 283 457 202 256 432 106 203 104 190 49 4 51 45 192 6 40 46 174 317 430 306 302 304 344 385 239 378 243 468 471 362 157 161 38 37 85 102 84 31 30 78 210 268 270 271 241 418 379 349 388 474 386 347 245 397 244 137 29 144 469 363 441 364 120 365 52 367 126 395 396 143 142 193 251 339 321 323 233 63 235 237 440 57 228 230 454 139 138 288 332 336 178 360 219 217 218 188 94 333 216 215 220 214 213 162 358 351 352 160 205 107 398 368 470 340 341 196 109 326 99 327 105 9 15 86 101 2 23 0 24 14 91 17 444 182 445 181 392 436 437 438 309 312 249 209 460 461 473 133 232 135 449 369 224 221 276 282 97 81 18 16 80 11 10 165 48 8 155 35 32 34 156 113 112 77 413 272 274 154 374 373 372 371 134 342 211 453 325 324 320 319 250 69 67 140 459 366 223 439 458 361 56 5 59 462 477 253 322 206 426 425 185 183 424 187 308 129 132 242 307 122 21 123 227 376 240 248 68 164 246 201 287 199 198 331 313 93 315 316 355 116 115 118 33 41 350 119 117 114 125 184 95 284 159 186 423 225 472 448 422 421 189 204 197 1 3 7 47 60 13 64 65 66 43 36 44 26 42 476 443 427 428 177 179 442 310 141 393 334 345 348 479 419 414 121 370 27 289 83 103 28 275 277 273 212 53 208 415 416 417 226 238 229 394 330 136 128 127 176 54 20 22 55 390 286 281 280 279 98 96 58 61 124 194 163 335 195 311 79 92 62 420 278 25 158 
300 400 305 399 171 434 175 435 258 295 267 294 90 293 87 301 257 298 297 110 468 471 299 306 166 362 304 303 401 147 151 402 411 412 261 431 168 410 409 40 39 239 378 167 169 192 174 173 263 202 51 50 365 449 369 398 224 438 221 256 170 432 433 437 309 290 172 222 478 254 71 70 73 72 260 266 259 405 149 464 292 404 265 475 407 403 88 14 86 91 12 89 385 133 386 232 473 296 291 327 101 100 145 337 205 338 107 106 109 108 19 245 424 419 458 414 361 423 470 469 121 120 315 430 313 363 144 368 367 181 427 428 177 93 302 317 364 207 328 465 231 396 143 142 126 102 148 29 146 78 152 30 150 283 467 318 262 264 347 346 269 408 379 381 384 456 24 43 36 44 60 4 66 47 46 6 461 132 240 241 271 129 243 479 474 388 387 344 329 421 206 193 45 191 455 356 341 457 452 451 201 200 49 204 203 104 190 137 326 323 281 339 448 277 420 413 459 273 472 272 366 58 67 225 56 223 358 445 392 436 311 140 95 393 286 476 287 310 312 41 178 179 444 182 343 111 450 429 375 322 441 253 255 251 69 252 59 16 8 76 74 34 156 48 157 82 75 10 352 160 360 180 219 217 446 447 406 213 325 324 453 210 463 153 389 371 234 236 391 466 65 98 80 13 11 9 97 18 17 22 0 15 134 27 26 2 23 442 345 64 237 230 238 124 372 122 374 135 155 477 462 460 249 209 279 278 208 99 138 188 440 454 336 422 382 377 332 103 105 211 342 196 340 244 187 308 159 158 380 426 425 418 268 417 415 373 195 370 226 416 270 116 25 125 136 52 220 128 127 54 357 285 314 355 316 248 443 335 42 162 348 163 334 390 164 92 94 186 185 284 383 288 228 233 439 397 141 395 55 3 1 28 31 85 81 77 276 84 161 38 37 32 33 215 115 354 359 353 351 113 214 189 333 117 112 350 349 130 131 247 123 35 61 62 5 7 229 63 57 394 330 250 307 376 242 227 274 275 212 53 246 199 198 280 331 194 165 197 114 216 321 176 320 282 79 139 289 154 20 119 118 21 218 96 184 83 235 319 68 183 
243 169 408 167 388 135 389 387 89 296 297 298 463 265 404 291 87 292 293 460 242 227 129 418 379 241 269 239 172 46 173 174 303 409 168 304 378 399 305 349 474 264 410 261 412 344 346 385 166 427 348 479 65 235 228 63 123 373 374 23 232 122 133 156 153 371 386 134 302 17 15 12 100 88 91 301 90 433 170 259 257 294 295 309 435 175 473 342 211 210 453 464 150 406 403 407 266 267 72 249 209 461 39 290 393 437 286 476 253 477 462 24 183 383 307 375 376 130 131 132 61 229 414 226 270 240 6 57 64 277 78 273 77 268 271 417 238 66 312 436 26 42 3 2 7 45 47 4 40 191 192 50 171 469 363 362 299 300 146 145 263 400 431 93 313 306 215 422 204 212 114 350 113 112 347 354 75 285 357 262 456 318 411 152 402 151 149 30 310 233 141 334 345 442 317 430 322 181 428 177 163 444 390 143 439 395 394 60 319 96 320 176 397 450 234 440 237 429 236 454 230 118 22 21 125 124 369 472 370 372 154 0 419 34 48 157 195 32 155 413 272 274 276 420 44 27 179 443 316 81 97 16 18 13 9 14 25 99 19 101 86 190 328 188 329 327 110 108 367 459 366 364 223 432 222 221 434 256 252 74 260 70 258 337 401 475 41 178 311 438 352 280 341 340 109 196 278 208 325 136 216 324 213 53 214 333 446 84 31 353 162 358 351 218 466 447 217 405 338 82 76 73 10 8 321 251 69 250 197 330 182 445 392 396 95 315 287 199 246 71 254 255 441 36 184 185 425 380 92 308 187 478 455 381 382 465 288 391 384 377 356 127 55 54 59 62 56 5 58 225 471 468 361 470 416 289 275 139 448 449 102 103 28 85 332 426 458 415 158 423 186 331 360 33 161 43 1 38 67 189 104 49 51 193 326 200 451 202 421 206 205 106 203 231 368 207 120 365 398 144 245 244 343 137 29 148 147 94 314 335 219 107 116 20 119 117 115 180 359 37 35 11 284 355 283 467 457 452 142 140 165 194 248 323 164 83 138 68 126 111 79 282 98 279 339 198 247 336 128 52 121 220 224 281 424 201 160 80 105 159 
303 409 169 168 173 433 172 170 259 297 265 257 89 296 298 88 294 87 295 100 469 363 362 302 304 299 166 300 403 146 150 145 264 408 410 263 399 261 400 46 174 243 167 378 305 50 39 171 431 191 45 192 367 459 366 364 223 436 432 222 435 221 434 312 290 309 175 256 456 252 74 260 75 266 70 72 258 406 407 463 404 292 267 337 149 401 301 17 15 12 91 90 388 135 389 387 291 293 473 108 19 110 402 475 190 328 188 329 99 327 101 231 425 415 423 416 470 458 361 468 127 368 316 313 430 471 207 120 365 179 442 443 444 317 306 93 398 144 338 466 245 397 244 343 137 31 29 148 147 84 30 152 151 285 357 262 318 411 349 474 379 412 269 455 356 478 26 42 3 2 7 47 6 4 40 66 460 242 227 129 418 241 239 344 346 385 232 479 106 203 104 49 51 202 381 384 326 450 429 200 199 451 193 189 421 206 205 126 341 320 280 279 422 274 413 420 449 275 272 472 369 61 59 56 225 224 360 178 311 438 392 111 186 394 330 310 331 476 437 182 445 181 177 41 142 140 457 452 377 319 251 250 69 441 255 254 67 11 76 8 71 37 155 35 32 10 73 82 353 162 358 351 218 447 213 217 405 446 342 211 210 453 464 371 386 153 440 454 336 465 64 96 81 97 16 18 13 9 14 25 27 86 23 0 24 44 134 427 348 65 235 228 63 123 373 374 122 133 156 249 209 461 477 462 339 340 196 109 105 107 234 236 391 448 383 375 288 83 138 324 325 208 278 143 183 380 184 426 308 158 424 271 417 268 419 372 164 154 270 414 226 118 22 21 55 128 54 52 121 220 467 283 355 314 315 335 428 248 43 160 345 194 390 334 195 185 284 95 92 94 382 332 230 439 233 396 395 141 136 36 38 85 102 28 80 276 77 78 33 1 34 157 161 214 359 113 115 352 180 354 215 204 212 114 350 112 347 307 376 198 124 48 58 5 62 60 57 238 229 393 286 253 130 131 132 240 277 273 333 216 197 201 247 281 287 163 68 246 117 53 176 321 323 79 282 289 139 370 119 20 116 125 219 98 159 103 237 322 165 187 
304 378 399 305 174 309 435 175 473 298 404 296 301 257 297 90 293 295 87 91 93 313 302 362 303 306 300 166 232 479 474 388 379 261 412 243 169 408 167 192 173 263 400 409 168 40 171 39 239 66 47 46 177 41 178 179 311 221 438 312 172 436 290 222 434 433 170 437 129 477 462 461 453 464 460 463 291 371 386 72 265 267 292 135 389 387 89 327 101 110 100 88 145 337 149 401 258 294 259 14 86 12 385 133 44 134 27 26 18 17 15 310 92 94 95 314 315 186 316 317 335 428 361 363 471 430 442 443 444 364 207 120 365 468 299 469 181 427 23 122 476 439 395 394 390 350 348 345 344 354 349 347 346 417 226 418 271 269 30 150 264 410 411 242 227 241 329 421 206 205 193 45 202 51 50 191 70 455 356 456 262 478 431 147 151 402 403 146 24 43 36 60 4 6 132 240 97 238 229 65 62 64 7 38 42 3 2 334 13 176 79 96 33 180 160 162 182 359 360 358 445 198 197 331 287 392 272 366 223 432 224 330 458 343 111 231 56 245 256 449 369 398 367 459 393 286 63 57 131 441 322 255 253 319 250 249 246 196 324 211 209 333 446 216 215 342 210 325 276 420 472 277 370 372 156 373 153 155 10 8 73 75 266 406 407 405 235 228 123 374 451 279 278 326 208 99 341 109 108 138 188 19 338 107 106 190 328 144 29 200 440 454 457 336 217 465 466 475 213 254 71 260 252 74 98 80 11 9 22 0 237 230 124 161 307 376 125 119 25 76 82 16 81 141 308 187 158 159 183 184 185 318 285 283 284 447 220 219 467 355 357 289 105 332 165 163 195 194 248 164 270 268 414 416 470 127 368 121 203 413 148 52 137 126 54 424 419 423 425 415 130 21 236 397 396 233 244 143 68 104 189 117 112 114 340 353 352 113 422 204 212 214 448 157 275 78 273 77 274 84 32 1 34 28 31 102 152 383 375 61 391 53 247 201 199 49 452 450 429 142 140 69 382 377 381 384 351 115 37 35 59 5 58 282 225 128 136 67 85 48 320 323 321 280 281 118 116 218 83 103 139 288 154 339 426 20 234 251 55 380 
256 170 432 433 398 144 368 367 168 299 166 300 470 430 471 469 303 363 362 423 142 140 245 225 224 231 223 222 88 294 87 295 39 290 172 171 434 175 435 472 369 392 436 438 221 459 366 364 173 421 420 449 70 251 69 252 29 128 126 146 365 137 207 220 127 121 120 147 50 431 410 409 167 169 400 305 399 12 89 317 306 302 304 110 90 301 468 226 417 416 414 361 445 248 444 443 316 313 315 425 415 458 297 100 279 327 278 326 158 424 419 145 234 233 396 141 143 397 244 343 8 71 62 67 59 111 259 74 260 125 359 119 118 61 56 58 254 258 108 19 402 475 407 403 266 292 267 265 257 291 293 296 298 6 4 40 46 174 182 181 437 309 312 202 51 192 370 122 371 372 276 277 275 274 272 273 355 247 246 287 476 331 311 360 179 178 428 358 341 320 280 422 413 203 191 45 308 329 206 205 212 190 448 79 323 281 339 72 380 381 130 382 321 249 319 322 441 209 250 253 255 28 30 31 102 148 27 25 136 52 55 150 229 447 446 219 216 218 54 123 22 21 116 124 401 151 106 104 49 384 478 318 411 456 264 263 152 269 408 412 261 387 344 346 385 239 378 243 2 23 0 24 9 15 14 86 91 17 185 284 186 95 93 427 177 442 338 107 109 101 289 131 129 227 379 418 240 271 270 157 156 268 164 155 154 373 195 115 351 139 391 138 288 68 390 194 163 335 479 467 283 314 357 285 383 183 184 426 342 340 328 188 99 176 451 193 208 210 325 94 92 159 187 149 236 450 63 235 457 237 440 310 393 394 439 334 112 345 330 395 286 1 32 35 10 73 11 75 76 16 47 66 60 7 5 114 20 117 374 134 180 354 353 352 350 228 65 57 230 64 200 196 105 466 465 337 406 405 82 153 389 463 404 464 241 460 461 473 133 386 232 388 135 13 3 43 36 44 26 42 97 282 98 161 162 160 41 452 201 204 165 474 85 84 78 77 83 332 103 217 213 262 429 199 198 197 477 462 96 81 215 333 189 307 53 113 347 214 33 80 377 375 455 132 242 211 324 348 34 37 38 48 18 376 238 453 336 356 349 454 
171 434 175 435 295 110 90 301 468 300 471 299 305 306 166 399 362 304 303 400 202 51 50 40 39 192 174 173 365 449 369 398 224 438 221 256 170 432 433 293 87 437 309 290 172 257 298 297 222 258 267 294 205 338 107 106 109 86 101 108 88 19 100 14 91 12 89 327 245 424 419 458 414 361 423 470 469 121 120 315 430 313 363 144 368 367 168 239 412 378 167 169 181 427 428 177 93 302 317 263 261 409 364 207 401 147 151 402 411 431 410 341 457 452 451 201 193 200 49 191 204 206 60 4 47 45 203 104 190 24 43 36 44 66 46 6 329 421 146 137 326 323 281 339 448 277 420 413 459 273 472 272 366 58 67 225 56 223 358 445 392 436 311 142 140 231 385 133 386 232 464 292 473 404 296 291 95 393 286 476 287 310 312 41 178 179 444 182 145 337 149 72 265 259 343 111 478 254 71 70 73 260 266 405 475 407 403 422 456 382 377 381 466 332 336 391 328 103 105 138 188 211 342 196 208 99 22 0 9 15 18 340 65 98 80 13 11 97 17 134 27 26 2 23 279 278 252 74 244 187 308 159 158 380 426 425 325 418 268 417 415 373 195 156 370 226 416 270 116 124 25 125 136 52 220 128 127 54 357 285 314 355 316 248 443 335 251 69 29 126 461 132 240 241 271 269 129 379 243 347 346 408 479 474 388 387 344 42 162 460 322 253 477 348 163 334 390 442 164 92 94 186 185 284 455 356 262 264 30 150 441 255 148 465 396 143 102 78 152 283 467 318 384 280 237 440 230 454 234 236 450 331 247 198 429 194 48 165 197 199 246 114 349 350 215 212 216 333 189 53 59 61 62 5 7 1 3 38 135 123 160 37 161 33 35 238 229 64 63 57 397 31 250 321 176 320 282 79 214 389 153 77 274 276 227 139 289 275 122 371 372 154 374 219 20 359 119 118 21 115 218 406 447 353 351 180 360 233 141 8 345 155 324 453 210 463 462 249 209 96 81 184 439 395 394 330 288 83 217 213 10 75 76 375 16 34 157 82 352 446 130 307 383 131 376 28 85 68 113 354 117 112 55 242 228 84 319 183 32 235 
435 192 174 173 399 362 304 303 327 301 101 110 298 91 90 297 100 89 88 257 222 221 434 309 175 433 172 170 329 421 206 205 193 47 45 202 171 51 50 378 305 66 46 40 39 409 169 168 191 263 261 400 364 207 120 365 361 313 363 468 300 471 299 93 302 306 166 469 451 279 278 326 208 99 341 109 108 138 188 18 86 15 19 338 107 106 295 473 404 296 293 87 44 134 27 26 17 12 14 259 265 294 190 328 145 337 149 401 72 258 267 458 343 111 231 56 223 245 224 256 272 366 311 438 436 432 449 369 398 177 41 178 179 312 290 437 367 459 475 391 423 308 158 424 420 212 422 448 203 53 204 189 104 246 247 201 199 49 38 36 60 4 7 457 452 200 232 479 474 388 379 412 243 408 167 239 97 238 229 65 62 64 6 42 3 2 24 43 403 146 150 264 410 431 450 429 70 455 356 456 262 478 411 30 147 151 402 413 260 441 255 254 148 52 137 126 144 54 121 127 368 270 268 414 416 470 335 428 315 430 316 419 310 92 94 95 314 186 317 442 443 444 181 427 425 415 381 384 236 176 320 79 280 323 281 339 417 210 325 342 340 112 20 113 114 211 196 324 68 390 248 194 139 288 103 332 105 83 76 82 16 11 9 22 0 25 382 377 466 336 129 477 462 461 453 464 460 463 291 371 386 292 135 389 387 385 133 182 161 241 307 376 242 374 125 124 123 23 119 96 81 13 98 80 252 74 75 266 406 407 383 375 465 29 440 454 217 213 405 10 8 73 71 426 439 397 395 244 396 143 142 5 59 67 140 21 115 116 58 225 61 154 153 373 77 274 273 277 472 275 198 197 331 287 392 358 445 360 344 334 33 180 160 162 359 394 330 476 393 286 234 447 131 187 183 380 159 184 276 346 347 214 333 215 209 55 136 216 348 349 350 117 345 28 164 48 195 165 163 35 85 152 102 157 37 34 1 237 230 357 122 354 226 418 271 269 227 132 240 185 284 282 235 228 63 57 128 220 31 84 285 318 467 69 355 351 352 283 32 78 322 319 251 253 250 218 219 118 155 156 370 372 289 249 141 446 130 321 353 233 
312 172 436 290 179 442 443 444 169 302 303 304 316 363 313 317 166 430 306 186 394 330 310 331 311 476 392 437 89 296 297 298 173 433 170 174 309 435 175 360 178 223 432 221 438 182 445 181 39 43 160 41 461 319 250 249 345 194 390 344 177 334 427 195 248 335 428 479 46 243 408 167 409 168 378 399 305 100 88 469 362 299 300 91 301 90 93 467 283 355 314 315 366 127 367 368 470 471 361 185 284 95 87 12 98 14 80 13 159 92 94 385 235 397 439 244 395 233 141 393 324 462 201 197 246 286 291 209 460 332 273 103 139 247 287 198 477 473 17 15 388 135 389 387 463 265 404 292 293 259 257 294 295 191 45 192 50 171 459 364 222 434 256 66 47 40 219 465 405 217 352 180 115 351 358 359 416 61 59 56 231 225 224 472 398 369 120 272 97 321 282 161 162 42 6 4 187 24 36 44 37 2 33 281 176 79 96 464 183 242 383 307 320 252 251 441 322 74 69 255 253 117 347 112 350 348 107 105 165 163 68 346 452 373 156 370 48 154 164 391 138 288 289 336 232 474 26 3 7 227 129 418 379 241 269 239 349 264 410 261 412 403 146 150 145 263 400 431 190 328 188 329 99 19 327 101 110 108 425 415 423 458 468 207 365 144 134 27 18 86 116 375 478 384 411 318 356 262 357 215 446 285 54 213 218 447 220 275 274 118 123 22 21 55 126 128 52 121 147 226 417 414 270 268 130 380 426 184 82 81 23 0 9 323 65 60 11 75 10 419 424 158 308 386 228 63 450 234 238 440 237 245 343 142 396 137 31 29 140 143 111 189 214 53 325 453 208 210 211 196 51 202 193 49 199 85 83 28 466 338 277 78 77 276 102 236 451 429 454 200 64 16 25 374 122 133 153 371 342 406 407 266 267 72 456 260 70 258 337 149 401 402 475 326 104 421 206 205 106 203 341 280 279 422 413 420 449 229 62 38 136 151 114 113 354 353 20 125 119 372 155 271 57 5 58 67 254 71 339 340 157 34 1 382 35 84 30 32 448 278 376 131 132 455 381 76 8 148 333 212 204 216 109 377 457 73 124 240 152 230 
173 433 172 170 297 100 89 88 469 303 363 362 169 302 304 168 299 166 300 409 191 45 192 46 174 50 39 171 367 459 366 364 223 436 432 222 435 221 434 296 298 312 290 309 175 294 87 295 256 259 265 257 190 328 188 329 99 15 19 327 301 101 110 17 12 91 90 108 231 425 415 423 416 470 458 361 468 127 368 316 313 430 471 207 120 365 399 243 408 167 378 305 179 442 443 444 317 306 93 431 410 400 398 144 403 146 150 145 264 263 261 326 450 429 200 199 49 451 193 202 189 104 7 47 4 51 421 206 205 26 42 3 2 6 40 66 106 203 147 126 341 320 280 279 422 274 413 420 449 275 272 472 369 61 59 56 225 224 360 178 311 438 392 343 111 245 388 135 389 387 463 404 291 292 293 473 186 394 330 310 331 476 437 182 445 181 177 41 402 475 407 266 267 258 142 140 456 252 74 260 75 70 72 406 337 149 401 448 478 383 375 455 465 288 391 336 338 83 138 105 107 324 325 208 196 109 25 27 18 86 9 278 64 96 81 97 16 13 14 23 0 24 44 134 339 340 254 71 143 183 380 184 426 308 158 424 342 271 417 268 419 372 164 155 154 270 414 226 118 123 22 21 55 128 54 52 121 220 467 283 355 314 315 335 428 248 441 255 148 137 460 242 227 129 418 379 241 269 239 349 474 412 344 346 385 232 479 43 160 461 319 250 249 345 194 390 334 427 195 185 284 95 92 94 381 384 318 411 152 151 251 69 29 466 397 244 31 84 30 285 357 262 356 281 235 234 228 236 440 454 457 287 198 247 452 163 35 68 246 201 197 117 347 112 214 333 53 212 204 216 67 58 5 62 60 38 36 1 133 124 162 34 33 161 48 63 57 65 238 229 396 102 253 176 321 323 79 282 215 386 371 276 277 77 240 289 139 273 374 153 373 370 122 218 119 115 20 116 125 359 219 405 217 352 180 351 358 439 395 76 348 156 211 210 453 464 209 477 462 98 80 159 233 141 393 286 332 103 447 446 82 73 8 377 11 37 32 10 353 213 307 130 382 376 131 85 28 165 354 113 114 350 136 132 230 78 322 187 157 237 
174 309 435 175 298 91 301 90 93 304 313 302 399 362 303 305 306 300 166 378 66 47 46 192 173 40 171 39 177 41 178 179 311 221 438 312 172 436 290 257 297 222 434 433 170 293 295 87 437 473 404 296 44 134 27 26 18 101 86 17 89 15 12 327 110 100 88 14 310 92 94 95 314 315 186 316 317 335 428 361 363 471 430 442 443 444 169 263 261 400 409 168 364 207 120 365 468 299 469 239 412 167 181 427 232 479 474 388 379 243 408 97 238 229 65 62 60 64 7 6 38 36 193 45 51 4 42 3 2 329 421 206 205 202 50 191 24 43 344 334 13 176 79 96 33 180 160 162 182 359 360 358 445 198 197 331 287 392 272 366 223 432 224 394 330 476 145 337 149 401 72 265 258 267 294 259 458 343 111 231 56 245 256 449 369 398 367 459 385 133 386 464 292 291 393 286 129 477 462 461 453 460 463 371 135 389 387 161 241 307 376 242 374 125 124 123 23 119 25 22 0 76 82 16 11 9 138 188 99 19 109 81 451 279 278 326 208 341 108 338 107 106 190 328 98 80 249 209 141 308 187 158 159 183 184 185 10 318 285 283 284 447 220 446 219 467 355 357 289 336 105 332 165 163 195 194 248 164 270 268 414 416 470 127 368 121 319 250 345 390 70 455 356 456 262 264 478 411 431 30 150 410 147 151 402 403 146 203 413 260 441 255 254 148 52 137 126 144 54 424 419 423 425 415 132 240 271 269 347 346 322 253 348 122 439 395 350 354 349 417 226 418 227 282 440 237 454 230 235 228 63 225 61 58 57 128 216 136 67 5 59 85 152 102 157 37 48 34 1 35 246 247 201 199 49 189 104 204 475 391 420 212 422 448 53 457 452 200 450 429 233 112 69 320 323 321 280 281 32 407 406 353 351 352 384 118 116 115 465 405 217 218 466 370 83 273 103 139 288 275 154 153 373 77 274 277 472 397 244 324 29 213 8 73 75 266 71 252 74 339 340 426 396 143 142 140 21 20 372 155 325 210 211 131 196 333 215 342 276 156 383 382 130 375 377 117 114 55 84 78 28 31 68 381 236 113 251 380 214 234 
90 293 295 87 175 40 171 39 239 305 412 378 300 400 399 166 167 168 169 306 14 86 91 110 301 12 88 89 385 133 386 232 464 267 292 473 298 404 296 434 435 258 294 257 297 290 170 172 291 437 438 309 24 43 36 44 60 51 4 66 174 47 46 202 50 192 173 6 461 132 240 241 271 269 129 379 243 347 346 411 261 410 408 479 474 388 304 468 471 299 362 303 401 147 151 402 431 409 263 317 430 302 387 344 181 427 428 177 315 93 313 65 98 80 13 11 9 97 18 17 22 0 109 101 19 15 134 27 26 205 338 107 106 108 100 327 2 23 442 345 64 237 230 238 124 372 122 374 135 155 371 153 389 325 324 453 210 463 405 149 72 265 266 477 462 460 365 449 369 398 224 221 256 432 433 222 478 254 71 70 73 260 259 475 407 403 145 337 444 182 445 392 436 312 249 209 95 393 286 476 287 310 311 358 41 178 179 123 186 187 159 92 160 37 161 33 42 35 38 1 3 59 61 62 5 7 204 206 193 45 49 229 341 457 452 451 201 200 191 203 104 190 329 421 63 57 394 330 250 382 130 377 131 307 376 242 58 416 270 226 227 274 84 275 276 417 418 268 214 448 189 333 117 112 354 350 349 113 283 467 318 262 264 30 150 152 439 395 390 348 245 424 419 458 414 361 423 470 469 121 120 363 144 368 367 364 207 328 465 231 396 143 142 126 102 148 29 146 78 381 384 456 455 356 185 284 355 316 248 443 233 141 334 162 322 253 163 164 335 357 285 314 94 228 323 321 281 282 176 79 96 75 10 82 81 31 83 85 76 16 8 55 127 128 118 21 119 125 25 20 211 342 196 208 99 138 188 105 459 422 466 332 336 391 103 339 340 326 279 278 319 194 244 440 234 235 454 236 116 366 272 154 373 370 415 32 157 156 420 472 277 77 413 353 53 446 216 215 212 213 352 360 180 219 217 447 406 441 255 246 137 273 67 225 56 223 140 343 111 450 429 375 251 69 252 74 34 48 351 115 247 331 197 184 199 288 289 198 218 359 308 380 183 158 426 68 165 28 54 220 136 52 114 425 280 195 397 383 139 320 
437 175 438 309 181 427 428 177 305 306 300 166 315 471 430 93 304 313 302 95 393 286 476 287 392 310 311 312 90 293 295 87 171 434 435 39 290 170 172 358 445 224 221 432 436 41 178 179 174 42 162 182 460 322 253 477 348 163 334 479 444 390 442 164 335 248 443 344 40 239 412 378 400 399 167 168 169 110 301 468 299 362 303 12 88 89 317 357 285 314 355 316 369 121 365 120 361 363 470 92 94 186 298 91 96 17 81 97 184 185 284 388 237 396 233 143 141 439 395 394 211 209 199 246 197 330 473 462 461 288 275 83 289 198 331 247 249 291 14 86 385 133 386 232 464 267 292 404 296 258 294 257 297 202 51 50 192 173 449 398 256 433 222 6 4 46 218 466 406 447 353 351 359 180 360 115 414 58 67 225 245 56 223 272 364 366 368 472 13 176 79 33 160 43 66 47 183 26 3 2 34 44 161 280 321 282 98 463 187 132 382 130 323 254 441 251 319 71 255 69 250 114 349 350 112 345 188 138 68 194 165 474 429 372 155 154 35 370 195 336 105 332 139 391 387 346 24 36 60 240 241 271 269 129 379 243 347 411 261 410 408 401 147 151 402 431 409 263 205 338 107 106 109 101 108 19 100 327 424 419 458 423 469 144 367 207 23 0 9 15 118 377 456 356 264 262 384 318 467 214 213 283 220 446 219 217 54 273 277 116 124 25 125 136 137 52 128 127 146 270 268 416 226 417 307 308 158 159 10 80 134 27 18 320 64 7 16 73 82 415 425 426 380 389 230 238 457 440 63 234 235 231 142 343 397 126 102 148 111 244 140 204 215 216 342 210 196 453 324 208 45 191 49 193 201 28 103 85 465 328 274 84 276 77 31 454 200 452 236 451 65 11 22 122 374 135 371 153 325 405 149 72 265 266 478 70 260 259 475 407 403 145 337 341 206 203 104 190 329 421 326 281 339 448 420 413 459 57 5 1 55 150 117 354 113 352 119 21 20 373 156 418 229 62 61 59 252 74 279 278 32 37 38 383 48 78 152 157 422 340 131 376 242 381 455 8 76 29 212 333 189 53 99 375 450 75 123 227 30 228 
439 238 440 237 176 477 441 322 241 307 376 242 308 455 383 187 132 382 130 92 476 395 394 343 397 393 396 233 134 387 374 135 229 454 230 65 235 228 63 279 320 200 457 450 234 98 323 321 64 13 79 96 479 444 390 442 462 255 253 461 319 250 249 260 254 252 251 460 66 167 269 239 270 240 243 227 129 125 124 356 375 377 131 24 123 23 183 423 158 424 425 380 337 106 336 338 456 381 478 186 159 185 133 26 41 2 33 42 94 95 184 473 290 392 437 246 286 312 330 310 350 348 111 244 143 141 385 345 344 207 402 148 147 231 142 245 427 388 44 27 291 87 292 293 346 153 389 386 232 154 373 372 122 225 62 61 58 57 217 465 429 236 452 40 60 6 421 398 420 449 278 280 326 281 339 341 263 50 49 191 198 202 451 403 466 475 328 401 43 179 160 80 282 97 46 7 93 12 9 14 10 17 81 180 181 162 182 474 317 166 430 306 445 248 443 428 177 68 194 163 334 196 453 324 211 209 52 137 74 69 71 464 222 294 266 259 76 258 70 367 126 144 146 365 296 463 91 18 47 168 169 410 408 305 412 378 210 268 271 418 379 272 139 77 273 414 226 416 220 368 128 127 119 25 118 22 21 116 355 262 357 467 384 288 391 332 90 86 36 0 327 299 470 469 417 415 468 419 458 212 422 426 190 448 203 459 205 145 149 108 88 19 100 104 105 107 188 329 289 409 264 431 400 411 302 316 283 284 37 161 89 15 3 178 39 4 1 32 34 318 314 285 315 404 170 172 432 436 175 438 309 247 287 331 311 138 28 103 201 197 199 216 333 189 354 349 117 347 112 114 5 56 59 67 140 31 29 102 364 120 407 152 151 150 85 433 223 256 434 224 174 38 101 295 297 298 267 265 113 413 274 155 371 156 361 164 195 370 369 277 472 275 366 359 136 218 55 54 121 219 115 351 358 213 405 406 447 171 51 11 206 276 208 325 342 340 99 110 109 257 72 261 173 45 192 193 335 165 360 352 75 82 16 313 8 30 78 73 446 353 300 303 304 471 363 35 48 83 215 214 53 204 20 362 221 157 301 399 84 435 
441 279 176 320 440 343 439 397 423 308 158 424 307 92 187 383 425 183 380 455 260 255 254 477 322 252 319 251 421 398 420 449 278 79 280 326 323 281 339 238 237 13 96 98 321 450 235 234 341 200 454 457 207 402 148 147 111 395 244 231 396 143 142 476 394 393 233 245 327 299 470 469 417 415 468 419 458 212 422 94 159 184 426 190 448 203 382 241 376 242 132 130 41 2 33 42 95 185 186 478 375 381 459 205 337 106 336 338 356 456 377 222 294 266 259 76 74 258 71 70 52 137 462 253 250 69 367 126 144 479 444 390 442 461 249 460 146 365 329 206 256 170 432 433 368 472 369 366 364 276 277 274 413 210 208 325 342 340 180 160 80 282 81 100 99 108 134 387 374 135 229 230 65 228 63 64 93 12 9 14 10 17 97 181 162 182 43 179 328 401 465 429 236 451 110 109 263 50 49 191 198 202 452 217 403 466 475 120 431 168 410 409 407 152 151 150 145 85 102 31 29 5 56 59 67 140 350 348 286 141 330 223 473 290 392 437 246 312 310 385 345 344 427 388 434 224 192 193 101 166 300 430 471 303 363 362 225 226 416 414 361 371 157 370 156 418 268 271 113 346 112 347 53 204 214 189 333 215 318 314 285 283 284 37 161 34 173 45 188 104 66 167 269 239 270 240 243 227 129 125 124 131 24 123 23 133 26 177 178 6 39 4 40 0 1 3 36 44 32 306 315 317 302 316 400 411 467 384 288 391 171 51 107 149 88 19 105 289 332 355 262 357 264 221 87 295 292 267 297 265 257 82 75 73 72 38 165 48 16 8 11 20 21 22 54 121 55 127 128 136 196 453 324 211 209 163 334 194 232 474 445 248 443 428 68 293 464 291 296 463 301 138 47 172 175 435 436 438 220 122 372 275 272 273 379 84 78 77 389 373 153 155 386 213 114 353 117 354 349 352 446 447 406 359 360 358 351 89 15 199 27 154 62 61 58 57 60 46 7 309 311 313 90 86 91 18 30 28 405 219 287 247 201 261 197 335 195 331 115 218 169 305 399 408 412 83 103 35 116 118 119 25 216 378 404 139 174 304 164 298 
93 304 313 302 177 41 178 179 174 309 435 175 311 221 438 312 172 436 290 310 92 94 95 314 315 186 316 317 298 91 301 90 399 362 303 305 306 300 166 335 428 361 363 471 430 442 443 444 169 344 334 427 13 176 79 96 33 180 160 42 181 162 182 359 360 358 445 43 378 66 47 46 192 173 40 171 39 257 297 222 434 433 170 293 295 87 437 198 197 331 287 392 120 272 364 366 223 432 224 394 330 476 89 296 249 291 209 460 141 393 286 2 307 308 187 158 159 183 184 185 10 80 318 285 283 284 17 81 97 447 220 446 219 467 355 357 98 14 473 404 44 134 27 26 18 101 86 15 12 327 110 100 88 263 261 400 409 168 207 365 468 299 469 239 412 167 289 336 105 332 165 163 195 194 248 164 56 270 268 414 458 416 470 127 367 368 369 121 461 319 250 345 390 479 243 408 233 387 346 385 112 388 348 69 322 253 477 9 439 238 440 237 441 279 320 323 321 278 280 281 282 32 1 34 37 161 407 406 353 351 352 3 384 125 119 118 354 116 115 465 405 217 218 466 24 36 232 474 379 229 65 62 60 64 7 6 38 193 45 51 4 329 421 206 205 202 50 191 145 337 149 401 72 265 258 267 294 259 343 111 231 245 256 449 398 459 133 386 464 292 370 454 200 429 49 199 452 201 247 85 83 246 273 103 139 288 275 54 52 154 374 153 373 77 413 274 277 472 203 61 59 225 58 67 235 397 244 395 324 462 135 389 463 251 241 269 210 208 211 140 142 143 396 0 376 242 455 383 132 382 130 423 424 425 380 420 212 422 415 426 419 30 28 78 8 11 73 16 82 75 410 431 411 264 262 214 213 215 391 475 128 216 136 55 333 375 478 356 377 456 129 453 371 124 123 23 25 22 76 138 188 99 19 109 451 326 341 108 338 107 106 190 328 70 150 147 151 402 403 146 260 255 254 148 137 126 144 240 271 347 276 104 157 48 35 68 156 372 155 21 20 5 227 418 226 417 339 340 252 74 117 350 349 234 113 53 204 114 29 71 230 228 63 457 450 325 342 448 31 102 152 84 266 236 381 196 122 57 189 131 
344 177 334 427 249 291 209 460 309 310 311 312 141 197 330 393 437 286 476 233 387 346 385 112 345 388 348 479 93 304 313 302 178 335 428 179 442 443 444 69 250 165 163 194 390 322 253 477 181 321 251 319 167 241 269 239 292 210 463 293 461 464 473 208 211 324 462 296 41 174 435 175 221 438 172 436 290 314 315 198 331 287 392 186 316 317 394 140 142 143 244 395 105 85 289 83 199 246 201 237 396 439 306 95 130 185 380 183 234 235 397 87 134 374 135 153 389 133 386 232 410 408 113 347 349 474 305 412 378 53 206 212 204 114 350 117 243 169 92 94 298 91 301 90 399 362 303 300 166 361 363 471 430 359 180 360 358 445 336 332 195 248 164 43 160 182 29 128 144 126 70 252 71 254 255 74 49 38 157 48 370 35 68 188 288 138 103 107 187 132 382 323 441 176 42 162 63 97 282 98 339 96 320 381 242 383 307 168 238 66 229 65 376 270 240 227 129 268 271 418 379 266 294 267 265 404 213 214 325 453 342 295 20 101 327 99 278 109 196 136 215 216 189 55 89 297 13 79 33 47 46 192 173 40 171 39 257 222 434 433 170 120 272 364 366 223 432 224 447 220 446 219 318 285 467 283 355 357 454 200 429 452 247 273 139 275 14 80 159 284 8 62 225 67 256 245 59 231 111 145 146 343 102 147 148 137 31 104 106 76 18 82 16 152 276 84 78 28 472 45 191 193 51 202 64 230 457 440 424 308 17 81 184 131 44 161 426 458 425 451 236 450 228 88 27 26 125 124 24 123 23 154 373 372 122 77 413 274 155 371 156 407 402 151 431 409 411 400 261 264 351 115 352 353 354 448 333 422 52 54 329 421 205 190 420 25 116 119 22 118 2 158 10 86 15 12 110 100 263 207 365 468 299 469 56 414 416 470 127 367 368 369 121 384 406 465 405 217 218 466 356 455 375 337 338 328 391 36 37 281 30 398 72 258 259 260 73 11 75 19 108 50 3 34 1 32 226 417 377 456 326 279 280 57 340 203 459 341 475 478 60 7 6 61 58 419 415 277 403 401 149 150 262 5 21 423 9 4 449 0 
178 335 177 428 313 314 93 315 198 311 197 331 309 310 312 438 287 437 392 221 359 180 360 41 179 358 181 445 289 336 105 332 165 334 163 195 443 194 248 304 302 344 427 442 444 471 306 430 164 361 362 363 447 220 446 219 318 94 285 467 316 283 355 92 95 186 317 357 370 454 200 429 49 199 452 201 247 85 83 141 330 286 246 273 103 139 436 174 435 175 172 290 249 291 209 460 393 476 394 224 434 432 288 275 120 272 364 366 222 223 433 384 125 119 118 354 353 116 352 115 407 406 33 160 162 351 465 405 217 13 176 79 96 42 182 43 218 466 472 276 356 376 455 375 337 106 338 328 391 104 107 188 138 38 157 48 35 68 69 250 345 390 348 373 156 154 298 91 301 90 399 303 305 300 166 169 233 387 346 385 112 388 479 322 253 477 461 319 369 121 365 468 299 470 372 155 56 270 268 414 458 416 469 207 127 367 368 475 225 229 62 61 128 216 136 55 54 333 215 214 213 410 431 411 264 262 10 80 159 284 184 478 2 307 308 187 158 183 185 17 81 97 98 14 377 456 226 417 371 238 230 440 457 228 450 236 263 50 191 202 451 19 196 108 109 51 193 45 76 18 82 16 152 84 102 78 28 31 140 142 143 244 395 324 462 211 227 418 277 77 378 66 47 46 192 173 40 171 39 257 297 170 293 295 87 89 296 321 251 167 241 269 239 292 210 463 464 473 208 237 396 439 235 397 58 67 245 256 449 398 240 271 274 52 374 153 413 203 459 343 111 231 59 381 134 124 27 25 123 22 21 350 117 114 20 453 340 342 349 113 347 266 294 267 402 403 151 401 149 150 32 1 34 37 161 281 282 280 12 9 441 279 320 323 278 26 3 44 24 36 122 420 379 242 132 131 383 382 145 88 100 190 329 205 4 189 204 206 86 110 101 99 15 148 75 71 73 8 11 74 29 144 126 70 252 254 255 135 389 419 404 327 261 400 409 168 412 243 408 130 380 234 133 386 232 474 53 212 137 146 424 423 415 5 426 339 341 425 260 147 65 64 57 60 7 448 422 325 259 258 72 265 30 6 0 421 129 63 326 23 
179 442 443 444 302 186 316 317 394 312 330 310 436 331 311 290 476 392 437 172 43 160 41 360 178 182 445 181 461 319 250 249 345 194 390 344 177 334 427 363 313 195 248 335 428 166 430 306 479 169 303 304 98 14 80 13 159 283 284 92 93 94 95 467 355 314 315 185 385 235 397 439 244 395 233 141 393 324 462 201 197 246 286 291 209 460 309 223 433 432 221 438 332 273 103 139 247 287 198 39 170 175 477 473 89 296 297 298 173 174 435 187 24 36 44 37 161 2 33 42 281 282 352 180 351 162 176 79 96 219 465 405 217 115 358 359 97 321 293 464 183 242 383 307 320 252 251 441 322 74 69 255 253 117 347 112 350 348 107 105 165 163 68 387 346 388 366 127 367 368 469 362 470 299 471 361 452 373 156 370 48 154 164 391 138 288 289 336 87 12 88 168 300 305 232 474 46 243 408 167 409 378 399 100 91 301 90 323 40 65 60 66 86 11 9 18 17 75 10 82 81 419 424 158 426 184 215 446 318 285 262 308 116 375 478 384 411 356 357 54 213 218 447 220 130 380 239 412 386 228 63 450 234 238 440 237 425 245 343 142 396 137 31 146 29 140 143 111 189 55 214 53 325 453 208 210 211 196 51 202 193 49 199 85 83 28 241 269 292 463 416 61 59 56 231 222 225 256 224 459 364 434 472 398 369 120 272 466 338 414 227 418 226 277 78 77 276 275 102 236 451 429 454 200 6 4 50 171 294 295 129 379 404 15 135 389 265 259 257 191 45 192 47 382 123 23 22 0 134 27 26 35 38 1 3 84 150 30 32 34 157 448 449 420 326 339 278 279 280 340 349 114 113 354 353 407 406 149 121 136 328 401 337 475 151 21 20 118 125 119 133 267 271 376 131 132 455 381 341 365 207 260 254 70 67 76 8 71 128 144 126 148 52 99 333 206 212 204 216 104 109 110 101 205 106 329 188 374 153 410 274 147 415 423 458 468 417 270 268 377 456 457 122 371 372 155 16 73 19 108 431 400 261 7 264 403 145 263 190 327 229 57 64 62 5 266 72 152 203 421 422 413 342 58 25 258 240 230 402 124 
311 221 309 438 178 335 177 428 361 313 362 363 93 304 302 315 471 306 430 314 198 197 331 310 312 287 437 392 120 272 364 366 222 435 434 223 436 433 432 41 179 174 175 172 290 358 181 445 224 359 180 360 289 336 105 332 165 334 163 195 443 194 248 344 427 442 444 164 56 270 268 414 458 468 416 469 470 207 365 399 303 300 299 127 367 368 316 92 94 95 186 317 298 91 301 90 305 166 169 357 285 355 369 121 447 220 446 219 318 467 283 370 454 200 429 49 199 452 201 247 85 83 141 330 286 246 273 103 139 249 291 209 460 393 476 394 288 275 54 52 154 374 153 373 77 413 274 277 472 203 459 449 398 343 111 231 245 256 257 297 173 170 171 61 59 225 13 176 79 96 33 160 42 162 182 43 378 66 47 46 192 40 39 293 295 87 89 296 218 466 406 353 351 115 58 67 384 125 119 118 354 116 352 407 465 405 217 276 356 376 455 375 337 106 338 328 391 104 107 188 138 38 157 48 35 68 69 250 345 390 348 156 233 387 346 385 112 388 479 322 253 477 461 319 372 155 21 20 5 241 240 269 271 227 418 226 32 426 419 415 417 339 108 340 341 425 423 424 260 441 255 254 148 137 147 126 144 146 263 261 400 409 168 100 88 110 123 22 55 128 2 307 308 187 158 159 183 184 185 10 80 284 17 81 97 98 14 473 404 44 134 27 26 18 101 86 15 12 327 239 412 167 243 408 377 456 264 262 214 213 124 25 136 475 229 62 216 333 215 410 431 411 478 371 238 230 440 457 228 450 236 50 191 202 451 19 196 109 51 193 45 76 82 16 152 84 102 78 28 31 140 142 143 244 395 324 462 211 321 251 292 210 463 464 208 237 396 439 235 397 57 53 0 135 133 122 389 386 30 282 281 448 420 422 380 190 205 421 320 280 279 326 323 402 74 258 71 70 252 259 145 149 401 72 265 267 294 65 60 117 9 278 1 34 37 161 3 24 36 232 474 379 64 7 6 4 329 206 403 150 347 113 114 381 350 453 342 349 266 151 242 132 131 383 382 189 204 99 75 73 8 11 29 130 234 212 23 129 325 63 
359 178 180 360 447 220 446 219 313 314 93 315 318 94 285 467 316 283 355 384 125 119 118 354 353 116 352 115 311 221 309 438 177 41 179 428 358 181 445 407 406 33 160 162 351 465 405 217 443 391 475 466 225 229 62 61 128 216 136 127 218 55 54 333 215 214 213 121 335 361 362 363 304 302 471 306 430 310 312 92 95 186 317 287 437 392 357 410 431 411 264 262 79 10 13 80 159 284 184 375 478 356 436 331 236 247 451 452 381 377 456 368 374 134 124 27 25 123 22 21 140 67 350 117 114 20 223 59 56 453 340 196 342 349 113 347 58 224 198 197 120 272 364 366 222 435 434 433 432 174 175 172 290 344 334 427 442 444 176 96 42 182 43 164 163 248 266 292 294 267 402 403 151 401 149 150 158 32 1 34 2 37 161 281 98 282 81 280 429 228 450 328 337 336 195 194 131 139 138 288 329 332 338 234 230 457 454 256 376 270 241 240 238 66 65 64 57 47 60 7 5 29 144 126 137 52 462 324 189 53 204 367 474 413 203 448 104 422 212 463 211 210 325 464 369 365 289 105 165 268 414 458 468 416 469 470 207 399 303 300 299 298 91 301 90 305 166 169 249 291 209 460 141 330 393 286 476 394 307 308 187 183 185 17 97 14 275 83 199 246 152 269 167 408 168 409 412 400 261 260 259 263 73 258 72 265 75 278 279 30 77 28 78 8 9 11 16 82 12 419 424 426 415 425 227 242 383 455 191 200 273 103 201 63 154 68 193 192 202 380 130 382 132 398 153 373 387 135 372 133 122 44 26 24 23 18 101 86 36 0 3 69 70 71 142 245 143 231 111 244 390 479 348 345 112 99 208 109 404 473 339 108 341 326 19 389 388 346 386 385 370 49 85 274 277 472 459 449 343 257 297 173 170 171 378 46 40 39 293 295 87 89 296 233 250 322 253 477 461 319 439 440 237 441 320 323 321 155 35 188 76 88 148 147 146 145 102 84 31 420 421 423 156 48 157 38 6 4 235 397 190 106 107 129 206 327 110 205 251 396 271 418 226 239 243 45 51 15 252 254 255 74 395 379 232 50 276 417 100 371 
428 358 181 445 438 287 437 392 357 315 285 314 306 95 93 430 355 317 316 471 164 163 335 427 177 248 444 443 218 466 406 447 353 162 351 359 178 180 360 175 309 42 182 41 179 432 290 436 115 224 434 221 288 275 83 289 199 286 246 198 311 197 331 393 476 310 312 247 118 377 456 356 264 262 384 318 467 214 213 184 94 284 283 220 446 219 313 305 300 166 304 302 96 17 81 97 185 186 92 470 299 363 217 54 369 121 365 120 468 361 362 429 372 155 154 35 68 370 165 195 188 138 348 334 390 194 336 105 332 460 322 253 477 479 442 344 139 391 127 55 452 230 457 454 338 403 475 337 465 150 407 149 405 347 117 354 113 352 280 79 33 160 161 125 119 116 90 293 295 87 171 435 39 170 172 174 183 26 3 2 34 44 43 321 282 98 13 176 368 472 398 256 433 223 21 20 414 58 67 225 245 56 222 449 272 364 366 328 416 240 271 270 274 84 276 77 273 31 85 28 103 45 191 49 193 201 211 209 141 330 395 200 388 237 396 233 143 439 394 473 462 461 249 291 236 451 61 59 22 132 131 382 381 376 455 375 202 409 263 431 478 265 75 259 266 410 411 261 325 464 324 453 189 53 333 216 215 212 415 425 426 158 159 10 80 82 229 62 128 136 40 239 412 378 400 399 167 168 169 110 301 303 12 88 89 298 91 319 320 46 64 7 6 15 16 18 9 14 73 130 380 187 307 308 226 417 423 469 144 367 57 5 52 277 124 25 137 146 207 424 419 458 268 450 133 122 386 371 374 153 373 37 32 157 156 11 74 76 38 48 1 99 100 19 190 329 104 106 107 206 114 349 350 112 345 69 250 255 296 463 323 254 441 251 71 232 474 385 387 346 123 126 60 238 63 228 440 234 205 297 257 145 401 402 408 30 152 151 292 294 267 72 404 448 208 340 196 342 210 278 422 459 413 341 279 339 281 134 27 140 86 258 51 50 192 173 4 66 47 235 397 383 23 0 24 36 78 102 420 421 142 231 111 418 244 252 260 343 326 203 241 129 227 269 379 29 148 8 327 108 109 101 204 243 389 147 65 242 70 135 
443 360 179 178 436 331 312 311 467 316 283 355 302 186 317 313 314 93 315 363 195 194 248 442 444 335 177 428 219 465 405 217 352 160 180 115 445 351 358 172 290 43 41 182 181 221 309 438 359 223 433 432 332 273 103 139 201 330 197 247 392 246 287 394 310 476 437 198 116 375 478 384 411 318 356 262 357 215 446 159 284 94 285 54 213 218 430 169 303 304 166 306 98 14 80 13 92 95 185 361 362 471 447 220 366 127 367 368 469 470 299 452 373 156 370 48 165 154 68 164 107 105 345 390 334 163 391 138 288 461 319 250 249 344 427 479 289 336 121 136 429 228 450 236 328 401 337 475 466 151 149 407 406 349 114 113 354 353 281 282 161 162 33 21 20 118 89 296 297 298 173 170 174 435 175 39 187 24 36 44 37 2 42 176 79 96 97 321 120 272 364 222 434 224 125 119 416 61 59 56 231 225 256 459 472 398 369 338 414 227 418 226 277 78 77 276 275 102 28 85 83 51 202 193 49 199 324 462 395 286 141 451 385 235 397 439 244 233 393 291 209 460 477 473 454 200 58 67 25 242 376 383 455 131 381 377 191 400 431 263 456 267 73 258 72 261 264 410 342 463 211 210 204 216 212 53 214 333 419 424 158 426 184 82 81 10 57 5 52 55 46 243 408 167 409 168 378 399 305 100 88 300 91 301 90 87 12 322 323 40 65 60 66 86 11 9 18 17 75 307 308 183 130 380 270 268 458 468 207 365 229 62 128 274 123 22 126 147 144 425 415 423 417 457 135 374 389 153 122 371 372 34 157 32 155 16 71 8 1 35 38 109 110 101 205 106 206 329 188 104 117 347 112 350 348 255 253 69 293 464 320 252 251 441 74 387 346 388 232 474 124 137 7 63 238 230 234 440 190 295 294 402 403 145 412 152 30 150 404 257 265 266 292 422 196 278 208 325 453 340 448 449 420 326 339 279 280 23 0 111 15 259 45 192 50 171 47 6 4 237 396 382 134 27 26 3 84 31 413 203 343 245 140 271 143 254 70 142 341 421 129 241 240 379 269 148 29 76 108 327 99 19 189 239 386 146 64 132 260 133 
444 182 445 181 290 476 392 437 185 317 284 186 430 355 316 306 95 315 93 166 479 390 442 248 443 427 428 177 97 321 282 98 161 351 162 43 179 160 41 432 436 115 358 360 178 175 438 309 42 39 170 172 477 473 462 461 395 246 286 394 312 330 310 247 287 331 311 393 44 130 380 183 426 184 187 159 92 82 81 262 283 285 94 14 80 13 302 470 299 471 363 313 217 54 213 218 357 314 467 305 300 304 96 17 87 12 88 89 168 169 303 439 232 474 388 350 348 385 345 344 255 253 68 194 163 334 319 250 249 139 391 138 288 164 335 195 460 322 91 18 233 63 234 235 251 339 323 320 176 340 281 280 79 157 38 37 34 33 149 405 352 180 353 24 36 2 368 472 398 369 256 433 224 434 221 223 356 21 20 116 113 118 359 466 406 447 219 465 90 293 295 171 435 174 26 3 167 6 4 40 50 46 173 294 296 297 298 441 378 129 379 243 404 453 464 463 291 196 324 211 209 111 343 244 143 141 28 103 201 197 199 397 154 236 451 452 193 429 198 275 83 289 332 273 237 396 66 47 27 131 132 381 382 242 383 307 142 458 425 424 308 413 333 203 448 419 158 415 152 276 85 84 76 16 75 11 10 73 261 263 264 411 318 215 446 214 65 60 86 9 225 226 417 416 423 469 414 468 361 144 367 362 121 365 120 366 127 336 337 56 57 5 58 52 53 55 136 220 212 377 456 384 375 478 239 412 400 399 110 301 64 7 15 292 23 0 19 108 100 431 410 409 408 440 122 133 371 386 135 389 387 354 349 347 346 216 104 189 117 112 114 148 207 137 260 254 74 252 69 71 1 32 35 48 165 107 105 188 272 77 475 329 328 338 206 372 155 370 373 156 134 101 62 228 230 238 450 457 70 364 459 341 279 326 268 342 325 278 277 449 420 422 274 266 102 150 31 30 78 151 72 257 265 145 401 403 407 123 22 51 128 421 140 245 231 222 67 61 59 454 200 455 124 25 125 119 210 208 267 258 202 192 45 269 49 106 190 191 402 259 227 240 241 418 271 109 99 204 147 146 29 126 8 270 153 327 229 376 205 374 
446 407 447 406 180 354 359 353 410 318 431 411 314 384 467 285 264 357 262 94 333 216 215 220 219 214 218 213 266 292 294 267 402 475 403 151 405 401 149 178 360 391 466 465 217 162 358 351 150 33 41 160 453 340 196 342 350 119 117 349 352 114 113 125 118 116 115 347 152 269 167 408 168 409 412 400 261 260 259 381 478 456 263 73 258 72 283 313 93 315 316 355 236 247 451 452 377 356 375 184 95 284 265 75 79 10 13 80 92 159 186 474 413 203 448 104 189 422 204 212 462 324 128 136 55 53 463 211 210 225 229 62 61 127 54 121 325 464 82 76 346 153 387 389 291 87 293 296 404 88 295 297 257 207 148 147 146 145 234 450 328 337 338 78 102 30 311 221 309 438 177 179 428 181 445 443 131 139 138 288 329 332 336 230 457 454 429 228 81 280 96 42 182 161 84 31 158 32 1 34 2 37 43 176 281 98 282 473 426 268 458 419 339 108 341 326 278 19 109 99 208 390 479 348 345 112 140 67 25 20 22 388 368 374 134 124 27 123 21 223 59 56 58 224 386 385 157 38 85 270 271 241 239 418 243 379 344 166 169 305 378 170 50 39 171 300 399 303 343 222 111 231 255 74 254 71 70 252 380 130 382 383 455 191 200 202 156 48 16 8 335 361 362 363 304 302 471 306 430 310 312 317 287 437 392 436 331 57 63 248 154 68 164 246 193 201 199 198 192 240 132 376 227 242 415 425 183 185 17 97 155 35 11 279 77 28 9 12 14 307 308 187 424 232 272 274 364 459 277 449 420 106 190 205 421 49 4 51 107 206 188 395 476 286 477 461 253 460 209 250 29 144 126 137 52 7 5 60 432 256 238 66 65 64 47 366 367 120 369 365 276 18 165 373 372 371 135 133 249 290 172 89 298 90 299 100 110 301 434 175 435 173 433 441 244 396 143 142 245 397 251 321 323 233 235 237 440 273 103 3 197 174 334 427 442 444 163 195 194 122 23 129 275 83 289 105 327 101 320 319 26 44 36 423 0 6 40 24 439 322 414 416 417 468 469 15 86 45 394 393 141 330 69 470 398 91 370 226 46 472 
235 394 397 439 183 242 383 307 461 319 250 249 320 252 251 176 477 441 322 96 65 228 63 450 234 238 440 237 442 385 345 344 330 244 395 310 233 141 393 425 380 245 343 142 396 92 308 187 476 95 184 185 135 24 123 23 227 375 376 129 130 131 132 478 455 381 382 241 312 293 464 473 324 462 291 209 460 194 390 74 69 255 253 177 334 427 321 341 280 279 339 323 146 365 137 207 260 254 70 13 79 98 479 444 42 181 162 182 81 97 282 243 40 60 66 61 229 6 57 64 373 374 429 236 454 230 232 122 133 328 401 465 337 200 457 451 134 387 179 443 239 305 412 378 386 347 346 474 388 117 112 350 348 201 331 197 246 286 31 29 140 143 111 309 311 437 459 205 422 421 415 426 423 158 424 458 259 434 224 256 67 222 231 402 148 147 144 145 41 2 33 94 159 186 290 392 17 306 315 93 285 317 284 34 44 161 43 389 14 90 86 91 36 22 0 27 26 118 21 125 124 414 418 226 270 240 288 391 384 377 356 379 191 400 411 431 467 263 456 106 336 338 475 329 167 269 302 316 436 295 87 267 292 298 404 296 271 325 453 210 463 189 55 214 53 208 211 196 103 107 332 105 195 248 165 335 163 68 11 75 76 8 71 128 126 52 304 313 178 428 469 110 109 108 342 340 327 278 326 274 413 281 398 420 449 203 364 403 150 468 300 471 299 369 121 120 368 367 136 294 266 258 257 72 12 9 10 80 180 160 166 430 445 3 175 438 358 353 351 73 16 82 18 408 171 39 51 4 174 47 46 59 62 5 7 127 218 54 56 58 225 273 277 472 156 153 370 371 372 154 287 199 198 247 452 447 466 217 190 188 151 405 149 407 219 50 49 202 192 193 172 360 363 399 168 169 261 410 155 448 333 354 349 113 99 119 20 114 206 212 204 216 104 48 139 85 289 83 138 28 35 37 38 84 30 152 102 435 221 314 366 215 416 417 268 419 470 362 361 409 264 265 170 432 433 223 25 116 1 32 318 283 355 15 357 406 213 262 78 157 301 88 89 101 19 359 115 220 77 276 275 272 164 100 45 352 303 297 446 173 
383 425 183 380 397 450 235 234 341 320 280 279 319 96 176 251 339 321 323 252 478 375 455 242 307 381 130 382 459 205 422 421 415 184 426 423 308 158 424 394 439 95 185 92 187 142 233 396 458 245 244 343 328 401 465 337 429 228 236 200 440 454 457 65 63 238 237 451 469 110 109 108 342 340 327 278 326 274 413 81 79 282 281 398 420 449 441 461 250 249 477 322 42 181 162 182 97 98 13 70 69 254 203 364 146 365 137 207 74 260 255 191 400 411 431 467 384 263 356 456 288 391 227 376 131 377 106 336 338 135 24 123 23 129 132 241 475 329 367 366 202 171 51 50 107 204 206 104 190 215 212 333 448 271 416 417 268 419 34 33 94 159 284 299 470 468 442 385 345 344 330 395 310 141 393 476 17 306 315 93 285 317 186 44 161 43 41 2 144 145 29 140 143 231 362 361 259 434 224 256 67 222 111 31 402 148 147 188 258 295 267 294 151 405 149 407 403 219 217 447 466 287 199 198 247 452 373 374 229 230 57 49 243 40 60 66 61 6 64 232 122 133 134 387 192 193 433 223 363 90 301 86 101 88 19 100 201 211 196 208 99 349 352 114 113 210 325 453 155 386 372 371 275 272 276 472 277 77 73 16 82 10 80 180 160 351 170 432 368 369 312 293 464 473 324 462 291 209 460 194 390 253 177 334 427 479 444 26 3 437 175 438 309 428 358 445 178 179 353 91 18 14 12 9 257 72 8 71 128 126 435 221 120 150 300 471 121 136 52 11 75 76 266 45 305 399 412 261 168 410 409 283 318 262 264 360 116 115 355 357 314 164 163 335 83 138 289 105 332 139 414 418 226 270 240 125 124 21 388 389 36 22 0 27 118 378 379 239 167 269 303 127 436 39 174 173 4 47 103 348 350 216 189 53 463 446 213 214 346 112 347 354 474 84 154 157 370 156 153 32 78 102 152 48 1 38 37 166 430 225 443 117 331 197 246 286 311 290 392 46 7 15 304 313 302 316 406 218 30 28 62 59 56 265 58 25 20 5 35 85 87 298 297 292 404 220 54 359 68 165 195 248 273 296 408 55 172 89 119 169 
130 185 380 183 233 63 234 235 97 321 282 98 251 339 323 319 96 320 176 249 129 131 132 381 382 242 383 307 182 44 161 43 284 426 184 186 187 159 92 142 396 458 425 424 308 394 397 439 95 310 141 393 23 232 122 133 57 236 228 64 237 230 238 451 450 457 440 65 317 91 18 17 82 81 14 80 13 351 162 340 281 280 79 179 160 41 322 70 69 252 254 441 203 364 413 459 341 279 326 461 250 477 42 181 344 177 334 427 209 460 253 6 378 379 243 226 227 239 240 241 21 123 384 377 375 376 26 124 134 475 329 391 328 478 455 456 135 24 444 445 66 174 47 46 27 38 36 3 2 157 37 34 33 262 355 283 285 94 333 448 419 158 415 302 316 93 144 145 29 146 140 143 245 244 343 231 108 362 361 468 268 469 423 205 422 421 449 190 442 385 345 330 395 476 306 315 291 309 311 312 197 437 286 112 388 348 479 0 473 298 404 296 474 371 386 389 387 370 372 373 374 56 5 58 61 229 447 466 452 454 429 7 431 192 193 202 247 191 200 401 465 337 338 403 40 60 290 392 430 301 90 101 86 89 15 12 62 76 16 11 9 152 276 85 84 75 10 73 213 149 217 405 115 358 352 360 180 353 453 196 342 325 278 277 420 274 172 436 443 178 256 257 72 258 8 71 259 74 260 128 126 255 365 137 207 147 367 106 104 222 435 221 434 120 272 366 369 398 77 110 109 327 100 99 293 464 324 462 194 390 175 438 428 346 304 313 335 165 163 208 210 211 463 4 399 305 261 412 169 408 167 417 418 271 269 472 289 275 416 270 414 54 52 121 20 22 116 25 125 118 314 318 467 357 356 332 336 288 402 407 206 138 188 107 139 400 411 263 409 264 166 248 432 173 171 39 45 51 119 148 102 48 1 35 266 156 155 32 150 31 30 78 151 113 218 215 219 446 406 214 354 350 349 216 189 204 212 303 363 331 368 28 225 67 59 111 224 433 223 50 49 19 300 471 299 470 153 154 347 117 201 246 287 292 198 105 83 199 53 114 297 295 87 265 267 195 164 273 55 136 220 127 359 294 410 68 170 88 103 168 
237 393 396 233 187 132 382 130 460 322 253 477 323 254 441 321 249 251 319 98 64 230 238 457 440 63 234 235 427 388 348 479 286 143 141 476 439 395 394 424 308 231 142 343 397 185 380 183 310 186 159 92 133 26 124 134 240 377 131 241 307 376 242 456 381 455 383 129 437 296 463 291 211 209 473 462 461 163 334 71 255 69 250 444 390 442 176 326 281 339 279 320 147 367 126 144 70 252 260 97 282 96 344 177 43 179 160 41 80 13 79 239 46 7 6 58 57 66 229 65 372 122 452 454 236 228 387 374 135 338 403 466 475 451 450 200 23 232 181 428 243 169 408 167 389 349 474 346 385 114 350 112 345 199 287 246 197 330 102 148 111 244 140 290 392 312 449 190 448 203 419 158 458 426 425 423 258 433 223 222 59 256 245 145 29 146 207 402 182 44 161 284 184 95 309 311 14 302 316 317 283 93 94 37 2 33 42 386 17 89 15 12 3 25 27 0 24 116 125 21 123 416 271 270 226 227 332 336 356 375 384 269 202 409 264 263 357 431 478 329 391 328 337 106 378 379 306 315 438 297 298 265 404 87 292 293 418 342 210 453 464 204 136 215 216 196 324 208 83 188 288 138 164 335 68 248 194 165 16 73 8 76 74 52 137 128 166 430 445 443 468 100 99 327 325 278 108 340 341 277 420 280 364 413 459 421 398 401 151 469 303 363 362 366 127 368 120 365 55 257 72 259 294 266 91 18 82 81 351 162 304 313 178 36 172 436 360 352 180 75 11 10 9 412 173 174 45 47 39 4 40 67 5 62 60 121 219 220 225 61 56 275 274 272 155 371 154 153 373 370 331 201 247 198 429 217 465 447 205 107 150 406 407 149 218 192 193 191 50 49 175 358 471 168 399 305 410 261 156 422 212 113 347 354 109 20 119 117 104 333 189 53 206 35 289 28 139 103 105 85 48 34 1 78 152 30 31 170 432 355 369 214 414 268 417 415 361 299 470 400 411 267 435 221 434 224 22 118 38 157 262 285 314 86 467 405 446 318 84 32 88 301 90 19 101 115 359 54 276 77 273 472 195 110 51 353 300 295 213 171 
382 424 187 308 396 457 237 440 326 323 281 339 322 98 321 441 279 176 320 254 456 377 381 132 130 455 307 383 449 190 448 203 419 159 158 458 380 426 425 393 233 186 92 185 183 343 439 397 423 231 143 142 338 403 466 475 452 230 454 451 234 236 450 64 238 63 235 200 468 100 99 327 325 278 108 340 341 277 420 80 282 79 280 364 413 459 251 460 253 477 249 319 43 179 160 41 13 96 97 260 255 252 421 398 147 367 126 144 71 70 69 202 409 264 263 357 356 431 384 478 332 336 240 131 376 375 329 391 328 133 26 124 134 241 242 129 337 106 365 369 191 173 45 192 188 189 104 206 205 214 333 212 422 418 414 268 417 415 37 161 284 184 94 362 361 469 427 388 348 479 286 141 476 395 394 310 14 302 316 317 283 93 95 2 33 42 182 44 207 402 148 111 244 245 299 470 258 433 223 222 59 256 140 102 145 29 146 107 259 297 265 257 150 406 407 149 401 218 447 217 465 331 201 247 198 429 372 122 57 228 229 193 239 46 7 6 58 66 65 387 374 135 23 232 50 49 434 224 471 89 88 15 19 301 101 110 199 324 208 196 109 347 353 117 354 453 342 210 156 389 373 153 273 472 77 272 274 276 75 11 10 82 81 351 162 180 435 221 120 366 437 296 463 291 211 209 473 462 461 163 334 250 444 390 442 344 177 24 36 312 172 436 290 443 360 178 445 181 352 12 9 17 91 18 294 266 76 74 52 137 170 432 368 151 303 363 127 55 128 16 73 8 72 51 169 168 408 410 399 261 400 285 262 318 411 358 118 359 314 467 355 195 194 248 103 105 139 138 288 289 416 271 270 226 227 21 123 125 385 386 3 25 27 0 116 167 269 243 378 379 300 121 438 174 39 171 47 4 83 345 112 53 204 216 464 213 446 215 474 350 349 113 346 78 370 32 154 155 371 157 84 31 30 35 38 1 34 304 313 56 428 114 287 246 197 330 392 309 311 40 60 86 166 430 306 315 405 219 152 85 5 67 225 267 61 22 119 62 48 28 298 87 295 404 292 54 220 115 165 68 164 335 275 293 412 136 175 90 20 305 
117 345 347 112 189 55 214 53 250 324 461 462 325 464 453 208 209 210 211 99 22 118 119 353 354 20 113 114 330 244 394 395 442 385 344 390 350 479 348 448 333 386 346 474 349 206 212 204 334 188 190 104 59 60 61 62 127 218 54 128 216 220 136 406 213 446 215 52 194 74 252 69 319 249 255 477 253 312 310 293 473 291 460 246 476 286 196 281 326 278 340 342 412 271 239 269 292 463 404 101 327 109 141 197 45 199 191 49 100 19 108 126 36 24 0 123 21 27 125 25 223 56 358 359 115 116 140 225 67 285 264 357 262 351 352 180 5 111 201 331 137 31 146 29 245 397 343 142 143 235 439 233 393 179 443 444 177 427 305 378 232 388 387 68 248 163 419 159 424 158 449 203 420 421 422 413 267 155 372 371 133 153 389 410 167 408 379 261 193 47 192 329 205 107 165 335 15 83 288 138 328 105 106 173 4 50 51 231 86 11 14 9 40 65 66 6 7 228 229 57 58 366 367 368 120 121 315 314 447 219 217 144 162 150 403 407 466 149 405 284 355 283 318 94 148 207 103 332 195 75 76 259 260 8 70 71 365 320 251 441 254 183 242 383 307 176 322 321 302 186 316 317 436 311 290 392 437 309 90 295 87 298 296 129 243 241 28 139 247 287 277 80 98 282 323 339 79 279 280 468 458 341 417 423 415 426 268 411 400 274 84 275 276 416 240 270 226 418 132 266 294 265 72 257 18 91 301 110 451 202 85 289 198 46 35 164 429 450 200 297 89 88 12 147 37 38 43 44 1 2 3 135 23 134 26 227 375 376 374 124 122 363 469 470 433 222 432 256 224 221 428 181 445 178 360 384 467 356 184 95 409 456 263 431 377 161 182 160 33 41 48 452 273 30 152 102 145 402 434 425 380 234 396 440 96 63 238 237 92 308 187 130 185 172 313 166 430 306 93 304 175 171 39 300 399 168 169 32 154 391 414 382 369 398 364 459 472 77 272 151 401 258 157 370 156 373 64 230 174 435 475 338 336 17 465 478 455 337 303 170 10 82 16 13 97 236 454 131 362 299 471 361 438 81 42 457 78 73 381 34 
214 448 189 333 347 353 117 354 281 325 326 278 324 99 208 453 340 196 342 464 406 218 213 55 53 446 216 215 419 159 424 158 449 190 203 420 212 421 422 345 112 188 104 206 204 474 350 349 413 386 385 346 285 264 357 262 358 118 359 351 113 115 352 22 119 20 114 180 277 80 98 282 323 339 79 279 280 468 458 100 327 108 341 417 423 415 210 250 461 462 209 211 45 199 191 49 19 109 101 404 473 463 426 268 412 271 239 269 293 292 291 162 150 403 407 466 447 149 217 405 315 314 127 54 220 219 284 355 283 59 60 61 62 128 136 52 318 94 418 414 160 37 43 161 186 187 92 185 184 382 308 380 425 365 369 398 364 459 173 192 329 205 106 276 472 274 330 244 394 395 442 344 390 479 348 334 15 83 288 138 328 105 107 4 50 51 193 47 379 261 378 232 388 389 77 272 267 155 372 371 133 153 387 305 410 167 408 95 265 75 259 266 409 456 263 431 411 377 356 384 467 428 181 445 178 360 223 56 21 116 125 182 126 36 24 0 123 27 25 140 225 67 5 111 33 41 156 373 273 11 10 14 13 82 97 81 179 322 321 176 96 396 457 237 440 441 320 251 434 245 224 256 471 361 299 470 469 362 297 89 88 301 110 451 202 200 157 370 226 416 194 74 252 69 319 249 255 477 253 312 310 460 246 476 286 141 197 7 46 163 35 164 68 287 429 198 247 201 450 9 12 86 18 91 72 257 298 296 129 243 32 154 270 400 84 275 240 132 241 90 295 87 294 42 31 30 146 145 152 402 151 338 475 337 401 452 230 454 336 465 391 438 437 392 306 93 430 317 316 313 366 367 368 120 121 57 58 229 143 231 40 65 66 6 228 29 144 137 148 207 78 227 195 38 1 34 44 2 302 393 233 130 183 307 254 381 455 383 343 439 397 234 142 300 221 170 432 433 222 435 303 169 168 172 174 39 171 85 289 122 331 235 443 444 177 427 248 165 335 3 26 17 28 139 103 332 478 375 399 304 23 135 374 258 124 64 238 134 175 166 76 8 73 260 70 131 376 236 309 290 436 311 363 71 147 242 48 16 63 102 
449 190 448 203 424 468 419 458 100 326 99 327 281 325 278 339 108 340 341 323 365 369 398 277 420 364 413 459 191 173 45 192 188 189 104 329 421 206 205 159 158 214 333 212 422 380 426 425 106 382 187 308 434 245 224 256 471 414 361 299 423 470 469 418 268 417 415 362 328 297 89 88 15 19 301 101 110 199 49 324 208 196 109 451 193 202 279 80 98 282 79 280 347 353 117 354 453 342 210 251 321 320 50 200 396 457 237 440 322 441 176 300 146 137 207 121 120 144 368 367 438 221 273 472 272 366 170 432 433 156 389 373 153 77 274 276 222 435 450 429 303 409 169 168 172 46 174 39 171 7 47 4 51 83 288 138 105 107 345 112 53 204 216 475 391 338 160 37 43 161 186 92 284 185 184 94 464 406 218 213 55 446 215 474 350 349 113 346 234 142 233 130 183 383 337 336 254 456 377 381 132 455 307 393 343 439 397 175 252 259 74 260 244 67 140 111 231 58 225 56 223 315 306 430 313 363 195 370 226 416 270 166 78 408 243 379 227 269 271 32 154 155 371 157 399 304 478 375 465 265 257 296 298 294 87 295 302 17 12 91 90 3 25 26 27 18 86 9 163 35 164 68 287 198 246 247 201 197 250 461 462 209 211 20 114 119 431 384 236 452 283 75 11 10 14 13 82 97 81 179 41 96 351 182 162 33 180 386 385 285 264 357 262 358 118 359 115 352 22 404 473 463 292 291 70 69 249 319 63 235 263 356 454 143 403 466 230 64 238 460 253 477 255 305 150 145 31 29 402 148 147 136 52 128 126 116 124 125 220 127 54 428 181 445 437 309 392 290 436 311 332 103 139 289 275 122 372 374 34 48 388 135 387 232 123 30 28 84 152 85 401 228 467 410 261 400 167 378 312 42 2 6 40 66 16 5 62 60 38 44 36 0 1 286 335 390 248 194 165 334 330 394 395 442 344 479 348 407 447 131 360 24 316 317 93 95 355 318 314 412 239 293 149 217 405 219 59 61 141 310 129 242 376 71 240 133 134 241 427 476 266 72 258 76 8 57 229 21 177 444 443 178 331 73 102 65 411 267 23 151 
329 421 206 205 192 451 193 202 279 327 278 326 101 208 99 110 341 109 108 301 475 391 328 138 188 338 107 106 423 308 158 424 420 212 422 449 190 448 203 47 45 53 204 189 104 171 51 50 459 435 174 173 381 431 384 478 236 247 452 450 191 429 200 246 201 199 49 457 398 441 176 320 79 280 323 281 339 417 415 210 325 342 340 468 419 458 100 18 91 86 15 19 112 20 113 114 211 196 324 295 90 88 425 469 399 362 304 303 298 297 89 234 402 407 403 447 466 401 465 337 131 377 139 288 332 336 383 375 455 68 390 248 194 103 105 83 456 382 299 470 440 343 439 397 307 92 187 183 380 94 159 184 426 276 472 277 274 413 346 347 214 333 215 365 369 364 27 38 44 36 66 46 60 40 4 7 209 52 54 55 213 136 216 348 349 350 117 345 300 400 305 175 39 170 367 366 257 222 221 434 309 433 172 378 409 169 168 130 294 260 266 259 410 318 411 264 263 314 467 357 356 57 63 228 230 454 154 164 287 198 331 235 28 395 476 286 392 330 197 48 195 165 163 35 396 237 256 432 368 255 254 477 322 252 319 251 238 13 96 98 321 33 180 41 160 80 282 81 371 157 370 156 226 416 418 414 268 271 292 291 463 464 453 353 354 352 245 224 471 361 62 76 82 16 97 17 11 14 9 134 26 12 22 24 0 3 25 334 344 5 111 56 59 21 115 116 118 119 351 253 460 462 250 461 258 267 293 87 306 166 231 223 363 261 207 120 313 93 302 473 404 296 265 233 148 147 152 151 146 150 145 446 406 405 149 359 178 360 219 217 218 122 23 123 129 132 227 242 376 240 272 77 273 275 289 428 335 443 1 32 479 444 442 427 445 102 78 85 31 84 144 430 225 244 143 142 394 393 241 2 42 95 185 186 10 285 283 284 37 43 161 162 34 379 372 389 373 153 155 386 269 167 408 387 385 388 474 137 121 438 125 182 229 65 64 6 61 67 58 141 310 249 126 127 128 220 262 355 412 239 437 290 436 72 311 177 179 312 232 243 74 71 70 75 73 315 316 358 133 135 374 124 270 8 30 317 140 69 181 29 
450 191 429 200 478 383 375 455 190 328 188 329 465 288 391 337 106 336 338 401 397 235 234 228 236 440 454 457 100 326 99 327 45 199 49 192 451 193 202 467 384 287 198 247 452 263 356 456 50 400 411 431 320 252 319 251 183 242 307 380 381 130 382 227 376 131 377 308 173 449 448 203 189 104 421 206 205 15 19 83 138 105 107 301 101 110 475 219 405 217 447 466 164 428 163 335 289 332 139 145 149 403 108 88 258 295 267 294 151 402 407 425 245 244 343 394 439 142 233 396 96 176 65 63 238 237 339 321 323 123 373 135 374 229 230 57 441 279 297 89 424 468 419 458 281 325 278 340 341 324 208 196 109 7 46 47 4 51 35 68 246 201 197 435 174 171 360 116 352 115 283 318 355 262 357 314 275 438 437 392 286 311 331 370 165 195 248 154 257 70 72 261 264 409 170 39 147 300 305 399 412 168 410 73 260 266 259 280 146 365 137 207 74 250 69 255 254 461 249 477 322 95 184 185 92 187 24 23 129 132 241 426 61 414 418 226 243 270 240 125 134 124 122 21 423 158 303 169 172 369 398 277 420 364 413 459 159 214 333 212 422 117 345 347 112 53 204 216 3 25 26 27 17 12 18 91 86 9 31 84 85 28 103 390 194 334 362 304 298 90 316 121 136 220 215 446 54 213 218 160 180 406 445 351 358 359 178 372 155 315 471 306 430 181 427 177 444 443 348 472 276 273 272 77 144 29 30 150 404 265 299 166 87 71 434 175 293 464 292 78 102 152 148 415 224 256 67 140 222 111 231 330 395 141 143 442 385 344 310 393 476 42 162 182 81 79 97 282 98 13 40 60 66 6 64 232 133 387 118 22 156 389 153 371 388 225 62 58 56 5 433 296 302 361 470 469 268 417 80 353 354 453 342 210 55 462 209 211 20 113 114 350 119 16 2 38 44 36 0 1 11 75 76 37 32 157 48 221 309 378 179 349 186 284 94 285 317 313 93 416 271 274 432 290 436 312 253 460 8 10 379 408 167 126 239 386 346 269 34 82 120 368 367 52 128 473 291 479 33 161 43 41 14 127 59 463 363 366 474 223 
192 451 193 202 327 301 101 110 475 329 391 328 206 138 188 205 338 107 106 421 435 174 173 47 45 171 51 50 381 431 384 478 236 247 452 450 191 429 200 208 99 246 201 199 49 341 109 108 457 279 278 326 399 362 304 303 298 91 90 297 100 89 88 18 86 15 19 295 234 402 407 403 447 466 401 465 337 131 377 139 288 332 336 383 375 455 190 53 212 204 189 104 68 390 248 194 103 105 83 459 422 203 456 382 423 308 158 424 420 449 448 257 222 221 434 309 175 433 172 170 378 305 66 46 40 39 409 169 168 27 38 44 36 60 4 7 300 400 380 130 294 260 266 259 410 318 411 264 263 314 467 357 356 57 63 228 230 454 154 164 287 198 331 397 235 440 112 20 113 114 210 325 211 342 196 324 28 395 476 286 392 330 197 48 195 165 163 35 425 469 415 280 340 339 396 237 398 441 176 320 79 323 281 417 468 419 458 261 364 207 120 365 361 313 363 471 299 93 302 306 166 473 404 296 293 87 134 26 17 12 14 265 62 76 82 16 97 11 9 22 24 0 3 25 258 267 251 321 233 148 147 152 151 146 150 145 292 446 406 405 149 359 178 180 360 219 217 218 122 21 23 123 129 132 227 242 376 240 272 77 273 275 289 428 335 443 252 319 183 307 209 52 54 55 213 214 136 215 216 346 347 333 348 349 350 117 345 1 32 462 255 477 253 479 444 442 427 334 445 102 78 85 31 84 367 366 274 413 184 426 254 322 187 470 343 439 92 94 159 276 472 277 369 72 111 231 56 223 245 224 256 311 438 436 432 177 41 179 312 290 437 232 474 388 379 412 243 408 167 239 238 229 65 64 6 42 2 43 119 125 157 161 37 34 182 59 61 5 67 58 142 185 249 74 71 70 75 73 269 354 353 285 262 283 220 315 316 355 116 352 115 358 118 226 133 373 135 374 124 372 270 268 414 153 155 156 370 244 394 96 344 351 291 463 464 453 460 250 461 8 10 30 143 393 141 310 430 317 416 271 81 282 98 368 13 33 160 80 371 418 137 126 144 121 127 95 186 181 386 389 387 385 241 128 225 284 69 29 162 140 
345 194 442 390 250 324 461 462 201 330 331 197 394 312 310 395 246 476 286 244 117 347 112 385 344 350 479 348 103 107 332 105 195 443 248 165 334 335 163 319 249 179 444 177 427 255 477 253 68 74 252 69 189 55 214 53 325 464 453 208 209 210 211 293 473 291 460 196 48 51 202 193 452 247 49 198 199 273 139 436 311 392 287 85 289 83 141 235 397 439 233 393 302 186 316 317 290 437 309 111 343 143 138 28 137 31 146 29 245 140 142 99 22 118 119 353 354 20 113 114 448 333 386 346 474 349 206 212 204 239 305 412 378 232 388 387 216 104 102 78 109 86 110 101 205 338 106 329 188 466 336 391 288 373 156 370 154 164 363 313 178 428 445 38 157 35 183 242 383 307 320 251 176 441 322 321 172 43 160 41 360 182 181 166 430 306 93 304 148 52 207 260 254 71 1 32 67 11 75 76 259 8 70 365 128 144 126 190 59 60 61 62 127 218 54 220 136 406 213 446 215 281 326 278 340 342 271 269 292 463 404 327 133 90 295 87 267 298 296 129 379 243 167 241 19 108 16 73 34 40 4 171 50 47 192 45 341 457 451 200 191 377 357 456 356 454 429 236 414 227 418 226 277 77 472 276 275 272 223 433 432 221 438 314 315 355 18 82 152 84 96 65 228 63 450 234 238 440 237 425 380 396 92 308 187 130 185 169 303 98 14 80 13 159 283 284 94 95 467 39 170 175 174 435 5 56 222 231 402 147 9 10 30 121 36 37 150 403 145 434 224 256 225 100 24 0 123 21 27 125 25 358 359 115 116 285 264 262 351 352 180 419 424 158 449 203 420 421 422 413 155 372 371 153 389 410 408 261 132 240 300 400 399 168 411 23 122 135 134 374 3 151 81 91 12 15 301 88 459 382 381 475 328 337 230 447 217 465 376 455 375 384 131 369 268 470 417 416 270 361 366 367 368 469 362 299 471 44 161 266 184 478 280 279 339 323 79 97 282 89 297 173 2 33 42 162 219 405 120 364 294 258 72 58 265 409 263 257 468 398 66 6 7 229 57 407 149 318 458 423 415 426 274 64 124 401 17 46 431 26 
195 443 194 248 332 273 103 139 436 331 312 311 201 330 197 247 392 246 287 452 373 156 370 48 165 154 68 164 316 363 302 313 179 442 444 178 335 177 428 107 105 345 390 334 163 391 138 288 445 466 338 336 414 227 418 226 277 78 77 472 289 276 275 102 28 85 83 272 360 223 433 432 172 290 221 309 438 186 317 394 310 476 437 314 93 315 198 51 202 193 49 199 250 324 461 462 395 286 141 236 451 429 430 355 377 357 456 356 457 454 200 369 123 135 374 389 153 122 371 372 419 268 34 157 32 155 470 417 416 16 71 73 8 1 35 38 270 361 467 283 366 127 367 368 469 303 362 299 471 169 304 166 306 43 160 41 182 181 319 249 344 427 479 359 180 358 109 86 110 101 205 106 206 329 188 104 244 117 347 112 385 350 348 255 477 253 209 69 384 131 381 475 328 465 115 351 230 218 406 447 403 217 337 382 376 455 375 468 228 61 65 229 242 243 129 241 240 408 379 269 271 448 449 420 413 274 81 82 152 84 30 398 3 126 147 148 151 29 31 9 10 11 76 18 120 364 219 405 352 59 56 231 222 225 256 224 459 173 170 435 434 89 296 297 298 174 175 39 98 14 80 13 159 284 92 94 95 185 235 397 439 233 393 291 460 473 220 446 318 285 204 60 40 4 171 50 47 192 45 341 108 191 208 327 99 19 196 74 252 189 55 214 53 325 464 453 210 211 293 111 343 143 140 142 57 63 234 450 431 478 54 213 262 132 118 353 264 409 263 396 237 440 238 365 22 21 24 23 125 134 124 388 387 232 133 463 265 404 474 386 346 281 326 278 424 458 158 423 415 426 162 42 33 161 37 266 75 72 15 17 254 258 70 260 267 0 2 36 27 44 116 411 215 128 52 121 144 207 425 100 88 168 300 399 46 167 378 305 91 301 90 87 12 187 282 176 79 96 97 321 183 383 307 320 251 441 322 119 354 407 342 295 422 421 203 190 212 216 333 137 146 245 20 113 114 349 239 412 130 380 402 401 149 64 150 259 257 145 323 308 62 5 58 66 6 410 261 292 339 279 280 340 184 7 26 400 136 67 294 25 
331 452 201 247 195 443 194 248 466 332 338 336 103 107 105 139 391 138 288 273 436 312 311 330 197 392 246 287 377 357 456 356 457 202 451 454 198 200 429 48 165 51 193 49 199 154 68 164 236 373 156 370 316 363 302 313 179 442 444 178 335 177 428 345 390 334 163 445 230 218 406 447 403 475 217 337 465 382 381 205 106 329 328 376 455 375 289 102 78 28 85 83 109 86 110 101 206 188 104 272 77 275 384 131 414 227 418 226 277 472 276 360 223 433 432 172 290 221 309 438 186 317 394 310 476 437 314 93 315 250 324 461 462 395 286 141 430 355 240 132 358 118 353 359 285 264 262 318 467 409 263 431 478 396 237 440 234 450 341 108 50 191 192 229 238 228 16 71 73 8 34 157 1 32 35 38 204 60 40 4 171 47 45 208 327 99 19 196 270 361 268 153 155 372 57 63 369 123 135 374 389 122 371 419 470 417 416 283 366 127 367 368 469 303 362 299 471 169 304 166 306 43 160 41 182 181 319 249 344 427 479 180 244 117 347 112 385 350 348 255 477 253 209 69 115 351 124 133 64 55 54 214 213 220 446 219 162 150 407 149 405 259 297 265 257 145 401 402 323 254 322 441 187 130 308 307 383 380 459 422 421 203 190 88 100 301 125 134 241 242 3 126 147 148 151 152 29 30 31 81 82 84 9 10 11 76 18 211 342 36 22 24 0 14 90 91 12 15 295 53 212 189 216 333 120 364 413 274 269 271 21 23 129 468 61 65 243 408 379 448 449 420 398 352 59 56 231 222 225 256 224 173 170 435 434 89 296 298 174 175 39 98 80 13 159 284 92 94 95 185 235 397 439 233 393 291 460 473 74 252 325 464 453 210 293 111 343 143 140 142 58 239 26 119 20 116 354 113 184 75 266 410 411 261 146 168 399 400 70 72 258 294 260 424 321 279 176 320 251 339 425 415 423 280 340 278 326 62 66 387 17 267 42 33 161 37 2 27 44 114 349 215 5 6 7 46 300 305 458 426 346 386 232 365 388 463 404 474 281 158 128 52 121 144 207 167 378 87 282 79 96 97 183 137 245 412 25 136 292 67 
453 340 196 342 354 474 350 349 413 333 203 448 216 104 189 215 422 204 212 446 404 473 464 462 324 463 211 210 426 268 458 419 339 108 341 281 325 326 278 119 117 19 109 99 208 352 114 113 280 180 359 353 379 261 378 412 232 479 388 386 347 385 346 390 348 345 112 389 282 77 272 274 364 459 277 449 420 380 425 106 190 205 421 159 424 158 214 128 220 136 55 53 49 4 50 51 107 206 188 405 219 213 415 184 318 94 314 285 447 406 218 371 72 257 265 298 296 267 293 292 129 243 477 461 460 291 271 239 269 395 246 476 286 253 209 250 408 418 284 185 153 32 154 155 270 361 414 416 417 362 468 469 423 251 321 323 320 279 200 191 100 327 110 80 98 79 62 140 225 67 125 118 25 116 20 22 105 9 12 15 88 86 101 201 202 193 45 199 283 411 467 360 115 351 81 96 407 33 41 160 178 162 358 384 264 357 262 226 149 30 145 150 263 399 400 409 410 304 305 169 167 23 122 133 135 387 439 394 442 344 427 372 255 68 248 194 444 163 334 143 393 141 330 244 156 373 161 182 97 28 78 139 273 84 275 276 374 120 366 369 472 222 435 221 434 365 398 367 234 142 233 396 130 183 382 187 308 383 337 336 338 328 329 173 192 171 37 43 186 92 27 29 144 126 368 127 137 121 52 229 61 54 7 58 5 59 60 197 198 0 1 2 3 6 39 40 46 47 170 103 332 138 83 288 151 401 465 217 316 355 34 42 95 431 10 13 93 313 315 391 475 466 403 370 8 73 70 258 75 259 266 301 297 295 294 174 309 175 90 87 89 63 57 64 131 227 132 240 241 242 176 441 322 319 249 312 310 437 111 343 247 392 287 331 290 71 254 69 74 252 82 317 44 35 48 157 164 195 376 56 223 363 470 471 207 303 300 299 245 224 256 433 231 381 235 457 237 440 397 450 455 356 456 454 429 452 451 11 14 179 66 432 134 124 123 21 26 36 24 165 335 289 16 17 18 91 168 166 478 375 443 445 181 402 177 311 438 428 236 377 31 102 152 146 147 302 306 172 228 230 238 65 307 148 260 430 38 85 436 76 
141 197 310 330 209 69 249 250 165 334 335 163 344 177 427 345 194 442 390 112 140 142 143 233 393 244 394 395 105 85 289 83 198 311 331 199 286 287 246 291 460 309 312 437 476 324 461 462 201 208 210 211 29 128 144 126 70 251 252 71 253 254 255 321 319 322 477 74 49 38 157 48 370 195 35 164 68 336 332 178 428 443 248 188 288 138 348 387 346 385 388 479 93 304 313 302 179 444 181 117 347 350 103 107 53 206 212 204 113 114 349 8 62 225 67 256 245 59 231 111 145 146 234 396 397 343 102 147 148 130 185 380 183 235 439 237 137 31 104 106 76 18 82 16 152 276 84 78 28 472 275 273 139 454 200 429 452 247 314 315 438 392 436 45 191 193 167 241 269 239 292 463 293 464 473 296 41 174 435 175 221 172 290 186 316 317 306 95 189 55 214 325 453 196 51 202 20 101 327 99 278 109 342 213 136 215 216 30 119 27 125 25 220 368 127 121 52 398 367 365 207 257 72 258 259 260 381 382 323 441 320 73 63 97 282 98 339 96 176 242 383 307 187 132 11 75 19 108 50 44 36 161 37 3 34 1 266 371 156 155 32 226 470 417 416 372 154 373 356 376 455 375 337 338 465 328 391 466 359 180 360 358 445 471 430 363 15 100 190 329 87 134 374 135 153 389 133 386 232 410 408 474 305 412 378 243 169 92 94 298 91 301 90 399 362 303 300 166 361 43 160 182 42 162 22 118 353 354 448 333 86 110 205 54 47 192 421 420 422 351 115 352 116 10 66 60 229 61 7 58 5 432 224 223 56 299 423 469 433 222 434 263 261 400 149 150 401 151 402 403 451 236 450 457 440 424 308 425 129 131 284 426 184 159 458 65 228 238 64 230 4 203 88 17 14 9 81 80 407 379 418 277 77 274 122 369 366 272 240 271 270 414 227 217 456 467 478 384 377 357 447 446 219 318 285 283 355 46 173 326 168 268 294 267 265 404 295 89 297 13 79 33 40 171 39 170 120 364 218 406 281 340 341 21 279 158 415 280 262 405 26 24 0 124 123 449 459 468 264 411 431 409 475 23 57 413 12 2 419 6 
198 311 197 331 289 336 105 332 178 335 177 428 165 334 163 195 443 194 248 370 454 200 429 49 199 452 201 247 313 314 93 315 309 310 312 438 287 437 392 85 83 141 330 286 246 273 103 139 436 472 276 275 356 376 455 375 337 106 338 465 288 328 391 104 107 188 138 466 221 359 180 360 41 179 358 181 445 304 302 344 427 442 444 471 306 430 164 38 157 48 35 68 209 69 249 250 345 390 348 373 156 154 316 363 226 470 417 416 371 372 155 217 229 238 230 440 457 228 450 236 263 456 50 191 202 451 467 478 384 19 196 108 109 51 193 45 377 357 361 362 447 220 446 219 318 94 285 283 355 92 95 186 317 174 435 175 172 290 291 460 393 476 394 224 434 432 76 18 82 16 152 84 102 78 28 31 112 140 142 143 233 244 395 324 461 462 253 211 414 227 418 277 77 272 223 433 122 368 398 369 420 366 274 379 240 271 270 262 374 125 134 124 241 307 242 132 131 308 383 382 381 145 149 401 403 475 88 100 190 329 205 405 4 216 333 189 203 204 206 86 110 101 99 15 218 406 120 364 222 119 118 354 353 116 352 115 407 33 160 162 351 13 176 79 96 42 182 43 298 91 301 90 399 303 305 300 166 169 387 346 385 388 479 322 477 319 121 365 468 299 148 27 44 36 161 37 3 34 1 266 75 32 71 73 8 11 74 208 210 29 128 144 126 70 251 252 254 255 321 117 347 350 114 349 123 135 389 153 419 268 127 367 469 129 225 256 423 158 415 474 232 386 133 213 62 61 66 65 58 64 57 439 237 235 63 441 279 320 397 234 396 257 72 258 261 264 400 411 431 409 170 39 171 173 192 326 327 341 9 12 453 340 342 325 339 60 40 47 7 46 56 458 207 136 55 54 215 214 410 10 80 159 284 184 2 187 183 185 17 81 97 98 14 378 297 293 295 87 89 296 167 269 239 292 463 464 473 67 245 449 260 282 402 151 150 30 147 137 146 53 212 113 59 231 111 343 130 380 243 408 448 413 459 23 421 278 280 422 404 412 25 22 21 26 24 424 425 323 265 267 294 259 168 0 6 426 52 20 281 5 
454 198 200 429 356 376 455 375 289 336 105 332 337 106 338 465 288 328 391 217 229 238 230 440 457 228 450 236 335 370 165 195 197 49 199 331 452 201 247 263 456 50 191 202 451 467 478 384 287 355 262 357 374 125 134 124 241 307 242 240 377 132 131 308 383 382 381 227 311 472 276 275 85 83 273 103 139 334 163 104 107 188 138 443 194 248 466 145 149 401 403 475 108 88 19 100 190 329 205 219 405 447 164 428 115 445 351 358 213 218 406 270 225 62 61 66 65 58 64 57 387 135 439 237 235 63 372 133 122 441 279 176 320 397 234 396 123 373 178 177 226 470 417 416 371 157 156 155 154 38 48 35 68 141 310 330 286 246 196 109 51 193 45 436 312 392 257 70 72 258 261 264 400 411 431 409 203 170 39 171 4 173 192 326 99 327 110 341 360 116 352 283 318 314 438 437 54 430 317 316 284 315 285 113 118 353 359 153 220 368 128 127 119 27 25 22 21 44 26 24 23 167 269 239 243 129 477 322 187 130 183 271 343 423 158 424 92 425 380 252 319 251 323 254 414 418 313 93 309 398 369 420 277 366 274 272 379 152 84 78 77 76 18 82 16 102 28 31 209 69 249 250 344 427 345 442 390 348 216 333 189 204 206 86 101 15 363 302 179 444 399 144 29 146 30 150 147 151 402 404 265 407 295 267 294 259 297 339 340 168 299 166 300 87 12 89 90 301 9 449 448 421 459 422 121 136 215 446 160 180 471 306 181 20 432 290 182 161 162 212 53 214 55 268 256 224 140 67 223 59 56 47 60 7 5 91 97 17 46 6 40 291 292 293 346 389 385 386 232 388 476 395 394 393 233 98 321 96 260 255 278 79 280 281 13 245 244 142 231 143 221 41 304 469 468 361 415 419 474 266 75 37 32 34 148 36 3 1 71 73 8 11 74 112 460 324 461 462 253 211 350 354 117 453 342 325 208 433 172 186 298 10 378 412 408 410 305 303 169 458 426 413 434 175 435 174 0 2 114 349 159 94 95 52 185 282 81 184 210 347 367 365 120 126 137 43 42 14 463 464 473 296 479 207 111 33 362 364 80 222 
455 263 356 456 200 440 454 457 145 337 149 401 336 217 465 338 403 466 475 106 308 307 383 376 375 382 377 381 257 70 72 258 261 262 264 400 478 411 431 198 429 355 357 467 384 202 452 451 409 50 49 191 441 279 176 320 439 238 237 397 450 235 234 229 230 228 236 396 399 144 29 146 30 150 147 151 402 404 265 213 405 406 407 295 267 294 328 289 105 332 288 391 115 445 351 358 218 447 219 205 107 329 259 297 108 88 19 100 104 190 188 343 423 158 424 92 187 425 183 380 477 322 241 242 132 130 252 319 251 374 125 134 124 240 131 227 323 254 301 298 142 256 140 245 69 8 71 74 260 10 73 75 266 379 378 412 408 410 113 352 283 318 285 300 305 168 335 370 165 195 197 199 331 201 247 287 54 430 317 316 284 315 314 118 353 359 360 116 110 341 109 51 193 192 303 169 203 170 39 171 4 173 45 196 326 99 327 255 421 398 420 449 278 79 280 281 339 13 96 98 321 476 395 394 393 233 387 135 65 63 64 244 270 225 62 61 66 58 57 372 133 122 123 373 231 143 435 174 304 368 367 128 126 365 137 207 141 28 31 102 148 32 33 1 34 78 152 84 474 371 232 386 473 296 464 293 292 463 212 53 214 215 446 160 180 162 434 175 90 87 311 472 276 275 85 83 273 103 139 334 163 138 443 194 248 164 428 21 20 392 432 290 436 444 182 181 179 178 161 127 55 220 121 136 459 422 204 206 86 101 433 172 89 340 299 166 12 9 15 216 333 189 448 111 470 469 417 415 468 419 458 94 159 184 426 41 2 42 95 185 186 479 390 442 462 253 461 250 249 460 167 269 239 243 129 24 23 26 154 153 119 27 25 22 44 416 271 226 414 418 362 91 309 224 223 222 67 59 209 68 35 11 76 16 77 80 81 82 156 48 157 37 155 453 388 347 385 346 389 349 210 208 325 112 114 117 354 471 306 40 177 38 310 330 286 246 312 438 437 56 5 52 363 302 313 93 282 97 342 211 60 47 46 413 6 0 3 7 350 324 369 366 364 277 274 14 17 43 348 345 344 427 291 272 268 18 221 120 36 361 
457 202 452 451 456 382 377 381 205 338 107 106 466 332 336 475 329 391 328 403 396 237 440 230 454 234 236 450 110 341 109 108 51 201 193 50 200 49 191 357 356 331 247 198 429 431 384 478 192 409 264 263 323 254 322 441 187 132 130 308 455 307 383 240 131 376 375 380 171 459 422 421 204 206 203 104 190 86 101 103 105 138 188 88 19 100 337 218 406 447 217 465 195 443 194 248 139 288 289 402 407 401 327 301 259 297 265 257 150 145 149 424 231 143 142 393 233 343 439 397 98 321 64 238 63 235 279 176 320 124 372 133 122 57 228 229 251 339 295 90 425 469 415 423 280 342 340 278 326 211 196 208 99 60 40 4 47 45 48 165 197 199 246 170 39 173 358 118 353 359 285 262 314 318 467 355 273 436 312 311 330 392 287 154 68 164 335 370 294 260 266 410 411 400 435 174 146 303 169 168 408 399 261 75 70 72 258 281 147 367 126 144 71 253 255 69 252 460 477 249 319 186 159 92 185 183 26 134 241 242 129 158 58 416 271 270 239 226 227 21 23 123 374 125 458 426 300 305 175 366 364 274 413 398 420 449 184 215 212 333 448 114 348 349 350 216 189 53 36 22 24 0 14 91 9 12 15 18 102 78 28 85 83 334 163 390 299 166 87 89 315 127 55 54 214 213 220 446 219 162 351 405 178 180 360 115 445 373 156 316 363 302 313 179 442 444 177 428 345 272 77 275 472 276 207 148 152 151 292 267 362 304 298 74 433 172 296 463 404 84 31 30 29 419 223 222 59 111 256 140 245 286 141 395 244 427 388 479 476 394 310 43 160 41 80 282 13 79 96 97 46 7 6 66 65 387 135 232 116 25 155 386 371 153 385 56 5 61 225 62 434 293 306 470 361 468 417 268 81 352 113 210 325 453 136 209 462 324 119 354 117 112 20 11 44 1 2 3 27 38 16 73 8 34 157 32 35 432 290 167 181 347 95 94 284 283 93 430 317 414 418 277 221 309 438 437 250 461 76 82 269 412 378 137 243 389 474 379 37 10 368 120 365 128 52 291 473 344 161 33 42 182 17 121 67 464 471 369 346 224 
458 380 426 425 203 364 413 459 251 339 321 323 340 282 281 341 320 280 279 108 362 361 468 268 419 469 415 423 234 142 233 396 130 185 183 382 424 187 308 333 448 284 184 159 158 205 422 421 383 106 104 190 222 435 221 434 120 272 366 365 449 369 398 77 274 277 420 367 381 70 69 252 249 319 254 322 441 63 235 97 98 96 176 457 237 440 326 453 196 342 325 278 161 351 182 162 81 79 80 110 109 327 397 450 50 200 49 191 19 100 99 207 399 304 303 313 363 300 471 299 56 223 270 414 416 470 245 224 256 153 32 154 155 271 417 418 433 231 451 236 144 145 29 146 140 141 143 244 343 310 393 394 439 129 131 132 242 307 44 43 186 92 95 456 377 455 354 474 350 349 216 189 215 204 212 214 82 262 355 283 317 285 94 34 42 33 160 37 202 171 51 107 206 329 478 375 88 337 336 338 105 328 188 4 173 45 192 111 301 257 298 297 174 309 175 172 170 311 438 436 432 54 52 121 127 368 374 373 273 472 275 137 269 30 28 78 139 84 276 386 372 371 156 389 147 126 475 391 384 72 258 8 71 259 74 260 128 209 250 253 255 344 177 334 427 460 477 461 23 232 122 133 57 228 64 230 238 65 91 18 17 14 13 179 41 181 403 466 452 454 446 404 473 464 462 324 463 211 210 119 117 208 352 114 113 347 353 157 38 213 149 217 405 115 445 358 360 180 444 73 16 10 75 11 295 90 86 101 201 193 401 465 429 39 263 356 198 197 199 9 12 15 89 148 261 400 378 305 409 169 168 93 302 306 166 178 335 428 315 430 316 21 20 116 5 59 58 67 225 61 376 241 240 227 226 195 370 164 346 387 1 68 35 48 248 412 239 379 408 243 431 247 447 150 151 402 31 102 62 112 345 330 395 286 291 312 437 476 388 348 479 442 385 6 123 26 124 134 135 24 66 47 46 27 36 3 2 264 357 332 359 390 220 136 55 53 219 406 218 152 85 76 411 467 318 314 290 392 40 60 103 138 288 87 289 165 163 83 0 7 265 267 294 296 293 331 287 443 22 25 125 118 229 292 167 246 407 266 194 410 
413 333 203 448 426 268 458 419 453 340 196 342 339 108 341 281 325 326 278 282 77 272 274 364 459 277 449 420 354 474 350 349 216 104 189 215 422 204 212 380 425 106 190 205 421 159 424 158 214 284 185 184 153 32 154 155 270 361 414 271 415 416 417 362 468 469 423 418 446 404 473 464 462 324 463 211 210 119 117 19 109 99 208 352 114 113 280 251 321 323 320 279 50 200 49 191 100 327 110 80 98 79 347 353 161 351 182 162 97 81 96 269 30 28 78 139 273 84 275 276 374 373 120 366 369 472 386 372 371 222 435 221 434 365 398 367 156 389 180 359 379 261 378 412 232 479 388 385 346 390 348 345 112 128 220 136 55 53 4 51 107 206 188 405 219 213 234 142 233 396 130 183 382 187 308 383 88 337 336 338 105 328 329 173 45 192 202 171 160 37 43 186 92 94 406 218 82 262 355 283 317 285 95 44 34 42 33 387 10 72 8 73 1 68 35 48 157 248 164 195 370 376 241 240 227 226 56 223 363 470 471 239 207 399 304 303 313 300 299 245 224 256 433 231 408 243 318 314 447 257 265 298 296 267 293 292 129 477 461 460 291 395 246 476 286 253 209 250 62 140 225 67 125 118 25 116 20 22 9 12 15 86 101 201 193 199 411 467 360 115 381 70 69 252 249 319 254 322 441 63 235 176 457 237 440 397 450 170 39 455 263 356 456 454 198 429 452 451 197 297 89 301 295 90 75 11 14 13 179 41 264 357 358 38 149 217 445 444 181 91 18 17 16 167 145 150 29 31 151 102 152 138 103 83 85 247 392 287 288 289 332 229 238 230 134 135 124 133 122 123 54 52 121 127 368 436 432 438 343 111 174 309 175 172 311 146 137 144 147 126 407 178 384 400 409 410 305 169 23 439 394 442 344 427 255 194 163 334 143 393 141 330 244 27 61 7 58 5 59 60 0 2 3 6 40 46 47 401 465 316 236 310 131 132 242 307 377 478 375 168 166 87 403 466 475 391 165 335 36 24 302 93 315 76 430 290 437 306 66 26 258 259 266 71 74 443 428 331 65 64 57 228 21 260 148 177 431 294 312 402 
459 205 422 421 425 469 415 423 110 341 109 108 280 342 340 279 327 278 326 320 367 366 364 274 413 398 420 449 202 171 51 50 107 204 206 106 203 104 190 184 426 215 212 333 448 308 158 424 329 383 183 380 433 231 223 222 363 416 470 362 458 361 468 271 417 268 419 299 338 295 90 301 86 101 88 19 100 201 193 211 196 208 99 200 49 191 339 81 96 79 282 281 349 352 114 113 210 325 453 441 176 323 192 451 397 450 235 234 319 251 321 303 147 126 144 127 368 207 120 365 436 432 275 272 472 369 435 221 434 155 386 372 371 276 277 77 256 170 457 452 300 400 305 399 175 40 39 174 173 60 4 47 45 103 332 105 138 188 348 350 216 189 53 337 336 328 162 34 42 33 95 185 94 92 159 284 463 405 219 446 136 213 214 346 112 347 354 474 440 343 439 307 187 382 475 391 252 478 375 455 242 381 130 394 142 233 396 172 254 258 71 70 143 59 111 140 245 61 56 225 224 316 302 313 430 471 164 154 270 414 226 304 84 412 239 269 240 379 418 157 370 156 153 32 168 166 456 377 466 267 294 293 87 257 298 297 306 14 91 12 89 36 22 24 0 9 15 18 194 48 195 165 331 247 197 198 199 246 253 460 209 462 324 119 117 20 263 356 454 429 285 73 16 82 17 97 10 13 80 181 182 98 180 41 160 161 351 389 388 283 411 467 318 360 116 115 359 353 25 292 291 464 404 473 260 255 477 322 238 237 431 384 236 244 401 465 228 65 63 461 250 249 69 169 151 402 102 148 145 29 146 55 128 52 137 118 123 21 54 121 220 443 179 178 312 290 311 309 438 392 288 83 289 139 273 374 373 122 37 35 385 133 232 387 124 152 85 78 30 28 403 230 357 261 410 409 378 167 437 43 44 66 46 6 11 62 5 7 1 2 3 27 38 330 248 334 335 163 68 390 286 393 141 427 479 344 345 149 217 376 358 26 315 93 317 186 314 262 355 408 243 296 407 447 406 218 67 58 395 476 241 132 131 74 227 135 23 129 442 310 72 266 259 8 76 229 57 125 444 177 428 445 287 75 31 64 264 265 134 150 
215 422 204 212 349 352 114 113 280 342 341 340 211 109 196 210 278 208 325 463 405 219 446 136 216 213 53 214 415 184 425 426 459 205 421 413 333 203 448 348 350 107 206 104 189 346 112 347 420 389 388 474 283 411 467 318 360 116 115 180 354 359 353 25 20 119 117 351 274 81 96 79 320 279 282 339 281 469 423 110 108 327 326 268 458 419 453 253 460 209 462 324 51 201 202 193 101 99 19 292 291 464 158 417 408 418 243 379 296 404 473 160 151 401 149 465 217 407 447 406 316 355 121 220 54 218 94 314 285 67 7 58 5 52 55 128 262 284 271 416 162 34 42 33 95 183 185 92 159 383 380 308 424 367 366 364 398 449 171 50 106 190 329 77 272 277 286 143 393 141 427 479 334 344 345 390 86 103 332 105 338 138 188 47 192 45 49 4 269 410 167 387 385 386 276 472 265 156 373 153 135 371 232 169 261 378 412 186 267 73 258 72 400 478 431 263 264 375 384 356 357 443 179 178 445 358 224 225 125 118 21 41 137 3 26 27 124 0 22 111 56 59 62 140 161 182 155 372 275 16 82 17 97 10 13 80 181 319 176 321 98 397 450 235 234 251 323 441 433 231 223 222 363 470 362 361 468 299 295 90 301 88 100 200 191 451 32 154 270 414 163 71 254 255 322 477 69 249 250 437 476 461 197 310 330 395 246 60 40 194 48 195 165 331 452 247 198 199 457 18 91 15 9 12 266 294 87 293 241 239 157 370 226 409 78 273 227 242 129 89 297 298 257 43 102 152 147 402 30 145 150 328 337 475 403 429 228 236 391 466 336 436 312 311 302 317 313 93 315 430 369 365 120 368 127 229 61 57 244 245 46 64 6 66 230 148 207 126 29 144 84 240 164 1 38 37 2 44 306 394 439 307 187 130 252 455 381 382 142 233 396 440 343 303 432 435 221 434 256 170 300 305 399 175 39 174 173 28 139 374 287 237 428 177 444 442 335 68 248 36 24 14 85 289 83 288 456 377 168 166 134 133 122 259 123 65 63 23 172 304 8 76 75 70 260 376 131 454 290 309 438 392 471 74 146 132 35 11 238 31 
260 441 255 254 207 402 148 147 440 343 439 397 111 395 244 231 396 143 142 222 294 266 259 76 74 258 71 70 308 455 307 383 176 477 322 320 252 319 251 52 137 462 253 250 69 367 126 144 323 364 120 365 431 168 410 409 407 152 151 403 146 150 145 85 102 31 29 401 279 200 454 457 238 237 450 235 234 92 187 476 394 393 233 425 183 380 245 5 56 59 67 140 390 350 479 348 286 141 330 433 223 256 382 424 362 458 361 468 221 434 224 475 88 87 295 292 267 297 265 257 318 411 82 75 73 72 456 264 263 38 165 157 48 16 8 11 400 478 423 158 337 106 336 338 356 376 375 377 381 241 242 132 130 13 79 96 98 321 444 442 461 249 460 341 280 339 20 0 21 22 54 121 55 127 128 136 246 196 453 324 473 211 209 163 427 334 345 194 469 303 363 366 368 398 326 281 435 203 413 459 272 449 369 313 300 471 299 384 170 50 39 171 166 167 169 305 399 269 408 412 261 446 447 406 405 149 161 37 84 30 78 466 18 105 289 83 276 103 28 3 34 1 35 36 328 465 421 420 278 49 191 198 429 202 452 451 217 229 230 228 236 134 387 374 135 65 63 64 41 2 33 42 94 159 95 184 185 186 290 392 437 312 310 385 344 388 205 422 415 426 53 4 6 7 57 58 60 61 62 115 116 225 117 118 119 25 114 68 248 216 104 333 189 354 474 349 347 112 232 199 287 197 201 331 173 172 436 432 416 470 190 448 419 304 108 340 268 270 414 311 309 438 175 391 19 100 12 89 110 90 301 291 293 296 298 346 153 389 463 404 464 180 359 353 314 467 285 357 262 283 282 97 81 80 10 155 32 156 27 44 335 370 195 164 371 15 17 9 86 14 327 417 212 107 188 329 332 288 355 125 124 240 131 227 66 239 243 129 24 123 23 133 26 93 160 181 162 182 43 179 317 430 306 445 443 428 177 109 342 274 113 122 213 218 219 220 214 204 215 138 139 247 99 325 208 210 378 379 302 316 275 472 277 174 77 154 373 273 178 315 51 45 192 40 46 271 418 386 360 358 351 352 284 47 91 226 206 193 372 101 
249 291 209 460 310 233 141 393 387 344 346 385 334 112 345 427 388 348 479 177 321 251 319 69 250 322 253 477 167 241 269 239 292 210 463 293 461 464 473 197 330 208 211 324 462 437 286 476 296 309 311 312 130 185 380 183 234 142 396 235 394 397 439 140 143 244 395 237 87 134 374 135 153 389 133 386 232 410 408 113 347 349 474 305 412 378 442 165 335 163 194 390 53 206 212 204 114 350 117 181 428 444 243 169 93 304 313 302 178 179 443 63 97 282 98 339 323 96 320 176 381 382 70 252 254 441 242 383 307 29 128 144 126 71 255 74 187 132 166 168 238 66 229 65 376 270 240 227 129 268 271 418 379 266 294 267 265 404 213 214 325 453 342 90 295 298 105 85 289 83 198 331 199 287 246 201 20 101 327 99 278 109 196 136 215 216 189 55 306 95 315 438 392 290 89 297 41 174 435 175 221 172 436 314 186 316 317 131 182 44 161 43 284 426 184 159 92 458 425 424 308 451 236 450 457 440 145 146 245 343 231 228 8 62 225 67 256 59 111 102 147 148 137 31 64 230 39 170 88 27 26 125 124 24 123 23 454 154 373 372 122 77 413 272 274 155 371 156 407 152 402 151 431 409 411 400 261 264 351 115 352 353 354 448 333 422 40 171 300 399 49 38 157 48 370 195 35 164 68 336 332 248 188 288 138 103 107 52 54 193 47 192 45 329 421 205 190 104 420 25 116 119 22 118 42 162 358 445 471 430 46 173 303 94 91 301 362 361 363 359 180 360 160 57 18 17 82 81 14 80 13 340 281 280 79 203 364 459 341 279 326 475 391 328 384 377 478 375 455 456 257 72 258 259 260 365 207 367 28 30 220 368 127 121 398 16 73 76 11 75 12 299 50 60 7 6 61 58 356 139 273 414 226 416 32 419 415 417 84 275 276 277 78 318 403 405 401 149 150 406 262 355 283 217 218 219 446 86 110 434 106 472 200 429 452 247 191 51 202 5 56 21 15 100 19 108 158 423 285 357 224 432 433 33 222 120 366 223 447 467 36 3 2 37 34 468 469 449 466 465 337 338 263 1 10 470 4 0 369 9 
250 324 461 462 330 244 394 395 117 345 347 112 442 385 344 390 350 479 348 194 74 252 69 319 249 255 477 253 189 55 214 53 325 464 453 208 209 210 211 312 310 293 473 291 460 246 476 286 196 201 331 197 137 31 146 29 245 397 343 140 141 142 143 235 439 233 393 111 99 22 118 119 353 354 20 113 114 448 333 386 346 474 349 206 212 204 334 179 443 444 177 427 239 305 412 378 232 388 387 68 248 163 216 104 103 107 332 105 195 165 335 67 11 75 76 259 260 8 70 71 365 207 320 251 441 254 128 144 126 183 242 383 307 176 322 321 148 52 188 190 59 60 61 62 127 218 54 220 136 406 213 446 215 281 326 278 340 342 271 269 292 463 404 101 327 109 302 186 316 317 436 311 290 392 437 309 133 90 295 87 267 298 296 129 379 243 167 241 138 28 139 247 287 199 19 108 48 51 202 193 452 49 198 273 85 289 83 121 35 36 37 38 84 150 30 152 102 403 145 402 147 434 224 256 222 231 425 380 234 396 440 225 96 65 228 63 450 238 237 92 308 187 130 185 5 56 45 191 100 24 0 123 21 27 125 25 223 358 359 115 116 285 264 357 262 351 352 180 419 159 424 158 449 203 420 421 422 413 155 372 371 153 389 410 408 261 47 192 329 205 172 43 160 41 360 178 182 445 181 363 313 428 166 430 306 93 304 132 240 175 40 171 39 300 400 399 168 169 411 23 122 135 134 374 1 32 154 164 391 288 4 50 106 78 86 110 338 466 336 373 156 370 157 58 14 9 80 10 18 82 16 265 266 72 73 409 456 263 257 258 294 468 471 299 369 120 398 368 367 364 341 280 279 339 323 381 382 455 95 184 227 375 376 131 478 13 79 98 97 282 15 328 173 66 6 7 229 57 366 315 314 447 219 217 162 407 149 405 284 355 283 318 94 277 458 417 423 415 426 268 274 275 276 416 270 226 418 91 301 451 303 467 433 432 221 438 170 174 435 64 230 124 12 88 89 297 151 401 77 272 236 429 200 34 457 377 356 454 414 472 44 2 3 161 33 475 337 431 361 470 469 362 459 42 81 465 46 26 384 17 
292 210 291 463 269 410 167 408 113 346 112 347 387 344 385 389 349 388 474 153 266 294 267 87 293 265 296 404 212 213 53 214 208 209 211 325 464 324 453 241 239 249 460 461 473 418 243 379 342 268 270 271 407 152 402 151 431 168 409 411 412 400 261 166 169 305 378 264 278 351 115 352 20 114 353 117 354 206 204 334 345 348 350 448 189 333 386 134 374 135 133 232 310 233 141 393 427 479 442 156 373 371 215 422 77 413 272 274 154 155 372 318 82 76 75 260 259 73 258 72 475 403 88 295 297 257 405 401 149 39 290 170 172 89 298 90 150 406 420 421 262 284 355 283 217 54 218 219 446 52 55 136 216 101 327 99 109 196 197 330 250 462 253 281 326 340 238 66 229 65 376 240 242 227 129 132 177 321 251 319 69 322 477 437 286 476 394 312 277 78 273 414 226 417 280 341 32 426 458 419 361 415 416 139 84 275 276 447 157 161 38 37 85 148 102 31 30 207 147 146 145 381 384 478 456 263 50 171 300 399 303 467 12 317 430 306 299 302 304 46 173 174 175 40 285 357 158 423 279 182 162 445 358 160 360 180 356 21 116 118 359 5 111 56 59 22 119 25 193 47 192 45 329 205 188 190 104 107 165 335 163 194 390 244 395 143 159 424 449 203 307 44 27 26 125 124 24 123 23 454 230 122 235 228 63 64 237 309 311 130 185 380 183 234 142 396 397 439 140 181 428 444 179 443 34 48 195 370 369 472 184 425 459 28 282 339 364 120 366 248 68 164 35 314 97 81 18 16 80 11 10 255 74 71 8 343 222 231 254 70 252 451 236 450 391 466 328 465 337 338 108 19 100 110 301 434 435 433 6 4 392 432 436 438 256 17 15 91 14 86 79 398 308 186 95 94 316 315 336 57 58 121 220 127 0 137 126 128 60 61 62 67 7 138 202 199 191 49 51 201 105 289 83 198 331 287 246 98 323 468 440 225 455 375 377 131 383 187 382 93 313 178 96 320 176 441 29 144 103 332 471 470 469 1 362 221 223 363 247 288 43 42 33 36 3 365 367 245 452 429 200 457 106 2 9 368 92 41 224 13 
325 464 324 453 214 448 189 333 386 347 385 346 117 345 112 354 474 350 349 353 281 326 278 99 208 340 196 342 412 271 239 269 293 461 473 292 210 291 463 55 53 250 462 209 211 446 216 215 404 406 218 213 419 159 424 158 449 190 203 420 212 421 422 188 104 206 204 413 267 155 372 371 133 232 153 387 389 305 378 442 344 479 388 410 167 408 113 22 118 119 20 114 330 244 394 395 390 348 334 180 359 352 379 261 285 264 357 262 358 351 115 277 80 98 282 323 339 79 279 280 468 458 100 327 108 341 417 423 415 45 199 191 49 19 109 101 426 268 411 400 274 84 275 276 416 240 270 226 418 132 241 129 243 90 295 87 298 296 312 310 249 460 477 266 294 265 59 60 61 62 127 54 128 220 136 52 194 74 252 69 319 255 253 246 476 286 141 197 318 94 314 447 219 405 72 257 162 150 403 407 466 149 217 315 284 355 283 414 160 37 43 161 186 187 92 185 184 382 308 380 425 365 369 398 364 459 173 192 329 205 106 472 15 83 288 138 328 105 107 4 50 51 193 47 77 272 151 401 258 35 32 164 154 157 370 156 366 124 122 374 373 64 237 230 238 134 135 23 175 40 171 39 300 399 166 168 169 304 179 443 444 177 427 233 393 439 152 402 431 409 126 36 24 0 123 21 27 125 25 223 56 116 140 225 67 5 111 201 331 137 31 146 29 245 397 343 142 143 235 68 248 163 165 335 33 41 178 360 384 467 30 145 263 95 75 259 456 377 356 428 181 445 182 273 11 10 14 13 82 97 81 322 321 176 96 396 457 440 441 320 251 434 224 256 471 361 299 470 469 362 297 89 88 301 110 451 202 200 7 46 287 429 198 247 450 9 12 86 18 91 73 478 147 85 28 78 289 139 363 58 57 131 227 376 26 130 307 242 66 229 65 63 6 306 435 290 170 172 174 309 302 316 317 436 311 392 437 76 260 475 231 228 367 368 120 121 144 148 207 103 332 195 8 70 71 254 183 383 93 313 391 465 337 42 338 452 454 336 438 430 38 1 34 44 2 381 455 234 221 432 433 222 303 3 17 375 102 48 236 16 
253 211 460 209 286 143 393 141 114 348 349 350 427 388 479 334 112 344 345 163 71 254 255 322 477 69 249 250 204 136 215 216 342 463 210 196 462 453 324 437 476 296 291 473 461 197 310 330 208 199 287 246 126 102 147 148 231 396 142 111 395 343 244 237 233 439 394 140 109 25 116 20 352 113 119 354 117 422 212 389 474 346 347 104 333 189 390 181 428 177 444 442 243 169 408 167 387 385 232 165 335 194 53 206 83 188 288 138 164 68 248 59 16 73 8 258 70 76 260 74 367 144 323 441 251 252 52 207 137 187 132 382 130 321 319 176 29 128 107 205 67 7 58 5 121 219 220 54 55 405 446 213 214 280 341 340 278 325 418 379 404 464 292 19 108 99 306 95 315 93 438 392 309 311 312 290 135 89 297 298 265 87 293 241 269 239 378 129 105 85 289 198 331 201 101 327 35 45 191 49 429 193 247 275 28 139 103 127 48 3 34 1 78 151 152 30 31 401 402 145 146 433 223 222 256 245 424 308 440 397 234 56 98 64 230 238 457 63 235 185 380 183 307 92 62 225 51 202 110 26 27 124 125 0 21 22 224 360 115 359 118 283 411 467 318 180 353 351 415 184 425 426 459 421 413 203 448 420 156 373 153 371 386 261 412 410 4 50 106 190 175 42 162 182 358 445 41 178 179 471 430 443 304 313 302 317 166 242 227 172 46 173 174 303 409 168 399 305 264 134 374 133 23 122 38 157 370 195 336 332 47 192 329 84 15 100 328 465 391 372 155 154 32 61 17 18 81 82 9 10 11 267 72 266 75 400 478 431 294 259 257 469 363 362 366 368 364 120 365 398 326 281 339 279 320 455 383 381 186 159 240 377 131 376 456 97 282 96 13 79 86 338 171 6 66 60 57 229 369 316 355 217 218 447 160 149 407 406 94 314 285 262 284 274 423 268 458 419 158 417 277 273 77 414 226 270 271 12 88 200 300 357 434 221 432 436 435 39 170 65 228 123 91 301 90 295 150 403 276 472 454 452 451 37 450 375 384 236 416 272 2 44 36 33 161 337 475 263 470 361 468 299 449 43 80 466 40 24 356 14 
342 463 211 210 215 422 204 212 389 349 388 474 114 348 350 113 346 112 347 352 280 341 340 109 196 278 208 325 408 418 243 379 296 460 291 404 453 473 464 136 216 253 209 462 324 213 53 214 292 405 219 446 415 184 425 426 459 205 421 413 333 203 448 107 206 104 189 420 265 156 373 153 135 387 371 232 386 169 167 427 479 344 385 261 378 412 354 25 116 20 119 117 286 143 393 141 334 345 390 351 115 353 269 410 283 411 467 318 360 180 359 274 81 96 79 320 279 282 339 281 469 423 110 108 327 326 268 458 419 51 201 202 193 101 99 19 158 417 264 409 277 78 273 77 414 227 226 270 271 242 129 241 239 89 297 298 87 293 437 476 477 461 249 72 257 267 67 7 58 5 121 220 52 54 55 128 163 71 254 255 322 69 250 197 310 330 395 246 262 284 355 217 218 406 266 294 160 151 401 149 465 407 447 316 94 314 285 416 162 34 42 33 95 183 185 92 159 383 380 308 424 367 366 364 398 449 171 50 106 190 329 272 86 103 332 105 338 138 188 47 192 45 49 4 276 472 150 403 259 48 157 195 370 32 154 155 369 123 374 122 372 65 235 228 63 23 133 134 172 46 173 174 303 168 304 399 305 166 181 428 177 444 442 439 394 233 30 145 263 400 137 3 26 27 124 125 0 21 22 224 225 118 111 56 59 62 140 199 287 126 102 147 148 231 396 142 343 244 237 165 335 194 68 248 161 182 445 358 356 357 152 402 431 186 73 258 478 375 384 443 179 178 41 275 16 82 17 97 10 13 80 319 176 321 98 397 450 234 251 323 441 433 223 222 363 470 362 361 468 299 295 90 301 88 100 200 191 451 60 40 331 452 247 198 457 18 91 15 9 12 75 456 146 28 85 84 139 289 471 61 229 376 240 131 24 307 130 132 6 57 64 238 66 302 170 309 435 175 39 290 306 315 93 438 392 311 312 8 70 337 245 230 365 120 368 127 207 29 144 83 288 164 76 260 74 252 187 382 317 430 336 466 475 43 328 429 236 391 436 313 1 38 37 2 44 455 381 440 432 221 434 256 300 36 14 377 31 35 454 11 
196 462 453 324 216 104 333 189 390 350 479 348 354 474 349 117 345 347 112 119 19 108 109 340 342 99 325 208 395 246 476 286 477 473 461 253 211 460 209 446 215 404 464 463 210 55 214 53 250 128 220 136 49 4 50 51 106 203 190 107 204 205 206 413 448 422 212 188 255 68 248 194 444 442 163 427 334 439 394 232 388 385 344 143 393 141 114 180 359 353 352 113 379 261 378 412 386 346 389 22 118 20 330 244 62 140 225 67 125 25 116 105 9 12 15 88 100 86 110 101 200 191 339 341 326 327 201 202 193 426 268 458 419 281 278 280 45 199 111 343 138 28 139 103 247 392 287 331 197 290 437 312 310 176 441 322 319 249 129 243 296 291 293 71 254 69 318 94 314 285 447 219 406 218 213 405 371 72 257 265 298 267 292 271 239 269 408 418 59 60 61 127 54 52 74 252 27 29 144 126 368 137 121 229 7 58 5 198 0 1 2 3 6 39 40 46 47 170 171 173 192 337 336 338 328 329 380 425 459 421 449 332 282 77 272 274 364 277 420 159 424 158 415 184 83 288 148 207 260 32 35 154 164 48 195 165 391 445 443 428 335 317 166 430 306 181 177 179 307 92 308 187 440 397 237 396 233 235 23 122 133 135 387 169 167 305 102 147 231 142 407 33 41 160 178 360 162 358 351 384 467 115 264 357 262 283 411 417 226 149 30 145 150 263 399 400 409 410 304 155 372 153 156 373 36 24 123 21 223 56 31 146 245 66 8 70 256 432 224 374 134 124 26 289 10 11 13 14 16 17 18 87 89 90 91 168 299 300 295 301 297 455 356 456 454 429 457 452 451 450 251 321 323 320 279 469 423 468 284 185 270 361 414 416 362 80 98 79 81 96 76 222 402 78 84 85 273 275 236 355 316 436 311 438 182 172 175 309 95 315 93 302 186 238 383 132 382 130 183 242 63 57 64 131 227 240 241 73 258 367 431 313 475 466 465 217 403 151 401 276 472 370 75 259 266 294 174 435 65 228 366 120 365 44 398 470 471 369 376 230 34 37 38 42 43 433 434 303 375 377 381 478 234 161 97 221 152 157 363 82 
262 284 355 283 213 149 217 405 161 351 182 162 115 445 358 352 160 360 180 113 261 263 264 356 357 411 467 318 282 82 97 81 185 317 186 184 285 95 94 54 218 430 316 315 314 215 219 446 159 212 53 214 72 404 257 265 145 337 401 150 406 403 407 336 465 466 447 151 426 157 38 37 44 43 34 42 33 321 98 444 181 179 41 280 96 79 353 21 20 116 118 359 392 432 290 436 443 178 428 349 114 354 80 281 210 278 208 325 112 347 117 30 379 378 412 399 400 408 409 410 70 258 455 456 478 431 75 259 266 454 198 200 429 375 384 377 267 73 340 339 152 276 85 84 76 18 16 11 10 91 17 14 13 130 380 183 187 92 476 437 306 93 302 415 425 158 56 57 5 58 52 55 121 136 220 127 248 470 299 471 166 363 313 331 312 311 438 287 342 463 211 204 216 333 419 424 346 420 421 422 206 448 189 209 464 324 453 8 474 371 232 386 473 298 296 293 292 301 297 295 294 144 29 146 147 402 440 457 338 475 328 31 376 289 105 332 106 288 391 228 450 236 452 230 78 102 413 203 458 370 156 165 48 155 35 32 148 27 36 3 1 66 174 47 46 26 2 24 233 63 234 235 251 323 319 320 176 322 479 390 442 427 177 175 309 172 274 459 341 279 120 122 23 123 0 22 124 25 125 111 59 119 224 67 225 61 223 247 246 368 472 398 369 256 170 433 434 221 39 195 194 335 164 163 389 388 348 350 109 196 277 449 326 291 417 423 327 101 99 334 344 345 385 28 226 418 129 243 271 239 269 304 305 169 167 435 192 173 303 168 300 142 140 245 69 71 252 74 260 254 308 307 383 382 381 202 451 191 229 238 197 49 199 201 50 227 242 131 240 132 268 108 364 275 273 77 83 103 255 62 60 86 9 15 134 90 89 12 64 7 6 40 65 249 396 394 397 439 237 393 477 462 461 395 286 330 310 416 469 205 222 4 207 137 126 128 365 366 367 139 138 68 414 468 361 362 87 88 460 253 107 104 190 387 329 193 45 188 141 250 372 373 153 133 135 110 100 171 143 244 343 231 441 374 241 19 272 154 51 270 
405 215 219 446 283 411 467 318 349 352 114 113 360 116 115 180 354 359 353 160 151 401 149 465 217 407 447 406 342 463 211 210 204 136 216 212 213 53 214 316 355 121 220 54 218 94 314 285 333 159 186 284 267 73 258 72 400 478 431 261 262 263 264 375 384 356 357 410 422 389 388 474 348 350 346 112 347 109 196 25 20 119 117 278 208 325 351 443 179 178 445 358 58 224 67 225 125 118 21 33 41 162 453 340 80 281 98 282 43 161 182 412 78 102 152 147 402 30 145 150 295 294 328 337 475 403 404 257 265 429 228 450 236 391 466 336 266 292 280 341 408 418 243 379 296 460 291 473 464 253 209 462 324 107 205 206 104 189 7 5 52 55 128 420 421 448 436 331 312 311 302 317 313 93 315 430 124 369 365 120 137 368 127 229 62 61 56 57 79 10 13 92 95 184 413 203 37 419 424 158 187 426 185 14 82 97 81 293 34 156 48 157 16 71 8 76 75 254 70 260 259 300 305 399 168 409 191 200 455 456 381 378 288 227 242 376 383 131 377 247 451 452 454 198 269 167 415 425 459 373 153 135 387 371 232 386 169 427 479 344 385 286 143 393 141 334 345 390 51 201 202 193 110 108 101 327 99 19 3 26 27 0 22 111 59 140 417 423 279 326 363 195 194 248 442 444 335 177 428 172 290 181 221 309 438 392 432 230 64 471 414 468 361 434 245 256 222 223 244 374 134 123 122 23 32 1 2 42 176 96 268 458 339 11 277 449 323 322 321 24 36 44 38 239 273 77 103 28 276 85 84 126 148 29 31 231 396 142 144 146 207 171 175 435 90 87 301 298 297 88 190 188 329 106 338 440 457 234 287 199 65 235 63 238 397 139 138 332 289 105 274 320 469 226 270 271 129 241 89 437 476 477 461 249 163 255 69 250 197 310 330 395 246 86 50 47 192 45 49 4 15 17 18 46 6 66 60 472 398 308 433 394 303 304 166 306 362 470 299 240 132 133 272 364 366 367 74 252 9 12 307 183 380 35 382 237 233 130 40 91 370 154 155 165 68 441 251 343 39 174 173 170 100 164 83 319 416 372 439 275 
406 214 218 213 285 264 357 262 347 353 117 354 358 118 359 351 113 115 352 162 150 403 407 466 447 149 217 405 325 464 324 453 189 55 53 333 446 216 215 315 314 127 54 220 219 284 355 283 212 184 95 94 265 75 259 266 409 456 263 410 318 431 411 377 356 384 467 261 448 386 385 346 345 112 474 350 349 99 208 22 119 20 114 340 196 342 180 428 181 445 178 360 61 223 59 56 21 116 125 161 182 160 210 278 81 280 96 79 42 33 41 408 84 31 30 146 145 152 402 151 297 257 338 475 337 401 292 294 267 452 230 457 454 336 465 391 72 404 281 326 412 271 239 269 293 461 473 291 463 250 462 209 211 188 190 104 206 204 60 62 128 136 52 413 203 422 438 287 437 392 306 93 430 317 316 313 123 366 367 368 126 120 121 57 5 58 225 229 282 82 97 185 186 159 420 421 34 415 425 426 183 158 92 17 10 13 80 296 37 155 35 32 11 74 76 8 73 252 260 70 258 303 169 168 399 400 202 451 381 478 455 167 332 240 132 131 382 376 375 198 200 429 236 247 379 378 419 424 449 372 371 133 232 153 387 389 305 442 344 479 388 330 244 394 395 390 348 334 45 199 191 49 100 327 19 108 109 101 36 24 0 27 25 140 67 111 268 458 339 341 471 164 163 335 427 177 248 444 443 175 309 179 432 290 436 311 221 228 65 363 416 469 470 433 231 222 256 224 143 122 23 124 374 134 157 38 44 43 321 98 417 423 279 16 274 459 320 319 176 26 3 2 1 243 275 276 83 85 77 28 78 137 29 148 102 245 397 343 207 147 144 173 172 170 89 298 88 87 295 301 205 107 106 329 328 234 450 440 331 201 64 237 238 63 396 289 105 288 139 138 277 323 468 270 226 418 241 129 90 312 310 249 460 477 194 69 255 253 246 476 286 141 197 15 192 4 50 51 193 47 86 14 9 40 66 6 7 272 364 380 434 393 300 166 304 302 299 361 362 227 242 135 472 398 369 365 71 254 18 91 130 187 308 48 383 235 439 307 46 12 154 370 156 68 165 251 441 142 174 39 171 435 110 195 103 322 414 373 233 273 
333 446 216 215 453 340 196 342 180 354 359 353 350 119 117 349 352 114 113 474 413 203 448 104 189 422 204 212 318 94 314 285 447 220 219 406 214 218 213 462 324 128 136 55 53 463 211 210 405 404 473 464 426 268 458 419 339 108 341 281 325 326 278 19 109 99 208 280 407 33 41 160 178 360 162 358 351 384 467 125 118 116 115 264 357 262 347 390 479 348 345 112 62 140 225 67 25 20 22 389 388 346 283 411 379 261 378 412 232 386 385 282 77 272 274 364 459 277 449 420 380 425 106 190 205 421 159 424 158 49 4 50 51 107 206 188 415 184 410 431 79 10 13 80 92 93 95 186 284 313 315 316 355 391 475 466 465 217 229 61 127 54 121 150 403 149 395 246 476 286 477 461 253 460 209 250 27 29 144 126 368 137 52 7 58 5 59 60 408 418 243 296 291 292 151 401 371 72 257 265 298 267 293 129 271 239 269 185 153 32 154 155 270 361 414 416 417 362 468 469 423 251 321 323 320 279 200 191 100 327 110 98 105 9 12 15 88 86 101 201 202 193 45 199 81 96 266 294 402 1 34 2 42 37 43 161 176 177 179 181 182 311 221 309 438 428 445 443 236 247 451 452 381 478 377 456 356 375 374 134 124 123 21 223 56 224 75 259 409 263 255 68 248 194 444 442 163 427 334 439 394 344 143 393 141 330 244 47 66 69 8 70 71 142 256 245 231 111 432 3 26 0 36 24 156 373 135 387 169 167 73 258 400 226 30 145 399 304 305 23 122 133 372 97 28 78 139 273 84 275 276 120 366 369 472 222 435 434 365 398 367 234 233 396 130 183 382 187 308 383 337 336 338 328 329 173 192 171 197 198 6 39 40 46 170 103 332 138 83 288 152 168 260 11 16 82 14 17 307 310 312 302 317 306 335 363 471 430 287 437 392 436 331 131 450 230 457 454 429 228 376 241 240 238 65 64 57 31 146 297 343 290 441 322 319 249 254 74 252 18 91 44 102 147 148 207 470 299 227 242 89 87 295 370 301 174 175 90 63 132 35 48 157 164 195 303 300 433 235 237 440 397 455 165 289 166 76 38 172 85 
115 445 351 358 217 54 213 218 430 355 317 316 262 284 283 357 315 285 314 356 21 20 116 113 352 118 353 359 392 432 290 436 444 182 181 443 360 179 178 149 405 161 162 160 180 466 406 447 428 336 337 465 56 57 5 58 52 53 55 121 219 136 220 212 214 215 446 127 248 470 299 471 166 306 363 302 313 476 437 185 186 95 93 331 312 311 467 261 263 264 411 318 282 82 97 81 184 94 159 377 456 384 438 287 454 198 200 429 455 375 478 120 122 23 123 0 22 124 25 125 111 59 112 114 117 119 224 67 225 210 278 208 325 347 354 349 61 223 247 246 368 472 398 369 256 170 433 434 221 39 172 175 309 479 390 442 427 177 321 98 43 41 42 195 194 335 72 404 257 265 145 401 150 403 407 151 426 157 38 37 44 34 33 280 96 79 80 281 452 230 457 338 475 391 164 163 376 289 105 332 106 288 328 440 228 450 236 222 131 226 129 227 63 6 64 65 229 4 7 60 62 148 207 137 126 128 209 211 204 216 189 365 346 420 421 422 206 448 333 464 324 453 342 463 366 367 139 138 68 417 416 423 469 414 468 361 144 168 300 303 362 87 12 88 89 169 304 305 477 473 462 461 395 286 394 330 310 393 130 380 183 187 92 14 13 17 273 103 201 197 30 379 378 412 399 400 408 409 410 70 258 431 75 259 266 267 73 340 339 152 276 85 84 76 18 16 11 10 91 415 425 158 419 424 240 132 382 381 202 451 275 83 199 238 370 165 49 50 191 308 307 383 242 364 371 372 232 133 373 135 374 2 24 26 134 9 19 15 3 27 36 255 260 74 343 231 244 245 140 143 334 344 345 348 350 109 196 99 292 291 279 327 326 341 101 386 385 474 389 388 154 193 28 277 274 272 449 459 142 294 295 171 435 173 167 40 46 174 296 297 298 90 293 439 253 319 250 249 460 322 233 234 235 251 323 320 176 156 48 107 8 301 29 146 147 402 31 78 102 413 203 458 155 35 32 1 66 47 237 396 205 329 188 241 104 108 100 190 441 397 418 271 270 243 239 51 45 86 254 252 69 71 141 269 387 192 77 268 110 153 
336 217 337 465 454 198 200 429 355 356 262 357 455 263 456 375 467 478 384 376 289 105 332 106 338 288 328 391 115 445 351 358 213 149 405 218 466 406 447 440 457 145 401 403 475 228 450 236 219 229 238 230 335 370 165 195 197 49 199 331 452 201 247 50 191 202 451 287 54 430 317 316 284 283 315 285 314 113 352 261 264 411 318 118 353 359 377 308 307 383 382 381 257 70 72 258 400 431 409 227 242 131 360 116 374 125 134 124 241 240 132 311 472 276 275 85 83 273 103 139 334 163 104 107 188 138 443 194 248 108 88 19 100 190 329 205 164 428 21 20 392 432 290 436 444 182 181 179 178 161 162 160 180 212 53 214 215 446 404 265 150 407 151 127 55 220 441 279 176 320 439 237 397 235 234 396 399 144 29 146 30 147 402 295 267 294 259 297 123 373 135 65 63 57 121 136 270 225 62 61 66 58 64 387 372 133 122 177 226 470 417 416 371 157 156 155 154 38 48 35 68 141 310 330 286 246 196 109 51 193 45 312 203 170 39 171 4 173 192 326 99 327 110 341 438 437 56 5 52 299 471 166 306 363 302 313 476 185 186 95 93 282 82 97 81 184 94 159 210 278 208 325 112 114 347 117 354 349 379 378 412 408 410 75 266 73 223 59 22 119 343 423 158 424 92 187 425 183 380 477 322 130 252 319 251 323 254 301 298 142 256 140 245 69 8 71 74 260 10 300 305 168 303 169 414 418 243 129 24 23 224 67 25 153 368 128 27 44 26 167 269 239 271 309 398 369 420 277 366 274 272 152 84 78 77 76 18 16 102 28 31 209 249 250 344 427 345 442 390 348 216 333 189 204 206 86 101 15 339 340 87 12 89 90 9 449 448 421 459 422 120 0 111 433 434 221 172 175 479 321 98 43 41 42 426 37 34 33 280 96 79 80 281 346 211 464 324 453 342 463 474 232 386 473 296 293 292 367 126 60 255 13 395 394 393 233 244 231 143 435 174 304 365 137 207 148 32 1 389 388 40 6 7 268 47 91 17 46 291 385 469 468 361 415 419 36 3 11 460 461 462 253 350 458 413 2 222 362 14 364 
218 466 406 447 358 118 353 359 377 357 456 356 285 264 262 314 384 318 467 315 127 55 54 214 213 220 446 219 452 230 457 454 338 403 475 336 217 337 465 162 351 150 407 149 405 178 180 360 391 428 181 445 61 223 59 56 22 117 119 21 115 20 116 347 354 113 352 125 332 240 132 131 382 381 376 455 375 202 451 409 263 431 478 198 200 429 355 184 95 94 284 283 265 75 259 266 410 411 261 313 93 316 236 247 438 287 437 392 306 430 317 123 366 367 368 126 128 120 52 121 60 62 189 53 216 136 57 5 58 325 464 324 453 333 215 212 225 229 331 201 124 372 133 122 64 237 238 63 228 396 440 234 450 205 107 106 329 328 297 257 145 401 402 289 105 288 81 280 96 79 42 182 33 41 160 161 408 84 31 30 146 152 151 292 294 267 72 404 311 221 309 177 179 443 139 138 471 164 163 335 427 248 444 175 432 290 436 65 363 416 469 470 433 231 222 256 224 143 111 140 67 36 24 0 27 25 99 208 112 114 350 23 448 386 385 346 345 474 349 340 196 342 210 278 374 134 195 194 103 271 270 239 241 226 129 227 26 187 130 307 242 323 254 322 441 308 383 380 110 341 109 108 51 193 50 49 191 192 303 169 168 399 400 70 258 260 370 165 197 199 34 415 425 426 183 185 158 92 159 17 97 186 10 13 80 282 82 463 296 37 155 35 32 11 74 76 8 73 252 269 167 412 379 378 361 362 304 302 310 312 154 68 246 434 275 83 286 393 476 305 300 166 299 135 274 272 459 364 472 398 369 147 144 207 365 71 253 255 148 137 29 86 14 9 40 66 4 6 7 47 188 190 104 206 204 209 211 462 281 326 293 461 473 291 250 413 203 422 420 421 273 330 48 371 153 373 232 387 46 98 321 233 235 439 424 142 343 397 279 176 320 251 339 171 101 88 19 100 327 301 173 172 170 89 298 87 295 276 85 334 16 319 3 2 44 43 1 157 38 389 388 243 77 28 78 102 245 244 435 174 344 442 390 468 348 460 477 479 90 39 417 268 414 423 458 141 395 69 91 12 15 18 45 419 449 394 156 418 249 277 
357 315 285 314 218 466 406 447 428 358 181 445 353 162 351 359 178 180 360 118 377 456 356 264 262 384 318 467 438 287 437 392 306 95 93 430 355 317 316 214 213 184 94 284 283 220 446 219 313 127 55 54 452 230 457 454 338 403 475 336 217 337 465 150 407 149 405 391 471 164 163 335 427 177 248 444 443 175 309 42 182 41 179 432 290 436 115 347 117 354 113 352 81 280 96 79 33 160 161 125 119 116 311 221 61 223 59 56 22 21 20 332 240 132 131 382 381 376 455 375 202 451 409 263 431 478 198 200 429 265 75 259 266 410 411 261 236 247 224 434 288 275 83 289 199 286 246 197 331 393 476 310 312 305 300 166 304 302 17 97 185 186 92 470 299 363 325 464 324 453 189 53 333 216 215 212 34 415 425 426 183 158 159 10 13 80 282 82 225 229 62 128 136 121 361 362 123 366 367 368 126 120 52 60 57 5 58 201 124 372 133 122 64 237 238 63 228 396 440 234 450 205 107 106 329 328 297 257 145 401 402 105 408 84 31 30 146 152 151 292 294 267 72 404 139 138 369 365 468 155 154 35 68 370 165 195 188 348 334 390 194 460 322 253 477 479 442 344 90 293 295 87 171 435 39 170 172 174 26 3 2 44 43 321 98 176 472 398 256 433 448 386 385 346 345 112 474 350 349 99 208 114 340 196 342 210 278 73 16 422 274 459 413 341 320 279 339 281 319 32 1 37 157 38 374 134 27 25 140 67 272 364 222 65 416 469 231 143 111 36 24 0 23 103 271 270 239 241 226 129 227 187 130 307 242 323 254 441 308 383 380 110 109 108 51 193 50 49 191 192 303 169 168 399 400 70 258 260 463 296 11 74 76 8 252 269 167 412 379 378 414 245 449 276 77 273 85 28 45 211 209 141 330 395 388 233 439 394 473 462 461 249 291 40 301 12 88 89 298 91 46 7 6 15 18 9 14 417 423 144 326 250 190 104 206 204 203 420 421 78 102 48 268 458 419 424 235 397 66 47 29 137 207 135 147 71 255 148 86 4 371 153 373 232 387 142 343 251 101 19 100 327 173 389 243 244 277 156 69 418 
447 220 446 219 314 384 318 467 125 359 119 118 180 354 353 360 116 352 115 178 391 475 466 407 406 465 405 217 225 229 62 61 128 216 136 127 218 55 54 94 285 333 215 214 213 316 283 355 121 313 93 315 236 247 451 452 381 431 478 377 357 456 356 410 411 264 262 375 368 374 134 124 27 25 123 22 21 140 67 350 117 114 20 223 59 56 358 33 41 160 162 351 453 340 196 342 349 113 347 443 179 445 58 224 311 221 309 438 177 428 181 131 139 138 288 329 328 332 338 336 234 450 402 403 401 337 230 457 454 266 292 294 267 151 149 150 429 228 432 256 376 270 241 240 238 66 65 64 57 47 60 7 5 29 144 126 137 52 462 324 189 53 204 366 367 120 79 10 13 80 92 95 159 186 284 184 474 413 203 448 104 422 212 463 211 210 325 464 436 331 312 302 317 430 369 365 335 361 362 363 304 471 306 310 287 437 392 63 248 154 68 164 246 193 201 199 198 192 202 191 200 380 130 382 383 455 260 259 409 263 400 132 152 269 167 408 168 412 261 73 258 72 265 75 227 242 470 299 398 153 373 387 135 372 133 122 307 44 26 24 23 18 101 91 86 36 0 3 69 8 70 71 142 245 143 231 111 244 390 479 348 345 112 99 208 109 416 469 433 222 158 32 1 34 2 42 37 43 161 176 96 182 281 98 282 81 280 404 473 426 268 458 419 339 108 341 326 278 19 389 388 346 386 385 195 194 442 444 172 290 414 468 434 197 272 364 435 174 175 344 334 427 163 129 77 273 28 103 275 83 289 206 188 107 105 327 301 110 205 106 190 251 321 323 233 235 396 237 440 397 207 148 147 146 145 297 257 295 82 76 291 87 293 296 88 78 102 30 84 31 472 170 423 271 418 226 239 243 439 97 17 46 6 40 38 45 51 4 11 14 9 15 16 141 252 253 254 255 74 250 395 476 286 477 461 460 209 274 459 303 279 12 308 187 183 185 424 415 425 379 378 232 277 449 420 421 49 50 330 394 169 166 300 165 399 298 90 305 249 393 155 156 370 35 48 173 171 100 319 322 441 320 343 157 85 39 417 371 89 276 
467 316 283 355 219 465 405 217 443 360 179 178 352 160 180 115 445 351 358 116 375 478 384 411 318 356 262 357 436 331 312 311 302 186 317 313 314 93 315 215 446 159 284 94 285 54 213 218 430 121 136 220 429 228 450 236 328 401 337 391 447 475 466 151 149 407 406 336 363 195 194 248 442 444 335 177 428 172 290 43 41 182 181 221 309 438 359 349 114 113 354 353 80 281 98 282 161 162 33 21 20 118 392 432 58 224 67 225 25 125 119 288 227 242 376 383 455 131 381 377 191 200 400 431 263 456 247 451 452 267 73 258 72 261 264 410 454 198 223 433 332 273 103 139 201 330 197 246 287 394 310 476 437 169 303 304 166 306 14 13 92 95 185 361 362 471 342 463 211 210 204 216 212 53 214 333 37 419 424 158 187 426 184 82 97 81 79 10 56 57 5 52 55 127 470 299 124 369 365 120 137 368 128 7 229 62 61 199 123 373 135 374 65 235 63 238 230 397 234 440 457 190 188 329 106 338 295 294 402 403 145 138 412 78 102 152 147 30 150 404 257 265 266 292 289 105 366 367 469 156 370 48 165 154 68 164 107 345 390 334 163 461 319 250 249 344 427 479 89 296 297 298 173 170 174 435 175 39 24 36 44 2 42 176 96 321 272 364 222 434 422 389 388 474 348 350 346 112 347 109 196 117 278 208 325 453 340 75 11 448 277 449 420 326 323 339 279 280 322 157 38 34 32 1 122 23 0 22 111 59 472 398 256 64 414 468 245 244 140 3 26 27 134 83 418 226 243 129 270 241 240 183 307 130 132 320 252 251 380 382 308 100 99 327 45 49 192 193 202 50 300 305 399 168 409 260 259 70 464 293 16 71 8 76 254 379 378 408 269 167 416 231 459 77 276 275 28 85 51 324 462 395 286 141 385 439 233 393 291 209 460 477 473 46 88 91 301 90 87 12 40 60 66 86 9 18 17 268 458 207 341 253 205 206 104 189 421 413 203 84 31 35 417 423 415 425 237 396 6 4 148 126 144 133 146 74 69 29 15 47 153 371 372 387 232 343 142 441 19 101 110 108 171 386 239 143 274 155 255 271 
120 272 364 366 221 56 222 223 270 361 268 414 362 458 468 363 416 469 470 313 54 52 121 207 365 127 367 368 154 374 153 373 77 413 274 273 369 277 472 435 434 203 459 449 398 436 433 432 275 311 309 438 21 115 20 116 5 111 59 58 224 67 225 343 231 245 256 61 139 376 241 240 269 271 227 418 226 32 155 426 419 415 417 195 156 370 471 399 304 303 300 299 339 108 340 341 425 423 424 316 302 430 372 164 178 335 177 428 93 315 306 57 217 213 218 53 55 219 136 220 0 22 148 137 126 128 124 25 125 260 441 255 254 147 144 146 118 123 248 68 229 454 238 230 134 387 135 133 122 346 389 386 371 30 28 78 84 276 282 281 448 420 422 332 103 289 301 257 298 297 174 175 173 172 170 171 380 106 104 190 333 205 421 320 280 279 326 323 443 360 179 312 290 392 288 83 314 198 197 331 310 287 437 41 358 181 445 23 355 356 262 357 351 113 352 353 359 112 114 117 119 4 6 7 60 62 76 74 244 140 143 64 402 440 439 397 395 396 142 258 71 70 252 259 228 65 247 246 138 455 375 307 242 377 132 131 66 167 239 243 129 292 210 291 463 408 379 412 10 72 8 73 1 35 34 48 157 37 284 185 184 159 158 325 278 342 452 201 194 165 192 263 261 400 378 305 409 169 168 91 90 166 100 89 88 295 110 251 321 50 200 49 191 19 196 109 99 327 453 383 183 308 382 187 467 283 186 317 442 444 429 199 163 180 336 105 334 344 427 92 94 95 285 63 337 465 149 405 466 406 447 212 214 215 446 208 209 211 204 216 189 9 12 15 2 24 3 26 27 36 85 152 102 31 29 250 69 253 294 266 176 477 322 319 462 401 151 145 403 150 391 390 193 457 450 236 237 235 44 87 293 385 232 388 410 347 349 474 265 296 404 464 267 33 11 81 16 82 75 80 161 182 162 97 98 96 79 338 107 330 101 473 47 46 40 39 45 202 51 234 233 130 328 188 329 206 354 350 160 43 394 476 286 318 141 249 460 393 13 42 456 478 384 264 411 345 348 324 14 17 18 86 38 431 407 479 451 381 461 475 
222 435 221 434 364 207 120 365 399 362 304 303 361 313 363 468 300 471 299 458 343 111 231 56 223 245 224 256 301 257 298 297 174 309 175 173 433 172 170 272 366 311 438 436 432 449 369 398 171 203 413 459 260 441 255 254 148 52 137 147 367 126 144 54 121 127 368 146 192 263 261 400 378 305 409 169 168 91 90 93 302 306 166 100 89 88 469 270 268 414 416 470 178 335 177 428 315 430 316 424 419 423 295 110 339 108 340 341 426 425 415 402 440 439 397 395 244 396 143 142 76 74 5 59 67 140 258 71 70 21 115 20 116 58 225 61 252 259 327 101 145 337 149 401 72 404 265 267 294 473 296 293 87 66 47 46 40 39 41 179 312 290 437 191 45 50 154 374 153 373 77 274 273 277 472 275 314 198 197 331 310 287 392 358 181 445 443 360 326 323 281 448 420 421 202 51 380 106 104 190 333 205 422 282 320 280 279 266 308 455 307 383 176 477 322 319 251 462 253 250 69 85 152 102 31 29 0 22 55 128 136 151 57 217 213 218 53 219 220 124 25 125 118 123 403 150 329 206 193 356 456 262 264 478 411 431 30 379 412 408 410 232 479 474 388 243 167 239 44 134 27 26 18 86 17 15 12 14 92 94 95 186 317 442 444 427 328 188 99 19 139 376 241 240 269 271 227 418 226 32 155 417 195 156 370 372 164 359 180 289 336 105 332 165 334 163 194 248 344 357 285 355 467 283 382 187 159 158 325 278 338 107 109 321 200 49 196 453 342 284 185 184 183 407 454 457 238 237 450 235 234 476 394 393 233 390 350 348 286 141 330 38 157 48 82 75 16 73 8 11 4 6 7 60 62 117 119 114 122 23 351 113 352 353 112 230 64 229 228 65 451 208 138 465 466 475 405 406 10 371 386 464 292 463 129 461 460 291 135 389 387 385 133 97 36 42 3 2 24 43 13 79 96 33 160 162 182 429 199 189 68 346 28 78 84 276 103 288 83 447 446 318 452 201 247 246 249 209 98 80 214 212 204 130 216 354 349 215 161 81 375 377 381 242 132 324 211 345 37 34 1 35 9 131 63 210 391 384 347 236 
223 436 433 432 366 127 367 368 316 363 302 313 469 303 362 470 430 299 471 416 61 59 56 231 222 225 256 224 443 360 179 178 312 172 290 311 221 309 438 459 364 173 170 435 434 472 398 369 392 275 274 272 118 123 22 21 55 126 128 54 120 52 121 147 144 207 365 220 331 467 283 355 186 317 314 93 315 442 444 169 304 166 306 335 177 428 361 425 415 423 458 468 297 100 89 88 168 300 399 226 417 414 445 248 372 164 155 154 271 270 268 218 228 65 229 60 62 57 5 58 117 119 143 111 140 67 115 20 116 254 258 71 70 142 245 343 125 359 195 194 219 465 405 217 352 160 180 351 358 43 41 182 181 394 330 310 476 437 296 298 174 175 39 198 197 287 341 320 280 279 422 413 421 420 449 203 409 191 45 192 46 50 171 294 87 295 301 257 370 122 371 276 277 273 247 246 240 288 83 289 84 139 77 386 374 153 373 353 227 375 242 376 135 24 23 134 124 36 0 27 25 189 214 53 216 136 253 255 148 137 29 213 396 401 151 402 102 145 146 251 69 252 260 441 447 446 332 103 201 478 384 411 318 356 262 357 215 159 284 94 285 98 14 80 13 92 95 185 461 319 250 249 345 390 344 334 427 479 243 408 167 378 305 91 90 12 336 105 165 163 205 383 183 380 184 426 308 158 424 342 340 419 327 278 326 339 108 259 265 190 328 188 329 99 15 19 101 110 17 431 410 400 263 261 131 129 379 418 157 156 391 138 68 133 429 199 35 37 32 412 239 269 241 406 450 236 235 63 454 238 230 40 66 6 64 86 11 9 4 7 47 324 325 208 347 354 112 113 114 350 286 393 141 395 244 76 74 8 323 322 267 73 72 266 16 234 233 397 440 439 452 48 107 337 475 466 149 407 349 281 282 161 162 33 187 44 2 42 176 79 96 97 321 385 462 291 209 460 477 473 388 389 387 463 404 292 293 200 49 85 109 81 204 212 333 448 206 106 104 403 150 264 451 193 202 51 26 3 232 474 152 78 28 132 31 75 10 30 464 346 455 381 377 307 130 38 1 18 453 210 211 196 348 382 237 34 338 456 82 457 
362 458 361 468 222 435 221 434 203 364 413 459 120 272 366 365 449 369 398 207 399 304 303 313 363 300 471 299 339 108 340 341 426 268 419 425 469 415 423 56 223 270 414 416 470 245 224 256 424 343 111 231 301 257 298 297 174 309 175 173 433 172 170 311 438 436 432 171 380 106 104 190 333 448 205 422 421 282 281 77 274 277 420 320 280 279 367 54 52 121 127 368 154 374 153 373 273 472 275 146 137 144 326 323 260 441 255 254 148 147 126 192 263 261 400 378 305 409 169 168 91 90 93 302 306 166 100 89 88 178 335 177 428 315 430 316 295 110 251 321 50 200 49 191 19 196 109 99 327 453 342 325 278 284 185 184 159 158 32 155 271 417 418 383 183 308 21 115 20 116 5 59 58 67 225 61 139 376 241 240 269 227 226 195 156 370 372 164 252 259 74 244 140 142 382 187 402 440 439 397 395 396 143 76 258 71 70 101 145 337 149 401 72 404 265 267 294 473 296 293 87 66 47 46 40 39 41 179 312 290 437 45 314 198 197 331 310 287 392 358 181 445 443 360 202 51 234 233 130 336 338 105 107 328 188 329 4 216 189 204 206 354 474 350 349 215 212 214 161 351 182 162 97 98 81 96 79 80 30 28 78 84 276 386 371 389 450 235 319 176 57 217 213 218 53 55 219 136 220 0 22 128 124 25 125 118 123 248 68 229 454 238 230 134 387 135 133 122 346 332 103 289 288 83 403 150 31 29 250 69 457 237 322 266 455 307 477 462 253 85 152 102 151 193 356 456 262 264 478 411 431 379 412 408 410 232 479 388 243 167 239 44 27 26 18 86 17 15 12 14 92 94 95 186 317 442 444 427 359 180 165 334 163 194 344 357 285 355 467 283 381 249 63 429 452 451 199 201 9 119 117 324 208 211 446 464 463 210 352 114 113 347 353 82 43 34 42 33 160 37 10 8 73 1 35 48 157 375 242 394 23 112 6 7 60 62 64 228 65 247 246 138 377 132 131 129 292 291 75 11 330 141 393 407 476 390 348 286 38 16 465 466 475 405 406 461 460 385 36 3 2 24 13 447 318 209 236 391 345 384 
434 245 224 256 468 300 471 299 146 365 137 207 369 121 120 398 144 368 367 449 171 175 435 438 221 170 432 433 252 259 74 260 244 67 140 343 222 111 231 414 361 58 225 56 223 423 470 469 142 424 419 458 295 110 90 301 305 306 166 399 362 304 303 315 430 313 363 168 397 403 150 145 31 29 402 148 147 250 69 136 52 128 126 441 255 254 364 273 277 472 272 366 116 124 25 125 220 127 54 421 420 459 70 251 326 323 281 339 448 203 413 400 202 51 50 40 39 192 174 173 293 87 437 309 290 172 257 298 297 428 358 181 445 392 436 311 88 294 320 319 409 456 264 263 265 75 266 72 258 11 76 8 71 330 394 395 141 143 114 20 5 59 62 440 439 396 373 195 156 370 418 268 226 417 416 270 219 230 64 57 7 229 61 359 119 118 21 115 279 327 278 158 415 425 234 233 190 382 187 308 159 380 426 325 108 340 341 267 205 338 107 106 109 86 101 19 100 14 91 12 89 239 412 378 167 169 427 177 93 302 317 261 287 357 285 314 95 355 316 248 444 443 178 335 431 410 383 183 235 466 475 406 407 337 149 401 408 84 30 152 151 35 36 37 38 85 102 28 345 194 442 390 461 249 462 477 253 209 204 215 216 53 55 0 22 27 455 307 176 322 227 332 103 139 78 77 289 276 275 389 153 274 122 371 372 154 374 360 352 240 377 132 131 133 26 134 23 123 3 447 446 218 217 213 329 206 212 422 79 280 381 130 321 99 457 237 98 80 282 214 189 333 104 411 452 451 201 193 200 49 191 60 4 47 45 24 43 44 66 46 6 385 386 232 464 292 473 404 296 291 393 286 476 310 312 41 179 182 164 163 353 162 351 180 42 247 246 331 198 197 450 96 242 356 384 478 262 318 463 155 32 10 73 82 83 9 18 16 165 157 48 1 68 324 344 350 479 348 334 112 211 342 196 349 113 354 117 454 238 92 135 34 243 379 269 271 129 376 241 467 283 405 236 63 228 65 15 17 208 210 94 184 185 188 186 160 161 284 347 453 336 391 328 105 138 13 97 2 346 474 388 387 460 288 199 81 375 465 33 429 
363 416 469 470 223 436 433 432 275 366 274 272 367 459 364 368 472 398 369 127 316 302 313 303 362 430 299 471 372 164 155 154 271 415 417 270 361 268 414 231 222 425 423 458 468 225 256 224 226 61 59 56 443 360 179 178 312 172 290 311 221 309 438 173 170 435 434 392 240 288 83 289 84 276 139 77 273 386 371 422 413 420 277 374 153 373 120 147 126 144 207 365 341 320 280 279 421 449 203 220 128 121 370 122 118 123 22 21 55 54 52 331 467 283 355 186 317 314 93 315 442 444 169 304 166 306 335 177 428 297 100 89 88 168 300 399 445 248 124 133 287 429 199 198 163 35 68 165 195 37 32 157 156 412 239 269 379 418 342 340 426 419 158 376 241 227 254 258 71 70 143 111 142 140 245 343 205 383 183 380 184 308 424 327 278 326 339 108 125 359 119 62 67 58 131 129 218 228 65 229 60 57 5 117 115 20 116 194 219 465 405 217 352 160 180 351 358 43 41 182 181 394 330 310 476 437 296 298 174 175 39 197 409 191 45 192 46 50 171 294 87 295 301 257 247 246 230 64 132 328 391 188 138 336 105 332 286 31 85 28 103 75 80 11 10 30 78 152 464 267 293 292 385 232 346 387 389 474 215 204 212 333 448 282 281 79 454 238 134 135 396 401 151 402 102 148 145 29 146 253 255 137 251 69 252 260 441 110 109 397 450 235 234 319 96 176 321 323 81 329 206 190 106 104 447 446 216 136 27 25 236 63 23 353 375 242 24 36 0 189 214 53 213 201 478 384 411 318 356 262 357 159 284 94 285 98 14 13 92 95 185 461 250 249 345 390 344 334 427 479 243 408 167 378 305 91 90 12 259 265 99 15 19 101 17 431 410 400 263 261 377 26 237 200 451 452 49 193 348 74 76 38 48 1 150 161 33 34 72 8 73 82 266 347 473 210 291 463 404 453 349 114 113 211 196 208 325 455 307 66 322 16 393 141 395 244 233 440 439 202 51 107 381 130 382 187 162 42 354 350 47 7 6 406 40 86 9 4 324 112 337 475 466 149 407 44 2 97 462 209 460 477 388 403 264 3 457 338 18 456 
433 231 223 222 469 303 363 362 147 367 126 144 366 127 368 364 207 120 365 459 173 172 170 436 432 435 221 434 254 258 71 70 143 59 111 142 256 140 245 416 470 61 56 225 224 458 361 468 343 425 415 423 297 100 89 88 169 302 304 168 299 166 300 316 313 430 471 399 396 401 151 402 102 148 145 29 146 253 255 55 128 52 137 251 69 252 398 275 274 272 472 369 118 123 22 21 54 121 220 203 413 449 260 441 341 320 280 279 422 421 420 409 191 45 192 46 174 50 39 171 296 298 312 290 309 175 294 87 295 443 360 179 178 311 438 392 301 257 323 322 400 478 411 431 267 73 72 266 259 16 8 76 74 286 393 141 395 244 117 119 62 67 5 234 233 397 372 164 155 154 271 417 270 268 414 226 218 228 65 229 60 57 58 115 20 116 125 359 339 108 340 426 419 424 440 439 205 383 183 380 184 308 158 342 327 278 326 265 190 328 188 329 99 15 19 101 110 17 12 91 90 243 408 167 378 305 442 444 317 306 93 410 331 467 283 355 186 314 315 335 177 428 445 248 263 261 382 187 237 465 337 405 149 475 407 403 412 78 152 30 150 48 3 34 1 28 31 85 348 163 427 334 460 477 209 249 250 462 189 214 53 216 136 27 25 0 381 130 321 319 240 288 83 289 84 276 139 77 273 386 371 277 374 153 373 370 122 358 353 227 375 242 376 135 24 23 134 124 36 217 213 219 447 446 106 104 333 448 282 281 455 307 176 109 450 235 96 81 79 215 204 212 206 264 429 200 199 49 451 193 202 7 47 4 51 26 42 2 6 40 66 388 389 387 463 404 291 292 293 473 394 330 310 476 437 182 181 41 195 194 352 160 180 351 43 198 197 287 247 246 457 98 132 384 356 456 318 262 464 156 157 82 75 10 103 18 9 11 68 32 35 38 165 211 479 112 344 345 390 350 324 325 208 347 354 113 114 236 63 185 133 37 239 269 379 418 241 131 129 357 285 406 454 238 230 64 86 14 196 453 284 159 92 107 95 162 33 94 349 210 391 336 338 138 105 97 13 44 474 346 385 232 461 332 201 80 377 466 161 452 
432 225 256 224 470 430 299 471 220 368 128 127 398 144 367 369 121 365 120 472 392 290 436 170 433 438 434 221 125 359 119 118 62 140 67 61 223 59 56 423 469 142 245 231 222 414 468 361 58 226 417 416 445 248 444 443 317 166 306 316 363 302 313 168 300 303 362 315 229 447 446 219 216 136 218 55 54 27 25 29 126 137 52 123 22 21 366 421 420 449 459 364 70 251 69 252 146 207 147 273 277 272 116 124 370 122 371 372 276 275 274 355 247 246 287 476 437 331 312 311 182 181 39 172 175 309 360 179 178 88 294 87 295 171 435 173 428 358 374 134 314 384 318 467 180 354 353 352 115 350 117 114 20 47 66 60 7 5 8 71 143 111 244 228 65 57 279 327 278 326 158 415 424 419 458 425 145 234 233 396 141 397 343 259 74 260 254 258 373 195 156 418 268 270 230 64 289 131 129 227 379 240 271 157 164 155 154 351 139 391 138 288 68 390 194 163 335 479 442 427 177 185 284 186 95 93 12 89 169 304 305 283 50 431 410 409 167 400 399 110 90 301 297 100 357 285 376 241 238 475 466 407 406 465 405 217 94 333 215 214 213 196 462 453 324 189 53 204 18 101 91 86 44 26 36 24 0 3 28 30 31 102 148 253 255 250 375 242 135 23 308 329 206 205 212 422 190 448 203 79 280 413 323 281 339 341 320 257 72 380 381 130 382 321 249 319 322 441 209 403 150 402 401 151 332 103 78 77 389 153 377 132 133 165 236 63 232 474 386 152 85 84 83 262 451 452 193 201 429 199 198 395 286 330 197 477 473 461 394 310 393 97 282 98 161 162 43 160 41 42 6 4 40 46 174 296 298 293 108 19 266 292 267 265 291 202 51 192 191 45 454 387 307 478 456 356 411 264 33 340 342 349 113 347 104 348 345 112 99 325 208 211 109 38 17 11 14 9 15 16 1 32 35 10 73 75 76 450 235 243 176 210 92 159 184 426 187 383 183 263 261 149 457 237 440 439 334 344 48 34 408 269 239 105 378 404 464 412 82 37 328 338 336 188 107 388 385 460 81 80 13 96 2 106 49 346 455 337 463 200 
471 414 468 361 224 438 434 221 273 369 277 472 365 449 398 120 272 364 366 121 315 306 430 300 299 313 362 363 373 195 156 370 418 419 268 226 470 417 416 245 256 424 458 423 469 56 222 223 270 58 67 225 428 358 181 445 437 175 309 392 432 290 436 171 435 170 433 311 227 332 103 139 78 77 289 276 275 389 153 448 420 413 274 122 371 372 368 146 137 207 144 367 326 323 281 339 203 459 421 54 52 127 154 374 116 124 25 125 136 220 128 287 357 285 314 95 93 355 317 316 427 177 305 166 304 302 248 444 443 295 110 90 301 399 303 168 178 335 123 135 331 452 201 247 194 48 165 68 164 34 157 32 155 408 243 379 269 271 325 278 158 415 426 131 129 240 252 259 74 260 244 140 343 111 231 142 190 382 187 308 159 380 425 108 340 341 279 327 21 115 20 5 59 61 376 241 219 230 64 57 7 229 62 114 359 119 118 163 218 466 406 447 353 162 351 180 360 42 182 41 179 393 286 476 310 312 293 87 39 172 174 246 400 202 51 50 40 192 173 257 298 297 88 294 198 197 228 65 242 338 336 107 105 391 138 288 330 102 28 85 83 73 81 16 82 152 84 30 463 265 296 404 388 387 474 232 386 346 214 189 333 212 422 79 280 282 236 63 23 133 397 403 150 145 31 29 402 148 147 250 69 126 441 255 254 70 251 100 99 396 457 237 440 322 98 321 176 320 80 106 104 205 329 206 217 213 53 55 0 22 454 238 134 352 377 132 26 3 27 204 215 216 446 199 456 356 264 262 384 318 467 184 94 284 283 96 17 97 185 186 92 460 253 477 348 334 479 390 442 344 239 412 378 167 169 12 89 91 258 267 109 86 101 19 14 263 261 409 431 410 375 24 235 451 200 429 193 49 345 71 8 1 35 38 151 33 161 37 266 76 75 10 72 349 291 453 473 464 292 210 347 117 354 324 208 196 342 381 130 6 319 11 394 395 141 143 439 234 233 191 45 188 455 307 383 183 160 43 113 112 4 60 66 405 46 15 18 47 211 350 475 337 465 407 149 2 44 13 209 462 461 249 385 401 411 36 450 328 9 478 
472 289 276 275 226 470 417 416 335 370 165 195 371 157 156 372 164 155 154 122 368 398 369 420 277 366 274 272 198 311 197 331 105 85 83 332 273 103 139 379 418 152 84 78 77 240 271 270 288 131 129 227 432 225 256 224 299 423 469 471 414 468 361 158 415 419 268 363 336 178 177 428 334 163 443 194 248 49 199 38 48 35 68 452 201 247 373 474 232 386 389 153 82 266 76 75 37 32 34 124 133 374 287 429 57 236 63 228 23 123 135 430 220 128 127 144 367 121 365 120 170 433 421 449 459 364 438 434 221 278 79 279 280 422 413 448 223 436 454 200 313 314 93 315 309 310 312 437 392 141 330 286 246 104 106 107 188 138 18 16 102 28 31 466 338 391 404 453 473 464 378 243 412 239 269 408 161 407 402 151 148 150 30 80 11 10 73 81 230 58 64 132 241 376 465 328 21 384 381 377 130 375 242 6 61 65 229 290 125 359 119 118 62 140 67 59 56 142 245 231 222 168 166 300 303 362 327 326 424 458 425 306 212 94 92 159 308 184 426 342 341 340 281 325 316 302 356 455 337 180 360 41 179 358 181 445 304 344 427 442 444 209 69 249 250 345 390 348 19 196 108 109 50 191 51 202 193 45 27 44 36 3 1 71 8 74 357 456 457 451 261 354 350 349 479 388 347 385 346 298 296 387 267 293 292 463 265 282 97 410 318 431 411 294 260 259 258 72 255 160 43 33 162 42 116 25 26 134 237 238 467 478 450 5 447 475 234 233 235 2 0 24 22 317 446 219 216 136 218 55 54 29 126 137 52 70 251 252 146 207 147 88 87 295 39 172 171 175 435 173 329 206 205 190 203 323 339 320 210 208 13 176 96 98 441 215 204 333 214 189 217 440 263 285 283 355 95 186 174 291 460 393 476 394 112 143 244 395 324 461 462 253 211 4 100 86 110 101 99 15 47 66 60 91 17 14 9 406 403 382 257 477 399 305 169 167 400 264 409 284 185 182 405 401 149 145 111 343 7 46 187 307 383 20 380 321 319 183 12 40 353 352 115 117 114 396 397 254 89 90 301 297 192 113 53 439 262 351 322 213 
417 379 226 418 276 420 472 277 474 371 232 386 370 122 372 156 389 373 153 157 158 423 415 470 416 419 414 268 404 453 473 464 378 129 243 412 271 239 269 289 275 131 227 240 270 78 273 77 408 152 85 84 278 79 279 280 421 398 449 422 274 459 413 368 369 366 272 448 261 354 350 349 479 388 347 385 346 298 296 23 133 135 387 267 293 292 155 335 165 195 164 154 57 236 63 228 123 374 124 34 48 32 463 265 82 266 76 75 38 37 35 212 94 92 159 308 424 184 425 426 327 326 299 469 468 458 342 341 340 432 225 256 224 471 361 363 281 325 72 257 333 446 216 215 196 462 324 211 210 477 461 460 291 304 399 305 169 167 6 64 132 241 242 411 400 410 198 311 197 331 105 83 332 103 139 288 21 384 381 377 130 375 376 61 65 229 230 58 73 81 16 102 28 30 264 409 161 407 402 151 148 150 31 18 80 11 10 208 33 180 41 160 13 176 96 98 282 441 320 323 339 329 206 205 190 203 170 433 367 364 365 204 430 220 128 127 144 121 120 438 434 221 223 436 214 189 149 145 263 359 353 119 117 352 114 113 104 390 348 345 112 476 439 395 394 442 344 427 174 309 435 175 301 297 90 295 87 89 2 0 24 26 134 237 238 235 405 401 258 294 336 178 177 428 334 163 443 194 248 49 199 68 452 201 247 287 429 56 5 391 447 475 466 451 234 450 457 454 233 118 22 125 116 25 162 42 3 1 71 8 406 403 259 97 318 431 260 255 74 27 44 36 43 53 314 285 93 95 283 186 284 307 187 183 185 440 343 397 383 380 382 192 193 202 101 99 110 109 108 100 168 166 300 303 362 231 222 245 392 290 62 140 67 59 142 315 306 313 316 302 262 70 337 219 218 213 136 55 19 246 286 253 209 250 444 322 319 249 312 330 310 393 437 91 173 40 171 39 172 46 12 9 14 4 7 60 66 467 478 147 200 141 106 107 188 138 338 465 328 54 52 20 357 456 356 455 321 251 17 15 126 29 146 182 207 111 244 137 47 86 360 358 351 179 181 254 252 396 45 51 50 191 88 445 317 69 217 115 143 355 
416 240 271 270 275 366 274 272 124 372 133 122 155 386 371 154 374 153 373 164 363 469 470 415 417 361 268 414 230 58 64 57 132 239 241 131 226 129 227 84 276 412 269 379 418 139 77 273 376 288 83 289 223 436 433 432 367 459 364 368 472 398 369 422 413 420 277 120 377 116 25 125 26 134 21 23 123 237 238 385 232 387 135 236 63 228 370 37 35 32 157 156 464 267 293 292 346 389 474 248 68 195 229 454 287 429 199 198 163 335 165 127 316 302 313 303 362 430 299 471 231 222 425 423 458 468 225 256 224 280 342 341 340 426 419 158 221 56 452 457 121 219 136 220 67 7 5 62 61 46 6 66 65 187 382 130 307 242 461 473 378 243 167 384 381 375 75 80 11 10 31 85 30 28 78 152 347 411 400 261 305 410 408 210 291 463 404 453 247 392 246 138 103 332 356 455 428 465 328 391 188 336 105 286 311 197 331 59 443 360 179 178 312 172 290 309 438 173 170 435 434 147 126 144 207 365 320 279 421 449 203 128 184 215 204 212 205 333 448 282 339 281 278 79 54 52 466 338 456 352 115 114 20 359 119 118 137 3 27 0 22 17 89 15 12 2 24 44 322 98 323 321 396 440 233 234 235 439 442 345 344 479 388 298 296 87 447 475 451 450 150 160 43 161 36 38 33 1 34 74 76 48 72 8 73 82 266 325 324 151 405 401 149 258 295 294 257 265 90 113 112 349 354 350 445 444 390 194 193 201 217 337 200 437 467 478 191 45 49 348 427 334 177 55 283 355 186 317 314 93 315 169 304 166 306 297 100 88 168 300 399 254 71 70 143 111 142 140 245 343 383 183 380 308 424 327 326 108 81 96 211 109 196 208 110 284 185 159 94 92 357 202 403 446 213 218 216 53 244 16 18 47 60 4 42 174 39 40 13 9 14 91 97 393 441 249 251 319 176 477 394 330 310 250 462 209 460 318 431 329 259 86 146 29 148 102 145 407 402 214 189 117 262 263 264 409 175 171 476 395 206 107 106 181 190 99 19 104 253 141 180 351 358 41 182 192 50 301 255 69 252 260 397 162 95 51 406 353 101 285 
414 227 418 226 273 369 277 472 123 373 135 374 156 389 153 370 122 371 372 195 471 468 361 419 268 470 417 416 228 61 65 229 242 243 129 376 270 241 240 78 77 408 379 269 271 289 276 275 131 332 103 139 224 438 434 221 365 449 398 120 272 364 366 448 420 413 274 368 375 118 22 21 24 23 125 134 124 235 63 388 387 232 133 454 238 230 154 34 48 157 32 155 463 265 296 404 474 386 346 335 165 164 57 236 331 452 201 247 194 248 68 121 315 306 430 300 299 313 362 363 245 256 424 458 423 469 56 222 223 281 325 326 278 158 415 426 432 225 429 450 127 218 55 54 59 60 62 5 58 40 66 6 64 183 383 307 130 132 460 291 167 239 378 356 455 377 73 81 16 82 102 28 152 85 84 30 349 264 409 410 169 261 412 453 473 464 292 210 198 311 197 105 83 288 384 381 443 466 338 336 107 391 138 330 392 246 287 67 428 358 181 445 437 175 309 290 436 171 435 170 433 146 137 207 144 367 323 339 203 459 421 52 159 214 189 333 190 212 422 79 279 280 340 282 220 128 465 328 478 353 359 117 119 115 20 116 126 36 0 27 25 14 90 86 91 44 26 2 319 96 320 176 397 234 439 440 237 233 427 348 479 344 385 87 293 298 217 337 200 457 151 162 42 33 3 1 161 38 37 71 8 35 266 76 75 10 72 342 211 150 406 403 407 259 297 257 294 267 89 354 350 347 113 112 178 177 334 163 49 199 447 475 451 312 357 456 202 51 193 345 442 390 444 136 285 314 95 93 355 317 316 305 166 304 302 295 110 301 399 303 168 252 74 260 244 140 343 111 231 142 382 187 308 380 425 108 341 327 80 98 324 99 208 196 100 94 92 184 284 185 467 191 401 213 446 219 53 216 143 11 9 4 7 47 43 39 174 46 97 18 17 12 13 394 251 477 441 322 321 249 393 286 476 253 209 462 461 262 263 106 258 15 147 148 29 31 402 149 145 215 204 114 318 431 411 400 172 173 310 141 104 188 329 179 205 109 101 206 250 395 351 180 360 182 41 50 192 88 69 255 254 70 396 160 186 45 405 352 19 283 
376 270 241 240 229 454 238 230 154 374 153 373 134 387 135 124 372 133 122 125 356 455 375 307 242 377 132 131 272 139 77 273 268 269 271 414 227 418 226 66 65 167 239 243 129 58 64 57 416 225 62 61 336 217 337 465 200 440 457 429 228 450 236 439 237 235 63 452 361 248 68 164 32 155 195 156 370 413 274 346 389 386 371 369 277 472 123 44 27 26 24 23 291 87 292 293 385 232 388 116 25 21 275 366 220 368 128 127 119 118 22 198 355 262 357 263 456 467 478 384 106 338 308 383 382 381 288 328 391 176 477 441 322 187 130 183 466 332 120 364 247 392 246 287 138 28 103 83 289 30 78 84 276 426 458 419 415 417 210 463 408 379 412 471 468 470 91 97 18 17 47 60 46 7 6 40 344 166 168 169 410 305 378 461 464 473 296 460 121 219 136 67 5 56 363 469 359 432 256 224 140 223 59 216 218 55 54 105 115 445 351 358 213 149 405 406 447 145 401 403 475 50 49 191 202 451 279 320 397 234 396 199 92 476 395 394 343 393 233 98 323 321 319 96 331 201 221 222 362 444 443 390 194 428 163 335 193 1 35 48 165 10 72 8 73 34 157 37 340 282 339 281 203 459 448 449 420 422 113 112 347 349 474 265 404 267 438 434 365 398 174 182 161 43 38 36 42 3 2 101 86 0 89 15 12 14 90 249 209 39 290 170 172 88 294 295 297 298 266 442 345 479 427 348 360 352 114 20 137 52 436 433 367 446 430 299 144 29 126 350 354 117 353 197 317 316 284 283 315 285 314 261 264 411 318 257 70 258 400 431 409 108 19 100 104 107 190 188 329 205 423 158 424 425 380 252 251 254 13 79 462 255 253 250 260 186 159 185 95 184 313 207 435 437 312 311 286 330 206 9 11 31 85 102 33 150 151 152 81 16 82 75 80 333 341 325 326 278 280 342 212 53 214 208 211 324 453 306 300 245 301 76 192 45 51 4 173 175 171 310 141 334 302 303 304 399 407 402 215 204 244 111 231 180 142 69 71 143 196 189 181 179 178 162 160 146 147 259 109 99 327 110 421 41 94 148 309 177 74 93 
429 228 450 236 465 288 328 391 227 375 242 376 478 383 455 384 131 381 377 467 287 199 198 191 200 247 451 452 123 373 135 374 65 235 63 229 454 238 230 401 337 397 234 440 457 447 475 466 57 219 405 217 164 428 163 335 83 188 138 289 336 105 332 190 329 106 338 139 61 414 418 226 243 129 270 241 240 24 23 183 307 130 132 125 134 124 356 400 411 431 263 456 320 252 319 251 380 382 308 314 318 357 122 21 360 116 352 115 283 355 262 275 438 437 392 286 246 311 197 331 35 68 45 49 193 201 370 165 195 100 326 99 327 192 202 50 248 154 118 22 273 369 277 472 156 389 153 371 372 388 387 232 133 40 60 66 6 64 96 176 439 237 233 225 62 58 258 295 267 294 151 149 402 407 403 145 425 245 244 343 394 142 396 339 321 323 441 279 359 178 180 446 406 218 56 5 316 121 136 220 215 54 213 160 445 351 358 155 315 471 306 430 181 427 177 444 443 348 334 390 194 31 84 85 28 103 15 19 104 107 206 276 173 449 448 203 189 421 205 301 101 110 108 88 272 77 127 55 59 468 361 419 268 470 417 416 78 408 379 269 271 296 460 463 291 167 239 378 14 90 86 91 36 0 44 27 26 2 95 184 185 92 187 477 322 249 368 128 119 25 147 300 305 399 412 261 168 410 409 73 72 264 260 266 259 257 70 341 280 146 365 137 207 74 250 69 255 254 461 458 426 424 423 158 313 93 94 285 354 353 120 52 20 179 224 67 114 349 113 159 186 284 317 274 434 221 175 309 432 290 436 393 476 310 312 253 211 209 141 330 395 11 75 76 37 32 38 157 48 1 7 46 47 4 51 196 109 208 297 89 281 325 278 340 324 435 174 171 170 39 223 117 126 398 364 366 420 413 34 265 404 474 386 346 169 479 344 385 87 292 293 473 298 43 9 97 18 17 12 13 42 162 182 81 79 282 98 256 140 216 71 464 102 152 30 150 148 144 29 459 422 415 222 111 231 143 442 345 41 33 333 214 53 302 204 342 210 212 80 161 299 362 363 166 304 350 112 462 10 82 16 8 3 303 172 347 367 469 453 433 
229 454 238 230 374 125 134 124 356 376 455 375 241 307 242 240 377 132 131 270 225 62 61 66 65 58 64 57 336 217 337 465 200 440 457 429 228 450 236 387 135 439 237 235 63 372 133 122 452 154 153 373 220 368 128 127 119 27 25 118 123 22 21 44 26 24 23 116 198 355 262 357 263 456 467 478 384 106 338 308 383 382 381 288 328 391 227 167 269 239 243 129 176 477 441 322 187 130 183 416 271 226 466 332 272 139 77 273 268 414 418 359 432 256 224 140 67 223 59 56 216 136 47 60 7 5 218 55 54 91 97 18 17 46 6 40 121 219 289 105 115 445 351 358 213 149 405 406 447 145 401 403 475 50 49 191 202 451 279 320 397 234 396 287 199 247 291 87 292 293 346 389 385 386 232 388 92 476 395 394 343 393 233 98 323 321 319 96 275 366 274 155 371 370 331 201 361 248 68 164 32 195 156 413 369 277 472 446 470 430 299 471 398 144 367 365 120 29 126 137 52 350 354 117 114 20 101 86 36 0 3 353 174 182 161 43 38 42 2 89 15 12 14 90 360 352 335 165 197 317 316 284 283 315 285 314 113 261 264 411 318 257 70 72 258 400 431 409 108 88 19 100 104 107 190 188 329 205 423 158 424 425 380 252 251 254 428 163 83 138 344 166 168 169 410 408 305 412 378 210 463 379 461 464 473 296 460 13 79 479 444 390 442 462 255 253 250 249 260 186 159 185 95 184 363 469 415 417 84 276 443 194 103 364 392 246 28 30 78 426 458 419 468 180 290 436 170 433 438 434 221 142 245 231 222 69 8 71 143 111 244 196 453 324 333 215 189 214 53 204 193 192 45 51 4 11 9 16 298 301 282 82 81 80 76 172 173 39 175 171 311 85 334 181 179 178 162 160 212 404 265 150 407 151 399 146 147 402 295 267 294 259 297 203 109 326 99 327 110 341 421 420 449 278 280 281 339 437 286 35 209 266 112 347 349 474 345 427 348 41 33 94 312 330 310 141 207 148 459 422 37 157 48 362 1 10 73 34 340 448 306 302 313 300 303 31 102 74 342 325 208 211 206 304 435 152 177 93 75 309 
452 230 457 454 466 332 338 336 240 377 132 131 456 382 381 356 376 455 375 357 331 201 247 202 451 198 200 429 124 372 133 122 64 237 238 57 236 63 228 403 475 396 440 234 450 217 337 465 229 218 406 447 195 443 194 248 103 107 105 139 391 138 288 205 106 329 328 289 58 416 271 270 239 241 226 129 227 26 134 187 130 307 242 21 23 123 384 409 264 263 431 478 323 254 322 441 308 383 380 355 262 467 374 125 358 118 353 359 285 314 318 273 436 312 311 330 197 392 246 287 48 165 51 193 49 199 154 68 164 110 341 109 108 50 191 192 335 370 116 25 275 366 274 272 155 386 371 153 373 385 232 387 135 46 7 6 66 65 98 321 233 235 439 56 5 61 259 297 265 257 150 407 145 149 401 402 424 231 143 142 393 343 397 279 176 320 251 339 115 445 351 213 405 219 225 62 315 127 55 54 214 220 446 162 178 180 360 156 316 363 302 313 179 442 444 177 428 345 390 334 163 102 78 28 85 83 86 101 206 188 104 77 171 459 422 421 204 203 190 88 19 100 327 301 472 276 121 136 67 469 470 415 417 361 268 414 84 412 269 379 418 293 461 464 473 378 243 167 17 89 15 12 3 27 2 0 24 44 186 159 92 185 183 249 319 477 120 52 20 22 146 303 169 168 408 410 399 261 400 75 266 411 70 72 258 294 260 326 281 147 367 126 144 71 253 255 69 252 460 423 158 425 458 426 430 317 284 283 113 352 368 128 119 181 223 59 117 347 354 184 95 94 93 277 433 432 172 290 221 309 438 394 310 476 437 250 324 462 395 286 141 16 73 8 34 157 1 32 35 38 60 40 4 47 45 208 99 196 295 90 280 342 340 278 211 170 39 173 435 174 224 114 137 364 398 369 413 420 37 267 292 346 389 474 305 344 479 388 298 404 296 291 87 42 18 13 9 14 91 97 43 160 41 80 282 79 96 222 111 53 74 463 31 30 152 151 29 207 148 449 448 419 256 140 245 244 427 348 182 161 212 215 216 306 189 325 453 333 81 33 362 299 471 304 166 112 350 209 82 10 11 76 36 300 175 349 365 468 210 434 
473 298 404 296 232 479 474 388 304 378 399 305 379 261 412 243 169 408 167 129 477 462 461 453 464 460 463 291 174 309 435 175 301 257 297 90 293 295 87 371 386 72 265 267 292 135 389 387 89 23 122 133 476 439 395 394 390 350 348 442 385 345 344 354 349 347 346 427 91 93 313 302 362 303 306 300 166 192 173 263 400 409 168 40 171 39 239 417 226 418 271 269 149 30 145 150 264 410 411 242 227 241 172 46 63 6 57 64 131 132 240 444 176 441 322 255 253 319 250 249 246 286 196 324 211 209 312 330 310 333 446 216 215 342 210 325 393 437 66 47 177 41 178 179 311 221 438 436 290 222 434 433 170 327 101 110 100 88 337 401 258 294 259 14 86 12 276 420 472 277 370 372 156 373 153 155 262 10 8 73 70 75 266 406 403 407 151 405 65 235 228 123 374 134 17 15 130 2 0 24 21 26 124 236 237 230 238 392 307 92 308 187 440 343 397 396 233 111 244 143 141 68 248 194 163 334 104 189 117 112 114 443 340 180 359 353 119 352 113 422 204 212 214 448 181 428 44 27 18 94 95 314 315 186 316 317 335 361 363 471 430 364 207 120 365 468 299 469 329 421 206 205 193 45 202 51 50 191 455 356 456 478 431 147 402 146 43 36 60 4 157 158 423 415 470 416 419 414 268 289 275 270 78 273 77 274 84 213 217 32 33 1 34 28 29 31 102 152 144 285 357 318 283 467 183 383 375 376 61 229 42 3 7 234 13 9 5 56 58 384 381 377 382 445 79 96 279 320 98 323 321 260 254 252 251 148 52 137 74 69 71 138 139 103 247 287 201 331 197 199 19 108 109 99 208 55 53 136 413 203 447 220 219 218 128 280 341 278 281 326 97 62 38 160 162 182 360 358 198 272 366 223 432 224 458 231 245 256 449 369 398 367 459 451 188 338 107 106 190 328 200 454 457 336 465 466 475 80 11 22 85 368 165 195 164 154 48 37 35 351 115 355 81 16 82 76 142 140 450 429 118 125 25 380 20 54 121 116 391 452 159 184 185 424 425 59 67 126 288 332 105 83 49 426 339 225 161 284 127 282 
474 371 232 386 404 453 473 464 417 379 226 418 378 129 243 412 271 239 269 261 354 350 349 479 388 347 385 346 276 420 472 277 370 122 372 156 389 373 153 298 296 23 133 135 387 267 293 292 155 72 257 265 333 446 216 215 196 462 324 342 463 211 210 477 461 460 291 325 157 158 423 415 470 416 419 414 268 289 275 131 227 240 270 78 273 77 408 304 399 305 169 167 63 6 57 64 132 241 242 411 400 410 274 84 149 30 145 150 263 264 409 340 180 359 353 119 117 352 114 113 104 189 390 348 345 112 422 204 212 476 439 395 394 442 344 427 214 448 152 85 278 79 279 280 421 398 449 459 413 368 369 366 272 335 165 195 164 154 236 228 123 374 124 34 48 32 174 309 435 175 301 297 90 295 87 89 130 2 0 24 21 26 134 237 230 238 65 235 151 405 401 258 294 266 37 35 262 10 8 73 70 75 259 337 406 403 407 203 318 94 314 285 447 220 219 218 213 128 136 55 53 19 108 109 99 208 246 286 253 209 250 341 444 176 441 322 255 319 249 312 330 310 393 437 281 326 82 76 38 92 159 308 424 184 425 426 327 299 469 468 458 432 225 256 224 471 361 363 198 311 197 331 105 83 332 103 139 288 384 381 377 375 376 61 229 58 81 16 102 28 91 93 313 302 362 303 306 300 166 192 173 168 40 171 39 172 46 233 234 12 13 9 14 4 5 7 60 66 56 187 382 307 183 383 283 467 478 431 147 402 80 11 31 217 33 1 29 144 146 455 356 456 357 339 41 160 178 360 162 358 351 125 118 116 115 62 140 67 25 20 22 49 50 51 106 190 107 205 206 188 68 248 194 163 334 143 141 244 290 392 440 343 397 396 111 179 443 177 181 428 161 148 18 96 98 282 320 323 329 170 433 367 364 365 430 127 121 120 438 434 221 223 436 336 199 452 201 247 287 429 391 475 466 451 450 457 454 42 3 71 47 222 101 110 100 88 86 17 15 321 251 380 43 36 44 27 54 52 465 328 254 260 74 355 69 142 245 252 200 338 95 186 284 315 316 126 137 59 191 202 193 45 138 317 445 207 97 185 231 182 
251 339 321 323 234 142 233 396 458 380 426 425 130 185 183 382 424 187 308 381 70 69 252 249 319 254 322 441 203 364 413 459 340 282 281 341 320 280 279 63 235 97 98 96 176 457 237 440 326 451 236 450 144 145 29 146 140 141 143 245 397 244 343 310 393 394 439 231 108 362 361 468 268 419 469 415 423 333 448 284 184 159 158 205 422 421 383 129 131 132 242 307 182 44 161 43 186 92 95 456 377 455 449 190 475 329 391 328 384 478 375 256 257 72 258 8 71 259 74 260 128 126 209 250 253 255 365 137 207 344 177 334 427 460 477 461 147 367 106 104 222 435 221 434 120 272 366 369 398 77 274 277 420 453 196 342 325 278 351 162 81 79 80 110 109 327 23 232 122 133 57 228 64 230 238 65 317 91 18 17 82 14 13 179 160 41 42 181 338 403 466 452 454 200 100 99 431 192 193 202 247 191 429 447 401 465 337 368 263 399 261 400 149 30 150 151 402 28 31 102 148 62 225 67 59 111 112 345 330 395 286 224 291 309 311 312 197 437 476 388 348 479 442 385 433 223 50 49 19 304 303 313 363 300 471 299 56 270 414 416 470 153 32 154 155 271 417 418 354 474 350 349 216 189 215 204 212 214 262 355 283 285 94 34 33 37 171 51 107 206 6 378 379 243 226 227 239 240 241 21 123 376 26 124 134 135 24 444 445 66 174 47 46 27 38 36 3 2 157 302 316 93 306 315 409 264 357 356 332 336 173 45 188 407 301 101 138 139 288 314 318 467 411 432 298 297 404 265 295 267 294 10 73 75 266 1 68 35 11 76 16 119 125 25 220 127 136 121 52 55 208 210 211 324 462 194 390 163 387 346 178 335 428 443 165 296 463 473 293 464 88 105 4 175 172 170 438 436 54 374 373 273 472 275 269 78 84 276 386 372 371 156 389 446 117 352 114 113 347 353 213 217 405 115 358 360 180 90 86 201 0 370 5 58 61 229 7 40 60 290 392 430 89 15 12 9 152 85 406 218 331 198 199 410 246 248 164 287 359 219 305 169 168 412 408 103 83 48 118 116 20 22 53 167 292 289 39 166 195 87 
451 234 236 450 475 329 391 328 380 381 130 382 384 131 377 478 383 375 455 431 192 193 202 247 452 191 429 200 251 339 321 323 233 63 235 396 457 237 440 447 466 57 228 230 454 401 465 337 397 402 407 403 327 301 101 110 206 138 188 205 338 107 106 139 288 332 336 190 142 458 426 425 185 183 424 187 308 249 319 129 132 242 307 254 322 441 456 314 318 467 357 356 122 21 23 123 227 376 240 400 411 263 320 252 294 260 266 259 410 409 264 421 435 174 173 47 45 171 51 50 208 99 246 201 199 49 341 109 108 248 154 68 164 287 198 331 100 326 70 69 203 364 413 459 340 282 281 280 279 97 98 96 176 310 141 393 394 439 232 133 64 238 65 231 143 343 359 178 180 360 446 406 219 405 217 218 226 56 5 58 6 61 229 373 135 374 124 372 258 295 267 151 149 145 245 244 168 207 148 147 152 146 150 292 297 265 257 278 399 362 304 303 298 91 90 89 88 18 86 15 19 53 212 204 189 104 390 194 103 105 83 422 392 272 77 273 28 275 289 428 163 335 195 443 449 448 144 29 140 361 468 268 419 469 415 423 333 284 184 159 158 182 44 161 43 186 92 95 344 177 334 427 209 250 460 253 477 461 378 379 243 239 241 26 134 24 367 126 71 255 220 313 93 315 94 285 316 283 355 354 353 262 116 352 115 358 118 370 371 54 120 52 121 20 0 22 25 125 2 414 418 270 416 271 300 305 412 261 73 72 365 137 74 87 222 111 76 82 75 269 167 408 169 420 221 434 309 175 433 172 170 66 46 40 39 27 38 36 60 4 7 112 113 114 210 325 211 342 196 324 395 476 286 330 197 48 165 35 445 444 153 32 155 156 1 438 437 311 436 312 256 8 128 366 369 398 274 277 453 351 162 81 79 80 317 17 14 13 179 160 41 42 181 291 345 388 348 479 442 385 473 404 296 474 386 389 387 223 59 102 119 33 216 215 214 213 136 127 55 472 276 417 224 67 225 62 12 9 293 464 78 30 31 166 85 157 37 84 346 463 363 471 299 302 306 16 11 3 347 349 350 117 462 430 290 10 368 470 34 432 
396 457 237 440 323 254 322 441 456 382 377 381 187 132 130 308 455 307 383 424 231 143 142 393 233 343 439 397 338 403 466 475 452 230 454 451 234 236 450 98 321 64 238 63 235 279 176 320 200 326 281 339 147 367 126 144 71 253 255 70 251 69 252 460 477 249 319 260 202 409 264 263 357 356 431 384 478 332 336 240 131 376 375 329 391 328 380 186 159 92 185 183 133 26 124 134 241 242 129 423 158 425 337 106 449 190 448 203 419 458 426 258 433 223 222 59 111 256 140 245 102 148 286 141 395 244 145 29 146 427 388 348 479 476 394 310 207 402 205 107 259 297 265 257 150 406 407 149 401 218 447 217 465 331 201 247 198 429 372 122 57 228 229 192 193 191 43 179 160 41 80 282 13 79 96 97 239 46 7 6 58 66 65 387 374 135 23 232 421 398 420 278 280 341 50 49 468 100 99 327 325 108 340 277 364 413 459 151 469 303 363 362 366 127 368 120 365 55 128 52 137 16 73 8 76 74 163 334 209 250 462 72 437 296 463 291 211 473 461 444 390 442 344 177 294 266 110 109 51 169 168 408 410 399 261 400 75 285 262 318 411 358 118 353 359 314 467 355 195 443 194 248 103 105 139 138 288 289 416 271 270 226 227 21 123 125 301 101 206 188 14 302 316 317 283 284 93 94 95 37 161 184 2 33 42 182 44 385 386 17 89 15 12 3 25 27 0 24 116 167 269 243 378 379 299 470 417 415 212 422 88 19 104 369 173 45 189 214 333 418 414 268 361 267 172 170 436 432 435 221 434 61 56 225 224 22 117 119 62 67 5 48 34 1 78 152 28 30 31 85 199 287 246 197 330 112 345 350 181 428 389 349 474 346 114 290 392 312 309 311 171 204 86 298 87 295 404 292 84 162 351 213 405 446 315 54 220 219 178 180 360 115 445 273 165 154 68 164 335 370 275 274 272 155 371 153 373 174 47 208 36 352 11 10 82 81 9 91 18 293 464 412 39 4 40 60 121 136 472 276 210 342 196 471 324 347 354 453 156 77 304 166 300 313 430 53 216 20 157 32 35 38 83 306 438 215 90 305 113 175 
397 450 235 234 320 252 319 251 478 383 375 455 183 242 307 380 381 130 382 425 245 244 343 394 439 142 233 396 328 401 465 337 429 228 236 200 440 454 457 96 176 65 63 238 237 339 321 323 451 341 280 279 146 365 137 207 74 250 69 260 441 255 254 461 249 477 322 70 191 400 411 431 467 384 263 356 456 288 391 227 376 131 377 106 336 338 308 95 184 185 92 187 135 24 123 23 129 132 241 458 426 424 475 329 459 205 422 421 415 423 158 259 434 224 256 67 140 222 111 231 31 29 330 395 141 143 402 148 147 442 385 345 344 310 393 476 144 145 190 188 258 295 267 294 151 405 149 407 403 219 217 447 466 287 199 198 247 452 373 374 229 230 57 50 49 202 42 181 162 182 81 79 97 282 98 13 243 40 60 66 61 6 64 232 122 133 134 387 203 364 413 340 281 326 192 193 469 110 109 108 342 327 278 274 398 420 449 150 468 300 471 299 369 121 120 368 367 136 52 128 126 11 75 76 8 71 194 390 462 253 209 266 312 293 464 473 324 291 460 177 334 427 479 444 257 72 100 99 45 305 399 412 261 168 410 409 73 283 318 262 264 360 116 352 115 355 357 314 164 428 163 335 83 138 289 105 332 139 414 418 226 270 240 125 124 21 88 19 104 107 17 306 315 93 285 94 317 284 186 34 33 159 44 161 43 41 2 388 389 14 90 86 91 36 22 0 27 26 118 378 379 239 167 269 362 361 268 419 333 448 301 101 206 366 171 51 204 215 212 271 416 417 470 265 175 435 438 221 170 432 433 58 225 56 223 25 114 20 5 59 62 35 37 38 84 30 85 152 102 28 201 331 197 246 286 350 348 112 179 443 386 347 346 474 117 309 311 437 290 392 173 189 15 87 298 297 292 404 78 160 180 446 406 213 316 220 54 218 445 351 358 359 178 275 68 370 165 195 248 154 273 277 472 156 153 371 372 39 4 196 3 353 16 82 10 80 18 12 9 296 463 408 174 47 46 7 127 55 272 77 453 325 208 363 211 349 113 210 155 276 166 304 303 430 313 216 53 119 32 157 48 1 103 302 436 214 89 169 354 172 
391 447 475 466 236 247 451 452 314 384 318 467 381 431 478 377 357 456 356 131 139 138 288 329 328 332 338 336 359 178 180 360 446 407 406 219 465 405 217 234 450 402 403 401 337 230 457 454 218 57 63 228 248 154 68 164 246 193 201 287 429 199 198 192 202 191 200 331 220 313 93 315 94 285 316 283 355 354 353 410 411 264 262 116 352 115 375 380 130 382 383 455 294 260 266 259 409 263 400 240 132 376 358 118 122 21 23 123 129 227 242 392 272 77 273 28 103 275 83 289 390 194 206 188 107 105 428 163 335 327 301 101 110 205 106 190 195 443 125 119 311 221 309 438 177 41 179 181 445 33 160 162 351 333 216 215 214 213 292 267 151 149 150 121 136 54 251 339 321 323 233 235 396 237 440 397 168 207 148 147 152 146 145 297 265 257 258 295 124 372 133 64 238 229 127 55 226 56 5 58 6 61 65 232 373 135 374 444 270 361 268 414 153 32 155 156 370 1 35 48 165 395 476 286 330 197 208 99 45 49 51 437 421 435 174 173 47 171 50 341 109 108 100 326 436 312 225 62 128 362 363 304 302 471 306 430 310 92 95 186 317 79 10 13 80 159 284 184 453 340 196 342 350 117 349 114 113 347 269 167 408 412 261 73 72 75 224 67 25 20 142 458 426 425 185 183 424 187 308 249 319 307 254 322 441 320 252 88 87 343 222 111 231 255 76 74 71 70 82 303 169 399 300 305 416 271 239 241 26 134 223 59 22 371 120 52 0 2 24 378 379 243 418 290 364 366 413 274 369 277 472 30 78 84 276 8 9 11 31 85 102 462 477 253 479 442 348 427 334 345 53 212 204 189 104 15 19 86 279 278 298 91 90 89 18 459 422 203 449 448 368 27 140 434 433 432 175 172 344 176 96 42 182 43 158 34 37 161 281 98 282 81 280 474 324 463 211 210 325 464 346 387 389 291 293 296 404 365 137 7 69 97 141 393 394 439 143 245 244 170 39 166 367 126 144 29 157 38 386 385 46 66 60 417 4 12 14 40 473 388 468 469 470 419 415 3 36 16 461 460 209 250 112 423 420 44 256 299 17 398 
293 461 464 473 239 305 412 378 442 385 345 344 386 347 346 232 479 474 388 133 90 295 87 267 292 298 404 296 394 312 330 310 250 324 462 249 291 209 460 271 269 325 453 210 463 129 379 243 477 132 240 241 175 40 171 39 300 400 399 166 167 168 169 411 261 410 408 304 319 179 443 444 194 390 177 334 427 244 395 117 112 350 348 233 141 393 387 155 372 371 153 389 214 448 189 333 354 349 113 23 122 135 476 439 64 237 230 238 124 134 374 306 14 86 91 110 301 12 88 89 434 435 258 294 257 297 290 170 172 151 405 401 149 72 265 266 174 309 235 397 302 186 316 317 436 331 311 392 437 201 197 246 286 74 252 69 255 253 55 53 208 211 196 321 251 322 274 84 275 276 416 270 417 226 418 268 353 281 326 278 99 340 342 446 216 215 212 213 63 6 57 131 227 242 176 441 26 187 382 130 377 307 376 58 66 229 65 438 24 43 36 44 60 51 4 47 46 202 50 192 173 468 471 299 362 303 147 402 431 409 263 430 73 283 467 318 478 262 264 30 145 150 407 152 93 313 183 383 320 160 41 360 178 182 445 181 363 195 248 335 428 103 107 332 105 165 163 68 137 31 146 29 245 343 140 142 143 111 22 118 119 20 114 206 204 104 185 380 234 396 415 37 35 32 164 154 157 370 156 366 272 373 420 472 277 77 413 406 218 419 159 424 158 449 190 203 421 422 188 180 359 352 351 115 2 0 21 123 236 228 92 308 440 7 98 323 457 452 454 116 25 125 27 315 80 13 11 9 97 18 17 109 101 19 15 205 338 106 108 100 327 365 369 398 224 221 256 432 433 222 254 71 70 260 259 475 403 337 78 102 219 465 217 447 328 10 8 75 82 76 96 450 425 284 94 95 355 314 223 273 139 247 287 198 48 193 49 199 85 289 83 138 28 67 207 128 144 126 148 52 59 61 62 127 54 220 136 282 339 381 459 288 469 470 361 414 423 426 458 285 357 358 79 279 280 341 45 191 5 56 384 375 455 3 456 466 336 356 121 225 161 33 42 38 1 451 200 329 120 368 367 364 231 34 16 429 184 162 391 81 
412 271 239 269 464 267 293 292 155 386 372 371 385 133 232 346 153 387 389 347 411 400 261 305 378 410 167 408 274 84 275 276 416 240 270 417 379 226 418 461 473 132 241 129 243 210 291 463 268 325 324 453 151 405 401 149 258 295 294 72 404 257 265 90 87 298 296 266 415 37 35 32 164 154 157 370 156 366 272 124 122 374 373 420 472 277 474 442 345 344 479 388 64 237 230 238 134 135 23 113 112 349 77 413 214 448 189 333 117 354 350 73 283 467 318 478 431 262 263 264 147 402 300 399 168 409 30 145 150 175 40 171 39 166 169 304 407 152 422 459 75 80 11 10 31 83 85 28 78 288 289 139 273 363 469 470 361 414 58 57 131 227 376 158 423 419 394 312 330 310 250 462 249 209 460 477 26 187 382 130 377 307 242 66 229 65 63 6 212 213 53 208 211 342 426 458 353 281 326 278 99 340 196 55 446 216 215 102 352 160 360 180 219 465 217 447 406 328 337 475 403 254 71 70 260 259 434 435 301 297 88 8 306 14 86 91 110 12 89 290 170 172 174 309 82 76 280 341 425 43 161 36 38 33 1 34 74 163 68 165 48 287 429 199 198 335 195 248 223 436 433 432 367 364 368 398 369 120 116 25 125 21 123 236 228 454 79 279 421 449 319 179 443 444 194 390 177 334 427 244 395 348 233 141 393 476 439 46 7 322 98 323 321 396 457 440 234 235 452 44 27 24 2 0 351 115 20 114 206 204 282 339 203 218 159 424 190 188 104 22 118 119 359 16 186 284 316 355 94 314 285 375 384 356 357 450 191 200 455 456 381 231 143 142 126 148 144 29 146 207 468 471 299 362 303 192 173 50 437 438 60 51 4 47 202 317 430 302 93 313 184 205 320 13 97 81 9 18 137 286 246 138 103 105 428 391 336 332 311 197 331 247 392 127 222 225 256 224 221 56 121 136 220 67 5 62 61 92 308 327 397 201 252 69 255 253 251 176 441 17 15 3 185 380 183 383 466 338 54 52 101 109 108 358 100 45 49 19 59 128 41 182 162 178 445 329 106 451 111 140 245 343 365 181 315 107 96 42 193 95 
167 241 269 239 291 87 292 293 134 387 374 135 346 153 389 385 133 386 232 344 166 168 169 410 408 305 412 378 238 66 229 65 376 270 240 242 243 227 129 210 463 268 271 418 379 461 464 473 132 249 209 460 39 290 170 172 88 294 295 89 296 297 298 266 267 265 404 90 307 44 27 26 125 124 24 123 23 454 230 154 373 372 122 235 228 63 388 113 112 347 349 474 77 413 272 274 155 371 156 442 345 479 64 237 310 233 141 393 334 427 348 12 317 430 306 299 300 302 303 304 50 171 431 409 400 399 46 173 174 407 152 402 151 411 261 264 175 40 439 440 91 97 18 17 47 62 60 7 6 225 61 58 57 356 455 375 377 131 139 273 414 226 416 183 383 130 212 213 53 214 208 211 325 324 453 342 32 426 458 419 361 415 417 84 275 276 277 78 394 312 330 250 462 477 187 382 177 321 251 319 69 322 253 197 437 286 476 4 444 182 445 181 392 432 436 438 309 256 433 434 435 108 19 100 110 301 475 403 259 257 258 15 318 82 76 75 260 73 72 405 401 149 150 406 14 86 176 441 308 161 43 38 36 42 3 2 101 119 25 22 0 220 368 128 127 118 21 116 336 217 337 465 200 457 429 450 236 452 248 68 164 195 370 369 472 366 96 320 397 234 278 351 115 352 20 114 353 117 354 206 204 350 448 189 333 215 422 30 28 340 282 339 281 203 364 459 449 420 120 37 35 157 34 48 179 443 194 390 244 395 98 323 396 311 185 380 142 140 143 165 335 163 428 9 284 186 355 316 95 315 93 470 471 363 313 398 144 367 469 362 468 106 104 190 49 51 191 45 192 202 381 384 478 456 263 146 145 147 446 447 85 148 102 31 207 283 467 262 285 357 92 343 279 81 80 13 16 11 193 216 136 67 5 59 359 224 223 56 218 55 54 121 219 198 338 288 328 391 466 332 247 246 287 138 103 83 289 184 425 252 421 52 327 99 109 196 326 280 341 10 8 1 159 424 158 423 221 222 331 201 74 255 254 178 70 29 126 71 105 199 162 160 41 358 360 245 231 365 107 188 329 205 451 180 314 111 79 33 137 94 
296 460 463 291 243 169 408 167 427 388 348 479 389 349 474 387 344 346 385 135 89 297 298 265 404 87 292 293 393 437 286 476 253 211 209 477 473 462 461 418 379 342 210 453 464 241 269 239 249 242 227 129 172 46 173 174 303 409 168 304 378 399 305 264 410 261 412 166 322 181 428 177 163 334 444 390 442 143 141 114 350 112 345 439 395 394 232 156 373 153 371 386 215 422 204 212 113 347 354 134 374 133 310 233 65 235 228 63 123 23 122 302 17 15 12 100 88 91 301 90 433 170 259 257 294 295 309 435 175 150 406 403 407 266 267 72 39 290 237 396 306 95 315 93 438 287 392 311 312 199 246 197 330 71 254 255 69 250 136 216 196 324 208 176 441 319 277 78 273 77 414 226 268 270 271 417 352 280 341 340 109 278 325 213 53 214 333 446 238 66 229 376 240 132 321 251 24 183 383 307 375 130 131 61 6 57 64 436 26 42 3 2 7 45 47 4 40 191 192 50 171 469 363 362 299 300 146 145 263 400 431 313 75 285 357 262 456 318 411 152 402 151 149 30 317 430 187 382 323 162 182 358 445 41 178 179 471 164 335 248 443 83 188 288 138 68 194 165 126 102 147 148 231 142 111 343 244 140 25 116 20 119 117 104 189 206 92 308 440 397 419 34 48 157 195 370 32 154 155 369 472 372 413 272 274 276 420 405 219 415 184 425 426 459 205 421 203 448 107 351 115 353 180 359 44 27 125 124 454 230 185 380 234 60 96 320 450 429 236 118 22 21 0 316 81 97 16 18 13 9 14 99 19 101 86 190 328 329 327 110 108 367 366 364 223 432 222 221 434 256 252 74 260 70 258 337 401 475 84 31 218 466 447 217 338 82 76 73 10 8 98 457 424 94 284 186 314 355 224 275 289 198 331 247 35 49 193 201 28 139 103 105 85 59 144 52 207 137 29 128 67 58 5 121 220 54 55 79 279 455 449 332 468 361 470 416 458 158 423 283 467 360 282 339 281 326 51 202 62 225 356 377 381 36 478 465 391 384 127 56 33 161 43 1 38 200 451 106 368 120 365 398 245 37 11 452 159 160 336 80 
408 418 243 379 463 265 296 404 156 389 373 153 388 135 387 474 371 232 386 349 264 409 410 169 167 261 378 412 277 78 273 77 414 227 226 268 269 270 271 460 291 242 129 241 239 453 473 464 417 342 211 210 150 406 403 407 259 297 257 266 292 294 267 89 298 87 293 72 419 34 48 157 195 370 32 154 155 369 472 123 374 122 372 413 272 274 346 427 348 479 344 385 65 235 228 63 23 133 134 354 350 347 276 420 215 422 204 212 114 113 112 75 285 357 262 456 263 318 431 411 146 145 303 168 399 400 152 402 151 172 46 173 174 304 305 166 149 30 448 449 73 81 16 82 102 103 28 85 84 332 139 289 275 471 468 361 470 416 61 229 376 240 131 426 458 415 393 437 286 476 253 209 477 462 461 249 24 183 383 307 375 130 132 6 57 64 238 66 333 446 216 196 324 325 158 423 352 280 341 340 109 278 208 136 213 53 214 31 353 162 358 351 218 466 447 217 405 338 475 337 401 252 74 260 70 258 433 170 88 295 301 76 302 17 15 12 100 91 90 309 435 175 39 290 10 8 281 326 424 42 33 3 1 161 38 37 71 194 165 68 35 331 452 201 247 248 164 335 224 438 434 221 365 398 120 364 366 368 118 22 21 125 124 454 230 236 282 339 203 459 322 181 428 177 163 334 444 390 442 143 141 345 439 395 394 310 233 40 60 319 96 320 176 397 450 234 440 237 429 2 0 26 44 27 180 359 119 117 104 189 79 279 421 219 184 425 205 107 206 25 116 20 115 11 95 94 315 314 284 355 283 377 356 384 467 457 202 451 381 478 455 245 244 343 137 29 207 148 147 144 469 363 362 299 300 50 171 192 312 436 7 45 47 4 191 93 313 306 317 430 159 190 323 97 13 80 18 9 126 330 197 105 83 138 443 336 391 288 392 246 287 198 311 121 256 56 222 223 432 225 127 55 54 59 62 5 58 185 380 108 396 199 254 255 69 250 441 321 251 14 86 36 92 308 187 382 465 328 220 128 19 99 327 360 110 51 193 101 67 52 182 41 160 445 178 106 329 200 140 111 231 142 367 179 316 188 98 43 49 186 
395 246 476 286 462 255 477 253 68 390 248 194 479 444 442 348 163 427 334 350 111 343 244 439 394 143 393 141 138 28 139 103 247 392 287 201 330 331 197 473 461 290 437 312 310 211 460 209 199 196 453 324 148 52 207 137 260 441 254 74 250 252 69 176 322 319 249 71 193 1 32 35 154 164 48 195 165 391 288 445 443 428 335 107 332 105 345 232 474 388 385 344 317 166 430 306 181 177 179 114 349 112 83 188 216 104 333 189 354 117 347 76 5 56 59 222 231 67 245 140 402 147 440 397 396 142 31 146 29 307 92 308 187 237 233 235 126 102 206 329 8 9 10 11 30 77 78 84 85 272 273 275 289 236 451 452 429 198 355 316 436 311 438 51 202 49 378 129 379 243 404 464 296 463 291 293 182 39 170 172 432 175 309 95 315 93 302 186 204 136 215 342 210 208 45 191 119 19 108 109 340 99 325 446 55 214 53 152 20 0 21 22 54 120 121 127 128 364 365 367 144 294 266 259 258 70 455 383 320 251 323 75 238 13 79 96 279 98 321 132 382 130 183 242 16 73 101 327 192 2 3 33 34 36 37 38 72 153 155 156 157 270 361 268 414 373 370 372 384 131 381 377 475 328 466 338 336 465 115 351 358 360 178 363 313 471 86 110 205 106 298 23 122 133 371 386 135 389 387 261 412 346 169 408 167 239 305 185 284 87 12 88 89 168 299 300 303 304 470 42 162 41 43 160 25 116 352 113 422 212 15 100 190 220 4 50 203 413 448 180 359 353 118 82 6 7 57 58 60 61 62 221 223 224 225 362 458 468 434 256 433 431 410 409 407 151 403 150 145 401 200 454 457 450 234 425 380 424 241 376 94 158 159 184 423 64 230 63 65 228 47 421 301 14 17 18 80 81 149 269 271 274 276 277 374 366 369 472 227 418 226 416 240 447 478 357 456 356 375 467 217 213 218 262 283 285 314 40 171 341 399 417 257 265 267 292 297 90 295 97 282 161 46 173 174 435 368 398 219 405 280 278 326 125 339 426 419 281 318 406 24 26 27 123 124 459 449 469 411 264 263 400 337 134 229 420 91 44 415 66 
236 247 451 452 384 131 381 377 139 391 138 288 475 329 328 466 332 338 336 447 57 63 228 234 450 230 457 454 248 154 68 164 246 193 201 287 429 199 198 431 478 192 202 191 200 357 456 356 331 314 318 467 122 21 23 123 129 130 132 227 375 242 376 380 382 383 455 240 392 272 77 273 28 103 275 83 289 390 194 206 188 107 105 428 163 335 465 402 407 403 401 337 327 301 101 110 205 106 190 218 406 217 195 443 359 178 180 360 446 219 405 226 56 5 58 6 64 61 65 229 232 133 233 235 237 238 373 135 374 251 339 321 323 396 440 397 124 372 445 444 270 361 268 414 153 32 155 156 370 1 35 48 165 395 476 286 330 197 208 99 45 49 51 438 437 311 294 260 266 259 410 411 409 264 263 400 421 435 174 173 47 171 50 341 109 108 100 326 358 118 353 285 262 355 436 312 220 313 93 315 94 316 283 354 116 352 115 371 54 120 52 121 20 0 22 25 125 2 24 26 134 378 379 243 239 241 249 319 183 307 187 418 142 458 426 425 185 424 308 254 322 441 320 252 416 271 430 317 290 364 366 413 274 369 277 472 269 30 78 84 276 8 9 10 11 31 85 102 462 255 477 253 479 442 348 427 334 345 53 212 204 189 104 15 19 86 471 306 181 177 168 207 148 147 152 151 146 150 145 292 267 149 297 265 257 258 295 279 278 399 362 304 303 298 91 90 89 88 18 459 422 203 449 448 127 55 214 213 162 351 363 302 179 119 221 309 41 33 160 333 216 215 136 417 222 223 111 59 224 67 225 4 7 60 62 12 13 14 40 66 46 473 404 296 474 386 388 389 387 385 310 141 393 394 439 96 176 98 70 69 340 282 281 280 97 231 143 343 245 244 432 182 166 468 469 470 419 415 346 72 73 34 157 37 29 3 36 38 74 75 76 16 71 350 461 211 460 209 250 324 112 113 114 210 325 342 196 434 175 95 87 82 167 408 412 261 169 300 305 423 158 420 433 172 170 39 27 44 117 347 184 284 186 128 92 79 80 159 453 349 365 367 368 137 126 42 43 17 464 463 291 293 344 144 140 161 299 398 81 256 
445 248 444 443 430 355 317 316 247 392 246 287 290 476 437 436 331 312 311 432 115 351 358 182 181 360 179 178 139 391 138 288 68 390 194 164 428 163 335 166 306 479 442 427 177 363 302 313 195 470 299 471 217 54 213 218 262 284 283 357 315 285 314 185 186 95 93 467 154 236 451 452 193 201 429 199 198 28 103 395 286 330 197 275 83 289 438 39 170 172 175 309 477 473 462 461 394 310 393 223 433 221 332 273 368 472 398 369 256 224 434 356 21 20 116 113 352 118 353 359 149 405 161 162 160 180 466 406 447 97 321 282 98 43 41 42 219 465 272 77 384 131 381 377 475 329 328 338 336 206 188 107 105 1 32 35 48 165 255 253 348 334 345 372 155 370 87 12 88 89 168 300 169 303 304 305 439 232 474 388 350 385 344 319 250 249 460 322 366 127 367 469 362 361 373 156 225 226 417 416 423 414 468 144 121 365 120 337 56 57 5 58 52 53 55 136 220 212 214 215 446 261 263 264 411 318 82 81 184 94 159 456 44 130 380 183 426 187 92 14 80 13 96 17 375 478 270 268 153 63 228 234 450 230 457 454 431 192 202 191 200 101 208 327 99 45 49 51 8 9 10 11 30 78 31 84 85 102 111 343 244 143 141 211 209 324 240 271 274 276 167 6 4 40 50 171 46 173 174 294 295 435 296 297 298 90 293 176 441 378 129 379 243 404 453 464 463 291 196 235 397 233 237 396 61 59 231 222 459 364 227 418 277 128 122 371 420 421 449 142 140 245 67 455 23 123 0 22 124 25 125 112 114 117 119 210 278 325 347 354 349 72 257 265 145 401 150 403 407 151 157 38 37 34 33 280 79 281 91 18 251 339 323 320 340 24 36 2 26 3 374 413 269 132 242 376 382 383 402 301 110 205 106 190 47 204 189 104 15 100 19 109 86 29 73 74 75 76 16 71 148 207 137 260 254 252 69 133 386 415 292 108 410 409 400 399 408 239 412 307 308 440 135 389 387 346 216 333 126 147 425 458 419 62 158 279 326 424 70 146 64 65 229 7 60 422 448 342 258 259 266 267 152 66 27 203 241 238 341 134 
460 322 253 477 427 388 348 479 237 393 396 233 286 143 141 476 439 395 394 437 296 463 291 211 209 473 462 461 187 132 382 130 323 254 441 321 249 251 319 163 334 71 255 69 250 444 390 442 176 181 428 177 243 169 408 167 389 349 474 387 344 346 385 114 350 112 345 232 98 64 230 238 457 440 63 234 235 424 308 231 142 343 397 185 380 183 310 199 287 246 197 330 126 102 147 148 111 244 140 290 392 312 307 92 306 95 315 93 438 309 311 135 89 297 298 265 404 87 292 293 418 379 342 210 453 464 241 269 239 204 136 215 216 196 324 208 378 129 186 159 133 26 124 134 240 377 131 376 242 456 381 455 383 326 281 339 279 320 367 144 70 252 260 97 282 96 83 188 288 138 164 335 68 248 194 165 59 16 73 8 258 76 74 52 207 137 29 128 317 166 430 445 443 179 13 79 175 42 162 182 358 41 178 471 304 313 302 227 172 46 173 174 303 409 168 399 305 264 410 261 412 156 373 153 371 386 422 212 113 347 354 374 109 25 116 20 352 119 117 104 333 189 53 206 23 122 43 160 80 7 6 58 57 66 229 65 372 452 454 236 228 338 403 466 475 451 450 200 449 190 448 203 419 158 458 426 425 423 433 223 222 256 245 145 146 402 44 161 284 184 35 45 191 49 429 198 193 247 201 275 289 331 28 139 103 105 85 55 127 48 3 34 1 78 151 152 30 31 401 5 56 67 62 225 39 170 432 436 355 316 2 33 94 300 17 81 285 357 314 224 434 221 435 123 15 12 100 88 91 301 90 259 257 294 295 150 406 407 266 267 72 277 273 77 414 226 268 270 271 417 280 341 340 278 325 213 214 446 107 205 121 219 220 54 405 19 108 99 101 327 14 283 37 27 0 24 125 21 416 332 336 356 375 384 202 263 431 478 329 391 328 337 106 468 420 364 413 459 421 398 469 363 362 366 368 120 365 18 82 351 84 465 155 154 370 195 32 38 157 22 118 61 9 10 11 75 400 411 299 470 115 360 180 171 353 218 447 359 369 361 47 4 40 192 50 262 318 149 472 272 274 276 415 51 110 467 36 60 217 86 
461 319 250 249 442 385 345 344 235 394 397 439 330 244 395 310 233 141 393 312 293 464 473 324 462 291 209 460 183 242 383 307 320 252 251 176 477 441 322 194 390 74 69 255 253 177 334 427 321 179 443 444 239 305 412 378 386 347 346 232 479 474 388 117 112 350 348 387 96 65 228 63 450 234 238 440 237 425 380 245 343 142 396 92 308 187 476 201 331 197 246 286 137 31 146 29 140 143 111 309 311 437 130 185 302 186 316 317 436 290 392 133 90 295 87 267 292 298 404 296 271 269 325 453 210 463 129 379 243 189 55 214 53 208 211 196 167 241 95 184 135 24 123 23 227 375 376 131 132 478 455 381 382 341 280 279 339 323 365 207 260 254 70 13 79 98 103 107 332 105 195 248 165 335 163 68 67 11 75 76 259 8 71 128 144 126 148 52 93 304 313 178 428 181 97 282 172 43 160 41 360 182 445 363 166 430 306 240 175 40 171 39 300 400 399 168 169 411 261 410 408 155 372 371 153 389 448 333 354 349 113 122 99 22 118 119 353 20 114 206 212 204 216 104 134 374 42 162 81 60 66 61 229 6 57 64 373 429 236 454 230 328 401 465 337 200 457 451 459 205 422 421 415 426 423 158 424 458 434 224 256 222 231 402 147 145 2 33 94 159 48 51 202 193 452 247 49 198 199 273 139 287 85 289 83 138 28 136 121 35 36 37 38 84 150 30 152 102 403 62 225 59 5 56 174 435 221 438 314 315 44 161 284 303 14 80 283 467 355 223 433 432 170 124 86 91 110 301 12 88 89 258 294 257 297 151 405 149 72 265 266 274 275 276 416 270 417 226 418 268 281 326 278 340 342 446 215 213 188 190 127 218 54 220 406 101 327 109 19 108 17 285 34 0 27 26 21 125 414 288 391 384 377 356 191 431 263 456 106 336 338 475 329 469 413 398 420 449 203 364 468 471 299 369 120 368 367 9 10 180 78 466 156 370 154 164 157 1 32 25 116 58 18 82 16 73 409 264 362 361 359 358 351 173 352 219 217 115 366 470 4 47 46 50 192 318 262 407 272 472 277 77 419 45 100 357 3 7 447 15 
462 255 477 253 390 350 479 348 111 395 343 244 476 439 394 286 143 393 141 246 196 453 324 473 461 211 460 209 148 52 207 137 260 441 254 74 250 252 69 444 442 176 322 319 249 163 427 334 71 68 248 194 216 104 333 189 354 474 349 117 345 347 112 232 388 385 344 114 76 5 56 59 222 231 67 245 140 402 147 440 397 396 142 31 146 29 330 290 392 437 312 310 307 92 308 187 237 233 235 199 287 197 126 102 138 28 139 103 247 201 331 119 19 108 109 340 342 99 325 208 446 215 404 464 463 210 55 214 53 378 129 379 243 296 291 293 204 136 85 152 20 0 21 22 54 120 121 127 128 364 365 367 144 294 266 259 258 70 455 383 320 251 323 11 75 8 317 166 430 306 445 443 181 428 177 179 238 13 79 96 279 98 321 132 382 130 183 242 83 188 288 164 335 165 16 73 193 1 32 35 154 48 195 391 107 332 105 220 49 4 50 51 106 203 190 205 206 413 448 422 212 180 359 353 352 113 261 412 386 346 389 118 298 23 122 133 371 135 387 169 408 167 239 305 25 116 38 157 82 6 7 57 58 60 61 62 115 221 223 224 225 362 458 361 468 434 256 433 431 168 410 409 407 151 403 150 145 401 200 454 457 450 234 425 380 424 36 37 84 30 182 39 170 172 432 436 175 438 309 355 316 311 95 315 93 302 186 241 376 41 2 33 42 94 158 159 184 185 423 64 230 63 65 228 45 191 429 198 275 289 3 34 78 329 9 10 77 272 273 236 451 452 202 125 12 15 88 100 86 110 101 339 341 326 327 426 268 419 281 278 280 318 314 285 447 219 406 218 213 405 72 257 265 267 292 271 269 418 304 399 131 226 227 240 417 89 297 87 90 295 18 276 161 24 26 27 123 124 217 313 363 366 368 369 435 459 449 398 300 471 299 469 303 475 411 456 264 263 400 478 337 336 338 356 375 377 381 14 80 155 284 470 351 358 360 178 162 43 160 134 374 229 17 81 97 282 421 420 328 465 372 370 156 192 153 270 414 373 384 466 40 46 47 171 173 274 277 415 467 357 262 283 149 174 301 472 44 66 416 91 
323 254 322 441 382 424 187 308 231 396 143 142 237 393 233 440 343 439 397 457 326 281 339 98 321 279 176 320 147 367 126 144 71 253 255 70 251 69 252 132 130 460 477 249 319 455 307 383 260 456 377 381 449 190 448 203 419 159 158 458 380 426 425 186 92 185 183 423 258 433 223 222 59 111 256 140 245 102 148 286 141 395 244 145 29 146 234 64 230 238 63 235 427 388 348 479 476 394 310 200 454 450 207 402 338 403 466 475 452 451 236 468 100 99 327 325 278 108 340 341 277 420 80 282 79 280 364 413 459 43 179 160 41 13 96 97 421 398 401 151 469 303 363 362 366 127 368 120 365 55 128 52 137 16 73 8 76 74 163 334 209 250 462 257 72 259 133 26 124 134 240 131 241 376 242 129 437 296 463 291 211 473 461 444 390 442 344 177 337 106 336 356 375 478 294 266 202 409 264 263 357 431 384 332 329 391 328 369 191 173 45 192 188 189 104 206 205 214 333 212 422 418 414 268 417 415 37 161 284 184 94 361 14 302 316 317 283 93 95 2 33 42 182 44 299 470 400 411 267 172 170 436 432 435 221 434 416 61 56 225 224 22 117 118 119 62 67 5 48 3 34 1 78 152 28 30 31 85 199 287 246 197 330 112 345 350 399 261 149 150 239 46 7 6 58 57 66 229 65 372 122 228 387 374 135 23 232 181 428 243 169 408 167 389 349 474 346 385 114 290 392 312 309 311 50 49 198 429 217 465 168 410 407 107 297 265 406 218 447 331 201 247 193 471 89 88 15 19 301 101 110 324 208 196 109 347 353 354 453 342 210 156 373 153 273 472 77 272 274 276 75 11 10 82 81 351 162 180 24 36 443 360 178 445 352 12 9 17 91 18 295 405 412 304 166 300 313 430 275 123 21 54 121 220 60 53 216 136 27 125 25 20 0 103 157 68 32 35 38 165 83 288 138 164 335 248 194 298 404 262 386 116 271 270 226 227 269 378 379 306 315 438 87 292 293 464 204 215 105 289 355 467 318 51 285 358 359 314 195 139 174 39 171 47 4 213 446 113 370 154 155 371 84 40 86 219 305 175 115 90 
320 252 319 251 383 425 183 380 245 397 244 343 235 394 439 234 142 233 396 450 341 280 279 96 176 339 321 323 146 365 137 207 74 250 69 260 441 255 254 242 307 461 249 477 322 381 130 382 70 478 375 455 459 205 422 421 415 184 426 423 308 158 424 95 185 92 187 458 259 434 224 256 67 140 222 111 231 31 29 330 395 141 143 402 148 147 440 65 228 63 238 237 442 385 345 344 310 393 476 451 236 457 144 145 328 401 465 337 429 200 454 469 110 109 108 342 340 327 278 326 274 413 81 79 282 281 398 420 449 42 181 162 182 97 98 13 203 364 403 150 468 300 471 299 369 121 120 368 367 136 52 128 126 11 75 76 8 71 194 390 462 253 209 294 266 258 135 24 123 23 227 376 129 131 132 241 312 293 464 473 324 291 460 177 334 427 479 444 475 329 391 384 377 456 257 72 191 400 411 431 467 263 356 288 106 336 338 366 202 171 51 50 107 204 206 104 190 215 212 333 448 271 416 417 268 419 34 33 94 159 284 470 17 306 315 93 285 317 186 44 161 43 41 2 362 361 409 264 265 175 435 438 221 170 432 433 414 58 225 56 223 25 114 116 20 5 59 62 35 36 37 38 84 30 85 152 102 28 201 331 197 246 286 350 348 112 168 410 407 151 243 40 60 66 61 229 6 57 64 373 374 230 232 122 133 134 387 179 443 239 305 412 378 386 347 346 474 388 117 309 311 437 290 392 192 193 247 452 447 466 399 261 149 188 295 267 405 219 217 287 199 198 49 363 90 301 86 101 88 19 100 211 196 208 99 349 352 113 210 325 453 155 372 371 275 272 276 472 277 77 73 16 82 10 80 180 160 351 26 3 428 358 445 178 353 91 18 14 12 9 297 406 408 166 304 303 430 313 273 124 125 220 127 54 7 216 53 55 0 21 22 119 27 83 32 165 157 48 1 68 103 332 105 195 248 335 163 87 292 318 389 118 418 226 270 240 379 167 269 302 316 436 298 404 296 463 189 214 138 139 314 357 262 45 283 360 115 355 164 289 39 174 173 4 47 446 213 354 154 370 156 153 78 46 15 218 169 172 359 89 
299 423 470 469 256 170 432 433 421 398 420 449 368 472 369 367 459 366 364 144 168 166 300 430 471 303 363 362 279 327 278 326 158 417 415 424 468 419 458 225 224 226 416 414 361 231 223 222 425 142 140 245 88 294 87 295 39 290 172 171 434 175 435 392 436 438 221 173 308 329 206 205 212 422 190 448 203 79 280 276 277 274 413 323 281 339 365 220 128 127 121 120 370 122 371 372 275 272 273 147 126 207 341 320 70 251 69 252 29 146 137 50 431 410 409 167 169 400 305 399 12 89 317 306 302 304 110 90 301 445 248 444 443 316 313 315 297 100 441 176 192 451 193 202 101 208 99 109 108 210 325 342 340 94 92 159 184 426 157 156 418 268 271 382 187 380 125 359 119 118 62 67 61 59 56 58 289 131 129 227 379 240 270 164 155 154 373 195 254 258 71 143 111 343 383 183 145 234 233 396 141 397 244 8 259 74 260 19 402 475 407 403 266 292 267 265 257 291 293 296 298 6 4 40 46 174 182 181 437 309 312 51 355 247 246 287 476 331 311 360 179 178 428 358 191 45 440 439 307 391 328 138 188 338 107 106 47 53 204 189 104 113 346 112 347 214 333 215 33 180 41 160 13 96 80 98 282 81 152 85 84 78 77 389 153 386 457 237 322 321 229 447 446 219 216 136 218 55 54 27 25 52 123 22 21 116 124 335 165 57 236 63 228 23 232 133 135 374 474 288 83 139 332 103 401 151 102 148 253 255 450 235 319 72 381 130 249 209 250 28 30 31 150 49 384 478 318 411 456 264 263 269 408 412 261 387 344 385 239 378 243 2 0 24 9 15 14 86 91 17 185 284 186 95 93 427 177 442 115 351 68 390 194 163 479 467 283 314 357 285 455 477 238 452 429 200 201 199 18 20 114 211 196 324 213 463 464 453 353 117 354 349 352 10 42 37 43 161 162 34 82 76 75 38 48 35 32 377 132 393 134 350 66 60 7 5 65 230 64 198 197 105 375 242 376 241 404 473 73 16 286 395 394 149 310 334 345 330 1 11 466 465 337 406 405 460 461 388 3 36 44 26 97 217 262 462 454 336 348 356 
301 257 298 297 435 192 174 173 263 399 261 400 304 378 305 303 409 169 168 362 327 101 110 91 90 100 89 88 145 337 149 401 72 404 265 258 295 267 294 309 175 473 296 293 87 433 172 170 259 222 221 434 329 421 206 205 193 47 45 202 171 51 50 66 46 40 39 191 70 455 356 456 262 264 478 411 431 30 150 379 412 408 410 147 151 402 300 93 313 302 306 166 232 479 474 388 243 167 239 469 363 299 403 146 364 207 120 365 361 468 471 451 279 278 326 208 99 341 109 108 138 188 18 86 15 19 338 107 106 44 134 27 26 17 12 14 190 328 144 29 200 440 454 457 336 217 465 466 475 213 405 406 407 10 8 73 75 266 371 386 464 292 463 254 71 260 177 41 178 179 311 438 312 436 290 437 129 477 462 461 453 460 291 135 389 387 385 133 367 459 366 223 432 256 252 74 458 343 111 231 56 245 224 272 449 369 398 391 423 308 158 424 420 212 422 448 203 53 204 189 104 246 247 201 199 49 38 36 60 4 7 452 97 238 229 65 62 64 6 42 3 2 24 43 450 429 142 140 69 307 383 376 375 382 377 381 198 355 357 467 384 351 113 115 352 283 318 285 32 33 1 34 28 31 78 102 152 84 417 226 418 271 269 347 346 349 396 143 126 148 310 92 94 95 314 315 186 316 317 335 428 430 442 443 444 181 427 23 122 476 439 395 394 390 350 348 345 344 354 242 227 241 132 240 425 415 416 470 127 368 397 244 137 413 441 255 52 54 121 270 268 414 419 236 176 320 79 280 323 281 339 210 325 342 340 112 20 114 211 196 324 68 248 194 139 288 103 332 105 83 76 82 16 11 9 22 0 25 182 161 374 125 124 123 119 96 81 13 98 80 251 128 141 237 235 234 230 228 289 445 358 218 447 219 284 214 215 446 160 360 180 353 162 77 35 156 48 157 37 155 276 472 277 370 372 373 153 322 253 59 334 359 197 331 287 392 330 393 286 63 57 131 319 250 249 209 333 216 274 275 61 225 67 426 5 21 116 58 154 273 187 183 380 159 184 55 136 117 164 195 165 163 85 185 282 220 233 130 118 321 
258 295 267 294 401 147 151 402 300 400 305 399 411 412 261 431 168 410 409 478 254 71 70 73 72 260 266 259 171 434 175 435 90 293 87 301 257 298 297 405 149 464 292 404 265 475 407 403 88 328 465 337 231 396 143 142 126 102 148 144 145 29 146 78 152 30 150 207 110 468 471 299 306 166 362 304 303 40 39 239 378 167 169 192 174 173 263 283 467 318 262 264 386 347 385 346 269 408 379 381 384 456 170 50 450 191 429 200 375 455 356 367 323 322 441 253 255 251 69 252 59 111 16 8 76 74 256 140 245 34 156 48 157 82 75 10 343 222 202 51 365 449 369 398 224 438 221 432 433 437 309 290 172 14 86 91 12 89 133 232 473 296 291 327 101 100 352 160 360 180 219 217 446 447 406 213 271 325 324 453 461 210 463 153 387 389 474 371 451 234 236 391 466 338 108 19 383 190 188 329 288 106 336 228 440 454 457 223 382 424 187 308 237 393 233 439 397 286 141 395 244 55 127 128 52 137 3 1 28 31 85 368 81 277 273 77 103 276 84 161 38 37 32 33 364 120 205 107 109 419 458 414 361 423 470 469 121 315 430 313 363 181 427 428 177 93 302 317 24 43 36 44 60 4 66 47 46 6 132 240 241 129 243 479 388 344 421 206 193 45 215 159 186 284 316 355 94 314 285 116 115 357 354 359 353 351 113 155 372 214 448 189 333 117 345 112 350 349 442 268 270 418 417 226 380 130 131 377 247 452 203 104 49 235 326 99 199 287 198 227 242 376 307 366 281 339 98 321 279 176 320 460 477 249 319 348 163 334 209 250 462 22 118 119 61 56 62 225 67 5 15 17 18 9 11 68 35 165 162 42 373 195 370 154 194 282 97 80 79 13 341 201 204 420 413 459 472 272 58 358 445 392 436 311 95 476 310 312 41 178 179 444 182 65 0 134 27 26 2 23 64 230 238 124 122 374 135 278 208 138 114 443 136 220 54 218 216 212 53 274 275 416 340 196 342 211 394 330 63 57 139 332 105 183 83 164 335 289 123 229 158 426 425 92 185 246 197 390 21 125 25 20 7 184 96 331 422 415 248 280 
400 478 411 431 258 295 267 294 328 401 465 337 151 405 149 402 475 407 403 147 300 305 399 412 261 168 410 409 450 191 429 200 375 467 384 455 263 356 456 73 72 283 318 262 264 260 266 259 381 254 71 70 171 434 175 435 90 293 87 301 257 298 297 464 292 404 265 88 383 190 188 329 288 391 106 336 338 228 236 219 217 447 466 440 454 457 145 78 102 152 30 150 352 160 360 180 446 406 213 207 148 146 451 234 231 396 143 142 126 144 29 110 468 471 299 306 166 362 304 303 40 39 239 378 167 169 192 174 173 386 347 385 346 269 408 379 170 50 397 235 100 326 99 327 45 199 49 193 202 287 198 247 452 227 242 376 131 377 116 115 355 357 314 308 307 382 34 156 48 157 16 8 82 76 75 10 215 159 186 284 316 94 285 354 359 353 351 113 343 222 111 255 74 252 380 130 367 323 322 441 253 251 69 59 256 140 245 51 365 449 369 398 224 438 221 432 433 437 309 290 172 14 86 91 12 89 133 232 473 296 291 101 271 325 324 453 461 210 463 153 387 389 474 371 108 19 320 319 183 448 203 189 104 421 206 205 15 83 138 105 107 164 428 163 335 289 332 139 123 373 135 374 65 63 229 238 230 57 121 136 220 54 218 445 358 178 279 176 439 237 81 277 273 77 103 28 276 85 84 3 1 31 161 38 37 32 33 349 114 80 281 98 282 43 179 41 182 162 443 333 216 214 212 53 364 120 52 137 395 244 339 321 233 223 424 187 393 286 141 55 127 128 368 109 419 458 414 361 423 470 469 315 430 313 363 181 427 177 93 302 317 24 36 44 60 4 66 47 46 6 132 240 241 129 243 479 388 344 155 372 117 345 112 350 442 268 270 418 417 226 425 394 96 278 340 341 208 196 7 35 68 246 201 197 275 392 311 331 370 165 195 248 154 61 23 125 134 124 122 21 58 67 225 25 20 119 118 158 92 477 42 194 17 18 9 11 97 79 13 342 211 204 426 185 184 95 436 312 56 5 462 250 249 366 460 348 334 209 22 62 420 413 459 472 272 476 310 444 0 27 26 2 64 274 416 330 280 422 390 415 
294 260 266 259 431 168 410 409 207 402 148 147 407 152 151 403 146 150 145 475 88 87 295 292 267 297 265 257 343 222 111 231 255 76 74 254 258 71 70 318 411 82 75 73 72 456 264 263 252 381 384 478 170 50 39 171 166 167 169 300 400 305 399 269 408 412 261 303 441 364 120 365 52 137 367 126 144 395 244 85 102 31 29 396 143 142 401 446 447 406 405 149 157 161 38 37 84 30 78 338 466 337 245 397 451 234 236 450 391 328 465 299 108 19 100 12 89 110 90 301 290 172 291 293 296 298 434 175 435 346 153 387 389 463 404 464 173 433 440 439 362 458 361 468 221 56 223 224 256 5 59 67 140 462 477 253 250 69 165 48 16 8 11 323 322 251 180 354 359 353 314 467 285 357 262 283 276 282 97 81 18 80 10 155 35 32 34 156 457 202 452 377 356 455 320 319 329 380 130 382 131 383 375 247 191 429 200 432 106 203 104 190 49 4 51 45 192 6 40 46 174 317 430 306 302 304 344 385 239 378 243 471 210 268 270 271 241 418 379 349 388 474 386 347 469 363 308 307 176 413 459 272 366 449 369 398 313 54 121 127 368 20 0 21 22 55 128 136 390 350 479 348 476 394 286 393 141 330 105 289 83 103 28 3 1 36 424 187 237 233 94 333 216 215 220 219 214 218 213 178 360 217 162 358 351 352 160 371 370 284 426 185 184 182 44 43 42 33 27 274 275 77 277 273 205 107 332 336 230 454 425 183 235 193 339 321 63 57 228 139 138 288 188 470 340 341 196 109 326 99 327 9 15 86 101 2 23 24 14 91 17 444 445 181 392 436 437 438 309 312 249 209 460 461 473 133 232 135 113 112 154 374 373 372 134 342 211 453 325 324 279 238 92 419 415 423 414 416 311 115 116 58 225 61 53 7 60 62 117 118 119 25 114 246 442 163 427 334 345 194 197 198 199 335 195 164 68 281 98 132 41 125 93 315 316 355 95 159 186 417 226 472 280 96 79 13 47 66 201 331 240 376 242 206 129 122 123 227 248 287 448 422 421 189 204 64 65 26 443 428 177 179 310 212 208 229 158 420 124 278 
409 456 264 263 259 297 265 257 338 403 466 475 150 406 407 145 337 149 401 146 303 169 168 408 410 399 261 400 457 202 452 451 377 357 356 381 431 384 478 75 266 285 262 318 411 70 72 258 455 252 74 260 173 433 172 170 89 296 298 88 294 87 295 463 404 292 267 301 382 205 107 106 332 336 329 391 328 230 454 218 447 217 465 234 236 450 402 84 31 30 152 151 353 162 358 351 213 405 446 144 29 147 200 440 245 397 244 343 137 207 148 100 469 363 362 302 304 299 166 300 46 174 243 167 378 305 50 39 171 389 349 388 474 379 412 269 435 192 396 237 110 341 109 108 51 201 193 49 191 331 247 198 429 240 132 131 376 375 118 359 314 467 355 380 130 383 37 155 35 32 11 76 10 8 73 82 214 184 95 94 315 284 283 113 115 352 180 354 142 256 140 69 71 254 308 307 365 320 319 251 250 441 255 67 222 111 231 45 367 459 366 364 223 436 432 221 434 312 290 309 175 17 15 12 91 90 135 387 291 293 473 19 418 342 211 210 460 453 464 371 232 386 346 153 327 101 323 322 187 422 421 204 206 203 104 190 86 103 105 138 188 195 443 194 248 139 288 289 124 372 133 122 64 238 57 63 228 229 127 55 54 220 219 178 360 445 339 321 233 235 80 274 275 276 83 85 77 28 78 36 38 102 33 1 34 157 161 347 117 81 280 96 79 42 181 182 41 160 428 212 53 215 333 216 398 368 128 126 141 143 279 176 439 224 425 183 394 330 395 136 121 52 120 99 415 423 416 470 458 361 468 316 313 430 471 179 442 444 317 306 93 26 3 2 7 47 6 4 40 66 242 227 129 241 239 344 385 479 156 373 114 348 350 112 427 417 226 271 268 270 424 393 98 340 278 326 196 208 60 48 165 197 199 246 273 311 392 287 154 68 164 335 370 58 134 21 23 123 374 125 61 59 56 22 119 20 116 426 185 249 43 163 14 9 18 16 13 282 97 325 324 189 158 92 159 186 438 437 225 62 209 253 477 369 461 345 390 462 25 5 413 420 449 272 472 310 476 177 27 0 24 44 65 277 414 286 281 448 334 419 
379 261 378 412 474 371 232 386 72 404 257 265 473 298 296 464 267 293 292 453 417 226 418 129 243 271 239 269 149 30 145 150 263 399 400 264 408 409 410 479 388 304 305 169 167 347 385 346 411 354 350 349 276 420 472 277 370 122 372 156 389 373 153 23 133 135 387 155 262 10 8 73 70 258 75 259 266 337 401 301 297 295 294 406 403 407 463 477 462 461 460 291 174 309 435 175 90 87 89 325 324 210 151 405 333 446 216 215 196 342 211 157 158 423 415 470 416 419 414 268 289 275 131 227 240 270 78 273 77 63 6 57 64 132 241 242 274 84 213 217 32 33 1 34 28 29 31 102 152 144 146 147 402 455 356 456 478 431 192 173 303 168 300 285 357 318 476 439 395 394 390 348 442 345 344 427 91 93 313 302 362 306 166 40 171 39 172 46 214 448 189 117 112 113 283 467 340 180 359 353 119 352 114 104 422 204 212 85 278 79 279 280 421 398 449 459 413 368 369 366 272 335 165 195 164 154 236 228 123 374 124 48 130 2 0 24 21 26 134 237 230 238 65 235 37 35 351 115 355 13 80 9 11 81 16 82 68 69 71 74 76 142 256 140 245 252 260 254 200 440 454 457 336 465 338 466 475 328 327 101 110 100 88 433 170 434 162 358 218 447 444 176 441 322 255 253 319 250 249 246 286 209 312 330 310 393 437 66 47 177 41 178 179 311 221 438 436 290 222 14 86 12 17 15 281 326 99 208 55 53 160 360 219 203 94 314 220 128 136 19 108 109 341 38 92 159 308 424 184 425 426 299 469 468 458 432 225 224 471 361 363 198 197 331 105 83 332 103 139 288 384 381 377 375 376 61 229 58 233 234 4 5 7 60 56 187 382 307 183 383 284 54 445 42 43 161 3 36 138 141 143 126 148 137 251 367 365 207 397 244 343 231 396 106 429 202 452 451 450 191 329 206 205 193 45 51 50 95 315 118 392 111 248 194 163 334 443 181 428 44 27 18 186 316 317 430 364 120 190 188 22 20 116 339 125 62 67 25 49 107 96 98 282 320 323 127 121 223 199 201 247 287 391 321 380 52 182 97 59 185 
283 411 467 318 352 160 360 180 151 405 401 149 219 465 217 446 407 447 406 215 159 186 284 316 355 94 314 285 267 73 258 72 400 478 431 261 262 263 264 116 115 375 384 356 357 354 359 353 410 349 114 113 80 281 98 282 43 179 41 161 351 182 162 443 178 445 358 33 412 78 102 152 147 402 30 145 150 295 294 328 337 475 403 404 257 265 213 121 136 220 54 218 429 228 450 236 391 466 336 333 216 214 266 292 342 463 211 210 204 212 53 37 419 424 158 187 92 426 185 184 14 13 302 317 93 95 82 97 81 436 331 312 311 313 315 430 79 10 464 293 34 156 48 157 16 71 8 76 75 254 70 260 259 300 305 399 168 409 191 200 455 456 381 379 378 408 58 224 67 225 25 20 125 119 118 21 288 227 242 376 383 131 377 247 451 452 454 198 453 340 196 350 117 347 269 167 422 389 388 474 348 346 112 109 278 208 325 11 448 277 449 420 326 323 339 279 280 322 321 176 96 24 36 44 2 42 172 290 444 181 177 38 363 195 194 248 442 335 428 221 309 438 392 432 32 1 386 385 239 273 77 103 28 276 85 84 3 126 148 29 31 231 396 143 142 144 146 207 171 434 175 435 90 87 301 298 297 88 190 188 329 106 338 440 457 234 371 232 473 296 124 369 365 120 137 52 368 128 127 7 5 55 229 62 61 56 57 287 199 123 373 135 374 65 235 63 238 230 397 139 138 332 289 105 413 203 104 189 462 324 153 387 291 341 418 243 460 253 209 107 205 206 421 35 414 268 468 458 417 423 415 382 308 380 425 237 393 233 130 183 307 40 60 66 86 9 91 18 17 12 169 303 304 166 306 476 437 310 223 433 201 330 197 246 394 361 362 471 470 299 271 461 133 370 154 155 165 68 15 59 111 255 74 69 367 441 251 252 256 140 245 343 222 110 39 192 174 173 170 50 100 99 327 45 49 193 202 226 129 479 64 244 26 27 0 22 134 122 23 164 163 83 270 241 240 132 320 319 108 19 390 345 344 459 427 286 141 334 51 101 472 272 274 398 364 477 249 439 4 47 46 6 89 366 469 250 372 275 395 416 
285 264 357 262 353 162 358 351 150 406 403 407 218 466 447 213 149 217 405 214 184 95 94 315 314 284 355 283 265 75 259 266 409 456 263 410 318 431 411 118 359 377 356 384 467 113 115 352 261 347 117 354 81 280 96 79 42 181 182 33 180 41 160 428 445 178 360 161 408 84 31 30 146 145 152 402 151 297 257 338 475 337 401 292 294 267 446 127 55 54 220 219 452 230 457 454 336 465 391 212 53 215 72 404 325 464 324 453 189 333 216 34 415 425 426 183 185 158 92 159 17 97 306 93 317 186 10 13 80 438 287 437 392 430 316 313 282 82 463 296 37 155 35 32 11 74 76 8 73 252 260 70 258 303 169 168 399 400 202 451 381 478 455 269 167 412 61 223 59 56 22 119 21 20 116 125 332 240 132 131 382 376 375 198 200 429 236 247 210 278 208 112 114 349 379 378 448 386 385 346 345 474 350 99 340 196 342 16 422 274 459 413 341 320 279 339 281 319 176 321 98 26 3 2 44 43 175 309 177 179 444 1 471 164 163 335 427 248 443 432 290 436 311 221 157 38 389 388 243 275 276 83 85 77 28 78 36 137 29 148 102 245 397 244 343 207 147 144 173 433 172 170 89 298 88 87 295 301 205 107 106 329 328 234 450 440 153 387 291 293 123 366 367 368 126 128 120 52 121 60 62 136 57 5 58 225 229 331 201 124 372 133 122 64 237 238 63 228 396 289 105 288 139 138 420 421 206 204 209 211 371 232 473 326 271 239 461 250 462 188 190 104 203 48 416 417 469 423 268 458 419 383 380 308 424 235 394 439 307 187 130 46 7 6 15 18 12 9 14 91 305 300 166 304 302 310 312 476 224 434 199 286 246 197 393 470 299 363 361 362 418 460 135 154 370 156 68 165 86 67 140 69 71 255 365 251 441 254 222 111 231 142 256 100 174 50 39 171 435 192 110 109 108 51 193 49 191 270 241 344 65 143 24 0 27 25 23 374 134 195 194 103 226 129 227 242 323 322 327 101 334 348 479 449 442 330 395 390 45 19 272 472 277 364 398 249 477 233 47 4 40 66 90 369 468 253 373 273 141 414 
410 318 431 411 266 292 294 267 446 407 447 406 402 475 403 151 405 401 149 152 269 167 408 168 409 412 400 261 180 354 359 353 314 384 467 285 264 357 262 260 259 381 478 456 263 73 258 72 283 82 76 75 346 153 387 389 291 87 293 463 265 296 404 88 295 297 257 464 94 333 216 215 220 219 214 218 213 178 360 391 466 465 217 162 358 351 150 207 148 147 146 145 451 234 236 450 328 337 338 78 102 30 352 160 157 161 38 37 85 84 31 210 268 270 271 241 239 418 243 379 344 385 166 169 305 378 349 388 474 170 50 39 171 300 399 303 386 347 33 41 453 340 196 342 350 119 117 114 113 125 118 116 115 313 93 315 316 355 247 452 377 356 375 184 95 284 343 222 111 231 255 74 254 71 70 252 329 380 130 382 131 383 455 191 429 200 457 202 34 156 48 16 8 10 159 186 276 282 97 81 18 80 11 165 155 35 32 112 77 413 272 274 154 374 373 372 371 134 135 133 232 249 209 460 461 473 290 172 89 298 90 211 299 108 19 100 12 110 301 434 175 435 173 433 325 324 79 13 92 203 448 104 189 422 204 212 462 128 136 55 53 225 229 62 61 127 54 121 311 221 309 438 177 179 428 181 445 443 139 138 288 332 336 230 454 228 280 96 42 182 441 364 120 365 52 137 367 126 144 395 244 29 396 143 142 245 397 192 193 251 339 321 323 233 63 235 237 440 57 190 188 106 205 107 277 273 103 28 3 1 281 98 43 370 426 185 44 27 36 105 289 83 275 208 458 419 361 414 415 416 417 376 240 227 226 238 66 65 242 129 132 310 141 393 334 345 427 348 479 442 317 430 306 302 304 46 174 40 256 432 49 4 51 45 6 468 471 362 469 363 158 2 176 341 326 278 109 99 390 140 67 25 20 22 368 124 123 21 223 59 56 58 224 335 312 287 437 392 436 331 248 68 164 246 201 199 198 425 183 17 439 5 477 253 250 69 322 320 319 327 101 206 424 187 308 307 122 23 195 194 15 9 14 472 91 47 60 86 197 163 459 449 420 366 369 26 24 64 330 286 476 394 444 398 470 0 279 421 7 423 
463 265 296 404 389 349 388 474 264 408 409 410 243 169 167 379 261 378 412 418 342 211 210 460 291 453 473 464 150 406 403 407 259 297 257 266 292 294 267 135 387 89 298 87 293 371 232 386 72 156 373 153 215 422 204 212 114 348 350 113 346 112 347 427 479 344 385 354 75 285 357 262 456 263 318 431 411 146 145 303 168 399 400 152 402 151 269 242 227 129 241 239 172 46 173 174 304 305 166 417 226 271 149 30 277 78 273 77 414 268 270 352 280 341 340 109 196 278 208 325 136 216 253 209 462 324 213 53 214 393 437 286 476 477 461 249 333 446 84 31 353 162 358 351 218 466 447 217 405 338 475 337 401 252 74 260 70 258 433 170 88 295 301 82 76 73 65 235 228 63 123 374 23 122 133 134 302 17 15 12 100 91 90 309 435 175 39 290 276 420 472 370 372 155 10 8 419 34 48 157 195 32 154 369 413 272 274 219 415 184 425 426 459 205 421 203 448 107 206 104 189 25 116 20 119 117 143 141 334 345 390 115 322 181 428 177 163 444 442 439 395 394 310 233 180 359 37 35 11 95 94 315 314 284 355 283 118 377 356 384 467 457 202 452 451 381 478 455 245 397 244 343 137 29 207 148 147 144 469 363 362 299 300 50 171 192 161 38 85 102 24 183 383 307 375 376 130 131 132 61 229 240 6 57 64 238 66 312 436 26 42 3 2 7 45 47 4 40 191 93 313 306 317 430 158 423 470 416 289 275 33 1 28 449 81 16 103 332 139 471 468 361 458 360 96 79 320 279 282 339 281 110 108 327 326 51 201 193 101 99 19 67 58 5 121 220 52 54 55 128 71 254 255 69 250 197 330 246 237 396 438 287 392 311 199 176 441 319 321 251 80 83 36 182 41 160 445 178 127 230 454 336 465 391 382 106 329 328 234 236 450 200 440 365 140 222 111 231 142 256 367 366 364 223 432 221 434 97 18 165 60 429 22 21 125 124 0 44 27 179 443 316 13 9 14 86 190 188 398 368 335 164 68 424 194 331 247 248 224 120 185 92 159 380 308 105 138 49 225 56 59 62 126 187 323 288 43 186 198 98 
259 297 265 257 403 146 150 145 303 409 169 168 264 408 410 263 399 261 400 456 252 74 260 75 266 70 72 258 173 433 172 170 89 296 298 88 294 87 295 406 407 463 404 292 267 337 149 401 301 338 466 475 245 397 244 343 137 31 29 207 402 148 147 84 30 152 151 144 100 469 363 362 302 304 299 166 300 46 174 243 167 378 305 50 39 171 431 285 357 262 318 411 389 349 388 474 379 412 269 455 356 478 435 192 457 202 452 451 377 381 384 365 320 319 251 250 69 441 255 254 67 140 11 76 8 71 222 111 231 37 155 35 32 10 73 82 142 256 191 45 367 459 366 364 223 436 432 221 434 312 290 309 175 17 15 12 91 90 135 387 291 293 473 108 19 110 353 162 358 351 218 447 213 217 405 446 418 342 211 210 460 453 464 371 232 386 346 153 200 440 454 336 465 328 327 101 382 205 107 106 332 329 391 230 234 236 450 224 383 425 183 380 235 394 439 233 396 330 395 141 143 136 121 52 128 126 36 38 85 102 28 120 80 274 275 276 83 77 78 33 1 34 157 161 398 368 190 188 99 415 423 416 470 458 361 468 127 316 313 430 471 179 442 443 444 317 306 93 26 42 3 2 7 47 6 4 40 66 242 227 129 241 239 344 385 479 203 104 49 51 214 184 95 94 315 314 284 355 283 118 359 467 113 115 352 180 354 156 373 215 422 204 212 114 348 350 112 347 427 417 226 271 268 270 308 307 376 375 198 429 421 206 193 237 341 109 201 331 247 240 132 131 130 369 280 279 96 176 339 321 323 461 249 477 322 345 194 390 462 253 209 25 116 20 58 225 5 56 59 62 86 14 9 18 16 165 48 68 160 43 372 164 154 370 163 79 13 81 282 97 326 199 189 413 420 449 272 472 61 360 178 311 438 392 186 310 476 437 182 445 181 177 41 64 27 23 0 24 44 134 65 228 63 123 374 122 133 340 196 105 117 428 55 54 220 219 53 333 216 277 273 414 278 208 325 324 393 286 238 229 289 288 138 187 103 195 248 139 124 57 426 158 424 185 92 197 246 334 125 21 22 119 60 159 98 287 448 419 335 281 
266 292 294 267 407 152 402 151 269 410 167 408 431 168 409 411 412 400 261 318 82 76 75 260 259 73 258 72 346 153 387 389 291 87 293 463 265 296 404 475 403 88 295 297 257 405 401 149 464 446 447 406 157 161 38 37 85 148 102 84 150 31 30 207 147 146 145 78 210 268 270 271 241 239 418 243 379 344 385 166 169 305 378 349 388 474 264 381 384 478 456 263 170 50 39 171 300 399 303 283 467 262 386 347 180 354 359 353 314 285 357 276 282 97 81 18 16 80 11 10 165 48 255 74 71 8 155 35 32 343 222 111 231 254 70 252 34 156 113 112 77 413 272 274 154 374 373 372 371 134 135 133 232 249 209 460 461 473 290 172 89 298 90 342 211 453 451 234 236 450 391 466 328 465 337 338 299 108 19 100 12 110 301 434 175 435 173 433 352 160 360 219 217 213 325 324 94 333 216 215 220 214 218 178 162 358 351 370 284 426 185 184 182 44 43 42 33 27 36 3 1 105 289 83 103 28 395 244 137 29 126 275 441 364 120 365 52 367 144 396 143 142 245 397 277 273 212 53 208 458 419 361 414 415 416 417 139 376 240 227 226 238 66 229 65 242 129 132 310 233 141 393 334 345 427 348 479 442 317 430 306 302 304 46 174 40 422 204 114 350 329 380 130 382 131 377 383 375 455 247 452 356 191 429 200 457 202 256 432 106 203 104 190 49 4 51 45 192 6 468 471 362 469 363 159 186 316 355 116 115 448 189 117 41 340 196 119 125 118 313 93 315 95 472 339 281 321 98 280 96 79 91 17 14 13 47 62 60 86 9 15 197 198 199 335 195 163 164 68 194 462 477 253 250 69 67 140 59 440 439 221 56 223 224 5 323 322 251 320 319 278 20 206 459 449 420 366 369 248 454 230 124 122 123 307 26 24 23 235 228 63 64 237 177 330 437 286 476 394 312 444 445 181 392 436 438 309 341 109 136 193 57 138 288 332 336 188 205 107 398 368 470 326 99 327 101 2 0 179 443 121 54 55 92 128 225 61 127 311 428 425 424 158 183 187 25 22 7 331 287 246 201 390 308 176 21 421 423 58 279 
151 405 401 149 267 73 258 72 283 411 467 318 400 478 431 261 262 263 264 412 78 102 152 147 402 30 145 150 352 160 360 180 219 465 217 446 407 447 406 295 294 328 337 475 403 404 257 265 213 464 293 292 34 156 48 157 16 71 8 82 266 76 75 254 70 260 259 10 215 159 186 284 316 355 94 314 285 116 115 375 384 356 357 354 359 353 410 300 305 399 168 409 450 191 429 200 455 456 381 379 378 408 351 113 386 347 385 346 239 269 167 81 277 273 77 103 28 276 85 84 3 1 126 148 29 31 161 38 37 231 396 143 142 144 146 207 32 33 349 114 80 281 98 282 43 179 41 182 162 443 178 445 358 121 136 220 54 218 228 236 391 466 336 333 216 214 171 434 175 435 90 87 301 298 297 88 383 190 188 329 288 106 338 440 454 457 451 234 474 371 232 473 296 463 212 53 271 325 324 453 461 210 291 133 153 387 389 42 418 419 414 268 373 195 370 154 155 194 165 68 35 15 17 18 9 11 59 111 255 74 69 97 367 323 322 441 253 251 252 256 140 245 343 222 79 13 342 211 204 424 158 187 92 426 185 184 14 302 317 93 95 436 331 312 311 313 315 430 58 224 67 225 25 20 125 119 118 21 227 242 376 131 377 247 452 198 340 196 350 117 110 468 471 299 306 166 362 304 303 40 39 169 192 174 173 170 50 397 235 100 326 99 327 45 199 49 193 202 287 308 307 382 380 130 417 226 129 243 479 388 278 208 112 372 448 189 345 442 344 132 240 241 270 96 449 420 369 472 413 272 274 332 139 289 275 201 330 197 105 83 138 7 46 47 26 2 27 44 36 0 55 127 128 52 137 395 244 141 433 223 237 393 233 439 286 398 368 365 364 120 422 348 109 339 279 280 321 176 24 172 290 444 181 177 363 248 335 428 221 309 438 392 432 124 5 229 62 61 56 57 123 135 374 65 63 238 230 203 104 462 51 437 86 91 12 89 101 108 19 320 319 183 421 206 205 107 164 163 122 23 477 460 209 416 250 394 310 249 64 134 458 423 415 361 470 390 334 246 6 66 60 4 22 469 366 427 341 425 476 459 
464 267 293 292 386 347 385 346 411 412 400 261 239 305 378 269 410 167 408 271 325 324 453 461 473 210 291 463 151 405 401 149 258 295 294 72 404 257 265 133 232 90 87 298 296 153 387 389 266 155 372 371 214 448 189 333 117 345 112 354 474 350 349 442 344 479 388 113 73 283 467 318 478 431 262 263 264 147 402 300 399 168 409 30 145 150 379 132 240 241 129 243 175 40 171 39 166 169 304 268 270 418 407 152 274 84 275 276 416 417 226 353 281 326 278 99 208 340 196 342 55 53 250 462 209 211 446 216 215 394 312 330 310 249 460 477 212 213 78 102 352 160 360 180 219 465 217 447 406 328 337 475 403 254 71 70 260 259 434 435 301 297 88 10 8 75 64 237 230 238 124 122 134 374 135 23 306 14 86 91 110 12 89 290 170 172 174 309 77 413 272 154 373 156 82 76 415 37 35 32 164 157 370 366 420 472 277 218 419 159 424 158 449 190 203 421 422 188 104 206 204 22 118 119 20 114 244 395 390 348 334 359 319 179 443 444 194 177 427 233 141 393 476 439 351 115 34 48 16 186 284 316 355 94 314 285 116 375 384 356 357 450 191 429 200 455 456 381 231 396 143 142 126 148 144 29 146 207 468 471 299 362 303 192 173 50 33 1 28 31 26 187 382 130 377 131 307 376 242 58 57 227 66 229 65 63 6 437 438 24 43 36 44 60 51 4 47 46 202 317 430 302 93 313 426 458 361 414 139 273 161 38 85 459 80 11 83 288 289 363 469 470 423 358 98 282 323 339 79 279 280 100 327 108 341 45 199 49 19 109 101 59 61 62 127 54 128 220 136 52 74 252 69 255 253 246 286 197 235 397 436 331 311 392 201 321 251 322 176 441 81 103 3 41 182 162 178 445 121 228 236 391 466 336 383 329 106 338 440 454 457 451 234 367 111 256 140 245 343 222 365 369 398 224 221 432 433 13 9 68 7 452 25 125 21 123 27 2 0 181 428 315 97 18 17 15 205 107 364 120 248 195 165 425 163 287 198 335 223 368 92 185 184 308 380 138 105 193 56 225 67 5 137 183 320 332 42 95 247 96 
426 268 458 419 340 282 339 281 77 413 272 274 203 364 459 448 277 449 420 333 284 185 184 380 425 159 424 158 153 32 154 155 270 361 414 271 415 416 417 108 341 362 468 469 423 325 326 278 418 453 196 342 161 351 182 162 97 321 98 81 280 96 79 251 323 320 279 80 269 30 28 78 139 273 84 275 276 374 373 120 366 369 472 386 372 371 422 106 104 190 205 421 222 435 221 434 365 398 367 214 189 212 156 389 354 474 350 349 216 215 204 82 262 355 283 317 186 285 95 94 44 43 130 183 187 92 34 42 33 234 142 233 396 382 308 383 160 37 346 387 10 72 8 73 1 68 35 48 157 248 164 195 370 376 241 240 227 226 56 223 363 470 471 412 239 379 50 200 49 191 19 109 100 99 327 110 207 399 304 303 313 300 299 245 224 256 433 231 347 353 117 324 208 210 408 243 446 404 473 464 462 463 211 119 352 114 113 38 213 149 217 405 115 445 358 360 180 444 181 179 41 91 18 17 14 13 63 235 319 176 322 16 381 70 69 252 249 254 441 457 237 440 397 450 75 11 292 291 167 145 150 29 31 151 102 152 9 138 103 83 85 247 392 246 287 288 289 332 229 454 238 230 134 135 124 133 122 123 54 52 121 127 368 436 432 438 267 293 385 232 88 337 336 338 105 107 328 188 329 4 51 206 173 45 192 202 171 343 111 301 257 298 297 174 309 175 172 170 311 146 137 144 147 126 406 218 55 53 345 112 265 296 388 359 261 378 479 390 348 128 220 136 219 76 263 264 356 357 411 467 318 430 316 315 314 290 476 437 306 93 302 66 47 46 27 36 26 3 2 24 129 131 132 242 307 394 439 393 451 236 140 141 143 244 310 456 377 455 478 375 410 344 87 258 259 266 71 74 0 193 201 194 165 163 391 443 428 335 429 199 198 331 452 125 65 58 64 57 228 61 21 20 116 5 59 67 225 400 305 461 39 197 12 15 86 101 89 295 90 260 255 148 409 169 168 166 178 177 118 22 250 209 460 447 477 395 286 253 62 25 401 403 407 465 466 442 427 312 60 7 6 40 23 475 384 334 294 402 330 431 
273 369 277 472 373 195 156 370 471 414 468 361 418 419 268 226 470 417 416 227 332 103 139 78 77 289 276 275 224 438 434 221 365 449 398 120 272 364 366 389 153 448 420 413 274 122 371 372 368 123 135 374 331 452 201 247 194 48 165 248 154 68 164 34 157 32 155 335 121 315 306 430 300 299 313 362 363 245 256 424 458 423 469 56 222 223 270 408 243 379 269 271 281 325 326 278 158 415 426 131 129 240 432 225 228 61 65 229 242 376 241 443 466 338 336 107 105 391 138 288 330 197 102 28 85 83 392 246 287 73 81 16 82 152 84 30 198 311 58 67 428 358 181 445 437 175 309 290 436 171 435 170 433 146 137 207 144 367 323 339 203 459 421 54 52 127 463 265 296 404 388 387 474 232 386 346 159 214 189 333 190 212 422 79 279 280 340 282 57 236 63 23 133 124 220 128 375 118 22 21 24 125 134 235 454 238 230 312 377 357 456 356 457 202 451 200 429 51 193 49 199 345 442 390 334 163 71 8 1 35 38 444 151 162 42 33 3 161 37 266 76 75 10 72 178 177 116 25 136 285 314 95 93 355 317 316 427 305 166 304 302 295 110 90 301 399 303 168 252 259 74 260 244 140 343 111 231 142 382 187 308 380 425 108 341 327 115 20 5 59 349 264 409 410 169 167 261 378 412 460 291 239 453 473 464 292 210 80 98 347 353 117 354 324 99 208 196 342 100 94 92 184 284 185 384 381 130 132 6 64 359 119 62 450 218 55 60 40 66 183 383 307 455 179 406 447 403 475 217 337 465 205 106 329 328 109 86 101 206 188 104 250 461 462 394 310 395 476 286 141 126 147 148 29 31 9 11 18 267 258 96 17 97 13 15 407 402 150 149 145 219 7 114 351 180 360 182 41 393 293 87 39 172 174 400 50 192 173 257 298 297 88 294 397 69 441 255 254 70 251 396 237 440 322 321 176 320 213 53 0 211 89 348 479 344 385 350 113 112 160 43 186 446 216 215 204 191 45 234 233 2 26 27 478 36 14 91 44 319 439 262 318 467 263 431 4 47 19 249 477 253 209 143 411 401 46 352 283 12 405 
422 274 459 413 280 342 341 340 271 415 416 417 425 469 423 426 268 458 419 184 215 204 212 205 421 333 203 448 155 386 372 371 275 366 272 276 420 472 277 320 279 367 364 398 449 282 339 281 77 81 96 79 349 352 114 113 211 109 196 210 278 208 325 110 108 327 326 453 84 412 239 269 240 270 379 226 418 164 154 363 470 361 414 157 370 156 158 383 183 380 308 424 433 231 223 222 362 468 299 284 185 159 153 32 162 34 42 33 95 94 92 463 405 219 446 136 216 213 53 214 348 350 107 206 104 189 346 112 347 202 171 51 50 106 190 329 354 474 37 35 464 267 293 292 385 133 232 387 389 124 122 374 373 288 83 289 139 273 436 432 368 369 120 152 85 78 397 450 235 234 319 176 251 321 323 441 303 147 126 144 127 207 365 435 221 434 256 170 161 351 182 97 98 80 30 28 285 73 16 82 17 10 13 181 180 41 160 388 283 411 467 318 360 116 115 359 353 25 20 119 117 253 460 209 462 324 201 193 101 99 19 291 338 295 90 301 86 88 100 200 49 191 192 451 404 473 75 11 31 400 261 305 378 410 167 408 461 132 241 129 243 230 58 64 57 131 227 376 287 429 199 198 163 68 335 165 195 248 316 302 313 430 471 225 224 56 266 76 38 48 252 478 375 455 242 307 381 130 382 394 439 187 142 233 396 440 343 173 172 254 258 71 70 143 59 111 140 245 61 399 304 300 168 166 262 355 317 186 44 43 72 8 1 358 151 102 3 26 2 306 315 93 314 296 401 149 465 217 407 447 406 121 220 54 218 67 7 5 52 55 128 286 393 141 427 479 334 344 345 390 103 332 105 138 188 47 45 4 457 452 175 40 39 174 60 337 336 328 475 391 150 36 74 294 257 265 87 298 442 237 238 134 135 23 377 125 21 123 236 63 228 229 454 428 246 311 197 331 247 392 443 179 178 312 290 309 438 402 148 18 244 65 250 249 477 322 69 260 255 297 89 169 145 29 146 137 118 22 445 444 91 14 9 357 15 46 6 12 437 177 431 263 264 384 356 27 0 62 476 310 330 395 194 456 466 24 259 409 66 403 
275 366 274 272 372 164 155 154 363 416 469 470 271 415 417 270 361 268 414 240 288 83 289 84 276 139 77 273 223 436 433 432 367 459 364 368 472 398 369 386 371 422 413 420 277 374 153 373 120 124 133 122 287 429 199 198 163 35 68 335 370 165 195 37 32 157 156 248 127 316 302 313 303 362 430 299 471 231 222 425 423 458 468 225 256 224 226 412 239 269 379 418 280 342 341 340 426 419 158 376 241 227 221 56 230 58 64 57 132 131 129 428 465 328 391 188 138 336 105 332 286 246 31 85 28 103 311 197 331 75 80 11 10 30 78 152 247 392 61 59 443 360 179 178 312 172 290 309 438 173 170 435 434 147 126 144 207 365 320 279 421 449 203 220 128 121 464 267 293 292 385 232 346 387 389 474 184 215 204 212 205 333 448 282 339 281 278 79 229 454 238 134 135 123 54 52 377 116 25 125 26 21 23 237 236 63 228 437 375 467 478 384 450 191 200 451 452 45 49 193 201 348 427 334 390 194 74 76 38 48 1 177 150 160 43 161 36 33 34 72 8 73 82 266 445 444 118 22 55 283 355 186 317 314 93 315 442 169 304 166 306 297 100 89 88 168 300 399 254 258 71 70 143 111 142 140 245 343 383 183 380 308 424 327 326 108 359 119 62 67 347 411 400 261 305 378 410 167 408 461 473 243 210 291 463 404 453 81 96 349 352 114 113 211 109 196 208 325 110 284 185 159 94 92 356 455 307 242 66 65 115 20 5 457 219 136 7 46 6 187 382 130 381 181 405 217 401 337 447 475 466 190 329 106 338 99 15 19 104 107 206 253 460 209 393 476 141 310 330 395 137 146 29 148 102 18 16 9 265 259 98 14 13 97 86 149 145 151 407 402 218 60 117 180 351 358 41 182 394 296 298 174 175 39 409 192 50 171 294 87 295 301 257 396 255 251 69 252 260 441 397 235 234 319 176 321 323 446 216 27 324 90 345 344 479 388 112 354 350 162 42 95 213 53 214 189 202 51 440 439 44 24 0 456 3 17 12 2 322 233 318 262 357 431 263 47 4 101 477 249 250 462 244 264 403 40 353 285 91 406 
276 420 472 277 371 157 370 156 158 417 423 415 226 470 416 418 419 414 268 379 152 85 84 289 275 78 273 77 278 79 279 280 421 398 449 422 274 459 413 122 372 368 369 366 272 389 373 153 448 474 232 386 82 266 76 75 38 165 48 37 155 35 32 335 195 164 154 34 212 94 92 159 308 424 184 425 426 327 326 299 469 468 458 342 341 340 271 131 129 227 240 270 432 225 256 224 471 361 363 408 243 269 281 325 404 453 473 464 378 412 239 161 407 402 151 148 102 150 31 30 18 16 105 83 103 28 80 11 10 198 311 197 331 332 139 288 73 81 210 208 33 180 41 160 13 176 96 98 282 441 320 323 339 329 206 205 190 203 170 433 367 364 365 215 204 333 57 236 63 228 23 133 123 135 374 124 430 220 128 127 144 121 120 438 434 221 223 436 463 265 296 388 387 346 214 189 261 354 350 349 479 347 385 298 267 293 292 97 410 318 431 411 294 260 259 258 72 255 74 71 8 27 44 36 3 1 49 199 163 68 194 43 336 178 177 428 334 443 248 452 201 247 287 429 162 42 113 112 53 314 285 93 95 283 186 284 2 307 187 183 185 440 343 439 397 383 380 382 192 451 193 202 101 99 110 109 108 100 168 166 300 303 362 231 222 245 352 114 211 196 21 384 381 377 130 132 375 242 376 6 64 241 61 65 229 230 58 392 290 125 359 119 118 62 140 67 59 56 142 315 306 313 316 302 264 409 169 167 460 291 353 117 324 257 446 216 462 477 461 304 399 305 400 182 447 406 475 403 405 401 149 207 147 146 145 111 395 244 137 29 126 47 66 60 91 17 86 14 9 15 104 106 107 188 138 286 246 330 454 200 309 310 312 437 141 466 338 391 465 328 213 209 20 360 358 351 179 181 12 238 237 322 321 319 455 254 252 251 450 235 234 396 457 301 45 171 51 50 191 173 88 87 295 39 172 175 435 219 136 348 5 233 0 24 26 134 22 116 25 445 444 317 218 55 54 52 70 69 297 89 427 344 345 263 390 476 394 442 174 90 467 357 262 478 456 253 250 143 46 40 4 7 19 356 337 249 115 355 393 217 
156 389 373 153 277 78 273 77 408 418 243 379 414 227 226 268 269 270 271 419 34 48 157 195 370 32 154 155 463 265 296 404 388 135 387 474 371 232 386 369 472 123 374 122 372 413 272 274 346 448 449 420 73 81 16 82 102 103 28 152 276 85 84 332 139 289 275 30 349 264 409 410 169 167 261 378 412 460 291 242 129 241 239 453 473 464 417 471 468 361 470 416 228 61 65 229 376 240 131 426 458 415 292 210 281 325 326 278 424 158 423 151 162 42 33 3 1 161 38 37 71 8 194 165 68 35 266 76 75 331 452 201 247 248 164 335 10 72 342 211 150 406 403 407 259 297 257 294 267 89 298 87 293 427 348 479 344 385 235 63 23 133 134 354 350 347 224 438 434 221 365 398 120 364 366 368 375 118 22 21 24 125 124 454 238 230 57 236 340 282 339 203 459 422 113 112 159 214 189 333 190 212 421 323 79 279 280 258 184 285 95 94 96 17 97 13 80 15 18 9 11 126 147 148 29 31 330 197 105 83 138 402 443 466 338 336 107 391 288 392 246 287 198 311 149 145 215 204 114 357 262 456 263 318 431 411 146 303 168 399 400 172 46 173 174 304 305 166 393 437 286 476 253 209 477 462 461 249 183 383 307 130 132 6 64 66 446 216 196 324 121 315 306 430 300 299 313 362 363 245 256 469 56 222 223 432 225 429 450 127 218 55 54 59 60 62 5 58 40 356 455 377 384 381 284 185 380 425 108 341 213 53 208 98 353 117 99 100 327 382 187 308 92 401 358 351 181 182 180 41 160 26 2 44 43 7 45 47 27 36 0 143 231 111 254 70 255 260 74 69 345 442 390 334 163 49 199 193 436 312 457 202 451 200 51 445 444 428 178 177 352 109 136 447 217 405 475 337 252 433 170 88 295 301 302 12 91 90 309 435 175 39 290 322 141 439 395 394 310 233 319 320 176 397 234 440 237 359 119 104 67 171 137 207 144 367 52 220 128 465 328 478 115 20 116 25 14 86 321 251 106 205 206 186 188 191 192 329 396 441 314 355 283 93 317 19 101 4 142 343 244 140 250 316 179 110 219 467 50 360 
448 277 449 420 281 325 326 278 418 419 414 268 424 468 458 158 417 423 415 159 214 189 333 190 203 212 421 422 156 389 373 153 273 369 472 77 413 272 274 323 339 365 398 364 459 79 279 280 276 80 98 282 347 353 117 354 324 99 208 453 340 196 342 100 327 108 341 210 78 408 243 379 227 226 269 270 271 195 370 471 361 470 416 32 154 155 426 382 187 308 380 425 434 245 224 256 299 469 362 94 92 184 371 157 160 37 43 161 186 284 185 464 406 218 213 55 53 446 216 215 345 112 188 104 206 204 474 350 349 191 173 45 192 329 205 106 113 346 34 48 463 265 296 404 388 135 387 232 386 123 374 122 372 332 103 139 289 275 438 221 120 366 368 30 28 84 396 457 237 440 322 321 441 176 320 251 300 146 137 207 121 144 367 170 432 433 222 435 33 180 41 13 96 81 152 85 283 75 11 10 14 82 97 179 351 182 162 385 285 264 357 262 358 118 359 115 352 22 119 20 114 250 461 462 209 211 199 49 19 109 101 473 328 297 89 88 15 301 110 451 193 202 50 200 292 291 73 16 102 409 410 169 167 261 378 412 460 242 129 241 239 228 61 65 229 376 240 131 331 452 201 247 194 165 248 68 164 335 315 306 430 313 363 56 223 225 72 8 1 35 254 456 377 381 132 130 455 307 383 393 233 183 343 439 397 234 142 171 175 252 259 74 260 244 67 140 111 231 58 168 166 303 399 304 318 314 93 95 2 42 266 76 38 360 150 31 36 24 44 302 316 317 355 293 403 407 466 447 149 217 405 127 54 220 219 59 60 62 128 136 52 330 394 395 442 344 390 479 348 334 83 288 138 105 107 4 51 47 450 429 172 46 174 39 7 475 391 338 337 336 151 3 71 257 294 267 298 87 427 235 63 23 133 134 375 21 125 124 454 238 230 57 236 443 197 392 246 287 198 311 428 181 445 437 309 290 436 145 29 9 143 64 253 477 249 319 255 70 69 295 90 305 402 148 147 126 116 25 178 177 12 17 18 467 86 40 66 91 312 444 263 431 411 356 384 0 27 5 310 476 286 141 163 478 465 26 258 400 6 401 
158 417 423 415 278 79 279 280 276 420 472 277 421 398 449 422 274 459 413 212 94 92 159 308 424 184 425 426 371 157 370 156 226 470 416 418 419 414 268 327 326 299 469 468 458 342 341 340 271 210 208 325 33 180 41 160 13 176 96 80 281 98 282 441 320 323 339 81 379 152 85 84 289 275 78 273 77 122 372 368 369 366 272 389 373 153 448 329 206 205 190 203 256 170 432 433 367 364 365 215 204 333 155 386 113 346 112 347 53 214 189 10 318 314 285 93 95 283 186 284 2 42 307 187 183 185 37 43 161 440 343 439 397 383 380 382 162 34 474 232 82 266 76 75 38 165 48 35 32 335 195 164 154 131 129 227 240 270 225 224 471 361 363 408 243 269 192 451 193 202 101 99 110 109 108 100 144 168 166 300 430 303 362 231 223 222 434 245 349 352 114 211 196 453 412 239 213 292 291 463 209 464 324 20 353 117 354 1 446 407 447 406 359 178 360 358 351 177 179 181 182 12 9 14 17 97 238 237 322 321 319 11 455 260 255 254 477 252 251 450 235 234 396 457 73 16 404 473 378 402 151 148 102 150 31 30 18 105 83 103 28 198 311 197 331 332 139 288 57 236 63 228 23 133 123 135 374 124 220 128 127 121 120 438 221 436 265 296 388 387 301 475 391 328 138 188 338 107 106 47 45 104 171 51 50 191 173 142 140 88 294 87 295 39 290 172 175 435 392 147 126 207 146 137 405 219 136 216 348 350 267 293 385 115 410 167 344 334 345 52 54 55 218 8 431 411 384 467 264 357 262 313 315 316 355 309 310 312 302 317 306 6 4 40 0 3 24 36 44 26 241 376 242 132 130 393 233 394 200 454 111 395 244 143 476 478 375 381 456 377 261 479 298 259 258 72 74 71 27 49 199 163 68 194 336 428 443 248 452 201 247 287 429 21 64 61 65 229 230 58 125 119 118 62 67 59 56 409 169 460 174 246 91 86 15 19 90 297 89 70 69 29 400 305 399 304 445 444 116 25 253 462 461 217 249 141 330 250 5 22 403 401 149 466 465 427 442 437 7 60 66 46 134 337 356 390 257 145 286 263 
279 327 278 326 423 308 158 424 329 421 206 205 420 212 422 449 190 448 203 398 441 176 320 79 280 323 281 339 192 451 193 202 101 208 99 110 341 109 108 417 415 210 325 342 340 468 419 458 100 299 470 469 440 343 439 397 307 92 187 383 425 183 380 94 159 184 426 382 301 475 391 328 138 188 338 107 106 47 45 53 204 189 104 171 51 50 459 276 472 277 274 413 113 346 112 347 214 333 215 365 369 364 191 173 256 170 432 433 368 367 366 455 260 255 254 477 322 252 319 251 238 237 13 96 98 321 450 235 234 33 180 41 160 80 282 81 396 457 435 174 381 431 384 478 236 247 452 429 200 246 201 199 49 18 91 86 15 19 20 114 211 196 324 295 90 88 371 157 370 156 226 416 418 414 268 271 213 292 291 463 209 464 453 353 117 354 349 352 434 245 224 471 361 362 297 89 144 168 166 300 430 303 363 225 231 223 222 454 207 402 148 147 111 395 244 143 142 476 394 393 233 241 376 242 132 130 2 42 95 185 186 375 10 318 314 285 93 283 284 37 43 161 162 34 456 377 399 304 298 407 403 447 466 401 465 337 131 139 288 332 336 68 390 248 194 103 105 83 27 38 44 36 66 46 60 40 4 7 52 54 55 136 216 348 350 345 400 305 175 39 379 152 85 84 289 275 78 273 77 122 372 272 389 373 153 155 386 351 115 269 410 167 408 387 344 385 388 474 334 406 218 446 405 219 146 137 121 120 438 221 409 169 172 140 294 87 290 392 436 220 128 127 126 356 266 259 76 74 258 71 70 462 253 250 69 479 444 442 461 249 460 134 374 135 229 230 65 228 63 64 12 9 14 17 97 181 182 179 32 1 359 178 360 358 177 75 11 82 73 16 257 309 378 411 264 263 467 357 57 154 164 287 198 331 28 286 330 197 48 195 165 163 35 62 26 22 24 0 3 25 5 56 59 21 116 118 119 267 293 306 232 335 129 227 240 270 243 412 239 262 355 217 265 296 404 473 141 310 67 58 315 313 302 29 317 445 443 316 125 61 151 150 145 102 31 437 312 427 124 123 23 133 6 30 8 311 261 149 428 72 
280 342 341 340 415 184 425 426 215 422 204 212 459 205 421 413 333 203 448 274 81 96 79 320 279 282 339 281 349 352 114 113 211 109 196 210 278 208 325 469 423 110 108 327 326 268 458 419 453 271 416 417 162 34 42 33 95 183 185 94 158 92 159 383 380 308 424 284 463 405 219 446 136 216 213 53 214 348 350 107 206 104 189 346 112 347 420 367 366 364 398 449 202 171 51 50 106 190 329 77 272 277 354 474 155 386 372 371 275 276 472 285 73 16 82 17 97 10 13 80 181 182 319 176 321 98 180 41 160 397 450 235 234 251 323 441 161 351 389 388 283 411 467 318 360 116 115 359 353 25 20 119 117 253 460 209 462 324 201 193 101 99 19 292 291 464 433 231 223 222 363 470 362 361 468 299 338 295 90 301 86 88 100 200 49 191 192 451 153 32 154 270 414 418 404 473 84 412 239 269 240 379 226 164 157 370 156 358 78 151 102 152 48 3 1 38 37 26 2 44 43 306 315 93 317 186 394 439 307 187 130 314 252 478 375 455 242 381 382 142 233 396 440 343 262 355 408 243 296 401 149 465 217 407 447 406 316 121 220 54 218 67 7 58 5 52 55 128 286 143 393 141 427 479 334 344 345 390 103 332 105 138 188 47 45 4 410 167 387 385 303 147 126 144 127 368 207 120 365 436 432 369 435 221 434 256 170 457 452 300 400 305 399 175 40 39 174 173 60 337 336 328 475 391 30 28 139 273 374 373 261 378 232 35 267 293 133 124 122 288 83 289 85 357 258 72 71 8 266 76 75 15 18 9 11 46 64 6 12 14 91 437 438 309 428 445 177 178 179 444 461 250 249 477 322 238 237 63 245 244 429 228 236 454 65 70 69 254 260 255 265 135 169 431 263 264 384 356 443 224 225 125 118 21 137 27 0 22 111 56 59 62 140 163 476 197 310 330 395 246 194 195 165 331 247 198 199 294 87 241 172 61 302 313 430 471 304 168 166 456 377 466 257 298 297 89 36 24 68 248 376 227 129 31 132 230 57 131 287 335 402 145 150 148 29 134 23 66 392 311 312 290 442 146 74 123 409 403 229 259 
421 398 420 449 279 327 278 326 299 423 470 469 158 417 415 424 468 419 458 308 329 206 205 212 422 190 448 203 256 170 432 433 368 472 369 367 459 366 364 79 280 276 277 274 413 323 281 339 365 441 176 320 192 451 193 202 101 208 99 110 341 109 108 210 325 342 340 100 144 168 166 300 430 471 303 363 362 225 224 226 416 414 361 231 223 222 425 94 92 159 184 426 371 157 370 156 418 268 271 382 187 380 434 245 440 343 439 397 307 383 183 301 475 391 328 138 188 338 107 106 47 45 53 204 189 104 171 51 50 113 346 112 347 214 333 215 191 173 142 140 88 294 87 295 39 290 172 175 435 392 436 438 221 220 128 127 121 120 122 372 275 272 273 147 126 207 33 180 41 160 13 96 80 98 282 81 379 152 85 84 289 78 77 389 373 153 155 386 396 457 237 322 321 251 146 137 455 260 255 254 477 252 319 238 450 235 234 174 381 431 384 478 236 247 452 429 200 246 201 199 49 18 91 86 15 19 20 114 211 196 324 90 213 292 291 463 209 464 453 353 117 354 349 352 297 89 70 69 29 410 409 167 169 400 305 399 12 317 306 302 304 445 248 444 443 316 313 315 125 359 119 118 62 67 61 59 56 58 131 129 227 240 270 164 154 195 258 71 143 111 10 318 314 285 93 95 283 186 284 2 42 185 37 43 161 162 34 474 232 82 266 76 75 38 165 48 35 32 335 408 243 269 412 239 456 377 132 130 393 233 259 74 244 454 402 148 395 476 394 241 376 242 375 298 407 403 447 466 401 465 337 139 288 332 336 68 390 194 103 105 83 27 44 36 66 46 60 40 4 7 52 54 55 136 216 348 350 345 351 115 387 344 385 388 334 406 218 446 405 219 145 141 8 267 265 257 293 296 6 182 181 437 309 312 355 287 331 311 360 179 178 428 358 229 25 123 22 21 116 124 57 63 228 23 133 135 374 151 102 253 1 177 9 14 17 97 11 73 16 404 473 378 150 31 30 28 198 197 230 64 460 249 250 356 462 479 442 461 134 65 411 264 263 467 357 286 330 163 26 24 0 3 5 262 217 310 72 261 427 149 
326 323 281 339 449 190 448 203 382 424 187 308 419 159 158 458 380 426 425 468 100 99 327 325 278 108 340 341 396 457 237 440 322 98 321 441 279 176 320 277 420 80 282 79 280 364 413 459 251 365 369 398 191 173 45 192 188 189 104 329 421 206 205 214 333 212 422 106 254 456 377 381 132 130 455 307 383 393 233 186 92 185 183 343 439 397 423 418 414 268 417 415 160 37 43 161 284 184 94 362 361 469 234 142 434 245 224 256 471 299 470 328 297 89 88 15 19 301 101 110 199 49 324 208 196 109 451 193 202 347 353 117 354 453 342 210 50 200 231 143 338 403 466 475 452 230 454 236 450 64 238 63 235 460 253 477 249 319 179 41 13 96 97 260 255 252 156 389 373 153 273 472 77 272 274 276 283 75 11 10 14 82 81 351 182 162 33 180 222 435 221 120 366 367 70 69 300 146 137 207 121 144 368 438 170 432 433 429 303 409 169 168 172 46 174 39 171 7 47 4 51 83 288 138 105 107 345 112 53 204 216 391 464 406 218 213 55 446 215 474 350 349 113 346 337 336 147 126 71 264 263 357 356 431 384 478 332 240 131 376 375 133 26 124 134 241 242 129 427 388 348 479 286 141 476 395 394 310 302 316 317 93 95 2 42 44 402 148 111 244 78 408 243 379 227 226 269 270 271 195 370 416 32 154 155 371 157 352 360 84 150 31 30 35 36 38 1 34 24 262 355 285 318 314 399 304 313 363 56 223 145 29 140 175 259 74 67 58 225 315 306 430 166 465 265 257 296 298 294 87 295 17 12 91 90 3 25 27 18 86 9 163 164 68 287 198 246 247 201 197 250 461 462 209 211 20 114 119 386 385 358 118 359 115 22 404 473 463 292 291 258 59 102 407 149 401 447 217 331 372 122 57 228 229 239 6 66 65 387 374 135 23 232 437 334 444 390 442 344 177 312 436 290 443 178 445 181 266 76 52 48 123 103 139 289 275 28 152 85 405 219 467 72 8 73 16 40 60 309 311 54 127 128 305 136 116 125 220 428 392 410 261 400 167 378 5 62 0 335 248 194 165 330 412 293 61 151 411 21 267 
341 320 280 279 459 205 422 421 383 425 183 380 415 184 426 423 308 158 424 469 110 109 108 342 340 327 278 326 397 450 235 234 319 96 176 251 339 321 323 274 413 81 79 282 281 398 420 449 441 367 366 364 202 171 51 50 107 204 206 106 203 104 190 215 212 333 448 329 252 478 375 455 242 307 381 130 382 394 439 95 185 92 187 142 233 396 458 271 416 417 268 419 162 34 42 33 94 159 284 299 470 468 440 343 433 231 223 222 363 362 361 338 295 90 301 86 101 88 19 100 201 193 211 196 208 99 200 49 191 349 352 114 113 210 325 453 192 451 245 244 328 401 465 337 429 228 236 454 457 65 63 238 237 461 250 249 477 322 181 182 97 98 13 70 69 254 155 386 372 371 275 272 276 472 277 77 285 73 16 82 17 10 80 180 41 160 161 351 256 170 432 368 369 365 260 255 303 147 126 144 127 207 120 436 435 221 434 452 300 400 305 399 175 40 39 174 173 60 4 47 45 103 332 105 138 188 348 350 216 189 53 336 463 405 219 446 136 213 214 346 112 347 354 474 475 391 146 137 74 411 431 467 384 263 356 456 288 227 376 131 377 135 24 123 23 129 132 241 442 385 345 344 330 395 310 141 393 476 306 315 93 317 186 44 43 2 145 29 140 143 84 412 239 269 240 270 379 226 418 164 154 414 157 370 156 153 32 353 358 78 151 102 152 48 3 1 38 37 26 318 314 283 262 355 168 166 430 471 225 224 402 148 111 172 258 71 59 61 56 316 302 313 304 466 267 294 293 87 257 298 297 14 91 12 89 36 22 0 9 15 18 194 195 165 331 247 197 198 199 246 253 460 209 462 324 119 117 20 389 388 360 116 115 359 25 292 291 464 404 473 259 67 31 149 407 403 217 447 287 373 374 229 230 57 243 66 6 64 232 122 133 134 387 312 390 177 334 427 479 444 437 438 309 428 445 178 179 72 8 128 35 124 83 289 139 273 85 30 28 406 218 357 266 76 75 11 46 7 290 392 220 121 52 169 55 118 21 54 443 311 261 410 409 378 167 62 5 27 248 335 163 68 286 408 296 58 150 264 125 265 
340 282 339 281 413 333 203 448 284 426 185 184 458 380 425 419 159 424 158 268 453 196 342 108 341 325 326 278 161 351 182 162 97 321 98 81 280 96 79 364 459 251 323 320 279 277 449 420 80 77 272 274 354 474 350 349 216 104 189 215 422 204 212 106 190 205 421 214 82 262 355 283 317 186 285 95 94 44 43 130 183 187 92 34 42 33 415 362 361 468 469 423 234 142 233 396 382 308 383 418 414 417 160 37 153 32 154 155 270 271 416 446 404 473 464 462 324 463 211 210 119 117 19 109 99 208 352 114 113 50 200 49 191 100 327 110 347 353 157 38 213 149 217 405 115 445 358 360 180 444 181 179 41 91 18 17 14 13 63 235 319 176 322 73 16 10 222 435 221 434 120 366 365 369 398 367 381 70 69 252 249 254 441 457 237 440 397 450 156 389 373 273 472 276 75 11 269 30 28 78 139 84 275 374 386 372 371 359 379 261 378 412 232 479 388 385 346 390 348 345 112 128 220 136 55 53 4 51 107 206 188 219 88 337 336 338 105 328 329 173 45 192 202 171 406 218 152 85 76 263 264 356 357 411 467 318 54 430 316 315 314 290 476 392 437 306 93 302 66 174 47 46 27 36 26 3 2 24 129 131 132 242 307 394 439 393 151 102 48 1 207 399 304 303 313 363 300 471 299 56 223 470 245 224 256 433 231 451 236 144 145 29 146 140 141 143 244 343 310 456 377 455 478 375 408 243 227 226 195 370 150 31 35 387 72 8 68 248 164 376 241 240 239 447 257 265 298 296 267 293 292 477 461 460 291 395 246 286 253 209 250 62 225 67 125 118 25 116 20 22 9 12 15 86 101 201 193 199 170 39 454 198 429 452 197 297 89 301 295 90 266 165 148 401 403 407 465 466 21 432 436 443 178 428 166 442 427 177 175 438 309 312 172 134 60 64 7 6 40 65 23 122 133 57 228 230 238 258 71 103 111 311 52 121 127 368 137 147 126 475 391 384 259 74 260 255 344 334 135 123 332 289 83 167 138 247 287 288 229 124 400 409 410 305 169 194 163 330 61 58 5 59 0 168 87 335 402 431 331 294 
393 437 286 476 460 322 253 477 181 427 428 177 348 163 334 479 444 390 442 388 237 396 233 143 141 439 395 394 306 95 315 93 438 287 392 309 310 311 312 211 209 199 246 197 330 473 462 461 290 296 463 291 187 132 382 130 323 254 441 321 249 251 319 71 255 69 250 176 175 42 162 182 358 445 41 178 179 471 430 164 335 248 443 304 313 302 344 114 349 350 112 345 83 188 288 138 68 194 165 232 474 385 317 166 243 169 408 167 389 387 346 98 64 230 238 457 440 63 234 235 424 308 231 142 343 397 185 380 183 126 102 147 148 111 244 140 307 92 305 300 96 17 81 97 184 285 94 284 186 357 314 355 316 224 434 221 432 436 275 289 198 331 247 174 435 172 204 136 215 216 342 210 196 453 324 208 35 45 191 49 429 193 201 28 139 103 105 85 378 129 379 404 464 293 39 170 135 89 297 298 265 87 292 418 241 269 239 159 133 26 124 134 240 377 131 376 242 456 381 455 383 326 281 339 279 320 367 144 70 252 260 282 59 16 73 8 258 76 74 52 207 137 29 128 13 79 90 295 171 3 2 34 33 44 161 43 280 353 351 180 160 218 466 406 447 359 360 115 369 121 365 120 468 299 361 362 363 470 372 155 154 370 195 336 332 391 91 301 399 303 109 25 116 20 352 113 119 354 117 422 212 347 104 333 189 53 206 31 84 99 15 100 19 190 328 329 106 107 465 1 32 48 38 157 23 122 371 386 261 412 12 88 168 227 46 173 409 264 410 156 373 153 374 80 7 6 58 57 66 229 65 452 454 236 228 338 403 475 451 450 200 449 448 203 419 158 458 426 425 423 433 223 222 256 245 145 146 402 55 127 78 151 152 30 401 5 56 67 62 225 40 400 110 18 9 14 82 10 415 214 213 262 283 318 118 356 384 467 220 446 219 217 54 414 398 272 364 366 368 472 416 271 270 274 276 77 273 47 192 257 205 405 341 340 278 325 108 101 327 11 75 37 4 50 51 202 375 478 226 417 72 267 294 123 259 150 407 266 277 268 27 0 24 125 21 263 431 337 420 413 459 421 469 22 61 411 86 36 149 60 
438 287 437 392 315 471 306 430 164 428 163 335 181 427 177 445 248 444 443 358 224 434 221 175 309 432 290 436 288 275 83 289 199 286 246 198 311 197 331 95 93 393 476 310 312 355 317 316 247 357 285 314 369 121 365 120 468 300 299 361 313 362 363 305 166 304 302 470 429 372 155 154 35 68 370 165 195 188 138 348 334 390 194 336 105 332 178 42 162 182 41 179 460 322 253 477 479 442 344 115 351 360 139 391 218 466 406 447 353 359 180 414 58 67 225 245 256 56 222 223 449 398 171 435 170 433 272 364 366 90 293 295 87 39 172 174 368 472 465 328 416 240 271 270 274 84 276 77 273 31 85 28 103 45 191 49 193 201 211 209 141 330 395 454 200 452 96 17 81 97 184 94 185 284 186 92 388 237 396 233 143 439 394 473 462 461 249 291 217 54 213 262 283 467 236 451 118 377 456 356 264 384 318 214 220 446 219 277 116 124 25 125 136 137 52 128 127 146 207 144 367 424 419 458 423 469 110 301 399 303 168 268 40 239 412 378 400 167 169 12 88 89 298 91 226 417 375 478 450 133 122 386 371 374 153 373 415 37 32 157 156 11 74 75 76 38 48 1 99 15 100 19 190 329 104 106 107 206 114 349 350 112 345 69 250 255 376 455 337 338 183 26 3 2 34 33 44 161 43 280 79 160 321 282 98 13 176 296 463 187 132 382 130 323 254 441 251 319 71 232 474 385 387 346 21 20 113 352 149 405 131 381 475 55 230 457 403 150 407 347 117 354 119 418 64 57 7 5 229 62 61 244 140 111 59 252 259 260 343 231 142 326 281 339 448 420 203 413 459 421 202 51 50 192 173 257 297 294 14 86 464 267 292 404 258 6 4 46 66 47 228 401 383 241 129 227 269 379 422 80 10 30 78 152 36 29 148 102 18 82 16 8 9 189 327 196 108 109 101 208 204 215 216 342 210 453 324 238 440 263 320 73 425 426 158 159 380 307 308 243 408 389 63 234 235 397 126 147 53 212 261 411 431 22 409 265 266 410 325 333 134 23 123 27 0 145 402 70 278 340 341 279 205 24 60 151 242 135 72 65 
465 288 328 391 375 467 478 384 287 429 199 198 450 191 200 236 247 451 452 228 219 405 217 401 337 447 475 466 164 428 163 335 83 188 138 289 336 105 332 383 455 190 329 106 338 131 381 377 139 227 242 376 360 116 352 115 283 411 318 355 356 262 357 400 431 263 456 314 275 438 437 392 286 246 311 197 331 35 68 45 49 193 201 370 165 195 454 397 235 234 440 457 100 326 99 327 192 202 50 57 63 230 248 154 123 373 135 374 65 229 238 316 121 136 220 215 446 54 213 218 160 180 151 149 407 406 445 351 358 258 295 267 294 402 403 145 359 178 372 155 315 471 306 430 181 427 177 444 443 348 334 390 194 31 84 85 28 103 15 19 104 107 206 472 276 273 320 252 319 251 183 307 380 130 382 308 173 449 448 203 189 421 205 301 101 110 108 88 122 21 23 129 132 240 272 77 61 414 418 226 243 270 241 24 125 134 124 179 58 224 67 225 25 114 20 119 118 349 113 354 353 159 186 284 94 285 73 72 261 264 410 317 147 300 305 399 412 168 409 260 266 259 257 70 313 93 416 271 274 434 221 175 309 432 290 436 95 393 476 310 312 253 211 460 209 141 330 395 11 74 75 76 37 32 38 157 48 1 7 46 47 4 51 196 109 208 470 417 371 156 425 245 244 343 394 439 142 233 396 96 176 237 339 321 323 441 279 297 89 424 468 419 458 281 325 278 340 341 324 435 174 171 170 39 56 5 6 64 232 133 361 268 153 22 369 277 389 388 387 40 60 66 62 302 365 120 137 52 368 128 127 204 216 53 55 342 463 210 212 214 333 80 98 282 43 41 161 182 162 33 78 102 152 30 150 404 265 292 254 71 90 293 87 298 464 207 148 146 144 29 366 386 415 299 362 363 166 304 42 322 477 479 442 344 143 350 112 345 69 249 250 462 255 36 10 18 82 16 8 9 3 26 27 17 12 91 86 398 420 379 280 461 184 185 92 187 426 423 158 303 169 172 364 413 459 422 117 347 0 2 378 239 269 59 408 296 291 167 14 44 256 222 223 140 111 474 346 453 13 97 81 79 34 231 126 385 469 433 473 367 
392 432 290 436 445 248 444 443 470 430 299 471 317 166 306 316 363 302 313 355 247 246 287 476 437 331 312 311 368 472 398 369 256 170 433 224 438 434 221 182 181 39 172 175 309 360 179 178 223 115 351 358 139 391 138 288 68 390 194 164 428 163 335 479 442 427 177 195 225 226 417 416 423 469 414 468 361 144 367 168 300 303 362 121 365 120 315 185 284 186 95 93 87 12 88 89 169 304 305 467 283 314 366 127 217 54 213 218 262 357 285 154 236 451 452 193 201 429 199 198 28 103 395 286 330 197 275 83 289 477 473 462 461 394 310 393 332 273 220 128 370 122 371 372 276 420 277 274 272 421 449 459 364 142 140 245 231 222 294 295 171 435 173 58 67 56 97 321 282 98 161 162 43 160 41 42 167 6 4 40 50 46 174 296 297 298 90 293 219 465 405 352 180 359 61 59 356 21 20 116 113 118 353 149 466 406 447 77 384 131 381 377 475 329 328 338 336 206 188 107 105 1 32 35 48 165 255 253 348 334 345 155 439 232 474 388 350 385 344 319 250 249 460 322 373 156 125 119 62 129 227 379 418 240 271 270 157 158 415 419 268 279 327 278 326 424 458 425 70 251 69 252 29 126 146 137 207 147 431 410 409 400 399 110 301 100 124 25 136 52 44 130 380 183 426 184 187 159 92 82 81 94 14 80 13 96 17 291 292 2 23 0 24 9 19 15 86 91 108 243 408 378 239 412 375 478 411 318 215 446 123 22 55 337 57 5 53 212 214 261 263 264 456 153 63 228 234 450 230 457 454 192 202 191 200 101 208 99 45 49 51 8 10 11 30 78 31 84 85 102 111 343 244 143 141 211 209 324 176 441 404 453 464 463 196 235 397 233 237 396 229 216 27 133 135 374 386 389 152 79 280 422 413 448 308 205 190 203 323 281 339 341 320 145 71 259 74 260 254 258 402 407 403 266 267 265 257 64 7 114 18 340 38 37 34 33 36 26 3 387 346 269 65 60 66 47 106 104 401 151 349 354 117 455 112 210 325 347 72 150 132 242 376 382 383 204 189 109 73 75 76 16 148 307 440 333 134 241 342 238 
402 475 407 403 294 260 266 259 381 431 384 478 410 318 411 409 456 264 263 168 207 148 147 152 151 146 150 145 451 234 236 450 391 447 466 328 401 465 337 292 267 446 406 405 149 297 265 257 338 88 87 295 343 222 111 231 255 76 74 254 258 71 70 82 75 73 72 252 329 380 130 382 131 377 383 375 455 247 452 314 467 357 356 191 429 200 400 269 167 408 412 261 180 354 359 353 285 262 283 303 169 399 457 202 170 50 39 171 166 300 305 441 364 120 365 52 137 367 126 144 395 244 85 102 31 29 396 143 142 157 161 38 37 84 30 78 245 397 192 193 251 339 321 323 233 63 235 237 440 57 228 230 454 139 138 288 332 336 178 360 219 217 218 190 188 106 346 153 387 389 291 293 463 296 404 464 94 333 216 215 220 214 213 162 358 351 352 160 173 433 172 89 298 301 205 107 299 108 19 100 12 110 90 290 434 175 435 439 362 458 361 468 221 56 223 224 256 5 59 67 140 462 477 253 250 69 165 48 16 8 11 322 276 282 97 81 18 80 10 155 35 32 34 156 320 319 327 101 206 426 425 185 183 424 187 308 249 129 132 242 307 122 21 23 123 227 376 240 248 154 68 164 246 201 287 199 198 331 313 93 315 316 355 116 115 118 326 99 45 49 210 268 270 271 241 239 418 243 379 344 385 378 349 388 474 386 347 33 41 453 340 196 342 350 119 117 114 113 125 184 95 284 159 186 469 363 302 304 46 174 341 109 51 432 203 104 4 6 40 317 430 306 471 176 413 459 272 366 449 369 398 54 121 127 368 20 0 22 55 128 136 390 479 348 476 394 286 393 141 330 105 289 83 103 28 3 1 36 371 370 182 44 43 42 27 274 275 77 277 273 421 47 208 281 280 279 98 96 310 232 133 64 238 65 226 58 61 229 373 135 374 124 372 392 194 428 163 335 195 443 311 309 438 177 179 181 445 448 189 15 112 134 209 460 461 473 211 325 324 79 13 92 422 204 212 53 225 62 436 312 17 91 86 470 9 2 24 14 444 437 419 415 423 414 416 7 60 25 442 427 334 345 197 417 472 66 278 158 26 420 
470 430 299 471 368 472 398 369 392 432 290 436 256 170 433 224 438 434 221 225 226 417 416 423 469 414 468 361 445 248 444 443 317 166 306 316 363 302 313 144 367 168 300 303 362 121 365 120 315 220 128 127 370 122 371 372 276 420 277 275 366 274 272 421 449 459 364 273 355 247 246 287 476 437 331 312 311 182 181 39 172 175 309 360 179 178 223 142 140 245 231 222 88 294 87 295 171 435 173 58 67 56 428 358 125 359 119 118 62 61 59 289 131 129 227 379 418 240 271 270 157 156 158 415 419 268 164 155 154 279 327 278 326 424 458 425 373 195 115 351 139 391 138 288 68 390 194 163 335 479 442 427 177 185 284 186 95 93 12 89 169 304 305 467 283 314 70 251 69 252 29 126 146 137 207 147 50 431 410 409 167 400 399 110 90 301 297 100 116 124 25 136 52 54 357 285 229 447 446 219 216 218 55 27 123 22 21 165 57 236 63 228 23 232 133 135 374 474 386 389 153 152 85 84 78 77 79 280 422 413 448 83 308 329 206 205 212 190 203 323 281 339 341 320 332 103 217 213 262 451 452 193 201 429 199 198 28 395 286 330 197 477 473 462 461 394 310 393 97 321 282 98 161 162 43 160 41 42 6 4 40 46 174 296 298 293 465 405 352 180 145 234 233 396 141 143 397 244 343 8 71 111 259 74 260 254 258 108 19 402 475 407 403 266 292 267 265 257 291 202 51 192 191 45 230 64 7 5 114 20 466 406 353 134 384 318 354 350 117 47 66 60 65 105 381 377 130 132 375 242 376 378 243 239 241 404 453 464 412 269 408 82 76 75 38 48 37 35 32 34 94 92 159 184 426 342 340 325 441 176 101 208 99 109 210 382 187 380 383 183 356 113 149 328 338 336 188 107 1 255 253 348 334 345 439 388 385 344 319 250 249 460 322 44 81 14 80 13 96 17 2 0 24 9 15 86 91 478 411 215 72 209 30 31 102 148 150 401 151 106 104 49 456 264 263 261 387 346 26 3 204 53 214 238 333 196 324 189 18 36 450 457 454 235 237 349 347 463 16 11 10 73 33 440 307 112 337 200 211 455 
469 303 363 362 367 459 366 364 173 433 172 170 223 436 432 222 435 221 434 231 425 415 423 416 470 458 361 468 297 100 89 88 169 302 304 168 299 166 300 127 368 316 313 430 471 207 120 365 399 147 126 144 341 320 280 279 422 274 413 421 398 420 449 275 272 472 369 203 409 191 45 192 46 174 50 39 171 296 298 312 290 309 175 294 87 295 256 61 59 56 225 224 443 360 179 178 311 438 392 343 111 245 301 257 254 258 71 70 143 142 140 205 383 183 380 184 426 308 158 424 342 340 271 417 268 419 327 278 326 372 164 155 154 270 414 226 339 108 259 265 190 328 188 329 99 15 19 101 110 17 12 91 90 243 408 167 378 305 442 444 317 306 93 431 410 400 118 123 22 21 55 128 54 52 121 220 331 467 283 355 186 314 315 335 177 428 445 248 260 441 255 148 137 146 263 261 396 401 151 402 102 145 29 253 251 69 252 109 397 450 235 234 319 96 176 321 323 81 79 282 281 215 204 212 333 448 386 371 276 277 77 206 240 288 83 289 84 139 273 374 153 373 370 122 106 104 403 150 264 429 200 199 49 451 193 202 189 7 47 4 51 26 42 3 2 6 40 66 388 135 389 387 463 404 291 292 293 473 394 330 310 476 437 182 181 41 475 407 266 267 218 228 65 229 60 62 57 5 58 117 119 67 115 20 116 125 359 195 194 219 465 405 217 352 160 180 351 358 43 198 197 287 247 246 440 439 395 244 76 74 337 149 72 322 478 411 73 16 8 286 393 141 233 107 375 455 242 307 381 130 382 95 185 92 187 162 34 33 94 159 284 349 114 113 211 196 210 208 325 453 412 239 269 379 418 157 156 32 124 133 163 35 68 165 37 376 241 227 131 129 456 75 406 391 336 338 138 105 324 25 27 18 86 9 64 97 13 14 23 0 24 44 134 460 474 344 346 385 232 479 461 250 249 345 390 334 427 384 318 152 353 36 214 53 216 136 213 447 446 332 103 201 356 262 357 285 98 80 477 462 85 31 30 237 78 48 1 28 348 209 236 454 457 63 238 82 10 161 350 112 347 354 464 230 132 11 466 452 38 377 
468 300 471 299 365 449 369 398 171 434 175 435 224 438 221 256 170 432 433 245 424 419 458 414 361 423 470 469 295 110 90 301 305 306 166 399 362 304 303 121 120 315 430 313 363 144 368 367 168 146 137 207 326 323 281 339 448 277 420 203 364 413 459 273 472 272 366 421 400 202 51 50 40 39 192 174 173 293 87 437 309 290 172 257 298 297 222 58 67 225 56 223 428 358 181 445 392 436 311 142 140 231 88 294 252 259 74 260 244 343 111 190 382 187 308 159 158 380 426 425 325 278 418 268 417 415 108 340 341 373 195 156 370 226 416 270 279 327 258 267 205 338 107 106 109 86 101 19 100 14 91 12 89 239 412 378 167 169 427 177 93 302 317 263 261 409 116 124 25 125 136 52 220 128 127 54 287 357 285 314 95 355 316 248 444 443 178 335 70 251 69 29 126 147 431 410 397 403 150 145 31 402 148 250 441 255 254 99 396 457 237 440 322 98 321 176 320 80 282 79 280 214 189 333 212 422 389 153 77 274 276 104 227 332 103 139 78 289 275 122 371 372 154 374 329 206 401 151 411 452 451 201 193 200 49 191 204 60 4 47 45 24 43 36 44 66 46 6 385 133 386 232 464 292 473 404 296 291 393 286 476 310 312 41 179 182 337 149 72 265 219 230 64 57 7 5 229 62 61 114 20 59 359 119 118 21 115 164 163 218 466 406 447 353 162 351 180 360 42 247 246 331 198 197 234 233 141 143 8 71 475 407 266 319 456 264 75 11 76 330 394 395 439 188 377 381 132 130 455 307 383 186 92 185 183 160 37 161 284 184 94 347 117 354 324 208 453 196 342 210 408 243 379 269 271 32 155 157 123 135 194 48 165 68 34 131 129 240 376 241 478 73 405 336 391 328 105 138 211 22 0 9 15 18 65 13 97 17 134 27 26 2 23 461 346 479 474 388 387 344 460 253 477 348 334 390 442 356 262 30 352 3 215 216 53 55 446 217 213 288 83 199 384 318 467 283 96 81 249 209 28 102 152 235 84 35 38 85 345 462 454 236 450 238 63 10 82 33 112 350 349 113 463 228 242 16 465 429 1 375 
399 362 304 303 301 257 298 297 222 435 221 434 174 309 175 173 433 172 170 192 263 261 400 378 305 409 169 168 364 207 120 365 361 313 363 468 300 471 299 91 90 93 302 306 166 100 89 88 469 327 101 110 145 337 149 401 72 404 265 258 295 267 294 473 296 293 87 259 458 343 111 231 56 223 245 224 256 272 366 311 438 436 432 449 369 398 171 66 47 46 40 39 177 41 178 179 312 290 437 191 45 50 367 459 329 421 206 205 193 202 51 70 455 356 456 262 264 478 411 431 30 150 379 412 408 410 147 151 402 232 479 474 388 243 167 239 403 146 203 413 260 441 255 254 148 52 137 126 144 54 121 127 368 270 268 414 416 470 335 428 315 430 316 424 419 423 44 134 27 26 18 86 17 15 12 14 310 92 94 95 314 186 317 442 443 444 181 427 190 328 188 99 19 108 425 415 451 279 278 326 208 341 109 138 338 107 106 29 200 440 454 457 336 217 465 466 475 213 405 406 407 10 8 73 75 266 371 386 464 292 463 71 129 477 462 461 453 460 291 135 389 387 385 133 252 74 339 340 426 439 397 395 244 396 143 142 76 5 59 67 140 21 115 20 116 58 225 61 154 374 153 373 77 274 273 277 472 275 198 197 331 287 392 358 445 360 323 281 448 420 97 238 229 65 62 60 64 7 6 38 36 4 42 3 2 24 43 344 334 13 176 79 96 33 180 160 162 182 359 394 330 476 393 286 450 429 199 49 189 104 320 280 422 391 308 158 212 53 204 246 247 201 452 69 307 383 376 375 382 377 381 355 357 467 384 351 113 352 283 318 285 32 1 34 28 31 78 102 152 84 417 226 418 271 269 347 346 349 23 122 390 350 348 345 354 242 227 241 132 240 380 333 282 322 319 251 253 250 85 0 22 55 128 136 57 218 219 220 124 25 125 118 123 139 155 195 156 370 372 164 289 105 332 165 163 194 248 187 159 325 161 119 82 16 11 9 81 98 80 249 209 141 183 184 185 284 447 446 288 83 324 196 342 236 210 112 114 211 68 103 237 235 234 230 228 214 215 353 35 48 157 37 276 63 131 216 321 233 117 130 
316 363 302 313 443 360 179 178 223 436 433 432 312 172 290 311 221 309 438 331 467 283 355 186 317 314 93 315 366 127 367 368 469 303 362 470 430 299 471 442 444 169 304 166 306 335 177 428 361 195 194 248 219 465 405 217 352 160 180 115 445 351 358 43 41 182 181 359 416 61 59 56 231 222 225 256 224 459 364 173 170 435 434 472 398 369 392 394 330 310 476 437 89 296 297 298 174 175 39 198 197 287 120 272 332 273 103 139 201 247 246 116 375 478 384 411 318 356 262 357 215 446 159 284 94 285 54 213 218 98 14 80 13 92 95 185 447 220 275 274 118 123 22 21 55 126 128 52 121 147 144 207 365 425 415 423 458 468 100 88 168 300 399 226 417 414 461 319 250 249 345 390 344 334 427 479 46 243 408 167 409 378 305 91 301 90 87 12 289 336 105 165 163 164 270 268 452 373 156 370 48 154 68 107 391 138 288 136 429 228 450 236 328 401 337 475 466 151 149 407 406 349 114 113 354 353 281 282 161 162 33 20 187 24 36 44 37 2 42 176 79 96 97 321 125 119 372 155 271 65 229 60 62 57 5 58 117 143 111 140 67 254 258 71 70 142 245 343 341 320 280 279 422 413 421 420 449 203 191 45 192 50 171 294 295 257 122 371 276 277 385 235 397 439 244 395 233 141 393 324 462 286 291 209 460 477 473 17 15 388 135 389 387 463 265 404 292 293 259 66 47 40 6 4 454 200 49 199 85 83 374 153 77 338 227 418 78 102 28 51 202 193 451 25 242 376 383 455 131 381 377 400 431 263 456 267 73 72 261 264 410 342 211 210 204 216 212 53 214 333 419 424 158 426 184 82 81 10 322 323 86 11 9 18 75 307 308 183 130 380 240 84 386 23 134 124 0 27 189 253 255 148 137 29 396 402 145 146 251 69 252 260 441 205 340 327 278 326 339 108 190 188 329 99 19 101 110 129 379 157 464 74 347 112 350 348 346 232 474 26 3 7 241 269 239 412 403 150 106 104 38 35 32 457 34 16 8 1 109 206 63 238 230 234 440 152 30 266 196 208 325 453 448 237 382 31 133 64 76 132 
181 427 428 177 306 95 315 93 393 437 286 476 438 287 392 309 310 311 312 175 42 162 182 358 445 41 178 179 460 322 253 477 348 163 334 479 444 390 442 471 430 164 335 248 443 304 313 302 344 305 300 166 96 17 81 97 184 285 94 185 317 284 186 357 314 355 316 92 388 237 396 233 143 141 439 395 394 211 209 199 246 197 330 473 462 461 290 224 434 221 432 436 288 275 83 289 198 331 247 174 435 172 249 291 90 293 295 87 171 39 170 183 26 3 2 34 33 44 161 43 280 79 353 351 180 160 321 282 98 218 466 406 447 359 360 115 13 176 296 463 187 132 382 130 323 254 441 251 319 71 255 69 250 114 349 350 112 345 188 138 68 194 165 232 474 385 369 121 365 120 468 299 361 362 363 470 429 372 155 154 35 370 195 336 105 332 139 391 298 91 301 399 303 169 387 346 40 239 412 378 400 167 168 110 12 88 89 320 46 64 7 6 15 16 18 9 14 73 82 10 80 415 425 426 158 159 214 213 262 283 318 380 118 377 456 356 264 384 467 220 446 219 217 54 307 308 243 408 389 230 238 457 440 63 234 235 424 231 142 343 397 126 102 147 148 111 244 140 204 136 215 216 342 210 196 453 324 208 45 191 49 193 201 28 103 85 129 379 404 464 414 58 67 225 245 256 56 222 223 449 398 433 272 364 366 368 472 465 328 416 240 271 270 274 84 276 77 273 31 454 200 452 236 451 66 47 192 173 257 297 241 269 292 86 133 386 267 258 294 202 51 50 4 383 124 134 25 27 23 0 24 48 1 38 36 78 151 152 157 37 32 422 459 413 341 279 340 339 281 278 347 117 354 113 352 149 405 407 127 55 338 403 475 337 150 125 119 116 21 20 135 265 418 131 376 242 381 455 326 367 144 70 252 260 59 8 76 74 52 207 137 29 128 109 212 104 333 189 53 206 99 100 19 190 329 106 107 122 371 261 277 146 419 458 423 469 268 226 417 375 478 450 374 153 373 156 11 75 101 327 263 409 410 60 411 401 402 431 205 108 57 229 65 5 62 72 266 30 421 203 448 420 325 61 22 259 227 228 145 123 
315 471 306 430 428 358 181 445 224 438 434 221 437 175 309 392 432 290 436 287 357 285 314 95 93 355 317 316 369 121 365 120 468 300 299 361 313 362 363 427 177 305 166 304 302 248 444 443 470 164 163 335 218 466 406 447 353 162 351 359 178 180 360 42 182 41 179 115 414 58 67 225 245 256 56 222 223 449 398 171 435 170 433 272 364 366 311 393 286 476 310 312 90 293 295 87 39 172 174 247 246 331 368 472 288 275 83 289 199 198 197 118 377 456 356 264 262 384 318 467 214 213 184 94 284 283 220 446 219 96 17 81 97 185 186 92 217 54 273 277 116 124 25 125 136 137 52 128 127 146 207 144 367 424 419 458 423 469 110 301 399 303 168 270 268 416 460 322 253 477 348 334 479 390 442 344 40 239 412 378 400 167 169 12 88 89 298 91 139 391 138 68 194 195 226 417 429 372 155 154 35 370 165 188 336 105 332 55 452 230 457 454 338 403 475 337 465 150 407 149 405 347 117 354 113 352 280 79 33 160 161 119 183 26 3 2 34 44 43 321 282 98 13 176 21 20 373 156 418 64 57 7 5 229 62 61 114 244 140 111 59 252 259 74 260 343 231 142 326 323 281 339 448 420 203 413 459 421 202 51 50 192 173 257 297 294 374 153 77 274 388 237 396 233 143 141 439 395 394 211 209 330 473 462 461 249 291 14 86 385 133 386 232 464 267 292 404 296 258 6 4 46 66 47 236 451 193 201 28 103 122 371 276 328 240 271 84 31 85 45 191 49 200 22 132 131 382 381 376 455 375 409 263 431 478 265 75 266 410 411 261 325 324 453 189 53 333 216 215 212 415 425 426 158 159 10 80 82 319 320 15 16 18 9 73 130 380 187 307 308 227 78 389 134 23 123 27 0 204 250 69 29 126 148 397 145 402 147 441 255 254 70 251 190 278 108 340 341 279 327 205 107 106 109 101 19 100 241 269 32 463 71 349 350 112 345 474 387 346 24 36 60 129 379 243 408 401 151 329 206 1 48 157 450 37 11 76 38 99 104 238 63 228 440 234 30 152 72 208 196 342 210 422 235 383 102 135 65 8 242 
176 477 441 322 307 92 308 187 476 439 395 394 440 343 397 237 393 396 233 238 13 79 96 279 320 98 323 321 479 444 390 442 462 255 253 461 319 250 249 455 383 260 254 252 251 132 382 130 460 241 376 242 41 2 33 42 94 158 159 95 183 184 185 423 424 425 380 186 473 290 392 437 246 286 312 330 310 350 348 111 244 143 141 385 345 344 235 200 454 457 450 234 207 402 148 147 231 142 245 64 230 63 427 388 134 387 374 135 229 65 228 93 12 9 14 10 80 17 81 97 180 160 278 280 281 282 181 162 182 421 398 420 449 326 339 341 43 179 232 474 317 166 430 306 445 248 443 428 177 68 194 163 334 196 453 324 211 209 52 137 74 69 71 293 464 291 337 106 336 338 356 375 456 377 381 478 222 294 266 259 76 258 70 367 126 144 146 365 133 26 124 240 131 129 296 463 66 167 269 239 270 243 227 125 24 123 23 178 6 39 4 40 0 1 3 36 44 32 34 37 161 318 314 285 283 284 212 422 415 426 419 315 327 299 470 469 417 468 458 190 448 203 459 205 302 316 378 379 404 170 172 432 436 175 438 309 355 247 287 331 311 138 28 139 103 201 197 199 216 104 333 189 354 349 117 347 112 114 5 56 59 67 140 31 29 102 305 412 386 346 263 50 49 191 198 429 202 452 451 217 465 236 403 466 475 328 401 364 120 431 168 410 409 407 152 151 150 145 85 433 223 256 434 224 46 7 58 57 372 122 169 408 389 27 87 292 153 154 373 225 62 61 60 313 88 89 19 15 90 86 91 8 11 16 18 30 77 78 73 82 75 446 447 406 359 360 353 358 351 352 210 208 325 342 340 274 413 277 329 206 368 472 369 366 276 100 99 108 110 109 298 371 261 300 303 304 471 363 115 391 288 164 335 195 193 35 48 165 107 332 105 83 188 119 215 55 214 53 204 136 20 21 22 54 121 127 128 295 267 271 149 289 262 357 467 384 264 400 411 362 361 221 297 265 257 72 38 157 25 116 416 226 418 47 268 272 273 414 220 118 171 173 174 51 45 155 156 84 219 218 213 405 113 192 101 370 399 435 275 301 
308 455 307 383 441 279 176 320 200 440 454 457 439 238 237 397 450 235 234 343 423 158 424 92 187 425 183 380 337 106 336 338 356 376 375 456 382 377 381 477 322 241 242 132 130 252 319 251 478 260 255 254 421 398 420 449 278 79 280 326 323 281 339 13 96 98 321 341 263 50 49 191 198 429 202 452 451 217 465 229 230 228 236 403 466 475 396 476 395 394 393 233 134 387 374 135 65 63 64 245 244 142 328 401 207 402 148 147 111 231 143 327 299 470 469 417 415 468 419 458 212 422 94 159 184 426 190 448 203 41 2 33 42 95 185 186 459 205 145 149 108 88 19 100 104 105 107 188 329 289 332 288 391 355 262 357 467 384 125 124 240 131 227 409 264 431 479 444 390 442 462 253 461 250 249 460 66 167 269 239 270 243 129 24 123 23 133 26 146 365 137 74 69 70 400 411 222 294 266 259 76 258 71 52 367 126 144 206 256 170 432 433 368 472 369 366 364 276 277 274 413 210 208 325 342 340 180 160 80 282 81 99 93 12 9 14 10 17 97 181 162 182 43 179 110 109 257 72 261 39 171 4 51 173 45 192 196 197 199 201 193 335 370 165 195 331 247 287 115 445 351 358 213 405 218 406 447 219 225 62 61 58 57 372 122 373 297 265 150 407 473 290 392 437 246 286 312 330 310 350 348 141 385 345 344 427 388 44 27 291 87 292 293 346 153 389 386 232 154 40 60 6 46 7 434 224 67 140 31 29 295 267 151 120 168 410 152 85 102 5 56 59 223 101 166 300 430 471 303 363 362 226 416 414 361 371 157 156 418 268 271 113 112 347 53 204 214 189 333 215 318 314 285 283 284 37 161 34 177 178 0 1 3 36 32 306 315 317 302 316 399 30 404 89 90 301 15 86 216 334 163 83 138 103 311 275 273 139 443 194 248 164 428 54 352 118 353 359 360 116 220 128 127 119 25 22 21 169 408 75 474 68 453 324 211 209 464 296 463 91 18 47 305 412 378 379 272 77 121 136 11 8 73 221 82 38 48 16 20 55 172 175 435 436 438 84 78 155 114 117 354 349 446 309 313 28 298 174 35 304 
440 343 439 397 308 455 307 383 260 441 255 254 176 477 322 320 252 319 251 279 200 454 457 238 237 450 235 234 207 402 148 147 111 395 244 231 396 143 142 92 187 476 394 393 233 425 183 380 245 423 158 424 337 106 336 338 356 376 375 456 382 377 381 241 242 132 130 478 222 294 266 259 76 74 258 71 70 52 137 462 253 250 69 367 126 144 323 13 79 96 98 321 479 444 390 442 461 249 460 341 280 339 146 365 421 398 420 449 278 326 281 263 50 49 191 198 429 202 452 451 217 465 229 230 228 236 403 466 475 134 387 374 135 65 63 64 328 401 364 120 431 168 410 409 407 152 151 150 145 85 102 31 29 5 56 59 67 140 350 348 286 141 330 433 223 256 41 2 33 42 94 159 95 184 185 186 473 290 392 437 246 312 310 385 345 344 427 388 459 205 422 415 426 458 434 224 327 299 470 469 417 468 419 212 190 448 203 149 108 88 19 100 104 105 107 188 329 289 332 288 391 355 262 357 467 384 125 124 240 131 227 264 66 167 269 239 270 243 129 24 123 23 133 26 400 411 362 361 221 87 295 292 267 297 265 257 318 82 75 73 72 38 165 157 48 16 8 11 20 0 21 22 54 121 55 127 128 136 196 453 324 211 209 163 334 194 303 363 366 368 93 12 9 14 10 80 17 81 97 180 160 282 181 162 182 43 179 232 474 317 166 430 306 445 248 443 428 177 68 293 464 291 296 463 110 109 342 340 274 413 300 471 369 206 170 432 472 276 277 210 208 325 99 261 39 171 4 51 173 45 192 197 199 201 193 335 370 195 331 247 287 115 351 358 213 405 218 406 447 219 225 62 61 58 57 372 122 373 44 27 346 153 389 386 154 40 60 6 46 7 435 272 313 169 305 399 408 412 446 161 37 84 30 78 18 83 103 28 3 34 1 35 36 53 116 117 118 119 25 114 216 333 189 354 349 347 112 172 436 416 178 32 314 285 283 284 315 302 316 378 379 404 175 438 309 311 138 139 204 215 271 268 414 101 226 371 156 418 113 214 89 90 301 15 86 275 273 164 352 353 359 360 220 91 47 77 304 298 155 174 
394 312 330 310 461 319 250 249 179 442 443 444 345 194 390 344 177 334 427 385 235 397 439 244 395 233 141 393 302 186 316 317 436 331 311 290 476 392 437 324 462 201 197 246 286 291 209 460 309 293 464 473 183 242 383 307 320 252 251 176 477 441 322 74 69 255 253 321 172 43 160 41 360 178 182 445 181 363 313 195 248 335 428 166 430 306 479 117 347 112 350 348 103 107 332 105 165 163 68 387 346 388 93 304 239 305 412 378 386 232 474 96 65 228 63 450 234 238 440 237 425 380 245 343 142 396 92 308 187 137 31 146 29 140 143 111 130 185 169 303 98 14 80 13 159 283 284 94 95 467 355 314 315 223 433 432 221 438 273 139 247 287 198 39 170 175 189 55 214 53 325 453 208 210 211 196 48 51 202 193 452 49 199 85 289 83 138 28 167 241 269 292 463 296 174 435 133 90 295 87 267 298 404 271 129 379 243 184 135 24 123 23 227 375 376 131 132 478 455 381 382 341 280 279 339 323 365 207 260 254 70 79 67 11 75 76 259 8 71 128 144 126 148 52 97 282 89 297 173 36 44 37 161 2 33 42 281 352 180 351 162 219 465 405 217 115 358 359 366 127 367 368 469 362 470 299 471 361 373 156 370 154 164 391 288 336 12 88 168 300 99 22 118 119 353 354 20 113 114 448 333 349 206 212 204 216 104 102 78 109 86 110 101 205 338 106 329 188 466 38 157 35 1 32 134 374 153 389 410 408 91 301 399 240 40 171 400 411 261 155 372 371 122 81 60 66 61 229 6 57 64 429 236 454 230 328 401 337 200 457 451 459 422 421 415 426 423 158 424 458 434 224 256 222 231 402 147 145 136 121 84 150 30 152 403 62 225 59 5 56 46 409 100 9 18 17 10 82 419 215 446 318 285 262 116 384 356 357 54 213 218 447 220 416 364 472 398 369 120 272 414 418 226 277 77 276 275 4 50 294 190 406 326 278 340 342 327 19 108 16 73 34 47 192 45 191 377 456 270 268 266 265 257 124 258 151 149 72 274 417 0 27 26 21 125 431 263 475 413 420 449 203 468 25 58 264 15 3 407 7 
436 331 312 311 316 363 302 313 195 443 194 248 179 442 444 178 335 177 428 360 223 433 432 172 290 221 309 438 332 273 103 139 201 330 197 247 392 246 287 186 317 394 310 476 437 314 93 315 198 467 283 355 366 127 367 368 469 303 362 470 430 299 471 169 304 166 306 361 452 373 156 370 48 165 154 68 164 107 105 345 390 334 163 391 138 288 445 43 160 41 182 181 461 319 250 249 344 427 479 359 180 358 289 336 219 465 405 217 352 115 351 416 61 59 56 231 222 225 256 224 459 364 173 170 435 434 472 398 369 89 296 297 298 174 175 39 120 272 466 338 414 227 418 226 277 78 77 276 275 102 28 85 83 51 202 193 49 199 324 462 395 286 141 236 451 429 98 14 80 13 159 284 92 94 95 185 385 235 397 439 244 233 393 291 209 460 477 473 447 220 446 318 285 357 454 200 116 375 478 384 411 356 262 215 54 213 218 274 118 123 22 21 55 126 128 52 121 147 144 207 365 425 415 423 458 468 100 88 168 300 399 417 46 243 408 167 409 378 305 91 301 90 87 12 270 268 377 456 457 135 374 389 153 122 371 372 419 34 157 32 155 16 71 73 8 1 35 38 109 86 110 101 205 106 206 329 188 104 117 347 112 350 348 255 253 69 131 381 475 328 187 24 36 44 37 161 2 33 42 281 282 162 176 79 96 97 321 293 464 183 242 383 307 320 252 251 441 322 74 387 346 388 232 474 125 119 354 353 407 406 376 455 337 136 228 450 401 151 149 349 114 113 20 271 65 229 60 62 57 5 58 143 111 140 67 254 258 70 142 245 343 341 280 279 422 413 421 420 449 203 191 45 192 50 171 294 295 257 17 15 463 265 404 292 259 66 47 40 6 4 230 403 382 129 241 240 379 269 448 81 82 152 84 30 3 148 29 31 9 10 11 76 18 204 108 208 327 99 19 196 189 214 53 325 453 210 211 63 234 431 323 75 424 158 426 184 308 130 380 239 412 386 238 440 237 396 137 146 216 333 410 264 263 25 400 267 72 261 342 212 23 134 124 0 27 402 145 260 340 278 326 339 190 26 7 150 132 133 266 64 
290 476 392 437 317 166 430 306 479 444 390 442 445 248 443 181 427 428 177 182 39 170 172 432 436 175 438 309 477 473 462 461 395 246 286 394 312 330 310 355 316 247 287 331 311 95 315 93 393 185 284 186 87 12 88 89 168 299 300 169 302 303 304 470 471 363 313 305 439 232 474 388 350 348 385 345 344 255 253 68 194 163 334 319 250 249 179 115 351 358 360 178 139 391 138 288 164 335 195 42 162 41 460 322 97 321 282 98 161 43 160 167 6 4 40 50 171 46 173 174 294 295 256 433 434 435 296 297 298 368 472 398 369 224 221 223 90 293 176 441 378 129 379 243 404 453 464 463 291 196 324 211 209 111 343 244 143 141 28 103 201 197 199 235 397 233 217 54 213 218 262 283 357 285 314 467 154 236 451 452 193 429 198 275 83 289 332 273 96 17 81 184 94 92 237 396 44 130 380 183 426 187 159 82 14 80 13 292 2 23 0 24 9 19 15 86 91 108 100 110 301 431 410 409 400 399 144 367 469 362 468 408 225 226 417 416 423 414 361 121 365 120 366 127 239 412 307 308 440 122 133 371 386 135 389 387 261 354 349 347 346 216 104 333 189 117 112 114 148 52 207 137 260 254 74 252 69 71 1 32 35 48 165 107 105 188 242 383 320 251 356 21 20 116 113 352 118 353 359 149 405 180 466 406 447 219 465 272 77 384 131 381 377 475 329 328 338 336 206 372 155 370 373 156 26 3 34 33 280 79 132 382 323 18 63 234 339 340 281 157 38 37 36 269 57 64 5 7 65 60 66 49 51 45 47 106 203 190 191 192 202 402 407 403 266 267 259 265 257 258 142 140 245 231 222 459 364 449 220 128 276 420 277 274 421 58 67 56 61 59 238 279 455 227 240 241 418 271 72 446 215 342 210 325 119 109 99 208 55 214 53 204 136 76 147 31 146 29 126 102 8 10 11 30 78 84 85 228 450 425 337 212 263 264 411 318 456 375 478 270 268 153 230 457 454 200 101 327 16 73 415 158 424 27 458 413 448 419 152 75 123 124 134 22 25 341 326 205 151 150 145 401 70 125 62 278 376 374 422 229 
430 355 317 316 392 432 290 436 115 445 351 358 444 182 181 443 360 179 178 248 470 299 471 166 306 363 302 313 217 54 213 218 262 284 283 357 315 285 314 476 437 185 186 95 93 331 312 311 467 247 246 287 368 472 398 369 256 170 433 224 438 434 221 39 172 175 309 223 356 21 20 116 113 352 118 353 359 149 405 161 162 160 180 466 406 447 428 479 390 442 427 177 97 321 282 98 43 41 42 195 194 335 219 465 139 391 138 288 68 164 163 225 226 417 416 423 469 414 468 361 144 367 168 300 303 362 121 365 120 87 12 88 89 169 304 305 366 127 336 337 56 57 5 58 52 53 55 136 220 212 214 215 446 261 263 264 411 318 82 81 184 94 159 377 456 384 477 473 462 461 395 286 394 330 310 393 44 130 380 183 426 187 92 14 80 13 96 17 332 273 103 201 197 198 375 478 154 236 451 452 193 429 199 28 275 83 289 128 370 122 371 372 276 420 277 274 272 421 449 459 364 142 140 245 231 222 294 295 171 435 173 67 167 6 4 40 50 46 174 296 297 298 90 293 61 59 454 200 455 23 123 0 22 124 25 125 111 112 114 117 119 210 278 208 325 347 354 349 72 404 257 265 145 401 150 403 407 151 157 38 37 34 33 280 79 281 230 457 338 475 439 232 474 388 350 348 385 345 344 255 253 334 319 250 249 460 322 91 18 233 63 234 235 251 339 323 320 176 340 24 36 2 26 3 373 156 48 165 107 105 228 450 328 77 131 381 329 206 188 1 32 35 155 62 129 227 379 418 240 271 270 158 415 419 268 279 327 326 424 458 425 70 69 252 29 126 146 137 207 147 431 410 409 400 399 110 301 100 291 292 9 19 15 86 108 243 408 378 239 412 376 106 440 64 65 229 7 60 148 209 211 204 216 189 346 422 448 333 464 324 453 342 463 30 258 75 259 266 267 73 152 85 84 76 16 11 10 132 382 202 441 196 343 244 143 141 397 237 396 66 47 27 242 383 307 308 413 203 78 102 51 49 191 153 192 101 99 45 8 31 133 135 374 386 389 205 190 341 71 74 260 254 402 387 269 104 238 134 109 241 
180 354 359 353 318 94 314 285 333 446 216 215 447 220 219 406 214 218 213 407 33 41 160 178 360 162 358 351 453 340 196 342 350 119 117 349 352 114 113 384 467 125 118 116 115 264 357 262 347 410 431 411 79 10 13 80 92 93 95 159 283 186 284 313 315 316 355 184 474 413 203 448 104 189 422 204 212 462 324 128 136 55 53 463 211 210 405 391 475 466 465 217 225 229 62 61 127 54 121 150 403 149 325 464 266 292 294 267 402 151 401 158 32 1 34 2 42 37 43 161 176 96 177 179 181 182 281 98 282 311 221 309 438 428 445 443 81 280 404 473 426 268 458 419 339 108 341 326 278 19 109 99 208 390 479 348 345 112 140 67 25 20 22 389 388 346 236 247 451 452 381 478 377 456 356 375 368 374 134 124 27 123 21 223 59 56 58 224 265 75 259 409 263 261 386 385 152 269 167 408 168 412 400 260 73 258 72 279 30 77 28 78 8 9 11 16 82 12 14 17 97 307 308 187 183 185 310 312 302 317 306 424 335 361 362 363 304 471 430 287 437 392 436 331 415 425 379 378 232 272 274 364 459 277 449 420 380 106 190 205 421 49 4 50 51 107 206 188 395 246 476 286 477 461 253 460 209 250 29 144 126 137 52 7 5 60 418 243 296 291 131 139 138 288 329 328 332 338 336 234 450 337 230 457 454 429 228 432 256 376 270 241 240 238 66 65 64 57 47 366 367 120 369 365 84 31 146 145 297 257 271 239 293 76 153 387 87 88 295 207 148 147 102 423 154 155 68 35 156 48 157 0 3 36 38 6 39 40 24 44 26 439 440 237 441 320 322 323 321 319 344 334 427 442 444 172 290 175 198 197 222 435 434 433 174 164 163 248 195 194 371 298 129 414 416 417 468 469 251 200 191 100 327 110 105 15 86 101 201 202 193 45 199 255 394 143 393 141 330 244 69 70 71 142 245 231 111 373 135 169 63 192 130 382 383 455 132 227 242 470 299 398 372 133 122 23 18 91 74 252 303 399 305 85 166 170 171 300 343 254 273 275 276 103 83 89 90 46 397 396 233 235 249 289 165 301 226 472 173 370 
314 384 318 467 359 178 180 360 391 447 475 466 446 407 406 219 465 405 217 220 313 93 315 94 285 316 283 355 236 247 451 452 381 431 478 377 357 456 356 354 353 410 411 264 262 116 352 115 375 125 119 118 311 221 309 438 177 41 179 428 358 181 445 33 160 162 351 443 131 139 138 288 329 328 332 338 336 234 450 402 403 401 337 230 457 454 218 333 216 215 214 213 266 292 294 267 151 149 150 121 136 54 429 228 225 229 62 61 128 127 55 335 361 362 363 304 302 471 306 430 310 312 92 95 186 317 287 437 392 79 10 13 80 159 284 184 436 331 57 63 248 154 68 164 246 193 201 199 198 192 202 191 200 380 130 382 383 455 260 259 409 263 400 240 132 376 453 340 196 342 350 117 349 114 113 347 152 269 167 408 168 412 261 73 258 72 265 75 58 224 67 25 20 21 227 242 368 374 134 124 27 123 22 140 223 59 56 197 120 272 364 366 222 435 434 433 432 174 175 172 290 344 334 427 442 444 176 96 42 182 43 163 158 32 1 34 2 37 161 281 98 282 81 280 195 194 122 23 129 77 273 28 103 275 83 289 390 206 188 107 105 327 301 101 110 205 106 190 251 339 321 323 233 235 396 237 440 397 207 148 147 146 145 297 257 295 372 133 64 238 474 413 203 448 104 189 422 204 212 462 324 53 463 211 210 325 464 82 76 346 153 387 389 291 87 293 296 404 88 78 102 30 84 31 369 365 137 52 7 5 373 135 65 256 270 241 66 47 60 29 144 126 367 165 268 414 458 468 416 469 470 399 303 300 299 298 91 90 305 166 169 249 209 460 141 330 393 286 476 394 307 308 187 183 185 17 97 14 278 279 8 9 11 16 12 419 424 426 415 425 226 6 232 155 156 370 35 48 395 208 99 45 49 51 421 173 171 50 341 109 108 100 326 142 319 254 322 441 320 252 343 111 231 255 74 71 70 271 239 26 473 19 479 348 345 112 388 386 385 157 38 85 418 243 379 378 170 39 245 244 3 0 24 398 44 18 86 36 69 143 274 277 472 459 449 46 40 89 250 253 477 461 439 420 423 4 371 276 15 417 
281 325 326 278 419 159 424 158 214 448 189 333 449 190 203 420 212 421 422 277 80 98 282 323 339 79 279 280 347 353 117 354 324 99 208 453 340 196 342 468 458 100 327 108 341 417 423 415 210 418 414 268 160 37 43 161 186 187 92 284 426 185 184 382 308 380 425 94 464 406 218 213 55 53 446 216 215 345 112 188 104 206 204 474 350 349 413 365 369 398 364 459 191 173 45 192 329 205 106 276 472 274 113 346 156 389 373 153 273 77 272 283 75 11 10 14 13 82 97 81 179 41 322 321 176 96 351 182 162 396 457 237 440 441 320 251 33 180 386 385 285 264 357 262 358 118 359 115 352 22 119 20 114 250 461 462 209 211 199 49 19 109 101 404 473 463 434 245 224 256 471 361 299 470 469 362 328 297 89 88 15 301 110 451 193 202 50 200 371 157 370 226 416 271 292 291 78 408 243 379 227 269 270 195 32 154 155 360 84 150 31 30 35 36 38 1 34 24 44 2 42 302 316 317 93 95 393 233 130 183 307 355 254 456 377 381 132 455 383 343 439 397 234 142 318 314 412 239 293 403 407 466 447 149 217 405 315 127 54 220 219 59 60 61 62 128 136 52 330 244 394 395 442 344 390 479 348 334 83 288 138 105 107 4 51 47 261 378 232 388 300 146 137 207 121 120 144 368 367 438 221 366 170 432 433 222 435 450 429 303 409 169 168 172 46 174 39 171 7 475 391 338 337 336 152 85 289 275 122 372 410 167 387 48 265 296 135 123 374 332 103 139 28 467 259 266 74 76 72 8 73 86 9 18 16 40 65 66 91 17 12 312 436 290 443 178 444 445 181 177 460 253 477 249 319 63 235 238 231 143 452 230 454 236 64 260 255 252 70 69 267 133 305 263 431 411 356 384 428 223 56 21 116 125 126 0 27 25 140 225 67 5 111 194 310 246 476 286 141 197 163 164 68 287 198 247 201 257 298 129 175 58 306 430 313 363 166 399 304 478 375 465 294 87 295 90 3 26 165 335 131 240 241 102 242 228 229 376 331 248 145 402 151 29 148 23 134 6 311 392 437 309 427 147 71 124 400 401 57 258 
424 468 419 458 326 323 281 339 365 449 369 398 448 277 420 203 364 413 459 190 382 187 308 159 158 380 426 425 434 245 224 256 471 414 361 299 423 470 469 325 278 418 268 417 415 108 340 341 362 100 99 327 396 457 237 440 322 98 321 441 279 176 320 80 282 79 280 251 300 146 137 207 121 120 144 368 367 438 221 273 472 272 366 170 432 433 421 214 189 333 212 422 156 389 373 153 77 274 276 106 104 205 222 435 191 173 45 192 188 329 206 254 456 377 381 132 130 455 307 383 393 233 186 92 185 183 343 439 397 160 37 43 161 284 184 94 234 142 171 175 252 259 74 260 244 67 140 111 231 58 225 56 223 315 306 430 313 363 195 370 226 416 270 168 166 303 347 353 117 354 324 208 453 196 342 210 78 408 243 379 227 269 271 32 154 155 371 157 50 200 49 19 109 110 399 304 328 297 89 88 15 301 101 199 451 193 202 143 338 403 466 475 452 230 454 236 450 64 238 63 235 460 253 477 249 319 179 41 13 96 97 255 283 75 11 10 14 82 81 351 182 162 33 180 70 69 295 90 305 150 145 31 29 402 148 147 250 136 52 128 126 116 124 25 125 220 127 54 428 358 181 445 437 309 392 290 436 311 332 103 139 289 275 122 372 374 294 87 39 172 464 406 218 213 55 53 446 216 215 345 112 204 474 350 349 113 346 34 48 463 265 296 404 388 135 387 232 386 123 30 28 84 152 85 337 336 105 107 4 51 257 298 174 429 409 169 46 7 47 83 288 138 391 71 264 263 357 356 431 384 478 240 131 376 375 133 26 134 241 242 129 427 348 479 286 141 476 395 394 310 302 316 317 93 95 2 42 44 352 360 35 36 38 1 24 262 355 285 318 314 400 40 293 266 72 258 76 8 330 114 20 5 59 62 219 57 229 61 359 119 118 21 115 287 177 248 444 443 178 335 331 201 247 194 165 68 164 410 167 12 385 22 461 462 209 211 473 292 291 73 16 102 261 378 412 239 228 65 198 197 9 86 91 465 17 3 27 18 163 246 407 149 401 447 217 6 66 23 334 390 442 344 312 405 467 60 267 151 0 411 
478 383 375 455 328 401 465 337 397 450 235 234 429 228 236 200 440 454 457 191 400 411 431 467 384 263 356 456 320 252 319 251 183 242 307 380 381 130 382 288 391 227 376 131 377 106 336 338 308 190 188 329 258 295 267 294 151 405 149 402 475 407 403 219 217 447 466 145 425 245 244 343 394 439 142 233 396 96 176 65 63 238 237 339 321 323 451 287 199 198 247 452 123 373 135 374 229 230 57 50 49 202 441 279 100 326 99 327 45 192 193 147 300 305 399 412 261 168 410 409 73 72 283 318 262 264 260 266 259 360 116 352 115 355 357 314 257 70 341 280 146 365 137 207 74 250 69 255 254 461 249 477 322 95 184 185 92 187 24 23 129 132 241 458 426 424 164 428 163 335 83 138 289 105 332 139 61 414 418 226 243 270 240 125 134 124 122 21 108 88 19 104 107 205 423 158 173 449 448 203 189 421 206 15 301 101 110 71 171 434 175 435 90 293 87 298 297 464 292 404 265 78 102 152 30 150 160 180 446 406 213 148 316 121 136 220 215 54 218 445 351 358 359 178 144 29 459 422 415 224 256 67 140 222 111 231 31 330 395 141 143 442 385 345 344 310 393 476 42 181 162 182 81 79 97 282 98 13 40 60 66 6 64 232 133 387 364 413 340 281 275 438 437 392 286 246 311 197 331 35 68 201 370 165 195 248 154 118 22 273 369 277 472 156 389 153 371 372 388 225 62 58 56 5 170 39 4 51 196 109 398 420 278 89 468 419 325 324 208 7 46 47 174 126 471 299 306 166 362 304 303 239 378 167 169 386 347 346 269 408 379 34 48 157 16 8 82 76 75 10 159 186 284 94 285 354 353 113 443 179 25 114 20 119 349 430 317 315 313 93 469 342 274 120 368 367 52 128 11 194 390 462 253 209 312 473 291 460 177 334 427 479 444 17 33 44 161 43 41 2 14 86 91 36 0 27 26 361 268 333 155 348 84 85 28 103 276 272 77 127 55 59 470 417 416 271 296 463 12 9 216 204 212 172 214 117 112 53 3 18 221 432 433 309 290 453 210 474 1 38 37 32 80 436 302 211 366 223 350 363 
475 329 391 328 381 431 384 478 192 451 193 202 236 247 452 450 191 429 200 234 402 407 403 447 466 401 465 337 327 301 101 110 206 138 188 205 338 107 106 131 377 139 288 332 336 383 375 455 190 380 130 382 294 260 266 259 410 318 411 409 456 264 263 314 467 357 356 400 421 435 174 173 47 45 171 51 50 208 99 246 201 199 49 341 109 108 457 57 63 228 230 454 248 154 68 164 287 198 331 397 235 440 100 326 251 339 321 323 233 396 237 168 207 148 147 152 151 146 150 145 292 267 446 406 405 149 297 265 257 359 178 180 360 219 217 218 258 295 279 278 399 362 304 303 298 91 90 89 88 18 86 15 19 53 212 204 189 104 390 194 103 105 83 459 422 203 122 21 23 123 129 132 227 242 376 240 392 272 77 273 28 275 289 428 163 335 195 443 320 252 319 183 307 308 449 448 142 458 426 425 185 424 187 249 254 322 441 87 343 222 111 231 255 76 74 71 70 82 75 73 72 269 167 408 412 261 354 353 285 262 283 169 220 313 93 315 94 316 355 116 352 115 358 118 300 305 423 158 420 221 434 309 175 433 172 170 378 66 46 40 39 27 38 44 36 60 4 7 112 20 113 114 210 325 211 342 196 324 395 476 286 330 197 48 165 35 469 415 280 340 226 56 5 58 6 64 61 65 229 232 133 238 373 135 374 124 372 445 444 270 361 268 414 153 32 155 156 370 1 438 437 311 436 312 245 244 394 439 96 176 468 419 281 69 364 413 282 97 98 310 141 393 143 166 120 365 52 137 367 126 144 85 102 31 29 157 161 37 84 30 78 346 387 389 291 293 463 296 404 464 333 216 215 214 213 162 351 160 125 119 177 41 179 181 33 121 136 54 127 55 398 79 417 363 471 299 302 306 473 134 26 17 12 14 62 16 11 9 22 24 0 3 25 209 347 348 349 350 117 345 462 477 253 479 442 427 334 366 274 184 371 2 379 243 239 241 418 416 271 430 317 290 369 277 472 276 8 10 250 461 95 92 159 140 284 182 43 186 344 460 223 224 256 59 67 81 80 34 385 388 474 386 453 225 128 13 470 432 42 368 
466 332 338 336 377 357 456 356 331 452 201 247 457 202 451 454 198 200 429 230 218 406 447 403 475 217 337 465 195 443 194 248 103 107 105 139 391 138 288 382 381 205 106 329 328 376 455 375 289 240 132 131 358 118 353 359 285 264 262 314 384 318 467 409 263 431 478 355 273 436 312 311 330 197 392 246 287 48 165 51 193 49 199 154 68 164 236 396 237 440 234 450 110 341 109 108 50 191 192 229 238 228 335 370 124 372 133 122 64 57 63 315 127 55 54 214 213 220 446 219 162 351 150 407 149 405 178 180 360 259 297 265 257 145 401 402 115 445 373 156 316 363 302 313 179 442 444 177 428 345 390 334 163 102 78 28 85 83 86 101 206 188 104 272 77 275 323 254 322 441 187 130 308 307 383 380 171 459 422 421 204 203 190 88 19 100 327 301 374 125 134 241 242 227 472 276 58 416 271 270 239 226 129 26 21 23 123 181 61 223 59 56 22 117 119 20 116 347 354 113 352 184 95 94 284 283 75 266 410 411 261 93 146 303 169 168 408 399 400 70 72 258 294 260 430 317 414 418 277 433 432 172 290 221 309 438 186 394 310 476 437 250 324 461 462 395 286 141 16 71 73 8 34 157 1 32 35 38 60 40 4 47 45 208 99 196 361 268 153 155 424 231 143 142 393 233 343 439 397 98 321 235 279 176 320 251 339 295 90 425 469 415 423 280 342 340 278 326 211 170 39 173 435 174 225 62 66 65 387 135 470 417 371 25 366 274 386 385 232 46 7 6 5 306 367 368 126 128 120 52 121 189 53 216 136 325 464 453 333 215 212 81 96 79 42 182 33 41 160 161 84 31 30 152 151 292 267 404 252 74 89 296 298 87 463 144 29 147 207 148 369 389 419 362 299 471 304 166 43 319 249 344 427 479 244 112 350 348 255 477 253 209 69 3 82 9 10 11 76 18 36 24 0 14 91 12 15 364 413 269 281 460 159 92 185 183 158 458 426 300 305 175 398 420 449 448 114 349 27 44 167 243 379 67 412 293 473 378 17 2 222 256 224 111 140 346 474 210 97 13 80 282 37 245 137 388 468 434 291 365 
354 474 350 349 333 446 216 215 404 453 473 464 196 462 324 342 463 211 210 340 180 359 353 119 117 352 114 113 379 261 378 412 232 479 388 386 347 385 346 104 189 390 348 345 112 422 204 212 389 413 203 448 318 94 314 285 447 220 219 406 214 218 213 128 136 55 53 405 371 72 257 265 298 296 267 293 292 129 243 477 461 460 291 271 239 269 325 19 108 109 99 208 395 246 476 286 253 209 250 280 341 278 408 418 426 268 458 419 339 281 326 407 33 41 160 178 360 162 358 351 384 467 125 118 116 115 264 357 262 62 140 225 67 25 20 22 283 411 417 226 149 30 145 150 263 399 400 409 410 304 305 169 167 23 122 133 135 387 439 394 442 344 427 155 372 153 49 4 50 51 106 190 107 205 206 188 255 68 248 194 444 163 334 143 393 141 330 244 415 184 425 459 421 420 156 373 282 77 272 274 364 277 449 380 159 424 158 431 79 10 13 80 92 93 95 186 284 313 315 316 355 391 475 466 465 217 229 61 127 54 121 403 27 29 144 126 368 137 52 7 58 5 59 60 151 401 276 472 370 8 73 70 258 75 259 266 337 301 297 295 294 174 309 435 175 90 87 89 63 6 57 64 131 227 132 240 241 242 176 441 322 319 249 312 310 437 84 275 416 270 105 9 12 15 88 100 86 110 101 200 191 327 201 202 193 45 199 111 343 138 28 139 103 247 392 287 331 197 290 71 254 69 74 252 81 96 320 279 469 423 78 273 414 185 32 154 361 362 468 251 321 323 98 402 1 34 2 42 37 43 161 177 179 181 182 311 221 438 428 445 443 236 451 452 381 478 377 456 356 375 374 134 124 123 21 223 56 224 47 66 142 256 245 231 432 3 26 0 36 24 157 470 289 31 102 152 146 147 455 192 173 303 168 300 91 302 306 166 40 171 39 172 46 130 228 237 230 238 65 235 307 308 187 440 397 396 233 35 164 366 198 170 336 338 328 329 332 83 288 148 207 260 48 195 165 335 317 430 183 383 367 398 369 97 120 222 434 365 234 382 11 16 82 14 17 363 471 436 450 457 454 429 376 18 44 299 85 76 433 38 
356 376 455 375 336 217 337 465 229 454 238 230 200 440 457 429 228 450 236 198 355 262 357 263 456 467 478 384 374 125 134 124 241 307 242 240 377 132 131 106 338 308 383 382 381 288 328 391 227 289 105 332 115 445 351 358 213 149 405 218 466 406 447 145 401 403 475 219 270 225 62 61 66 65 58 64 57 387 135 439 237 235 63 372 133 122 452 50 49 191 202 451 441 279 176 320 397 234 396 287 199 247 123 373 335 370 165 195 197 331 201 54 430 317 316 284 283 315 285 314 113 352 261 264 411 318 118 353 359 257 70 72 258 400 431 409 360 116 154 153 220 368 128 127 119 27 25 22 21 44 26 24 23 167 269 239 243 129 477 322 187 130 183 416 271 226 108 88 19 100 104 107 190 188 329 205 343 423 158 424 92 425 380 252 319 251 323 254 164 428 163 83 138 139 414 418 311 472 276 275 85 273 103 334 443 194 248 20 392 432 290 436 444 182 181 179 178 161 162 160 180 212 53 214 215 446 404 265 150 407 151 55 399 144 29 146 30 147 402 295 267 294 259 297 121 136 272 77 268 256 224 140 67 223 59 56 216 47 60 7 5 91 97 18 17 46 6 40 291 87 292 293 346 389 385 386 232 388 476 395 394 393 233 98 321 96 366 274 155 371 203 170 39 171 4 51 173 45 192 196 109 193 326 99 327 110 341 260 255 421 398 420 449 278 79 280 281 339 13 245 244 142 231 143 438 437 286 246 35 68 369 277 156 177 470 417 157 38 48 141 310 330 312 52 299 471 166 306 363 302 313 185 186 95 93 282 82 81 184 94 159 210 208 325 112 114 347 117 354 349 379 378 412 408 410 75 266 73 301 298 69 8 71 74 10 300 305 168 303 169 361 32 413 367 365 120 126 137 350 101 86 36 0 3 174 43 42 2 89 15 12 14 90 344 463 461 464 473 296 460 479 390 442 462 253 250 249 469 415 84 340 9 333 189 204 206 448 459 422 207 148 111 468 419 458 426 41 33 427 348 31 28 78 309 152 76 16 102 209 345 433 434 221 172 175 37 34 80 211 324 453 342 474 435 304 1 364 222 11 362 
200 440 454 457 337 106 336 338 308 455 307 383 356 376 375 456 382 377 381 263 50 49 191 198 429 202 452 451 441 279 176 320 439 238 237 397 450 235 234 217 465 229 230 228 236 403 466 475 396 145 149 401 108 88 19 100 104 105 107 190 328 188 329 289 332 288 391 205 343 423 158 424 92 187 425 183 380 477 322 241 242 132 130 252 319 251 478 355 262 357 467 384 374 125 134 124 240 131 227 409 264 431 323 254 257 70 72 258 261 400 411 203 170 39 171 4 51 173 45 192 196 109 197 199 201 193 326 99 327 335 370 165 195 331 247 287 110 341 260 255 421 398 420 449 278 79 280 281 339 13 96 98 321 476 395 394 393 233 387 135 65 63 64 245 244 142 115 445 351 358 213 405 218 406 447 219 270 225 62 61 66 58 57 372 133 122 123 373 259 297 265 150 407 402 231 143 399 144 29 146 30 147 151 404 295 267 294 340 168 299 166 300 87 12 89 90 301 9 15 86 101 216 333 189 204 206 334 163 83 138 103 448 311 472 276 275 85 273 139 443 194 248 164 428 459 422 207 148 111 470 469 417 415 468 419 458 212 94 159 184 426 41 2 33 42 95 185 186 479 444 390 442 462 253 461 250 249 460 167 269 239 243 129 24 23 26 365 137 74 69 54 430 317 316 284 283 315 285 314 113 352 318 118 353 359 360 116 154 153 220 368 128 127 119 27 25 22 21 44 416 271 226 414 418 303 169 408 410 75 266 367 126 71 298 256 140 8 10 73 379 378 412 305 413 432 433 290 172 434 175 435 6 40 46 174 0 1 3 7 47 60 350 354 117 453 342 324 325 208 211 141 310 330 286 246 35 68 48 178 177 371 157 156 155 38 436 312 392 438 437 222 76 52 369 366 364 277 274 210 180 160 80 282 81 93 14 17 97 181 162 182 43 179 473 348 385 345 344 427 388 291 292 293 346 389 386 232 224 67 31 20 161 53 214 215 446 55 121 136 272 77 268 223 59 56 5 91 18 296 463 84 152 102 304 28 32 34 78 474 464 471 363 362 306 302 11 16 36 349 347 112 114 209 313 309 82 120 361 37 221 
338 403 466 475 457 202 452 451 409 456 264 263 377 357 356 381 431 384 478 382 205 107 106 332 336 329 391 328 259 297 265 257 150 406 407 145 337 149 401 230 454 218 447 217 465 234 236 450 402 396 237 440 110 341 109 108 51 201 193 50 200 49 191 331 247 198 429 192 146 303 169 168 408 410 399 261 400 75 266 285 262 318 411 70 72 258 455 240 132 131 376 375 358 118 353 359 314 467 355 380 130 383 294 260 323 254 322 441 187 308 307 171 459 422 421 204 206 203 104 190 86 101 103 105 138 188 88 19 100 195 443 194 248 139 288 289 327 301 252 74 173 433 172 170 89 296 298 87 295 463 404 292 267 84 31 30 152 151 162 351 213 405 446 144 29 147 124 372 133 122 64 238 57 63 228 229 315 127 55 54 214 220 219 178 180 360 115 445 251 339 321 233 235 397 207 148 424 231 143 142 393 343 439 98 279 176 320 90 425 469 415 423 280 342 340 278 326 211 196 208 99 60 40 4 47 45 48 165 197 199 246 39 273 436 312 311 330 392 287 154 68 164 335 370 435 174 245 244 137 363 362 302 304 299 166 300 46 243 167 378 305 389 349 388 474 379 412 269 37 155 35 32 11 76 10 8 73 82 184 95 94 284 283 113 352 354 256 140 69 71 58 416 271 270 239 241 226 129 227 26 134 242 21 23 123 374 125 428 181 61 223 59 56 22 117 119 20 116 347 313 93 316 430 317 458 426 185 183 249 319 222 111 255 281 367 126 253 460 477 186 159 92 158 175 366 364 274 413 398 420 449 215 212 333 448 114 348 350 216 189 53 36 24 0 14 91 9 12 15 18 102 78 28 85 83 334 163 390 373 156 179 442 444 177 345 272 77 275 472 276 365 250 67 432 221 434 290 309 17 135 387 291 293 473 418 210 453 464 371 232 386 346 153 80 38 33 1 34 157 161 81 96 79 42 182 41 160 368 128 141 25 385 7 6 66 65 5 225 62 438 437 306 120 52 121 136 325 324 282 97 310 394 395 419 286 427 479 476 43 13 470 361 468 417 268 209 462 112 44 2 3 27 16 414 277 461 224 471 344 369 
456 382 377 381 338 403 466 475 396 457 237 440 452 230 454 451 234 236 450 202 409 264 263 357 356 431 384 478 323 254 322 441 187 132 130 308 455 307 383 332 336 240 131 376 375 329 391 328 380 205 107 106 259 297 265 257 150 406 407 145 337 149 401 218 447 217 465 402 424 231 143 142 393 233 343 439 397 98 321 64 238 63 235 279 176 320 200 331 201 247 198 429 124 372 133 122 57 228 229 192 193 191 251 339 110 341 109 108 51 50 49 146 303 169 168 408 410 399 261 400 75 266 285 262 318 411 70 72 258 358 118 353 359 314 467 355 294 260 326 281 147 367 126 144 71 253 255 69 252 460 477 249 319 186 159 92 185 183 26 134 241 242 129 423 158 425 195 443 194 248 103 105 139 138 288 289 58 416 271 270 239 226 227 21 23 123 374 125 327 301 101 206 188 190 458 426 171 459 422 421 204 203 104 86 88 19 100 74 173 433 172 170 89 296 298 87 295 463 404 292 267 84 31 30 152 151 162 351 213 405 446 29 315 127 55 54 214 220 219 178 180 360 115 445 207 148 449 448 419 223 222 59 111 256 140 245 102 286 141 395 244 427 388 348 479 476 394 310 43 179 160 41 80 282 13 79 96 97 46 7 6 66 65 387 135 232 398 420 278 280 273 436 312 311 330 197 392 246 287 48 165 199 154 68 164 335 370 116 25 275 366 274 272 155 386 371 153 373 385 56 5 61 225 62 435 174 47 45 208 99 364 413 340 90 469 415 342 211 196 60 40 4 39 137 363 362 302 304 299 166 300 243 167 378 305 389 349 474 379 412 269 37 35 32 11 76 10 8 73 82 184 95 94 284 283 113 352 354 428 181 22 117 119 20 347 313 93 316 430 317 468 325 277 368 120 365 128 52 16 163 334 209 250 462 437 291 473 461 444 390 442 344 177 14 161 2 33 42 182 44 17 15 12 3 27 0 24 470 417 212 156 345 78 28 85 83 77 472 276 121 136 67 361 268 414 418 293 464 91 18 53 189 333 175 215 114 350 216 36 9 432 221 434 290 309 210 453 346 38 1 34 157 81 438 306 324 369 224 112 471 
203 364 413 459 339 108 340 341 362 458 361 468 426 268 419 425 469 415 423 380 106 104 190 333 448 205 422 421 222 435 221 434 120 272 366 365 449 369 398 282 281 77 274 277 420 320 280 279 367 251 321 323 50 200 49 191 19 196 109 100 326 99 327 453 342 325 278 110 207 399 304 303 313 363 300 471 299 56 223 270 414 416 470 245 224 256 424 284 185 184 159 158 153 32 154 155 271 417 418 383 183 308 433 231 234 142 233 396 130 382 187 88 337 336 338 105 107 328 188 329 4 51 216 189 204 206 173 45 192 354 474 350 349 215 212 214 202 171 343 111 301 257 298 297 174 309 175 172 170 311 438 436 432 54 52 121 127 368 374 373 273 472 275 146 137 144 161 351 182 162 97 98 81 96 79 80 269 30 28 78 139 84 276 386 372 371 156 389 397 450 235 319 176 441 147 126 381 70 69 252 249 254 322 63 457 237 440 39 455 263 356 456 454 198 429 452 451 197 199 201 193 9 12 15 86 101 119 117 324 208 211 89 446 404 473 464 462 463 210 352 114 113 347 353 295 90 260 255 148 261 400 378 305 409 169 168 91 93 302 306 166 178 335 177 428 315 430 316 21 115 20 116 5 59 58 67 225 61 376 241 240 227 226 195 370 164 259 74 244 140 82 262 355 283 317 186 285 95 94 44 43 92 34 42 33 160 37 346 387 10 72 8 73 1 68 35 48 157 248 412 239 379 408 243 478 375 242 307 394 439 258 71 143 236 145 29 141 310 393 129 131 132 377 87 149 401 217 465 403 466 475 289 332 288 391 165 334 163 83 138 103 0 2 3 6 40 7 46 47 60 128 220 136 55 53 345 112 348 180 359 232 479 388 385 390 405 219 213 406 218 402 395 76 265 267 294 296 293 66 41 179 312 290 437 314 331 287 392 358 181 445 443 360 57 22 124 25 125 118 123 229 238 230 134 135 133 122 150 31 250 38 444 18 17 14 13 16 75 11 292 291 167 151 102 152 85 247 246 228 65 461 477 253 384 209 344 427 460 23 64 264 411 431 357 467 330 286 194 24 26 27 36 62 318 447 476 266 410 442 407 
425 469 415 423 341 320 280 279 367 459 366 364 422 274 413 421 398 420 449 205 383 183 380 184 426 308 158 424 433 231 223 222 363 416 470 362 458 361 468 342 340 271 417 268 419 327 278 326 299 110 109 108 397 450 235 234 319 96 176 251 339 321 323 81 79 282 281 441 303 147 126 144 127 368 207 120 365 436 432 275 272 472 369 435 221 434 203 215 204 212 333 448 155 386 372 371 276 277 77 329 206 190 256 170 202 171 51 50 107 106 104 252 478 375 455 242 307 381 130 382 394 439 95 185 92 187 142 233 396 162 34 42 33 94 159 284 440 343 173 172 254 258 71 70 143 59 111 140 245 61 56 225 224 316 302 313 430 471 164 154 270 414 226 399 304 300 349 352 114 113 211 196 210 208 325 453 84 412 239 269 240 379 418 157 370 156 153 32 192 451 193 101 99 100 168 166 338 295 90 301 86 88 19 201 200 49 191 244 328 401 465 337 429 228 236 454 457 65 63 238 237 461 250 249 477 322 181 182 97 98 13 69 285 73 16 82 17 10 80 180 41 160 161 351 260 255 297 89 169 151 402 102 148 145 29 146 253 55 128 52 137 118 123 22 21 54 121 220 443 360 179 178 312 290 311 309 438 392 288 83 289 139 273 374 373 122 257 298 174 175 463 405 219 446 136 216 213 53 214 348 350 189 346 112 347 354 474 37 35 464 267 293 292 385 133 232 387 389 124 152 85 78 30 28 475 391 138 188 47 45 294 87 39 452 400 305 40 60 4 103 332 105 336 74 411 431 467 384 263 356 456 227 376 131 377 135 24 23 129 132 241 442 345 344 330 395 310 141 393 476 306 315 93 317 186 44 43 2 353 358 48 3 1 38 26 318 314 283 262 355 409 46 296 72 266 259 8 76 286 117 119 62 67 5 218 229 57 58 115 20 116 125 359 331 444 335 177 428 445 248 287 199 198 163 68 165 195 261 378 91 388 25 460 209 462 324 291 404 473 75 11 31 410 167 408 243 230 64 247 246 18 15 12 466 14 36 0 9 194 197 149 407 403 217 447 66 6 134 390 334 427 479 437 406 357 7 265 150 27 264 
427 388 348 479 393 437 286 476 296 460 463 291 253 211 209 477 473 462 461 322 181 428 177 163 334 444 390 442 243 169 408 167 389 349 474 387 344 346 385 143 141 114 350 112 345 439 395 394 232 237 396 233 306 95 315 93 438 287 392 309 310 311 312 199 246 197 330 290 135 89 297 298 265 404 87 292 293 418 379 342 210 453 464 241 269 239 249 71 254 255 69 250 204 136 215 216 196 324 208 176 441 319 378 129 187 132 382 130 323 321 251 175 42 162 182 358 445 41 178 179 471 430 164 335 248 443 304 313 302 83 188 288 138 68 194 165 317 166 242 227 172 46 173 174 303 409 168 399 305 264 410 261 412 156 373 153 371 386 422 212 113 347 354 134 374 133 126 102 147 148 231 142 111 343 244 140 109 25 116 20 352 119 117 104 333 189 53 206 307 92 308 440 397 235 23 122 98 64 230 238 457 63 234 424 185 380 183 300 96 17 81 97 184 285 94 284 186 357 314 355 316 224 434 221 432 436 275 289 198 331 247 435 35 45 191 49 429 193 201 28 139 103 105 85 39 170 65 228 123 15 12 100 88 91 301 90 433 259 257 294 295 150 406 403 407 266 267 72 277 78 273 77 414 226 268 270 271 417 280 341 340 278 325 213 214 446 66 229 376 240 59 16 73 8 258 70 76 260 74 367 144 252 52 207 137 29 128 107 205 67 7 58 5 121 219 220 54 55 405 19 108 99 101 327 13 79 279 320 455 383 6 57 131 159 26 124 377 456 381 326 281 339 282 171 3 2 34 33 44 161 43 353 351 180 160 218 466 447 359 360 115 369 365 120 468 299 361 362 363 470 372 155 154 370 195 336 332 391 31 84 190 328 329 106 465 1 32 48 38 157 24 375 61 47 4 40 192 50 469 146 145 263 400 431 75 262 318 411 152 402 151 149 30 419 472 413 272 274 276 420 415 425 426 459 421 203 448 27 125 454 127 401 223 222 256 245 56 62 225 51 202 110 0 21 22 118 283 467 158 423 200 450 236 80 452 338 475 451 449 458 18 9 14 82 10 356 384 217 398 364 366 368 416 11 37 478 60 86 337 36 
442 385 345 344 394 312 330 310 293 461 464 473 250 324 462 249 291 209 460 319 179 443 444 194 390 177 334 427 239 305 412 378 386 347 346 232 479 474 388 244 395 117 112 350 348 233 141 393 387 235 397 439 302 186 316 317 436 331 311 290 476 392 437 201 197 246 286 309 133 90 295 87 267 292 298 404 296 271 269 325 453 210 463 129 379 243 477 74 252 69 255 253 189 55 214 53 208 211 196 321 251 322 167 241 183 242 383 307 320 176 441 172 43 160 41 360 178 182 445 181 363 313 195 248 335 428 166 430 306 103 107 332 105 165 163 68 93 304 132 240 175 40 171 39 300 400 399 168 169 411 261 410 408 155 372 371 153 389 448 333 354 349 113 23 122 135 137 31 146 29 245 343 140 142 143 111 99 22 118 119 353 20 114 206 212 204 216 104 130 185 380 234 396 237 134 374 96 65 228 63 450 238 440 425 92 308 187 303 98 14 80 13 159 283 284 94 95 467 355 314 315 223 433 432 221 438 273 139 247 287 198 170 48 51 202 193 452 49 199 85 289 83 138 28 174 435 64 230 124 86 91 110 301 12 88 89 434 258 294 257 297 151 405 401 149 72 265 266 274 84 275 276 416 270 417 226 418 268 281 326 278 340 342 446 215 213 6 57 131 227 67 11 75 76 259 260 8 70 71 365 207 254 128 144 126 148 52 188 190 59 60 61 62 127 218 54 220 136 406 101 327 109 19 108 97 282 339 323 381 382 66 229 376 184 24 123 375 478 455 341 280 279 79 173 36 44 37 161 2 33 42 352 180 351 162 219 465 217 115 358 359 366 367 368 469 362 470 299 471 361 373 156 370 154 164 391 288 336 102 78 205 338 106 329 466 38 157 35 1 32 26 377 58 4 47 46 50 192 468 147 402 431 409 263 73 318 262 264 30 145 150 407 152 415 272 420 472 277 77 413 419 424 158 449 203 421 422 0 21 236 121 403 224 256 222 231 225 5 56 45 191 100 27 125 25 116 285 357 426 458 451 457 454 81 429 328 337 200 459 423 9 18 17 10 82 384 356 447 364 398 369 120 414 16 34 456 7 15 475 3 
390 350 479 348 395 246 476 286 196 462 453 324 477 473 461 253 211 460 209 255 68 248 194 444 442 163 427 334 216 104 333 189 354 474 349 117 345 347 112 439 394 232 388 385 344 143 393 141 114 111 343 244 138 28 139 103 247 392 287 201 330 331 197 290 437 312 310 199 119 19 108 109 340 342 99 325 208 446 215 404 464 463 210 55 214 53 250 176 441 322 319 249 378 129 379 243 296 291 293 71 254 69 204 136 148 52 207 137 260 74 252 193 1 32 35 154 164 48 195 165 391 288 445 443 428 335 107 332 105 317 166 430 306 181 177 179 83 188 128 220 49 4 50 51 106 203 190 205 206 413 448 422 212 180 359 353 352 113 261 412 386 346 389 22 118 20 307 92 308 187 440 397 237 396 233 235 298 23 122 133 371 135 387 169 408 167 239 305 126 102 147 231 142 140 25 116 76 5 56 59 222 67 245 402 31 146 29 329 8 9 10 11 30 77 78 84 85 272 273 275 289 236 451 452 429 198 355 316 436 311 438 202 182 39 170 172 432 175 309 95 315 93 302 186 45 191 62 225 125 12 15 88 100 86 110 101 200 339 341 326 327 426 268 458 419 281 278 280 318 94 314 285 447 219 406 218 213 405 72 257 265 267 292 271 269 418 60 61 127 54 238 13 79 96 279 320 98 323 321 455 383 251 132 382 130 183 242 304 399 63 6 57 64 131 226 227 240 241 417 89 297 87 90 295 16 73 258 70 367 144 7 58 121 152 0 21 120 364 365 294 266 259 75 192 2 3 33 34 36 37 38 153 155 156 157 270 361 414 373 370 372 384 381 377 475 328 466 338 336 465 115 351 358 360 178 363 313 471 185 284 168 299 300 303 470 42 162 41 43 160 27 368 229 40 46 47 171 173 337 380 425 459 421 449 282 274 277 420 159 424 158 415 184 407 467 264 357 262 283 411 149 145 150 263 400 409 410 24 123 223 376 423 454 457 450 234 230 65 228 174 435 301 26 124 134 374 276 472 151 401 433 256 224 82 221 362 468 434 431 403 14 17 18 80 81 366 369 416 478 456 356 375 217 97 161 398 66 91 469 44 
389 349 388 474 408 418 243 379 342 463 211 210 296 460 291 404 453 473 464 265 156 373 153 135 387 371 232 386 215 422 204 212 114 348 350 113 346 112 347 169 167 427 479 344 385 261 378 412 354 264 409 410 277 78 273 77 414 227 226 268 269 270 271 242 129 241 239 417 352 280 341 340 109 196 278 208 325 136 216 253 209 462 324 213 53 214 292 89 297 298 87 293 393 437 286 476 477 461 249 72 257 267 333 446 150 406 403 407 259 266 294 419 34 48 157 195 370 32 154 155 369 472 123 374 122 372 413 272 274 65 235 228 63 23 133 134 276 420 405 219 415 184 425 426 459 205 421 203 448 107 206 104 189 25 116 20 119 117 143 141 334 345 390 351 115 353 172 46 173 174 303 168 304 399 305 166 322 181 428 177 163 444 442 439 395 394 310 233 149 30 145 263 400 411 180 359 75 285 357 262 456 318 431 146 152 402 151 449 73 81 16 82 102 103 28 85 84 332 139 289 275 471 468 361 470 416 61 229 376 240 131 458 24 183 383 307 375 130 132 6 57 64 238 66 158 423 283 467 360 96 79 320 279 282 339 281 469 110 108 327 326 51 201 202 193 101 99 19 67 7 58 5 121 220 52 54 55 128 71 254 255 69 250 197 330 246 284 355 217 218 302 17 15 12 100 88 91 301 90 433 170 295 309 435 175 39 290 237 396 306 95 315 93 438 287 392 311 312 199 176 441 319 321 251 10 8 70 258 337 401 94 314 447 31 162 358 466 338 475 252 74 260 76 424 42 33 3 1 161 38 37 194 165 68 35 331 452 247 248 164 335 224 434 221 365 398 120 364 366 368 118 22 21 125 124 454 230 236 40 60 397 450 234 440 429 2 0 26 44 27 160 465 316 185 92 159 380 308 367 171 50 106 190 329 86 105 138 188 47 192 45 49 4 137 225 111 56 59 62 140 126 147 148 231 142 343 244 182 445 356 436 191 363 362 299 300 313 317 430 187 382 323 41 178 179 443 83 288 29 144 455 478 384 11 377 457 451 381 245 207 97 13 80 18 9 336 391 198 256 222 223 432 127 14 36 328 186 98 200 43 
386 347 385 346 412 271 239 269 325 464 324 453 293 461 473 292 210 291 463 267 155 372 371 133 232 153 387 389 214 448 189 333 117 345 112 354 474 350 349 305 378 442 344 479 388 410 167 408 113 411 400 261 274 84 275 276 416 240 270 417 379 226 418 132 241 129 243 268 353 281 326 278 99 208 340 196 342 55 53 250 462 209 211 446 216 215 404 90 295 87 298 296 394 312 330 310 249 460 477 266 294 265 212 213 151 405 401 149 258 72 257 415 37 35 32 164 154 157 370 156 366 272 124 122 374 373 420 472 277 64 237 230 238 134 135 23 77 413 406 218 419 159 424 158 449 190 203 421 422 188 104 206 204 22 118 119 20 114 244 395 390 348 334 180 359 352 175 40 171 39 300 399 166 168 169 304 319 179 443 444 194 177 427 233 141 393 476 439 407 152 402 431 409 264 351 115 73 283 467 318 478 262 263 147 30 145 150 459 75 80 11 10 31 83 85 28 78 288 289 139 273 363 469 470 361 414 58 57 131 227 376 423 26 187 382 130 377 307 242 66 229 65 63 6 426 458 285 357 358 98 282 323 339 79 279 280 468 100 327 108 341 45 199 191 49 19 109 101 59 60 61 62 127 54 128 220 136 52 74 252 69 255 253 246 286 197 94 314 447 219 306 14 86 91 110 301 12 88 89 434 435 297 290 170 172 174 309 235 397 302 186 316 317 436 331 311 392 437 201 321 251 322 176 441 82 76 260 259 475 403 284 355 217 102 160 360 465 328 337 254 71 70 8 425 43 161 36 38 33 1 34 163 68 165 48 287 429 198 335 195 248 223 433 432 367 364 368 398 369 120 116 25 125 21 123 236 228 454 46 7 396 457 440 234 452 44 27 24 2 0 162 466 315 92 185 184 308 380 365 173 192 329 205 106 15 138 105 107 4 50 51 193 47 126 56 140 225 67 5 111 137 146 29 245 343 142 143 41 178 384 438 202 471 299 362 303 430 93 313 183 383 320 182 445 181 428 103 332 148 207 381 456 356 16 375 450 200 455 231 144 13 97 81 9 18 391 336 247 222 256 224 221 121 17 3 338 95 96 451 42 
375 467 478 384 429 228 450 236 219 465 405 217 328 401 337 391 447 475 466 288 227 242 376 383 455 131 381 377 360 116 352 115 283 411 318 355 356 262 357 191 200 400 431 263 456 247 451 452 314 287 199 198 123 373 135 374 65 235 63 229 454 238 230 397 234 440 457 57 316 121 136 220 215 446 54 213 218 160 180 151 149 407 406 445 351 358 336 190 188 329 106 338 258 295 267 294 402 403 145 139 138 332 359 178 164 428 163 335 83 289 105 61 414 418 226 243 129 270 241 240 24 23 183 307 130 132 125 134 124 320 252 319 251 380 382 308 122 21 443 179 58 224 67 225 25 114 20 119 118 349 113 354 353 159 186 284 94 285 73 72 261 264 410 430 317 315 100 326 99 327 45 49 192 193 202 50 147 300 305 399 412 168 409 260 266 259 257 70 248 154 68 246 201 331 313 93 275 438 437 392 286 311 197 35 370 165 195 22 273 369 277 472 156 389 153 371 372 388 387 232 133 40 60 66 6 64 96 176 439 237 233 62 425 245 244 343 394 142 396 339 321 323 441 279 56 5 436 312 302 365 120 137 52 368 128 127 7 204 216 53 55 342 463 211 210 212 214 333 80 281 98 282 43 41 161 182 162 33 78 102 152 30 150 404 265 292 432 290 444 181 173 449 448 203 189 104 421 206 205 15 19 107 301 101 110 108 88 254 71 171 434 175 435 90 293 87 298 297 464 207 148 146 144 29 272 77 28 103 390 194 221 309 177 155 471 306 427 348 334 31 84 85 276 59 468 361 419 268 470 417 416 408 379 269 271 296 460 291 167 239 378 14 86 91 36 0 44 27 26 2 95 184 185 92 187 477 322 249 341 280 74 250 69 255 461 458 426 424 423 158 363 442 172 256 222 223 140 111 3 109 196 350 117 112 422 474 346 347 278 208 325 453 340 37 13 82 97 81 79 10 34 48 157 16 8 76 75 299 166 476 89 324 46 47 4 51 174 170 39 231 143 126 362 304 303 169 386 385 32 1 395 330 310 274 393 253 209 141 11 38 398 364 366 420 413 479 344 473 9 18 17 12 42 459 415 345 433 367 462 469 
377 357 456 356 452 230 457 454 218 466 406 447 338 403 475 336 217 337 465 332 240 132 131 382 381 376 455 375 358 118 353 359 285 264 262 314 384 318 467 202 451 409 263 431 478 198 200 429 355 331 201 247 124 372 133 122 64 237 238 57 236 63 228 396 440 234 450 229 315 127 55 54 214 213 220 446 219 162 351 150 407 149 405 178 180 360 391 205 107 106 329 328 259 297 265 257 145 401 402 289 105 288 115 445 195 443 194 248 103 139 138 58 416 271 270 239 241 226 129 227 26 134 187 130 307 242 21 23 123 323 254 322 441 308 383 380 374 125 428 181 61 223 59 56 22 117 119 20 116 347 354 113 352 184 95 94 284 283 75 266 410 411 261 313 93 316 110 341 109 108 51 193 50 49 191 192 146 303 169 168 408 399 400 70 72 258 294 260 335 370 165 197 199 287 430 317 273 436 312 311 330 392 246 48 154 68 164 25 275 366 274 272 155 386 371 153 373 385 232 387 135 46 7 6 66 65 98 321 233 235 439 5 424 231 143 142 393 343 397 279 176 320 251 339 225 62 438 437 306 367 368 126 128 120 52 121 60 189 53 216 136 325 464 324 453 333 215 212 81 280 96 79 42 182 33 41 160 161 84 31 30 152 151 292 267 404 221 309 177 179 171 459 422 421 204 206 203 104 190 86 101 188 88 19 100 327 301 252 74 173 433 172 170 89 296 298 87 295 463 144 29 147 207 148 472 276 85 83 334 163 432 290 444 156 363 302 442 345 390 102 78 28 77 67 469 470 415 417 361 268 414 412 269 379 418 293 461 473 378 243 167 17 15 12 3 27 2 0 24 44 186 159 92 185 183 249 319 477 326 281 71 253 255 69 460 423 158 425 458 426 471 427 175 222 256 224 111 140 36 99 208 112 114 350 448 346 474 349 340 196 342 210 278 34 97 10 13 80 282 82 37 35 32 11 76 8 73 362 304 310 90 211 40 4 47 45 39 435 174 245 244 137 299 166 300 305 389 388 157 38 141 286 476 277 394 250 462 395 16 1 364 398 369 413 420 344 479 291 18 9 14 91 43 449 419 348 434 365 209 468 
219 465 405 217 360 116 352 115 375 467 478 384 283 411 318 355 356 262 357 316 121 136 220 215 446 54 213 218 429 228 450 236 328 401 337 391 447 475 466 160 180 151 149 407 406 445 351 358 336 443 179 178 58 224 67 225 25 114 20 125 359 119 118 349 113 354 353 21 288 227 242 376 383 455 131 381 377 191 200 400 431 263 456 247 451 452 314 159 186 284 94 285 267 73 258 72 261 264 410 430 317 315 454 198 436 331 312 311 302 313 93 124 369 365 120 137 52 368 128 127 7 5 204 216 53 55 229 62 61 342 463 211 210 212 214 333 56 57 287 199 123 373 135 374 65 235 63 238 230 397 234 440 457 190 188 329 106 338 295 294 402 403 145 139 138 332 80 281 98 282 43 41 161 182 162 33 412 78 102 152 147 30 150 404 257 265 266 292 392 432 290 444 181 428 289 105 363 195 194 248 442 335 177 172 221 309 438 64 471 414 468 361 434 245 256 222 223 244 140 111 59 3 26 27 0 22 109 196 350 117 112 134 422 389 388 474 348 346 347 278 208 325 453 340 122 23 164 163 83 418 226 243 129 270 241 240 24 183 307 130 132 320 252 319 251 380 382 308 100 326 99 327 45 49 192 193 202 50 300 305 399 168 409 260 259 70 154 68 246 201 37 419 424 158 187 92 426 185 184 14 13 95 82 97 81 79 10 464 293 34 156 48 157 16 71 8 76 75 254 379 378 408 269 167 470 299 166 306 476 437 370 165 197 433 273 103 330 394 310 169 303 304 362 133 277 472 449 398 272 364 366 146 207 144 367 74 250 69 29 126 148 15 17 18 46 6 47 66 60 4 107 205 206 104 189 462 324 209 280 341 296 460 291 473 253 420 421 448 413 203 275 286 35 153 371 372 387 232 40 96 176 439 237 233 425 343 142 396 339 321 323 441 279 173 19 301 101 110 108 88 171 175 435 90 87 298 297 77 28 390 11 322 36 44 2 42 38 32 1 386 385 239 276 85 84 31 231 143 170 39 479 427 334 469 345 461 249 344 89 174 268 417 416 458 423 395 141 255 12 91 86 9 51 415 459 393 155 271 477 274 
365 449 369 398 434 245 224 256 424 468 419 458 471 414 361 299 423 470 469 300 146 137 207 121 120 144 368 367 326 323 281 339 448 277 420 203 364 413 459 438 221 273 472 272 366 170 432 433 421 171 175 435 252 259 74 260 244 67 140 343 222 111 231 58 225 56 223 142 190 382 187 308 159 158 380 426 425 325 278 418 268 417 415 108 340 341 362 315 306 430 313 363 373 195 156 370 226 416 270 168 166 303 279 327 295 110 90 301 305 399 304 397 403 150 145 31 29 402 148 147 250 69 136 52 128 126 441 255 254 116 124 25 125 220 127 54 70 251 100 99 396 457 237 440 322 98 321 176 320 80 282 79 280 214 189 333 212 422 389 153 77 274 276 106 104 205 428 358 181 445 437 309 392 290 436 311 227 332 103 139 78 289 275 122 371 372 154 374 88 294 87 39 172 173 329 206 400 202 51 50 40 192 174 293 257 298 297 319 409 456 264 263 265 75 266 72 258 11 76 8 71 330 394 395 141 143 114 20 5 59 62 439 219 230 64 57 7 229 61 359 119 118 21 115 234 233 191 45 188 377 381 132 130 455 307 383 393 186 92 185 183 160 37 43 161 284 184 94 347 353 117 354 324 208 453 196 342 210 408 243 379 269 271 32 155 157 200 49 19 109 287 357 285 314 95 93 355 317 316 427 177 302 248 444 443 178 335 123 135 331 452 201 247 194 48 165 68 164 34 131 129 240 376 241 431 410 167 169 12 89 451 193 101 267 338 107 86 14 91 239 412 378 261 235 466 475 406 407 337 149 401 84 30 152 151 35 36 38 85 102 28 345 442 390 461 249 462 477 253 209 204 215 216 53 55 0 22 27 360 352 133 26 134 23 3 447 446 218 217 213 328 15 199 454 236 450 238 63 460 179 41 13 96 97 283 10 82 81 351 182 162 33 180 464 112 474 350 349 113 346 463 296 404 388 387 232 386 336 105 4 163 42 286 476 310 312 246 198 197 228 65 242 391 138 288 83 73 16 292 291 6 46 47 411 60 24 44 66 385 473 356 384 478 262 318 9 18 1 344 479 348 334 211 467 405 17 429 375 2 465 
367 459 366 364 433 231 223 222 425 469 415 423 363 416 470 362 458 361 468 303 147 126 144 127 368 207 120 365 341 320 280 279 422 274 413 421 398 420 449 436 432 275 272 472 369 435 221 434 203 173 172 170 254 258 71 70 143 59 111 142 256 140 245 61 56 225 224 343 205 383 183 380 184 426 308 158 424 342 340 271 417 268 419 327 278 326 299 316 302 313 430 471 372 164 155 154 270 414 226 399 304 300 339 108 297 100 89 88 169 168 166 396 401 151 402 102 148 145 29 146 253 255 55 128 52 137 251 69 252 118 123 22 21 54 121 220 260 441 110 109 397 450 235 234 319 96 176 321 323 81 79 282 281 215 204 212 333 448 386 371 276 277 77 329 206 190 443 360 179 178 312 290 311 309 438 392 240 288 83 289 84 139 273 374 153 373 370 122 301 257 298 174 175 171 106 104 409 191 45 192 46 50 39 296 294 87 295 322 400 478 411 431 267 73 72 266 259 16 8 76 74 286 393 141 395 244 117 119 62 67 5 233 218 228 65 229 60 57 58 115 20 116 125 359 440 439 202 51 107 375 455 242 307 381 130 382 394 95 185 92 187 162 34 42 33 94 159 284 349 352 114 113 211 196 210 208 325 453 412 239 269 379 418 157 156 32 451 193 101 99 331 467 283 355 186 317 314 93 315 442 444 306 335 177 428 445 248 124 133 287 429 199 198 163 35 68 165 195 37 376 241 227 131 129 263 261 378 305 91 90 200 49 19 265 328 188 15 17 12 243 408 167 410 237 465 337 405 149 475 407 403 78 152 30 150 48 3 1 28 31 85 348 427 334 460 477 209 249 250 462 189 214 53 216 136 27 25 0 358 353 135 24 23 134 36 217 213 219 447 446 338 86 201 236 454 457 63 238 461 181 182 97 98 13 285 82 10 80 180 41 160 161 351 463 350 346 112 347 354 474 464 293 292 385 232 387 389 391 138 47 194 43 330 310 476 437 197 247 246 230 64 132 336 105 332 103 75 11 404 473 66 40 4 264 7 26 2 6 388 291 384 356 456 318 262 18 9 38 479 344 345 390 324 357 406 14 452 377 44 466 
368 472 398 369 432 225 256 224 226 470 417 416 299 423 469 471 414 468 361 430 220 128 127 144 367 121 365 120 370 122 371 372 276 420 277 275 366 274 272 170 433 421 449 459 364 438 434 221 273 392 290 436 125 359 119 118 62 140 67 61 223 59 56 142 245 231 222 58 289 131 129 227 379 418 240 271 270 157 156 158 415 419 268 164 155 154 363 168 166 300 303 362 279 327 278 326 424 458 425 315 306 313 373 195 445 248 444 443 317 316 302 229 447 446 219 216 136 218 55 54 27 25 29 126 137 52 123 22 21 70 251 69 252 146 207 147 116 124 335 165 57 236 63 228 23 232 133 135 374 474 386 389 153 152 85 84 78 77 79 280 422 413 448 288 83 139 88 294 87 295 39 172 171 175 435 173 308 329 206 205 212 190 203 323 281 339 341 320 428 358 181 437 309 311 332 103 355 247 246 287 476 331 312 182 360 179 178 134 314 384 318 467 180 354 353 352 115 350 117 114 20 47 66 60 7 5 8 71 143 111 244 65 145 234 233 396 141 397 343 259 74 260 254 258 230 64 198 197 105 381 377 130 132 375 242 376 6 378 243 239 241 404 453 473 464 412 269 408 82 266 76 75 38 48 37 35 32 34 94 92 159 184 426 342 340 325 429 199 163 68 50 431 410 409 167 169 400 305 399 12 89 304 110 90 301 297 100 441 176 192 451 193 202 101 208 99 109 108 210 382 187 380 383 183 357 285 95 93 427 177 452 201 194 351 391 138 390 479 442 185 284 186 283 238 475 466 407 406 465 405 217 333 215 214 213 196 462 324 189 53 204 18 91 86 44 26 36 24 0 3 28 30 31 102 148 253 255 250 257 72 321 249 319 322 209 403 150 402 401 151 336 334 49 450 457 454 235 237 2 298 296 388 387 385 261 349 347 346 267 293 292 463 265 161 16 80 11 10 73 81 33 41 160 13 96 98 282 328 188 286 19 291 4 40 46 174 51 191 45 440 439 307 338 107 106 104 113 112 162 42 393 310 330 262 395 477 461 394 97 43 478 456 356 411 264 348 345 211 17 14 9 15 1 263 149 344 200 455 460 337 
224 438 434 221 369 121 365 120 315 471 306 430 468 300 299 361 313 362 363 414 58 67 225 245 256 56 222 223 428 358 181 445 437 175 309 392 432 290 436 449 398 171 435 170 433 272 364 366 311 273 277 472 116 124 25 125 136 137 52 220 368 128 127 146 207 144 367 54 287 357 285 314 95 93 355 317 316 427 177 305 166 304 302 248 444 443 470 424 419 458 423 469 295 110 90 301 399 303 168 270 268 416 178 335 373 195 156 370 418 226 417 219 230 64 57 7 5 229 62 61 114 20 244 140 111 59 359 119 118 252 259 74 260 343 231 142 21 115 164 163 218 466 406 447 353 162 351 180 360 42 182 41 179 393 286 476 310 312 293 87 39 172 174 247 246 331 326 323 281 339 448 420 203 413 459 421 400 202 51 50 40 192 173 257 298 297 88 294 154 374 153 77 274 275 198 197 227 332 103 139 78 289 276 389 122 371 372 352 240 377 132 131 133 26 134 23 123 3 27 0 22 204 215 216 53 55 250 69 29 126 148 446 397 403 150 145 31 402 147 441 255 254 70 251 217 213 288 83 199 456 356 264 262 384 318 467 214 184 94 284 283 96 17 81 97 185 186 92 460 322 253 477 348 334 479 390 442 344 239 412 378 167 169 12 89 91 391 138 68 194 190 382 187 308 159 158 380 426 425 325 278 415 108 340 341 279 327 258 267 205 338 107 106 109 86 101 19 100 14 263 261 409 431 410 376 241 269 271 32 155 336 105 165 135 452 201 48 34 157 408 243 379 129 405 457 454 237 238 236 63 228 46 6 66 65 15 16 18 47 60 4 211 342 196 349 113 350 354 117 112 330 394 395 141 143 8 71 76 320 319 265 75 266 72 11 440 439 396 234 233 429 35 188 475 337 465 407 149 347 280 79 33 160 161 183 2 44 43 321 282 98 13 176 388 209 473 462 461 249 291 385 386 232 464 292 404 296 451 193 28 99 80 189 333 212 422 104 329 206 401 151 411 200 49 191 45 24 36 387 346 30 84 85 242 102 73 82 152 463 474 381 455 375 130 307 1 38 9 210 453 324 208 345 383 235 37 328 478 10 450 
226 470 417 416 370 122 371 372 368 472 398 369 276 420 277 275 366 274 272 289 131 129 227 379 418 240 271 270 432 225 256 224 299 423 469 471 414 468 361 157 156 158 415 419 268 164 155 154 363 335 165 195 57 236 63 228 23 232 133 123 373 135 374 474 386 389 153 124 430 220 128 127 144 367 121 365 120 170 433 421 449 459 364 438 434 221 273 152 85 84 78 77 278 79 279 280 422 413 448 288 83 139 223 436 198 311 197 331 105 332 103 21 384 381 377 130 132 375 242 376 6 64 378 243 239 241 61 65 229 404 453 473 464 412 269 408 230 58 392 290 125 359 119 118 62 140 67 59 56 142 245 231 222 168 166 300 303 362 327 326 424 458 425 315 306 313 82 266 76 75 38 48 37 35 32 34 212 94 92 159 308 184 426 342 341 340 281 325 287 429 199 163 68 248 316 302 336 178 177 428 334 443 194 49 452 201 247 5 391 447 475 466 451 234 450 457 454 233 235 237 238 2 0 24 26 134 298 296 388 387 385 22 261 354 350 349 479 347 346 267 293 292 463 265 116 25 445 444 317 446 219 216 136 218 55 54 27 29 126 137 52 70 251 69 252 146 207 147 88 294 87 295 39 172 171 175 435 173 329 206 205 190 203 323 339 320 358 181 437 309 161 407 402 151 148 102 150 31 30 18 16 28 80 11 10 73 81 210 208 33 180 41 160 13 176 96 98 282 441 215 204 333 214 189 465 328 188 138 286 246 360 179 312 200 314 93 310 141 330 104 106 107 338 20 318 467 431 478 357 456 356 380 382 383 455 321 249 319 183 307 187 12 9 14 4 7 40 60 66 46 304 399 305 169 167 460 291 461 72 257 196 462 324 211 477 411 400 410 264 409 355 476 182 353 352 115 117 114 47 8 71 143 111 244 145 396 397 343 259 74 260 254 258 50 89 110 90 301 297 100 192 193 202 101 99 109 108 285 95 427 97 255 44 36 3 1 43 162 42 113 112 53 283 186 284 185 440 439 191 45 348 390 442 337 344 209 250 345 19 51 406 405 217 403 401 393 394 322 15 86 91 17 174 149 263 395 351 213 253 262 
232 479 474 388 378 129 379 243 477 473 462 461 404 453 464 296 460 463 291 298 23 122 133 371 386 135 389 387 476 439 395 394 390 350 348 442 385 345 344 261 412 354 349 347 346 169 408 167 427 304 399 305 63 6 57 64 131 226 227 132 239 240 241 417 418 271 269 242 444 176 441 322 255 253 319 250 249 246 286 196 324 211 209 312 330 310 293 72 257 265 267 292 333 446 216 215 342 210 325 89 297 87 393 437 174 309 435 175 301 90 295 130 2 0 24 21 123 26 124 134 236 228 370 372 373 374 237 230 238 276 420 472 277 156 153 155 65 235 290 392 307 92 308 187 440 343 397 396 233 111 244 143 141 68 248 194 163 334 104 189 117 112 114 179 443 177 149 30 145 150 263 400 264 409 410 411 340 180 359 353 119 352 113 422 204 212 214 448 172 46 173 303 168 166 181 428 91 93 313 302 362 306 300 192 40 171 39 234 12 13 9 14 4 5 7 60 66 56 58 61 229 384 381 377 375 376 289 275 416 270 414 382 157 158 423 415 470 419 268 78 273 77 274 84 183 383 317 430 445 79 96 279 320 98 323 321 455 260 254 252 251 148 52 207 137 74 69 71 138 28 139 103 247 287 201 331 197 199 19 108 109 99 208 55 53 136 186 316 436 311 262 10 8 73 70 258 75 259 266 337 401 294 406 403 407 151 405 413 203 318 94 314 285 447 220 219 218 213 128 280 341 278 281 326 17 15 100 88 433 170 95 315 438 47 41 178 221 222 434 327 101 110 86 380 33 42 1 3 43 36 44 20 22 25 27 54 120 121 116 125 118 391 475 466 451 450 452 457 454 429 335 165 195 164 154 366 272 369 152 85 421 398 449 459 368 34 48 32 37 35 182 432 355 159 184 185 424 425 200 402 147 231 142 245 76 59 67 140 31 146 29 126 102 193 288 107 332 105 83 188 49 50 51 106 190 205 206 160 360 363 217 144 356 456 478 431 357 283 467 426 458 339 162 358 351 115 62 225 45 191 469 299 471 18 361 364 365 468 329 202 80 81 97 11 16 223 224 127 328 338 336 465 198 82 38 256 284 282 367 161 
404 453 473 464 379 261 378 412 354 474 350 349 232 479 388 386 347 385 346 371 72 257 265 298 296 267 293 292 333 446 216 215 196 462 324 342 463 211 210 129 243 477 461 460 291 271 239 269 325 417 226 418 149 30 145 150 263 399 400 264 408 409 410 304 305 169 167 411 340 180 359 353 119 117 352 114 113 104 189 390 348 345 112 422 204 212 389 23 122 133 135 387 476 439 395 394 442 344 427 155 372 153 214 448 276 420 472 277 370 156 373 262 10 8 73 70 258 75 259 266 337 401 301 297 295 294 406 403 407 174 309 435 175 90 87 89 151 405 413 203 318 94 314 285 447 220 219 218 213 128 136 55 53 19 108 109 99 208 246 286 253 209 250 280 341 278 63 6 57 64 131 227 132 240 241 242 444 176 441 322 255 319 249 312 330 310 393 437 274 84 275 416 270 268 281 326 157 158 423 415 470 419 414 289 78 273 77 217 32 33 1 34 28 29 31 102 152 144 146 147 402 455 356 456 478 431 192 173 303 168 300 357 91 93 313 302 362 306 166 40 171 39 172 46 283 467 426 458 339 41 160 178 360 162 358 351 384 125 118 116 115 62 140 225 67 25 20 22 49 4 50 51 106 190 107 205 206 188 68 248 194 163 334 143 141 244 184 425 459 421 130 2 0 24 21 123 26 124 134 236 228 374 237 230 238 65 235 290 392 307 92 308 187 440 343 397 396 233 111 179 443 177 181 428 37 35 164 154 366 272 159 424 449 85 79 279 398 368 369 335 165 195 48 355 13 80 9 11 81 16 82 69 71 74 76 142 256 245 252 260 254 200 454 457 336 465 338 466 475 328 327 101 110 100 88 433 170 434 66 47 311 221 438 436 222 14 86 12 17 15 282 364 380 95 186 284 315 316 391 229 61 127 54 121 27 126 137 52 7 58 5 59 60 105 191 201 202 193 45 199 138 139 103 247 287 331 197 96 320 469 234 56 381 377 375 376 382 183 383 317 430 445 98 323 321 251 148 207 83 288 363 361 468 38 299 432 224 471 198 332 42 43 161 3 36 367 365 231 429 452 451 450 329 44 18 120 185 182 223 97 
381 431 384 478 451 234 236 450 402 475 407 403 391 447 466 328 401 465 337 329 380 130 382 131 377 383 375 455 294 260 266 259 410 318 411 409 456 264 263 247 452 314 467 357 356 191 429 200 400 192 193 202 251 339 321 323 233 63 235 396 457 237 440 57 228 230 454 397 168 207 148 147 152 151 146 150 145 292 267 446 406 405 149 297 265 257 338 139 138 288 332 336 359 178 180 360 219 217 218 190 188 106 258 295 327 301 101 110 206 205 107 142 458 426 425 185 183 424 187 308 249 319 129 132 242 307 254 322 441 122 21 23 123 227 376 240 320 252 88 87 343 222 111 231 255 76 74 71 70 82 75 73 72 269 167 408 412 261 354 353 285 262 283 303 169 399 248 154 68 164 246 201 287 199 198 331 220 313 93 315 94 316 355 116 352 115 358 118 100 326 99 45 49 50 300 305 421 435 174 173 47 171 51 208 341 109 108 69 203 364 413 459 340 282 281 280 279 97 98 96 176 310 141 393 394 439 232 133 64 238 65 143 226 56 5 58 6 61 229 373 135 374 124 372 245 244 170 39 166 120 365 52 137 367 126 144 395 85 102 31 29 157 161 38 37 84 30 78 346 153 387 389 291 293 463 296 404 464 333 216 215 214 213 162 351 160 433 172 89 298 392 272 77 273 28 103 275 83 289 390 194 105 428 163 335 195 443 125 119 311 221 309 438 177 41 179 181 445 33 121 136 54 127 55 449 448 189 104 15 19 434 175 90 278 362 304 91 18 86 53 212 204 422 140 361 468 268 419 469 415 423 284 184 159 158 182 44 43 186 92 95 344 334 427 209 250 460 253 477 461 378 379 243 239 241 26 134 24 370 371 20 0 22 25 2 414 418 270 416 271 299 12 290 223 224 256 59 67 462 165 48 16 8 11 276 81 80 10 155 35 32 34 156 210 385 349 388 474 386 347 453 196 342 350 117 114 113 363 302 46 444 1 476 286 330 197 437 436 312 225 62 128 471 306 430 317 79 13 325 324 7 4 40 420 66 27 36 60 112 211 366 369 398 274 277 17 14 42 345 348 479 442 473 472 417 9 432 368 3 470 
479 444 390 442 477 473 462 461 290 476 392 437 395 246 286 394 312 330 310 439 232 474 388 350 348 385 345 344 317 166 430 306 445 248 443 181 427 428 177 255 253 68 194 163 334 319 250 249 179 176 441 322 378 129 379 243 404 453 464 296 460 463 291 196 324 211 209 293 182 39 170 172 432 436 175 438 309 355 316 247 287 331 311 95 315 93 393 111 343 244 143 141 138 28 139 103 201 197 199 235 397 233 302 186 307 92 308 187 440 237 396 298 23 122 133 371 386 135 389 387 261 412 354 349 347 346 169 408 167 216 104 333 189 117 112 114 239 305 185 284 87 12 88 89 168 299 300 303 304 470 471 363 313 115 351 358 360 178 391 288 164 335 195 42 162 41 148 52 207 137 260 254 74 252 69 71 193 1 32 35 154 48 165 107 332 105 83 188 183 242 383 320 251 321 43 160 238 13 79 96 279 98 323 455 132 382 130 399 63 6 57 64 131 226 227 240 241 417 418 271 269 72 257 265 267 292 446 215 342 210 325 297 119 19 108 109 340 99 208 55 214 53 204 136 90 295 97 282 161 4 40 50 171 46 173 174 294 256 433 434 435 368 472 398 369 224 221 223 217 54 213 218 262 283 357 285 314 467 236 451 452 429 198 275 289 273 17 81 184 94 76 5 56 59 222 231 67 245 140 402 147 142 31 146 29 126 102 206 329 8 9 10 11 30 77 78 84 85 272 51 202 49 45 191 65 228 450 234 425 380 14 80 159 376 2 33 158 423 424 200 454 457 230 301 0 24 21 123 26 124 134 370 372 373 374 276 420 277 156 153 155 149 145 150 263 400 264 409 410 411 180 359 353 352 113 422 212 448 128 220 106 203 190 205 413 22 118 20 25 116 44 426 82 15 86 91 100 110 431 144 367 469 362 468 225 416 414 361 121 365 120 366 127 356 405 466 406 447 219 465 384 381 377 475 328 338 336 3 34 280 152 364 266 259 258 70 75 16 73 101 327 192 36 37 38 157 270 268 375 478 341 339 281 229 278 421 449 326 337 456 7 60 66 58 61 415 419 274 401 403 407 151 318 62 125 458 18 47 459 27 
476 439 395 394 479 444 390 442 176 477 441 322 462 255 253 461 319 250 249 473 290 392 437 246 286 312 330 310 307 92 308 187 440 343 397 237 393 396 233 350 348 111 244 143 141 385 345 344 235 232 474 388 317 166 430 306 445 248 443 181 427 428 177 68 194 163 334 179 238 13 79 96 279 320 98 323 321 455 383 260 254 252 251 132 382 130 460 196 453 324 211 209 148 52 207 137 74 69 71 293 464 291 183 242 378 129 379 243 404 296 463 182 39 170 172 432 436 175 438 309 355 316 247 287 331 311 95 315 93 138 28 139 103 201 197 199 302 186 241 376 41 2 33 42 94 158 159 184 185 423 424 425 380 200 454 457 450 234 402 147 231 142 245 64 230 63 216 104 333 189 354 349 117 347 112 114 76 5 56 59 222 67 140 31 146 29 126 102 239 305 412 386 346 387 65 228 298 23 122 133 371 135 389 261 169 408 167 284 87 12 88 89 168 299 300 303 304 470 471 363 313 115 351 358 360 178 391 288 164 335 195 162 193 1 32 35 154 48 165 107 332 105 83 188 43 160 134 374 229 9 14 10 80 17 81 97 180 278 280 281 282 421 398 420 449 326 339 341 337 106 336 338 356 375 456 377 381 478 294 266 259 258 70 367 144 365 26 124 240 131 119 19 108 109 340 342 99 325 208 446 215 210 55 214 53 204 136 85 152 20 0 21 22 54 120 121 127 128 364 11 75 8 16 73 90 295 267 292 271 269 24 123 227 399 6 57 226 417 418 72 257 265 297 161 4 40 50 171 46 173 174 256 433 434 435 368 472 369 224 221 223 217 213 218 262 283 357 285 314 467 236 451 452 429 198 275 289 273 206 329 30 77 78 84 272 51 202 49 45 191 66 270 125 3 36 44 34 37 318 212 422 415 426 419 327 469 468 458 190 448 203 459 205 263 465 403 466 475 328 401 431 410 409 407 151 150 145 7 58 372 220 413 359 353 352 113 118 25 116 38 157 82 60 61 62 225 362 361 400 411 155 153 373 301 370 276 277 156 149 264 15 86 91 100 110 416 414 366 405 406 447 219 384 101 192 268 27 18 274 47 
328 401 465 337 450 191 429 200 400 478 411 431 375 467 384 455 263 356 456 383 190 188 329 288 391 106 336 338 258 295 267 294 151 405 149 402 475 407 403 228 236 219 217 447 466 440 454 457 145 397 235 234 100 326 99 327 45 199 49 192 451 193 202 287 198 247 452 50 147 300 305 399 412 261 168 410 409 73 72 283 318 262 264 260 266 259 381 227 242 376 131 377 360 116 352 115 355 357 314 308 307 382 257 70 320 252 319 251 183 380 130 173 449 448 203 189 104 421 206 205 15 19 83 138 105 107 301 101 110 164 428 163 335 289 332 139 108 88 254 71 171 434 175 435 90 293 87 298 297 464 292 404 265 78 102 152 30 150 160 180 446 406 213 207 148 146 123 373 135 374 65 63 229 238 230 57 316 121 136 220 215 54 218 445 351 358 359 178 441 279 176 439 237 396 144 29 425 245 244 343 394 142 233 96 339 321 323 89 424 468 419 458 281 325 278 340 341 324 208 196 109 7 46 47 4 51 35 68 246 201 197 174 275 438 437 392 286 311 331 370 165 195 248 154 170 39 231 143 126 471 299 306 166 362 304 303 40 239 378 167 169 386 347 385 346 269 408 379 34 156 48 157 16 8 82 76 75 10 159 186 284 94 285 354 353 113 222 111 255 74 61 414 418 226 243 129 270 241 240 24 23 132 125 134 124 122 21 443 179 58 224 67 225 25 114 20 119 118 349 430 317 315 313 93 423 158 92 187 477 322 256 140 69 280 365 137 250 461 249 95 184 185 426 172 369 398 277 420 364 413 459 214 333 212 422 117 345 112 53 204 216 3 26 27 17 12 18 91 86 9 31 84 85 28 103 390 194 334 372 155 181 427 177 444 348 472 276 273 272 77 367 253 59 221 432 433 309 290 14 133 232 473 296 291 271 453 210 463 153 387 389 474 371 81 1 161 38 37 32 33 80 98 282 43 41 182 162 120 52 395 22 388 60 66 6 64 62 56 5 436 312 302 368 128 127 55 342 211 79 13 476 393 141 415 330 442 344 310 42 97 361 470 469 268 417 462 209 350 2 44 36 0 11 416 274 460 223 363 479 366 
477 473 462 461 476 439 395 394 232 479 474 388 390 350 348 442 385 345 344 444 176 441 322 255 253 319 250 249 378 129 379 243 404 453 464 296 460 463 291 246 286 196 324 211 209 312 330 310 293 290 392 437 307 92 308 187 440 343 397 237 393 396 233 111 244 143 141 235 298 23 122 133 371 386 135 389 387 261 412 354 349 347 346 169 408 167 427 68 248 194 163 334 216 104 333 189 117 112 114 179 443 177 239 305 317 166 430 306 445 181 428 238 13 79 96 279 320 98 323 321 455 383 260 254 252 251 132 382 130 148 52 207 137 74 69 71 183 242 304 399 63 6 57 64 131 226 227 240 241 417 418 271 269 72 257 265 267 292 446 215 342 210 325 89 297 87 138 28 139 103 247 287 201 331 197 199 119 19 108 109 340 99 208 55 214 53 204 136 302 186 316 436 311 309 90 295 182 39 170 172 432 175 438 355 95 315 93 376 41 2 33 42 94 158 159 184 185 423 424 425 380 200 454 457 450 234 402 147 231 142 245 230 76 5 56 59 222 67 140 31 146 29 126 102 65 228 174 435 301 0 24 21 123 26 124 134 236 370 372 373 374 276 420 472 277 156 153 155 149 30 145 150 263 400 264 409 410 411 180 359 353 352 113 422 212 448 46 173 303 168 193 1 32 35 154 164 48 195 165 391 288 335 107 332 105 83 188 128 220 49 4 50 51 106 203 190 205 206 413 22 118 20 25 116 43 160 360 178 363 313 40 171 300 284 12 88 299 470 471 115 351 358 162 229 9 14 10 80 17 81 97 278 280 281 282 421 398 449 326 339 341 337 336 338 356 375 456 377 381 478 294 266 259 258 70 367 144 365 85 152 54 120 121 127 364 11 75 8 16 73 91 362 192 7 60 66 58 61 384 289 275 416 270 414 157 415 419 268 78 273 77 274 84 262 401 406 403 407 151 405 318 314 285 447 219 218 213 15 100 433 329 272 451 452 429 198 202 45 191 62 225 125 86 110 101 327 426 458 283 467 223 221 434 161 256 368 369 224 217 357 3 36 44 34 37 469 468 459 465 466 475 328 431 38 82 361 47 27 366 18 
