480
-1.0 -1.1102230246251565e-16 -0.0 -1.414213562373095 -1.0000000000000004 -1.0 -0.0 -1.414213562373095 -1.0 -4.0 -1.0 -1.414213562373095 -0.0 -1.0 -1.414213562373095 -1.414213562373095 -0.0 -0.9999999999999998 -0.9999999999999998 1.0 1.1102230246251565e-16 1.0 0.7071067811865477 3.3306690738754696e-16 -0.9999999999999999 -1.0 1.0 5.551115123125783e-17 1.0 1.1102230246251565e-16 0.7071067811865475 5.551115123125783e-17 -0.0 1.0 0.7071067811865477 1.0 0.7071067811865475 -0.0 2.220446049250313e-16 3.3306690738754696e-16 1.4142135623730947 -2.220446049250313e-16 0.9999999999999996 -2.220446049250313e-16 -0.9999999999999998 -1.4142135623730954 0.9999999999999996 -0.9999999999999999 -1.3877787807814457e-16 -0.0 -1.1102230246251565e-16 0.9999999999999996 -8.326672684688674e-17 -0.0 1.4142135623730947 -1.0 -1.4142135623730947 -0.0 -1.3877787807814457e-16 -1.1102230246251565e-16 -0.0 -5.551115123125783e-17 -0.9999999999999999 -1.4142135623730947 -0.0 -1.1102230246251565e-16 1.4142135623730945 -0.9999999999999998 -1.0 -8.326672684688674e-17 -0.0 0.9999999999999996 -1.0 -1.0 -5.551115123125783e-17 -5.551115123125783e-17 -0.0 1.4142135623730947 -5.551115123125783e-17 -1.1102230246251565e-16 1.4142135623730947 3.9999999999999982 1.0 2.7755575615628914e-16 1.0 -5.551115123125783e-17 -1.6653345369377348e-16 1.0 0.7071067811865477 -0.9999999999999996 1.6653345369377348e-16 2.220446049250313e-16 4.440892098500626e-16 1.1102230246251565e-16 1.0 -2.220446049250313e-16 0.7071067811865477 -8.326672684688674e-17 2.220446049250313e-16 -0.707106781186547 0.9999999999999994 0.9999999999999999 3.0531133177191805e-16 3.9144059361264733e-16 1.0 0.7071067811865477 2.220446049250313e-16 2.220446049250313e-16 1.0 0.7071067811865477 2.220446049250313e-16 1.0 1.6653345369377348e-16 1.6653345369377348e-16 -0.0 -0.7071067811865474 2.220446049250313e-16 1.1102230246251565e-16 -0.9999999999999998 -2.7755575615628914e-17 -2.220446049250313e-16 2.220446049250313e-16 0.7071067811865476 2.220446049250313e-16 -0.7071067811865471 2.220446049250313e-16 2.220446049250313e-16 -0.7071067811865472 -0.0 0.7071067811865476 1.1102230246251565e-16 4.163336342344337e-16 1.1102230246251565e-16 0.9999999999999998 1.4142135623730943 0.9999999999999998 0.9999999999999998 -1.1102230246251565e-16 -8.881784197001252e-16 1.4142135623730936 0.9999999999999997 0.7071067811865476 4.440892098500626e-16 2.220446049250313e-16 -1.4142135623730951 1.1102230246251565e-16 -1.1102230246251565e-16 -5.551115123125783e-17 6.106226635438361e-16 0.9999999999999996 3.3306690738754696e-16 -8.881784197001252e-16 -5.551115123125783e-17 -0.0 1.4142135623730943 -0.0 -5.551115123125783e-17 -1.1960990744404326e-16 1.4142135623730945 0.9999999999999994 0.9999999999999998 0.7071067811865476 -5.551115123125783e-17 -0.0 -5.551115123125783e-17 0.9999999999999996 -0.0 0.7071067811865476 -0.0 -1.1102230246251565e-16 -1.1102230246251565e-16 -1.1102230246251565e-16 1.4142135623730945 0.9999999999999994 0.9999999999999997 1.4142135623730943 -1.4142135623730954 -8.326672684688674e-16 0.9999999999999997 1.1102230246251565e-16 -1.1102230246251565e-16 4.440892098500626e-16 -5.551115123125783e-17 -0.0 -1.1102230246251565e-16 -1.1102230246251565e-16 0.9999999999999994 1.4142135623730943 0.7071067811865475 5.551115123125783e-16 -5.551115123125783e-17 6.661338147750939e-16 0.9999999999999997 1.4142135623730943 -0.0 1.1102230246251565e-16 -0.0 0.7071067811865478 0.7071067811865477 3.81524481517089e-16 -3.608224830031759e-16 0.9999999999999993 0.7071067811865478 -1.1102230246251565e-16 3.9144059361264733e-16 -0.7071067811865468 -2.220446049250313e-16 4.718447854656915e-16 5.551115123125783e-17 -0.9999999999999994 2.220446049250313e-16 -1.1102230246251565e-16 -0.7071067811865468 -3.0531133177191805e-16 -0.9999999999999994 -0.7071067811865474 -3.3306690738754696e-16 0.7071067811865476 0.7071067811865477 2.4760189910383303e-16 1.1102230246251565e-16 0.9999999999999996 3.771279186434346e-16 3.771279186434346e-16 -0.7071067811865471 -0.9999999999999994 -0.0 3.81524481517089e-16 3.81524481517089e-16 -0.7071067811865471 -0.9999999999999994 1.1102230246251565e-16 2.220446049250313e-16 -1.1102230246251565e-16 -0.7071067811865471 -0.0 -0.0 -2.220446049250313e-16 -3.0531133177191805e-16 0.7071067811865477 4.440892098500626e-16 1.1102230246251565e-16 -0.7071067811865468 -0.9999999999999994 -0.7071067811865474 -0.9999999999999994 -0.9999999999999996 -0.7071067811865471 -0.0 3.885780586188048e-16 -0.7071067811865469 -0.9999999999999998 2.220446049250313e-16 -1.6653345369377348e-16 -3.3306690738754696e-16 -1.414213562373094 -2.7755575615628914e-16 4.881502211059503e-16 -4.555393498254328e-16 -3.3306690738754696e-16 0.9999999999999992 1.4142135623730945 4.925467839796046e-16 -4.511427869517784e-16 -0.7071067811865468 -0.999999999999999 1.4142135623730936 4.996003610813204e-16 0.9999999999999993 1.1102230246251565e-16 -0.0 1.1102230246251565e-16 -0.999999999999999 0.9999999999999993 8.326672684688674e-17 -0.0 -1.414213562373094 -4.233872113361495e-16 2.7050217905457334e-16 -5.551115123125783e-17 0.9999999999999994 1.414213562373094 -0.7071067811865469 -4.440892098500626e-16 -0.0 1.1102230246251565e-16 1.1102230246251565e-16 -4.440892098500626e-16 -0.7071067811865469 -0.0 2.7755575615628914e-17 0.9999999999999993 0.9999999999999996 1.414213562373094 -0.0 1.1102230246251565e-16 -1.414213562373094 1.4142135623730938 0.9999999999999992 2.0888245086567748e-16 6.106226635438361e-16 0.9999999999999996 -0.9999999999999993 8.326672684688674e-17 -0.0 2.7755575615628914e-17 2.7755575615628914e-17 -0.0 -1.414213562373094 -4.440892098500626e-16 -0.7071067811865469 -0.9999999999999991 2.7755575615628914e-17 5.551115123125783e-17 1.1102230246251565e-16 -1.414213562373094 -0.7071067811865469 -0.7071067811865469 -0.9999999999999994 -0.0 2.220446049250313e-16 -0.707106781186547 -6.661338147750939e-16 -0.9999999999999994 -0.7071067811865472 0.9999999999999992 2.220446049250313e-16 -2.7755575615628914e-16 -2.220446049250313e-16 -4.440892098500626e-16 -1.1102230246251565e-16 -0.7071067811865472 2.7755575615628914e-17 -2.220446049250313e-16 0.7071067811865468 -0.7071067811865471 -0.7071067811865471 -0.9999999999999996 -2.220446049250313e-16 -3.1742572530430353e-16 -0.9999999999999996 -0.9999999999999996 -0.7071067811865472 -2.220446049250313e-16 -1.1102230246251565e-16 -0.9999999999999996 -0.9999999999999997 -0.7071067811865472 -2.220446049250313e-16 -1.1102230246251565e-16 -1.1102230246251565e-16 -0.0 0.707106781186547 -1.1102230246251565e-16 0.9999999999999993 2.7755575615628914e-17 -0.7071067811865472 2.220446049250313e-16 -1.6653345369377348e-16 -0.7071067811865472 -2.220446049250313e-16 0.7071067811865468 -2.220446049250313e-16 -2.220446049250313e-16 0.707106781186547 -6.661338147750939e-16 -0.9999999999999997 -0.7071067811865472 -3.3306690738754696e-16 -3.885780586188048e-16 -2.220446049250313e-16 -0.9999999999999993 -1.1102230246251565e-16 1.1102230246251565e-16 9.43689570931383e-16 -1.4142135623730931 -0.9999999999999993 -1.1102230246251565e-16 -0.7071067811865471 -4.440892098500626e-16 1.4142135623730945 -1.1102230246251565e-16 1.1102230246251565e-16 5.551115123125783e-17 -7.771561172376096e-16 -4.440892098500626e-16 8.881784197001252e-16 5.551115123125783e-17 -2.220446049250313e-16 -0.9999999999999992 1.1102230246251565e-16 9.729865522903701e-17 -1.4142135623730938 -0.7071067811865472 -0.0 -0.0 5.551115123125783e-17 -0.0 -0.7071067811865472 -0.0 5.551115123125783e-17 1.1102230246251565e-16 1.1102230246251565e-16 -1.4142135623730936 1.4142135623730947 8.326672684688674e-16 -0.9999999999999993 -0.0 1.1102230246251565e-16 -4.440892098500626e-16 5.551115123125783e-17 5.551115123125783e-17 5.551115123125783e-17 -2.220446049250313e-16 -0.7071067811865472 -5.551115123125783e-16 5.551115123125783e-17 -6.661338147750939e-16 -0.7071067811865475 -0.7071067811865474 -2.962649939991562e-16 3.0531133177191805e-16 -0.7071067811865475 1.1102230246251565e-16 -3.1742572530430353e-16 0.7071067811865466 2.220446049250313e-16 -4.718447854656915e-16 -5.551115123125783e-17 0.7071067811865466 3.885780586188048e-16 -0.7071067811865472 -0.7071067811865472 -1.6632793292799235e-16 -1.1102230246251565e-16 -3.513651036988517e-16 -3.513651036988517e-16 0.7071067811865468 -3.51776145230414e-16 -3.51776145230414e-16 0.7071067811865468 -0.0 -1.1102230246251565e-16 2.220446049250313e-16 3.885780586188048e-16 -0.7071067811865474 -4.718447854656915e-16 -2.220446049250313e-16 0.7071067811865466 2.220446049250313e-16 -3.885780586188048e-16 0.7071067811865466 -4.0687625493010954e-16 5.090577403856446e-16 3.3306690738754696e-16 -4.627984476929297e-16 4.531355476228245e-16 0.7071067811865466 -1.414213562373093 -6.661338147750939e-16 3.9762439639156665e-16 -2.962649939991562e-16 1.1102230246251565e-16 0.7071067811865466 3.885780586188048e-16 3.885780586188048e-16 0.7071067811865466 -1.4142135623730931 -2.5976767282766383e-16 -7.771561172376096e-16 4.718447854656915e-16 0.7071067811865466 0.7071067811865466 0.7071067811865466 0.7071067811865466 6.661338147750939e-16 0.7071067811865468 0.7071067811865468 0.7071067811865468 6.106226635438361e-16
-3.3306690738754696e-16 -0.0 -0.0 -1.414213562373095 -5.551115123125783e-16 1.1102230246251565e-16 -0.0 -1.414213562373095 1.1102230246251565e-16 -0.0 -0.0 -1.414213562373095 -0.0 -0.0 -1.414213562373095 -1.414213562373095 -3.999999999999999 2.220446049250313e-16 2.220446049250313e-16 -2.220446049250313e-16 -2.220446049250313e-16 -2.220446049250313e-16 0.7071067811865472 -0.9999999999999997 2.220446049250313e-16 -3.174257253043036e-16 -2.220446049250313e-16 -1.1102230246251565e-16 -2.220446049250313e-16 -0.0 0.7071067811865475 -1.1102230246251565e-16 -0.0 -2.220446049250313e-16 0.7071067811865472 -2.220446049250313e-16 0.7071067811865475 -0.0 -1.1102230246251565e-16 -0.9999999999999997 -1.4142135623730947 -6.106226635438361e-16 -4.440892098500626e-16 -6.106226635438361e-16 8.326672684688674e-16 -1.414213562373094 -4.440892098500626e-16 1.1102230246251565e-16 2.7755575615628914e-17 -6.661338147750939e-16 -0.9999999999999998 -4.440892098500626e-16 8.326672684688674e-17 -0.0 -1.4142135623730947 1.1316920370789755e-16 -1.4142135623730947 -0.0 2.7755575615628914e-17 -0.9999999999999998 -0.0 2.7755575615628914e-17 1.1102230246251565e-16 -1.4142135623730947 -0.9999999999999998 -0.9999999999999998 -1.4142135623730945 8.326672684688674e-16 1.1102230246251565e-16 8.326672684688674e-17 -0.0 -4.440892098500626e-16 1.1316920370789755e-16 1.1102230246251565e-16 2.7755575615628914e-17 2.7755575615628914e-17 -0.9999999999999998 -1.4142135623730947 2.7755575615628914e-17 -0.9999999999999998 -1.4142135623730947 -0.0 -6.661338147750939e-16 -6.106226635438361e-16 -3.729368765355614e-16 2.7755575615628914e-16 -0.9999999999999996 -3.729368765355614e-16 0.707106781186547 2.220446049250313e-16 -5.551115123125783e-17 0.9999999999999998 -2.220446049250313e-16 2.220446049250313e-16 -2.5976767282766383e-16 -4.163336342344337e-16 0.707106781186547 3.0531133177191805e-16 0.9999999999999998 0.7071067811865477 3.3306690738754696e-16 -2.04256521596406e-16 -0.0 -0.9999999999999997 -2.6191457407304575e-16 0.7071067811865472 0.9999999999999998 1.1102230246251565e-16 -3.8571552362496224e-16 0.7071067811865472 0.9999999999999998 -2.064034228417879e-16 -0.0 -0.0 -0.0 0.7071067811865474 1.1102230246251565e-16 -0.0 2.220446049250313e-16 3.0531133177191805e-16 -4.163336342344337e-16 -1.1102230246251565e-16 0.707106781186547 0.9999999999999998 0.7071067811865475 0.9999999999999998 0.9999999999999998 0.7071067811865472 -0.0 0.707106781186547 1.0 -2.220446049250313e-16 1.1102230246251565e-16 2.220446049250313e-16 1.4142135623730943 -4.839591789980771e-16 -4.2844802776681923e-16 3.3306690738754696e-16 -0.9999999999999993 -1.414213562373095 -4.4122667485622007e-16 0.707106781186547 0.9999999999999993 4.319748163176771e-16 -1.4142135623730938 -7.216449660063518e-16 -0.9999999999999998 -1.1102230246251565e-16 -0.0 -1.1102230246251565e-16 0.9999999999999993 -0.9999999999999993 -1.1102230246251565e-16 -0.0 1.4142135623730943 4.2024392975524455e-16 1.6653345369377348e-16 -0.9999999999999998 -1.4142135623730945 -4.065202825217659e-16 -2.5976767282766383e-16 0.707106781186547 4.440892098500626e-16 -0.0 -1.1102230246251565e-16 -1.1102230246251565e-16 4.440892098500626e-16 0.707106781186547 -0.0 -5.551115123125783e-17 -0.9999999999999998 -0.9999999999999998 -1.4142135623730945 -0.0 -1.1102230246251565e-16 1.4142135623730943 -1.414213562373094 -0.9999999999999996 -2.04256521596406e-16 -6.661338147750939e-16 -0.9999999999999998 0.9999999999999993 -1.1102230246251565e-16 -0.0 -5.551115123125783e-17 -5.551115123125783e-17 -0.0 1.4142135623730943 0.707106781186547 0.9999999999999993 -5.551115123125783e-17 -0.0 -1.1102230246251565e-16 1.4142135623730943 3.9999999999999973 6.540194212427084e-16 3.7568927328296716e-17 0.7071067811865471 0.7071067811865472 0.9999999999999998 2.7755575615628914e-17 -2.220446049250313e-16 0.707106781186547 6.661338147750939e-16 0.9999999999999998 0.7071067811865475 -0.9999999999999996 -2.220446049250313e-16 1.1102230246251565e-16 2.220446049250313e-16 4.3021142204224816e-16 2.220446049250313e-16 0.7071067811865475 -0.0 2.220446049250313e-16 -0.707106781186547 0.9999999999999992 0.7071067811865472 0.7071067811865472 0.9999999999999998 1.3877787807814457e-16 3.174257253043035e-16 0.9999999999999998 0.9999999999999998 0.7071067811865477 2.220446049250313e-16 1.6653345369377348e-16 0.9999999999999998 0.9999999999999998 0.7071067811865477 2.220446049250313e-16 1.1102230246251565e-16 2.220446049250313e-16 -0.0 -0.7071067811865471 1.6653345369377348e-16 1.1102230246251565e-16 -0.9999999999999996 -0.0 0.7071067811865474 -2.220446049250313e-16 2.220446049250313e-16 0.7071067811865475 2.220446049250313e-16 -0.707106781186547 2.220446049250313e-16 2.220446049250313e-16 -0.7071067811865471 -0.0 0.9999999999999999 0.7071067811865476 3.3306690738754696e-16 4.3021142204224816e-16 1.6653345369377348e-16 0.9999999999999992 1.414213562373094 7.771561172376096e-16 0.9999999999999996 2.220446049250313e-16 -1.1102230246251565e-16 -8.32667268468867e-16 1.4142135623730936 0.9999999999999996 2.220446049250313e-16 0.7071067811865474 4.440892098500626e-16 -1.414213562373095 1.1102230246251565e-16 -1.1102230246251565e-16 -5.551115123125783e-17 7.216449660063518e-16 0.9999999999999994 4.440892098500626e-16 -8.604228440844963e-16 -8.326672684688674e-17 -0.0 1.414213562373094 2.220446049250313e-16 0.9999999999999994 -5.551115123125783e-17 -1.131692037078975e-16 1.414213562373094 0.7071067811865475 -0.0 -0.0 -5.551115123125783e-17 0.9999999999999994 -0.0 0.7071067811865475 -0.0 -5.551115123125783e-17 -1.1102230246251565e-16 -1.1102230246251565e-16 1.414213562373094 0.9999999999999993 0.9999999999999993 1.414213562373094 -1.4142135623730951 -8.32667268468867e-16 0.9999999999999994 -0.0 -1.1102230246251565e-16 5.551115123125783e-16 -8.326672684688674e-17 -0.0 -5.551115123125783e-17 -5.551115123125783e-17 0.9999999999999993 1.414213562373094 2.220446049250313e-16 0.7071067811865475 6.661338147750939e-16 -5.551115123125783e-17 7.216449660063518e-16 0.9999999999999993 1.414213562373094 0.7071067811865477 0.7071067811865476 3.729368765355613e-16 -3.3306690738754696e-16 0.9999999999999993 0.7071067811865477 -1.6653345369377348e-16 3.729368765355613e-16 -0.7071067811865467 -1.6653345369377348e-16 4.163336342344337e-16 1.6653345369377348e-16 -0.9999999999999993 2.220446049250313e-16 -1.1102230246251565e-16 -0.7071067811865467 -3.608224830031759e-16 -0.9999999999999993 -0.7071067811865474 0.7071067811865475 0.7071067811865475 1.996305923271345e-16 1.3877787807814457e-16 0.9999999999999993 2.434108569959598e-16 2.804182911501317e-16 -0.7071067811865468 -0.9999999999999993 -5.551115123125783e-17 3.4870808947079034e-16 3.117006553166185e-16 -0.7071067811865468 -0.9999999999999993 5.551115123125783e-17 1.6653345369377348e-16 -1.1102230246251565e-16 -0.707106781186547 -5.551115123125783e-17 -2.220446049250313e-16 -3.3306690738754696e-16 0.7071067811865475 4.163336342344335e-16 1.6653345369377348e-16 -0.7071067811865467 -0.9999999999999993 -0.7071067811865472 -0.9999999999999993 -0.9999999999999993 -0.707106781186547 -2.220446049250313e-16 3.0531133177191805e-16 -0.7071067811865467 -0.9999999999999993 2.220446049250313e-16 -1.1102230246251565e-16 4.654554619209911e-16 -4.1347109924059116e-16 -3.3306690738754696e-16 0.9999999999999991 1.4142135623730943 4.0421924070204817e-16 -4.654554619209911e-16 -0.7071067811865467 -0.9999999999999989 1.4142135623730931 6.661338147750939e-16 0.9999999999999992 1.1102230246251565e-16 -0.0 -0.9999999999999991 0.9999999999999991 5.551115123125783e-17 -4.831921650581712e-16 2.363058997027987e-16 -1.1102230246251565e-16 0.9999999999999991 1.4142135623730938 -0.7071067811865466 -4.440892098500626e-16 -0.0 1.1102230246251565e-16 -4.440892098500626e-16 -0.7071067811865467 -0.0 2.7755575615628914e-17 0.9999999999999992 0.9999999999999991 1.4142135623730936 1.4142135623730936 0.9999999999999991 1.4874537036514815e-16 7.771561172376096e-16 0.9999999999999994 -0.9999999999999991 5.551115123125783e-17 2.7755575615628914e-17 2.7755575615628914e-17 -4.3021142204224816e-16 -0.7071067811865467 -0.9999999999999989 2.7755575615628914e-17 -0.0 -0.7071067811865468 -0.7071067811865468 -0.9999999999999993 2.7755575615628914e-17 -0.7071067811865468 -6.661338147750939e-16 -0.9999999999999993 -0.7071067811865471 0.9999999999999989 -0.0 -1.6653345369377348e-16 -0.7071067811865471 -0.0 -0.7071067811865469 -0.7071067811865469 -0.9999999999999992 -1.942890293094024e-16 -0.9999999999999994 -0.9999999999999993 -0.7071067811865472 -0.9999999999999993 -0.9999999999999993 -0.7071067811865472 -5.551115123125783e-17 -2.220446049250313e-16 0.9999999999999991 -0.0 -0.7071067811865469 2.220446049250313e-16 -1.1102230246251565e-16 -0.7071067811865471 -5.551115123125783e-16 -0.9999999999999993 -0.7071067811865472 -0.9999999999999992 -2.220446049250313e-16 -0.0 -0.9999999999999991 -1.1102230246251565e-16 -0.707106781186547 1.414213562373094 -1.1102230246251565e-16 -2.220446049250313e-16 -0.999999999999999 -0.0 -0.707106781186547 -0.0 -0.0 -0.707106781186547 1.4142135623730945 -0.9999999999999991 -0.0 -3.3306690738754696e-16 -0.7071067811865471 -0.7071067811865472 -0.7071067811865472 -0.7071067811865475 1.1102230246251565e-16 -0.707106781186547 -0.707106781186547 -0.7071067811865472 2.220446049250313e-16
4 5 6 7 9 17 12 15 18 0 19 20 2 21 22 3 23 1 41 42 38 33 34 39 43 24 44 45 46 47 48 49 50 13 14 51 52 53 11 16 54 8 10 25 82 83 55 68 78 56 79 67 69 70 80 28 31 84 85 86 87 88 89 90 91 92 93 35 29 36 37 72 94 95 96 97 98 99 30 32 40 100 26 27 135 129 131 101 102 120 121 130 103 132 71 118 119 122 123 124 133 60 61 65 136 137 138 139 140 141 142 143 144 145 146 147 148 149 73 74 62 63 75 76 77 150 151 152 153 58 64 59 66 81 154 57 195 188 189 191 155 156 157 178 179 176 180 190 158 192 177 181 182 183 193 108 109 110 116 196 159 197 198 199 200 201 202 203 204 205 206 207 208 209 210 211 113 125 111 112 114 126 127 128 212 213 214 215 105 106 115 107 117 134 216 104 160 256 239 249 250 252 217 218 219 220 240 237 241 251 221 253 238 242 243 244 254 166 167 168 169 174 257 258 259 260 261 262 263 264 265 266 267 268 269 270 271 171 184 162 170 172 185 186 187 272 273 274 275 163 164 173 165 175 194 276 161 309 299 310 311 313 277 278 279 280 300 297 301 312 281 314 298 302 303 304 315 227 228 229 230 235 316 317 318 319 320 321 322 323 324 325 326 327 328 329 330 232 245 223 231 233 246 247 248 331 332 333 334 222 224 225 234 226 236 255 365 356 366 367 369 335 336 337 338 357 354 358 368 339 370 355 359 360 361 287 288 289 290 295 371 372 373 374 375 376 377 378 379 380 381 382 383 384 292 305 283 291 293 306 307 308 385 386 387 282 284 285 294 286 296 413 406 414 415 417 388 389 390 391 407 404 408 416 392 405 409 410 345 346 347 348 353 418 419 420 421 422 423 424 425 426 427 428 350 362 341 349 351 363 364 429 430 340 342 343 352 344 449 445 450 451 431 432 433 434 446 443 447 444 448 397 398 399 400 452 453 454 455 456 457 458 459 402 411 394 401 403 412 393 395 396 470 468 471 460 461 462 469 467 438 439 440 472 473 474 475 442 436 441 435 437 479 478 476 477 465 466 464 463 
8 9 10 11 24 25 26 27 0 1 2 3 28 29 30 31 32 18 17 55 56 57 58 59 4 5 6 7 12 13 14 15 16 60 61 62 63 64 45 65 66 43 44 41 42 38 82 101 102 83 103 104 105 106 107 19 20 21 22 23 33 34 35 36 37 39 40 108 84 109 110 73 111 71 112 113 114 115 85 86 116 117 46 49 68 78 79 135 129 155 156 157 131 158 159 160 161 162 163 164 165 47 48 50 51 52 53 54 67 69 70 72 74 75 76 77 80 81 143 166 136 137 167 168 169 170 171 172 173 88 138 92 139 174 175 87 120 121 130 132 195 188 189 118 217 218 219 220 191 221 222 223 224 225 226 89 90 91 93 94 95 96 97 98 99 100 119 122 123 124 125 126 127 128 133 134 198 227 196 197 199 228 229 230 231 232 233 234 141 142 200 148 201 235 236 140 178 179 176 180 190 192 256 239 249 250 277 278 279 280 252 281 282 283 284 285 286 144 145 146 147 149 150 151 152 153 154 177 181 182 183 184 185 186 187 193 194 258 287 203 257 259 288 289 290 291 292 293 294 204 205 260 210 261 295 296 202 240 237 241 251 253 309 299 310 311 335 336 337 338 313 339 340 341 342 343 344 206 207 208 209 211 212 213 214 215 216 238 242 243 244 245 246 247 248 254 255 317 345 263 316 318 346 347 348 349 350 351 352 262 264 265 319 270 320 353 300 297 301 312 314 365 356 366 367 388 389 390 391 369 392 393 394 395 396 266 267 268 269 271 272 273 274 275 276 298 302 303 304 305 306 307 308 315 372 397 322 371 373 398 399 400 401 402 403 321 323 324 374 329 375 357 354 358 368 370 413 406 414 415 431 432 433 434 417 435 436 437 325 326 327 328 330 331 332 333 334 355 359 360 361 362 363 364 419 438 377 418 420 439 440 441 442 376 378 379 421 384 407 404 408 416 449 445 450 451 460 461 462 463 464 380 381 382 383 385 386 387 405 409 410 411 412 453 465 423 452 454 466 422 424 425 446 443 447 470 468 471 476 477 426 427 428 429 430 444 448 473 456 472 455 457 469 467 479 478 458 459 475 474 
12 13 9 14 6 33 4 34 35 2 29 36 0 1 3 22 37 21 67 68 69 17 15 70 71 72 73 74 62 10 63 75 76 5 7 8 11 16 52 53 77 51 47 94 118 119 120 42 121 122 123 41 38 39 124 89 97 108 113 125 111 112 28 30 114 126 127 18 19 20 23 24 25 26 27 31 32 40 90 98 99 128 95 96 155 176 177 178 179 55 78 180 181 182 43 82 83 56 79 80 183 143 144 151 159 166 171 184 57 162 170 60 61 58 64 172 185 186 44 45 46 48 49 50 54 59 65 66 81 145 146 150 152 153 187 140 160 217 237 238 135 239 240 101 102 129 130 241 242 243 131 103 132 133 244 84 198 206 213 104 136 167 109 227 232 245 105 161 223 231 110 106 115 233 246 247 85 86 87 88 91 92 93 100 107 116 117 134 202 207 208 212 214 215 248 196 195 218 156 277 297 298 188 256 299 300 157 189 190 301 302 303 191 158 192 193 304 137 197 258 266 273 228 168 287 292 305 163 222 283 291 169 164 173 293 306 307 138 139 141 142 147 148 149 154 165 174 175 194 262 267 268 272 274 275 308 203 278 219 335 354 355 249 309 356 357 220 250 251 358 359 360 252 221 253 254 361 199 257 317 325 332 288 229 345 350 362 224 282 341 349 230 225 234 351 363 364 200 201 204 205 209 210 211 216 226 235 236 255 263 321 326 327 331 333 334 336 279 388 404 405 310 365 406 407 280 311 312 408 409 410 313 281 314 315 259 316 372 380 386 346 289 397 402 411 284 340 394 401 290 285 294 403 412 260 261 264 265 269 270 271 276 286 295 296 322 376 381 382 385 387 389 337 431 443 444 366 413 445 446 338 367 368 447 448 369 339 370 318 371 419 426 430 398 347 438 442 342 393 436 441 348 343 352 319 320 323 324 328 329 330 344 353 377 422 427 428 429 432 390 460 467 414 449 468 469 391 415 416 417 392 373 418 453 458 439 399 465 395 435 464 400 396 374 375 378 379 383 384 423 455 459 461 433 476 450 470 478 434 451 420 452 473 466 440 437 463 421 424 425 456 474 477 462 471 479 454 472 457 475 
15 11 14 16 7 38 34 39 31 3 30 32 22 36 37 23 40 20 56 78 79 69 70 80 27 45 61 65 58 63 64 59 66 52 53 75 76 77 50 54 81 49 48 83 102 103 129 121 130 131 132 122 123 124 133 85 86 109 110 116 105 106 113 114 115 107 117 97 90 98 99 74 119 112 126 125 127 128 91 93 100 134 88 92 156 157 158 188 189 176 180 190 191 192 96 179 181 177 182 183 193 137 138 139 167 168 169 174 162 163 164 166 171 170 172 173 165 175 144 151 145 146 150 152 153 185 184 186 187 142 147 148 149 154 194 141 218 219 220 221 239 249 250 217 237 240 241 251 252 253 242 238 243 244 254 198 199 200 201 161 197 228 227 229 230 235 223 222 224 225 232 231 233 234 226 236 206 213 202 207 208 212 214 215 246 245 247 248 204 205 209 210 211 216 255 203 256 278 277 279 280 281 299 309 310 311 297 300 301 312 313 314 302 298 303 304 315 258 257 259 260 261 288 287 289 290 295 283 282 284 285 292 291 293 294 286 296 266 273 262 267 268 272 274 275 306 305 307 308 264 265 269 270 271 276 9 263 336 335 337 338 339 356 365 366 367 354 357 358 368 369 370 359 355 360 361 4 317 316 318 319 320 346 345 347 348 353 341 340 342 343 350 349 351 352 344 1 325 332 321 326 327 331 333 334 363 362 364 2 322 323 324 328 329 330 0 389 388 390 391 392 406 413 414 415 404 407 408 416 417 17 409 405 410 12 372 371 373 374 375 398 397 399 400 24 394 393 395 396 402 401 403 10 8 380 386 376 381 382 385 387 6 412 411 13 377 378 379 383 384 5 432 431 433 434 25 445 449 450 451 443 446 447 42 41 448 444 33 419 418 420 421 18 439 438 440 28 436 435 437 26 442 441 29 426 430 422 427 428 429 21 71 35 423 424 425 19 43 461 460 462 55 468 470 471 82 467 469 68 94 67 453 452 454 44 466 465 60 464 463 57 73 62 458 72 455 459 47 51 456 457 46 477 476 101 478 479 135 118 120 473 472 84 159 108 111 104 89 474 95 475 87 160 155 178 195 143 136 140 196 
9 17 12 15 0 1 2 3 41 4 42 38 6 33 34 7 39 5 8 10 11 13 14 16 25 43 82 83 55 68 78 56 79 21 22 67 69 70 20 23 80 18 19 24 26 27 28 29 30 31 32 35 36 37 40 46 49 135 129 131 101 102 120 121 130 103 132 51 47 52 53 94 71 118 119 122 123 124 48 50 54 133 44 45 57 58 59 60 61 62 63 64 65 66 72 73 74 75 76 77 81 87 88 92 195 188 189 191 155 156 157 178 179 176 180 190 158 192 95 96 89 90 97 98 99 177 181 182 183 85 91 86 93 100 193 84 104 105 106 107 108 109 110 111 112 113 114 115 116 117 125 126 127 128 134 140 141 142 148 160 196 256 239 249 250 252 217 218 219 220 240 237 241 251 221 253 145 150 143 144 146 151 152 153 238 242 243 244 137 138 147 139 149 154 254 136 159 161 162 163 164 165 166 167 168 169 170 171 172 173 174 175 184 185 186 187 194 202 203 204 205 210 309 299 310 311 313 277 278 279 280 300 297 301 312 281 314 207 212 198 206 208 213 214 215 298 302 303 304 199 200 209 201 211 216 315 197 222 223 224 225 226 227 228 229 230 231 232 233 234 235 236 245 246 247 248 255 262 263 264 265 270 365 356 366 367 369 335 336 337 338 357 354 358 368 339 370 267 272 258 266 268 273 274 275 355 359 360 361 257 259 260 269 261 271 276 282 283 284 285 286 287 288 289 290 291 292 293 294 295 296 305 306 307 308 321 322 323 324 329 413 406 414 415 417 388 389 390 391 407 404 408 416 392 326 331 317 325 327 332 333 334 405 409 410 316 318 319 328 320 330 340 341 342 343 344 345 346 347 348 349 350 351 352 353 362 363 364 376 377 378 379 384 449 445 450 451 431 432 433 434 446 443 447 381 385 372 380 382 386 387 444 448 371 373 374 383 375 393 394 395 396 397 398 399 400 401 402 403 411 412 422 423 424 425 470 468 471 460 461 462 469 467 427 429 419 426 428 430 418 420 421 435 436 437 438 439 440 441 442 455 456 457 479 478 476 477 459 453 458 452 454 463 464 465 466 474 475 473 472 
18 0 19 20 43 24 44 45 4 5 6 7 46 47 48 49 50 41 1 28 31 84 85 86 9 17 12 15 2 21 22 3 23 87 88 89 90 91 83 92 93 25 82 8 10 11 26 60 61 27 65 136 137 138 139 42 38 33 34 39 13 14 51 52 53 16 54 140 135 141 142 95 143 72 144 145 146 147 129 131 148 149 55 56 29 30 32 57 58 108 109 110 59 116 196 159 197 198 199 200 201 68 78 79 67 69 70 80 35 36 37 94 96 97 98 99 40 100 178 202 195 188 203 204 205 206 207 208 209 102 189 103 191 210 211 101 62 63 64 66 104 105 106 73 166 167 168 169 107 174 257 258 259 260 261 120 121 130 132 71 118 119 122 123 124 133 74 75 76 77 150 151 152 153 81 154 239 262 160 256 249 263 264 265 266 267 268 269 156 157 250 158 252 270 271 155 111 112 113 114 115 117 161 162 163 164 227 228 229 230 165 235 316 317 318 319 320 179 176 180 190 192 177 181 182 183 193 125 126 127 128 212 213 214 215 134 216 299 321 218 309 310 322 323 324 325 326 327 328 219 220 311 221 313 329 330 217 170 171 172 173 175 222 223 224 225 287 288 289 290 226 295 371 372 373 374 375 240 237 241 251 253 238 242 243 244 254 184 185 186 187 272 273 274 275 194 276 356 376 278 365 366 377 378 379 380 381 382 383 277 279 280 367 281 369 384 231 232 233 234 236 282 283 284 285 345 346 347 348 286 353 418 419 420 421 300 297 301 312 314 298 302 303 304 315 245 246 247 248 331 332 333 334 255 406 422 336 413 414 423 424 425 426 427 428 335 337 338 415 339 417 291 292 293 294 296 340 341 342 343 397 398 399 400 344 452 453 454 357 354 358 368 370 355 359 360 361 305 306 307 308 385 386 387 445 455 389 449 450 456 457 458 459 388 390 391 451 392 349 350 351 352 393 394 395 396 438 439 440 472 473 407 404 408 416 405 409 410 362 363 364 429 430 468 474 432 470 471 475 431 433 434 401 402 403 435 436 437 465 466 446 443 447 444 448 411 412 478 461 479 460 462 441 442 463 464 469 467 477 476 
2 21 0 22 12 13 9 14 51 6 47 52 4 5 7 34 53 33 35 29 36 1 3 37 72 94 95 96 89 19 90 97 98 17 15 18 20 23 69 70 99 67 68 71 73 74 62 10 63 75 76 8 11 16 77 120 122 140 145 150 143 144 46 48 146 151 152 41 42 38 39 43 24 44 45 49 50 54 121 123 124 153 118 119 108 113 125 111 112 28 30 114 126 127 25 26 27 31 32 40 128 178 179 181 196 202 207 212 84 198 206 87 88 85 91 208 213 214 82 83 55 78 56 79 80 86 92 93 100 176 180 177 182 183 215 155 159 166 171 184 57 162 170 60 61 58 64 172 185 186 59 65 66 81 187 135 239 240 242 136 195 203 141 262 267 272 137 197 258 266 142 138 147 268 273 274 129 131 101 102 130 103 132 133 139 148 149 154 217 237 241 238 243 244 275 160 104 167 109 227 232 245 105 161 223 231 110 106 115 233 246 247 107 116 117 134 248 188 256 299 300 302 263 204 321 326 331 199 257 317 325 205 200 209 327 332 333 189 191 156 157 190 158 192 193 201 210 211 216 277 297 301 298 303 304 334 218 228 168 287 292 305 163 222 283 291 169 164 173 293 306 307 165 174 175 194 308 249 309 356 357 359 322 264 376 381 385 259 316 372 380 265 260 269 382 386 387 250 252 219 220 251 221 253 254 261 270 271 276 278 335 354 358 355 360 361 288 229 345 350 362 224 282 341 349 230 225 234 351 363 364 226 235 236 255 310 365 406 407 409 377 323 422 427 429 318 371 419 426 324 319 328 428 430 311 313 279 280 312 281 314 315 320 329 330 336 388 404 408 405 410 346 289 397 402 411 284 340 394 401 290 285 294 403 412 286 295 296 366 413 445 446 448 423 378 455 459 373 418 453 458 379 374 383 367 369 337 338 368 339 370 375 384 389 431 443 447 444 398 347 438 442 342 393 436 441 348 343 352 344 353 414 449 468 469 456 424 474 420 452 473 425 421 415 417 390 391 416 392 432 460 467 439 399 465 395 435 464 400 396 450 470 478 475 457 454 472 451 433 434 461 476 466 440 437 463 471 479 462 477 
3 20 22 23 15 11 14 16 49 7 48 50 34 52 53 39 54 38 31 30 32 36 37 40 45 83 88 92 85 90 91 86 93 69 70 97 98 99 79 80 100 56 78 27 61 65 58 63 64 59 66 75 76 77 81 129 131 141 142 148 137 138 145 146 147 139 149 122 121 123 124 96 74 144 151 150 152 153 130 132 133 154 102 103 109 110 116 105 106 113 114 115 107 117 119 112 126 125 127 128 134 188 189 191 203 204 205 210 198 199 200 202 207 206 208 209 201 211 179 181 176 180 177 182 183 213 212 214 215 157 190 158 192 193 216 156 167 168 169 174 162 163 164 166 171 170 172 173 165 175 185 184 186 187 194 239 249 250 252 197 256 263 262 264 265 270 258 257 259 260 267 266 268 269 261 271 240 242 217 237 241 238 243 244 273 272 274 275 219 220 251 221 253 254 276 218 161 228 227 229 230 235 223 222 224 225 232 231 233 234 226 236 246 245 247 248 255 299 309 310 311 313 322 321 323 324 329 317 316 318 319 326 325 327 328 320 330 300 302 277 297 301 298 303 304 332 331 333 334 279 280 312 281 314 315 0 278 288 287 289 290 295 283 282 284 285 292 291 293 294 286 296 306 305 307 308 9 356 365 366 367 369 377 376 378 379 384 372 371 373 374 381 380 382 383 375 5 357 359 335 354 358 355 360 361 386 385 387 6 336 337 338 368 339 370 4 346 345 347 348 353 341 340 342 343 350 349 351 352 344 1 363 362 364 2 406 413 414 415 417 423 422 424 425 43 419 418 420 421 427 426 428 19 18 407 409 388 404 408 405 410 12 430 429 21 389 390 391 416 392 17 398 397 399 400 24 394 393 395 396 402 401 403 10 8 412 411 13 445 449 450 451 41 456 455 457 46 453 452 454 44 459 458 47 446 448 431 443 447 444 33 72 51 432 433 434 42 25 439 438 440 28 436 435 437 26 442 441 29 71 35 468 470 471 82 475 474 87 473 472 84 95 89 469 94 460 467 68 67 461 462 55 466 465 60 464 463 57 73 62 478 479 135 196 140 143 136 120 476 118 477 101 159 108 111 104 178 195 155 160 
24 25 26 27 1 18 28 31 17 8 55 56 10 57 58 11 59 9 43 44 45 60 61 65 41 4 42 38 82 101 102 83 103 29 30 104 105 106 3 32 107 0 2 5 46 49 19 84 85 20 86 108 109 110 116 12 15 68 78 79 135 129 155 156 157 131 158 62 13 63 64 111 159 160 161 162 163 164 14 16 66 165 6 7 87 88 92 47 48 136 137 138 50 139 73 143 166 167 168 169 174 33 34 39 120 121 130 132 195 188 189 118 217 218 219 220 191 221 71 112 35 36 113 114 115 222 223 224 225 22 37 23 40 117 226 21 140 141 142 148 89 90 91 196 197 198 199 200 93 201 227 228 229 230 235 67 69 70 80 178 94 179 176 180 190 192 256 239 249 250 277 278 279 280 252 281 75 170 72 74 76 171 172 173 282 283 284 285 52 53 77 54 81 175 286 51 95 202 203 204 205 210 144 145 146 147 257 258 259 260 149 261 287 288 289 290 295 119 122 123 124 133 240 237 241 251 253 309 299 310 311 335 336 337 338 313 339 126 231 97 125 127 232 233 234 340 341 342 343 98 99 128 100 134 236 344 96 262 263 264 265 270 206 207 208 209 316 317 318 319 211 320 345 346 347 348 353 177 181 182 183 193 300 297 301 312 314 365 356 366 367 388 389 390 391 369 392 185 291 151 184 186 292 293 294 393 394 395 396 150 152 153 187 154 194 296 321 322 323 324 329 266 267 268 269 371 372 373 374 271 375 397 398 399 400 238 242 243 244 254 357 354 358 368 370 413 406 414 415 431 432 433 434 417 246 349 213 245 247 350 351 352 435 436 437 212 214 215 248 216 255 376 377 378 379 384 325 326 327 328 418 419 420 421 330 438 439 440 298 302 303 304 315 407 404 408 416 449 445 450 451 460 461 462 306 401 273 305 307 402 403 463 464 272 274 275 308 276 422 423 424 425 380 381 382 383 452 453 454 465 466 355 359 360 361 446 443 447 470 468 471 476 477 363 441 332 362 364 442 331 333 334 455 456 457 426 427 428 472 473 405 409 410 469 467 479 478 412 386 411 385 387 474 475 458 459 444 448 430 429 
0 1 2 3 4 5 6 7 8 9 10 11 12 13 14 15 16 17 18 19 20 21 22 23 24 25 26 27 28 29 30 31 32 33 34 35 36 37 38 39 40 41 42 43 44 45 46 47 48 49 50 51 52 53 54 55 56 57 58 59 60 61 62 63 64 65 66 67 68 69 70 71 72 73 74 75 76 77 78 79 80 81 82 83 84 85 86 87 88 89 90 91 92 93 94 95 96 97 98 99 100 101 102 103 104 105 106 107 108 109 110 111 112 113 114 115 116 117 118 119 120 121 122 123 124 125 126 127 128 129 130 131 132 133 134 135 136 137 138 139 140 141 142 143 144 145 146 147 148 149 150 151 152 153 154 155 156 157 158 159 160 161 162 163 164 165 166 167 168 169 170 171 172 173 174 175 176 177 178 179 180 181 182 183 184 185 186 187 188 189 190 191 192 193 194 195 196 197 198 199 200 201 202 203 204 205 206 207 208 209 210 211 212 213 214 215 216 217 218 219 220 221 222 223 224 225 226 227 228 229 230 231 232 233 234 235 236 237 238 239 240 241 242 243 244 245 246 247 248 249 250 251 252 253 254 255 256 257 258 259 260 261 262 263 264 265 266 267 268 269 270 271 272 273 274 275 276 277 278 279 280 281 282 283 284 285 286 287 288 289 290 291 292 293 294 295 296 297 298 299 300 301 302 303 304 305 306 307 308 309 310 311 312 313 314 315 316 317 318 319 320 321 322 323 324 325 326 327 328 329 330 331 332 333 334 335 336 337 338 339 340 341 342 343 344 345 346 347 348 349 350 351 352 353 354 355 356 357 358 359 360 361 362 363 364 365 366 367 368 369 370 371 372 373 374 375 376 377 378 379 380 381 382 383 384 385 386 387 388 389 390 391 392 393 394 395 396 397 398 399 400 401 402 403 404 405 406 407 408 409 410 411 412 413 414 415 416 417 418 419 420 421 422 423 424 425 426 427 428 429 430 431 432 433 434 435 436 437 438 439 440 441 442 443 444 445 446 447 448 449 450 451 452 453 454 455 456 457 458 459 460 461 462 463 464 465 466 467 468 469 470 471 472 473 474 475 476 477 478 479 
28 29 1 30 26 60 24 61 62 10 13 63 8 9 11 58 64 57 108 84 109 18 31 110 73 111 71 112 35 2 36 113 114 25 27 0 3 32 105 106 115 104 101 159 143 166 136 44 137 167 168 43 45 65 169 155 162 67 75 170 72 74 12 14 76 171 172 17 55 56 59 4 5 6 7 15 16 66 156 163 164 173 160 161 89 198 227 196 197 19 85 199 228 229 41 46 49 20 86 116 230 118 217 223 94 119 126 231 21 97 125 33 34 22 37 127 232 233 42 38 82 102 83 103 107 23 39 40 117 218 219 222 224 225 234 195 95 144 258 287 87 203 257 47 48 88 138 259 288 289 92 50 139 174 290 68 176 277 283 51 120 122 69 177 185 291 52 96 151 184 70 53 77 186 292 293 78 79 135 129 157 131 158 165 54 80 81 175 256 278 279 282 284 285 294 178 140 145 90 206 317 345 141 202 263 316 91 142 200 318 346 347 148 93 201 235 348 121 179 237 335 341 181 123 238 246 349 98 150 213 245 124 99 128 247 350 351 130 132 188 189 220 191 221 226 100 133 134 236 309 336 337 340 342 343 352 239 207 146 266 372 397 204 262 322 371 147 205 260 373 398 399 210 149 261 295 400 180 240 297 388 394 242 182 298 306 401 152 212 273 305 183 153 187 307 402 403 190 192 249 250 280 252 281 286 154 193 194 296 299 365 389 390 393 395 396 267 208 325 419 438 264 321 377 418 209 265 319 420 439 440 270 211 320 353 241 300 354 431 436 302 243 355 363 441 214 272 332 362 244 215 248 364 442 251 253 310 311 338 313 339 344 216 254 255 356 413 432 433 435 437 326 268 380 453 465 323 376 423 452 269 324 374 454 466 329 271 375 301 357 404 460 464 359 303 405 412 274 331 386 411 304 275 308 312 314 366 367 391 369 392 276 315 406 449 461 462 463 381 327 426 473 378 422 456 472 328 379 421 384 330 358 407 443 476 409 360 444 333 385 430 361 334 368 370 414 415 434 417 445 470 477 427 382 458 424 455 475 383 425 408 446 467 448 410 387 429 416 450 451 468 479 459 428 457 474 447 469 471 478 
31 3 30 32 27 45 61 65 15 11 14 16 58 63 64 59 66 56 20 85 86 109 110 116 7 38 34 39 22 36 37 23 40 105 106 113 114 115 103 107 117 83 102 49 48 50 88 137 138 92 139 167 168 169 174 78 79 69 70 80 52 53 75 76 77 54 81 162 156 163 164 112 166 74 171 170 172 173 157 158 165 175 129 131 90 91 93 141 142 198 199 200 148 201 161 197 228 227 229 230 235 121 130 132 122 123 124 133 97 98 99 119 126 125 127 128 100 134 217 223 218 219 222 224 225 232 231 233 234 189 220 191 221 226 236 188 145 146 147 149 203 204 205 144 258 257 259 260 210 261 288 287 289 290 295 176 180 190 192 96 179 181 177 182 183 193 151 150 152 153 185 184 186 187 154 194 277 283 256 278 279 282 284 285 292 291 293 294 249 250 280 252 281 286 296 239 202 207 206 208 209 211 263 262 264 265 317 316 318 319 270 320 346 345 347 348 353 237 240 241 251 253 242 238 243 244 254 213 212 214 215 246 245 247 248 216 255 335 341 309 336 337 340 342 343 350 349 351 352 310 311 338 313 339 344 1 299 267 266 268 269 271 322 321 323 324 372 371 373 374 329 375 398 397 399 400 24 297 300 301 312 314 302 298 303 304 315 273 272 274 275 306 305 307 308 276 9 388 394 365 389 390 393 395 396 402 401 403 10 356 366 367 391 369 392 8 326 325 327 328 330 377 376 378 379 419 418 420 421 384 18 439 438 440 28 354 357 358 368 370 359 355 360 361 4 332 331 333 334 363 362 364 2 0 431 436 413 432 433 435 437 26 442 441 29 406 414 415 434 417 25 381 380 382 383 5 423 422 424 425 453 452 454 44 43 466 465 60 404 407 408 416 17 409 405 410 12 386 385 387 6 412 411 13 460 464 449 461 462 463 57 73 62 445 450 451 55 41 427 426 428 19 456 455 457 46 473 472 84 159 108 443 446 447 42 448 444 33 430 429 21 71 35 476 111 470 477 101 104 468 471 82 459 458 47 475 474 87 143 136 467 469 68 94 67 72 51 155 479 160 478 135 95 89 196 140 118 120 195 178 
6 33 4 34 2 21 0 22 67 12 68 69 9 17 15 14 70 13 51 47 52 5 7 53 94 71 118 119 120 42 121 122 123 1 3 41 38 39 36 37 124 35 29 72 95 96 89 19 90 97 98 18 20 23 99 62 75 155 176 177 178 179 55 78 180 181 182 8 10 11 16 25 43 82 83 56 79 80 63 76 77 183 73 74 140 145 150 143 144 46 48 146 151 152 24 44 45 49 50 54 153 111 112 126 160 217 237 238 135 239 240 101 102 129 130 241 242 243 26 27 28 30 31 32 40 131 103 132 133 113 114 125 127 128 244 108 196 202 207 212 84 198 206 87 88 85 91 208 213 214 86 92 93 100 215 57 162 170 185 195 104 218 156 277 297 298 188 256 299 300 157 189 190 301 302 303 58 59 60 61 64 65 66 81 191 158 192 193 166 171 172 184 186 187 304 159 136 203 141 262 267 272 137 197 258 266 142 138 147 268 273 274 139 148 149 154 275 105 161 223 231 246 278 219 335 354 355 249 309 356 357 220 250 251 358 359 360 106 107 109 110 115 116 117 134 252 221 253 254 227 232 233 245 247 248 361 167 263 204 321 326 331 199 257 317 325 205 200 209 327 332 333 201 210 211 216 334 163 222 283 291 306 336 279 388 404 405 310 365 406 407 280 311 312 408 409 410 164 165 168 169 173 174 175 194 313 281 314 315 228 287 292 293 305 307 308 322 264 376 381 385 259 316 372 380 265 260 269 382 386 387 261 270 271 276 224 282 341 349 363 389 337 431 443 444 366 413 445 446 338 367 368 447 448 225 226 229 230 234 235 236 255 369 339 370 288 345 350 351 362 364 377 323 422 427 429 318 371 419 426 324 319 328 428 430 320 329 330 284 340 394 401 412 432 390 460 467 414 449 468 469 391 415 416 285 286 289 290 294 295 296 417 392 346 397 402 403 411 423 378 455 459 373 418 453 458 379 374 383 375 384 342 393 436 441 461 433 476 450 470 478 434 451 343 344 347 348 352 353 398 438 442 456 424 474 420 452 473 425 421 395 435 464 477 462 471 479 396 399 400 439 465 475 457 454 472 437 463 440 466 
35 2 29 36 71 72 73 74 12 13 9 14 62 10 63 75 76 67 21 89 97 108 113 125 6 33 4 34 0 1 3 22 37 111 112 28 30 114 119 126 127 94 118 51 47 52 95 143 144 96 151 159 166 171 184 68 69 17 15 70 5 7 8 11 16 53 77 57 155 162 170 26 60 24 61 58 64 172 176 177 185 186 120 122 19 90 98 140 145 84 198 206 150 213 104 136 167 109 227 232 245 42 121 123 41 38 39 124 18 20 23 25 27 31 32 40 99 128 101 105 160 217 161 223 231 110 106 115 233 179 237 181 238 246 247 178 46 48 146 152 196 202 207 44 137 197 258 266 212 273 228 168 287 292 305 55 78 180 182 43 82 83 56 79 80 183 45 49 50 54 59 65 66 81 153 187 156 163 195 218 277 222 283 291 169 164 173 293 239 240 297 242 298 306 307 135 87 88 85 91 208 214 203 141 262 267 199 257 317 325 272 332 288 229 345 350 362 102 129 130 241 243 131 103 132 133 244 86 92 93 100 107 116 117 134 215 248 219 224 256 278 335 282 341 349 230 225 234 351 299 300 354 302 355 363 364 188 142 138 147 268 274 263 204 321 326 259 316 372 380 331 386 346 289 397 402 411 157 189 190 301 303 191 158 192 193 304 139 148 149 154 165 174 175 194 275 308 279 284 309 336 388 340 394 401 290 285 294 403 249 356 357 404 359 405 412 205 200 209 327 333 322 264 376 381 318 371 419 426 385 430 398 347 438 442 220 250 251 358 360 252 221 253 254 361 201 210 211 216 226 235 236 255 334 337 342 365 389 431 393 436 441 348 343 352 310 406 407 443 409 444 265 260 269 382 387 377 323 422 427 373 418 453 458 429 439 399 465 280 311 312 408 410 313 281 314 315 261 270 271 276 286 295 296 390 395 413 432 460 435 464 400 396 366 445 446 467 448 324 319 328 428 423 378 455 459 420 452 473 466 440 338 367 368 447 369 339 370 320 329 330 344 353 433 437 449 461 476 463 414 468 469 379 374 383 456 424 474 454 472 391 415 416 417 392 375 384 462 470 477 450 478 425 421 475 457 434 451 479 471 
22 36 3 37 34 52 7 53 75 14 63 76 15 11 16 70 77 69 97 90 98 20 23 99 74 119 112 126 113 30 114 125 127 38 39 31 32 40 123 124 128 122 121 96 144 151 145 48 146 150 152 49 50 54 153 176 177 162 170 185 166 171 58 64 172 184 186 56 78 79 80 27 45 61 65 59 66 81 180 182 183 187 179 181 198 206 213 202 207 85 91 208 212 214 83 88 92 86 93 100 215 217 237 238 161 223 231 246 109 227 232 105 106 110 115 233 245 247 102 103 129 130 131 132 133 116 107 117 134 240 241 242 243 244 248 239 197 258 266 273 141 262 267 137 138 142 147 268 272 274 148 139 149 154 275 156 277 297 298 167 218 222 163 283 291 306 168 228 287 292 164 169 173 293 305 307 157 158 188 189 190 191 192 193 174 165 175 194 299 300 301 302 303 304 308 256 203 257 199 317 325 332 204 263 321 326 200 205 209 327 331 333 210 201 211 216 334 219 278 335 354 355 282 224 341 349 363 229 288 345 350 225 230 234 351 362 364 220 221 249 250 251 252 253 254 235 226 236 255 356 357 358 359 360 361 2 309 316 259 372 380 386 264 322 376 381 260 265 269 382 385 387 270 261 271 276 6 279 336 388 404 405 340 284 394 401 412 289 346 397 402 285 290 294 403 411 13 280 281 310 311 312 313 314 315 295 286 296 9 365 406 407 408 409 410 12 371 318 419 426 430 323 377 422 427 319 324 328 428 429 21 329 320 330 0 337 389 431 443 444 393 342 436 441 71 347 398 438 442 343 348 352 29 35 338 339 366 367 368 369 370 4 353 344 1 413 445 446 447 448 33 418 373 453 458 72 378 423 455 459 374 379 383 47 51 384 375 5 390 432 460 467 67 435 395 464 62 399 439 465 73 396 400 10 391 392 414 415 416 417 17 24 8 449 468 469 68 94 452 420 473 89 424 456 474 95 421 425 19 43 18 433 461 476 118 463 437 111 440 466 108 26 28 434 25 450 451 42 41 470 478 120 472 454 143 457 475 140 44 46 462 477 155 104 57 60 159 55 471 82 479 178 136 84 87 196 101 160 135 195 
7 38 34 39 3 20 22 23 56 15 78 79 14 69 70 16 80 11 49 48 50 52 53 54 83 27 102 103 129 121 130 131 132 36 37 122 123 124 32 40 133 31 30 45 88 92 85 90 91 86 93 97 98 99 100 58 59 156 157 158 188 189 176 180 190 191 192 75 63 76 77 119 96 179 181 177 182 183 64 66 81 193 61 65 141 142 148 137 138 145 146 147 139 149 74 144 151 150 152 153 154 105 106 107 218 219 220 221 239 249 250 217 237 240 241 251 252 253 112 126 113 114 125 127 128 242 238 243 244 110 115 116 117 134 254 109 203 204 205 210 198 199 200 202 207 206 208 209 201 211 213 212 214 215 216 162 163 164 165 256 161 278 277 279 280 281 299 309 310 311 297 300 301 312 313 314 170 185 166 171 172 184 186 187 302 298 303 304 168 169 173 174 175 194 315 167 197 263 262 264 265 270 258 257 259 260 267 266 268 269 261 271 273 272 274 275 276 223 222 224 225 226 336 335 337 338 339 356 365 366 367 354 357 358 368 369 370 231 246 227 232 233 245 247 248 359 355 360 361 229 230 234 235 236 255 4 228 322 321 323 324 329 317 316 318 319 326 325 327 328 320 330 332 331 333 334 0 283 282 284 285 286 389 388 390 391 392 406 413 414 415 404 407 408 416 417 17 291 306 287 292 293 305 307 308 409 405 410 12 288 289 290 294 295 296 9 377 376 378 379 384 372 371 373 374 381 380 382 383 375 5 386 385 387 6 341 340 342 343 344 432 431 433 434 25 445 449 450 451 443 446 447 42 41 349 363 345 350 351 362 364 2 448 444 33 346 347 348 352 353 1 423 422 424 425 43 419 418 420 421 427 426 428 19 18 430 429 21 394 393 395 396 8 461 460 462 55 468 470 471 82 467 469 68 401 412 397 402 403 411 13 94 67 398 399 400 10 24 456 455 457 46 453 452 454 44 459 458 47 72 51 436 435 437 26 477 476 101 478 479 135 118 120 441 71 438 442 29 35 439 440 28 475 474 87 473 472 84 95 89 464 463 57 160 155 178 195 62 465 73 466 60 196 140 143 136 111 104 108 159 
23 32 37 40 39 50 53 54 59 16 64 66 70 76 77 80 81 79 86 91 93 98 99 100 65 103 106 107 110 114 115 116 117 123 124 125 127 128 132 133 134 131 130 92 138 139 142 146 147 148 149 150 152 153 154 157 158 163 164 165 168 169 170 172 173 174 175 177 180 182 183 126 151 171 184 185 186 187 190 192 193 194 189 191 199 200 201 204 205 206 208 209 210 211 181 207 212 213 214 215 216 219 220 221 222 224 225 226 227 229 230 223 231 232 233 234 235 236 237 238 240 241 242 243 244 245 246 247 248 250 251 252 253 254 255 249 257 259 260 261 262 264 265 258 266 267 268 269 270 271 272 273 274 275 276 277 279 280 281 228 278 282 283 284 285 286 287 288 289 290 291 292 293 294 295 296 297 298 299 300 301 302 303 304 305 306 307 308 310 311 312 313 314 315 9 309 263 316 317 318 319 320 321 322 323 324 325 326 327 328 329 330 331 332 333 334 0 335 336 337 338 339 340 341 342 343 344 345 346 347 348 349 350 351 352 353 1 354 355 356 357 358 359 360 361 362 363 364 2 366 367 368 369 370 4 3 365 371 372 373 374 375 376 377 378 379 380 381 382 383 384 5 385 386 387 6 7 388 389 390 391 392 393 394 395 396 8 397 398 399 400 401 402 403 10 24 11 404 405 406 407 408 409 410 12 411 412 13 14 413 414 415 416 417 17 15 418 419 420 421 18 422 423 424 425 426 427 428 19 43 20 429 430 21 22 431 432 433 434 25 435 436 437 26 27 438 439 440 28 441 442 29 30 31 443 444 445 446 447 448 33 34 35 71 36 449 450 451 42 41 38 452 453 454 44 45 455 456 457 46 458 459 47 48 49 51 72 52 460 461 462 55 56 463 464 57 58 465 466 60 61 62 73 63 467 67 468 469 68 94 69 74 75 470 471 82 78 83 472 473 84 85 474 475 87 88 89 95 90 96 97 476 477 101 102 104 111 105 108 159 109 112 113 118 119 478 120 121 122 479 135 129 136 143 137 140 196 141 144 145 155 160 156 161 162 166 167 176 178 179 195 188 197 198 202 203 217 218 239 256 
41 4 42 38 25 43 82 83 9 17 12 15 55 68 78 56 79 8 5 46 49 135 129 131 0 1 2 3 6 33 34 7 39 101 102 120 121 130 27 103 132 24 26 18 19 20 44 87 88 45 92 195 188 189 191 10 11 13 14 16 21 22 67 69 70 23 80 155 57 156 157 118 178 94 179 176 180 190 58 59 158 192 28 31 47 48 50 84 85 140 141 142 86 148 160 196 256 239 249 250 252 29 30 32 35 36 37 40 51 52 53 71 119 122 123 124 54 133 111 217 104 105 218 219 220 240 237 241 251 61 106 65 107 221 253 60 89 90 91 93 136 137 138 95 202 203 204 205 139 210 309 299 310 311 313 62 63 64 66 72 73 74 75 76 77 81 96 97 98 99 177 181 182 183 100 193 162 277 159 161 163 278 279 280 300 297 301 312 109 110 164 116 165 281 314 108 143 144 145 146 147 149 197 198 199 200 262 263 264 265 201 270 365 356 366 367 369 112 113 114 115 117 125 126 127 128 134 150 151 152 153 238 242 243 244 154 254 223 335 167 222 224 336 337 338 357 354 358 368 168 169 225 174 226 339 370 166 206 207 208 209 211 257 258 259 260 321 322 323 324 261 329 413 406 414 415 417 170 171 172 173 175 184 185 186 187 194 212 213 214 215 298 302 303 304 216 315 283 388 228 282 284 389 390 391 407 404 408 416 227 229 230 285 235 286 392 266 267 268 269 271 316 317 318 319 376 377 378 379 320 384 449 445 450 451 231 232 233 234 236 245 246 247 248 255 272 273 274 275 355 359 360 361 276 341 431 288 340 342 432 433 434 446 443 447 287 289 290 343 295 344 325 326 327 328 330 371 372 373 374 422 423 424 425 375 470 468 471 291 292 293 294 296 305 306 307 308 331 332 333 334 405 409 410 394 460 346 393 395 461 462 469 467 345 347 348 396 353 380 381 382 383 418 419 420 421 455 456 457 479 478 349 350 351 352 362 363 364 385 386 387 444 448 436 476 398 435 437 477 397 399 400 426 427 428 452 453 454 474 475 401 402 403 411 412 429 430 464 439 463 438 440 458 459 472 473 441 442 466 465 
43 24 44 45 5 41 46 49 1 18 28 31 19 84 85 20 86 0 25 82 83 87 88 92 8 9 10 11 26 60 61 27 65 47 48 136 137 138 7 50 139 4 6 17 55 56 42 135 129 38 131 140 141 142 148 2 3 29 30 32 57 58 108 109 110 59 116 89 21 90 91 143 196 159 197 198 199 200 22 23 93 201 12 15 101 102 103 68 78 195 188 189 79 191 95 178 202 203 204 205 210 13 14 16 62 63 64 66 104 105 106 73 166 167 168 169 107 174 72 144 51 52 145 146 147 257 258 259 260 34 53 39 54 149 261 33 155 156 157 158 120 121 130 160 256 239 249 250 132 252 262 263 264 265 270 35 36 37 40 111 71 112 113 114 115 117 161 162 163 164 227 228 229 230 165 235 97 206 94 96 98 207 208 209 316 317 318 319 69 70 99 80 100 211 320 67 118 217 218 219 220 221 179 176 180 190 309 299 310 311 192 313 321 322 323 324 329 74 75 76 77 81 170 171 172 173 175 222 223 224 225 287 288 289 290 226 295 151 266 122 150 152 267 268 269 371 372 373 374 123 124 153 133 154 271 375 119 277 278 279 280 281 240 237 241 251 365 356 366 367 253 369 376 377 378 379 384 125 126 127 128 134 231 232 233 234 236 282 283 284 285 345 346 347 348 286 353 213 325 181 212 214 326 327 328 418 419 420 421 177 182 183 215 193 216 330 335 336 337 338 339 300 297 301 312 413 406 414 415 314 417 422 423 424 425 184 185 186 187 194 291 292 293 294 296 340 341 342 343 397 398 399 400 344 273 380 242 272 274 381 382 383 452 453 454 238 243 244 275 254 276 388 389 390 391 392 357 354 358 368 449 445 450 451 370 455 456 457 245 246 247 248 255 349 350 351 352 393 394 395 396 438 439 440 332 426 302 331 333 427 428 472 473 298 303 304 334 315 431 432 433 434 407 404 408 416 470 468 471 474 475 305 306 307 308 401 402 403 435 436 437 465 466 386 458 359 385 387 459 355 360 361 460 461 462 446 443 447 479 478 362 363 364 441 442 463 464 430 409 429 405 410 476 477 469 467 411 412 448 444 
46 47 5 48 44 87 43 88 89 19 21 90 18 0 20 85 91 84 140 135 141 41 49 142 95 143 72 144 51 6 52 145 146 24 45 4 7 50 137 138 147 136 60 196 178 202 195 82 188 203 204 25 83 92 205 108 198 35 97 206 94 96 2 22 98 207 208 1 28 31 86 9 17 12 15 3 23 93 109 199 200 209 159 197 120 239 262 160 256 42 129 249 263 264 8 55 56 38 131 148 265 73 166 258 71 74 151 266 33 122 150 13 14 34 53 152 267 268 10 11 26 61 27 65 139 39 16 54 149 167 168 257 259 260 269 104 118 179 299 321 101 218 309 68 78 102 189 310 322 323 103 79 191 210 324 29 113 227 317 67 62 75 36 125 213 325 69 119 181 212 37 70 99 214 326 327 30 32 57 58 110 59 116 201 80 40 100 211 161 228 229 316 318 319 328 111 155 176 121 240 356 376 156 217 278 365 130 157 250 366 377 378 158 132 252 270 379 63 112 171 287 372 126 76 184 273 380 123 177 242 272 77 124 153 274 381 382 64 66 105 106 169 107 174 261 133 81 154 271 222 288 289 371 373 374 383 162 237 180 300 406 422 219 277 336 413 190 220 311 414 423 424 221 192 313 329 425 114 170 232 345 419 185 127 245 332 426 182 238 302 331 128 183 215 333 427 428 115 117 163 164 230 165 235 320 193 134 216 330 223 282 346 347 418 420 421 297 241 357 445 455 279 335 389 449 251 280 367 450 456 457 281 253 369 384 172 231 292 397 453 246 186 305 386 458 243 298 359 385 187 244 275 387 459 173 175 224 225 290 226 295 375 254 194 276 283 340 398 399 452 454 354 301 407 468 474 337 388 432 470 312 338 415 471 475 339 314 417 233 291 350 438 473 306 247 362 430 303 355 409 429 248 304 334 234 236 284 285 348 286 353 315 255 341 393 439 440 472 404 358 446 478 390 431 461 479 368 391 451 392 370 293 349 402 465 363 307 411 360 405 448 308 361 294 296 342 343 400 344 394 435 466 443 408 469 433 460 477 416 434 351 401 442 412 364 410 444 352 395 396 436 463 467 447 462 476 403 441 437 464 
49 7 48 50 45 83 88 92 3 20 22 23 85 90 91 86 93 31 38 129 131 141 142 148 15 11 14 16 34 52 53 39 54 137 138 145 146 147 65 139 149 27 61 56 78 79 102 188 189 103 191 203 204 205 210 30 32 36 37 40 69 70 97 98 99 80 100 198 109 199 200 144 202 96 207 206 208 209 110 116 201 211 58 59 121 130 132 156 157 239 249 250 158 252 197 256 263 262 264 265 270 63 64 66 75 76 77 81 122 123 124 74 151 150 152 153 133 154 166 258 167 168 257 259 260 267 266 268 269 106 169 107 174 261 271 105 176 180 190 192 218 219 220 179 299 309 310 311 221 313 322 321 323 324 329 113 114 115 117 119 112 126 125 127 128 134 181 177 182 183 213 212 214 215 193 216 227 317 161 228 229 316 318 319 326 325 327 328 163 164 230 165 235 320 330 162 217 237 240 241 251 253 278 277 279 280 356 365 366 367 281 369 377 376 378 379 384 171 170 172 173 175 185 184 186 187 194 242 238 243 244 273 272 274 275 254 276 287 372 222 288 289 371 373 374 381 380 382 383 224 225 290 226 295 375 5 223 297 300 301 312 314 336 335 337 338 406 413 414 415 339 417 423 422 424 425 43 232 231 233 234 236 246 245 247 248 255 302 298 303 304 332 331 333 334 315 0 345 419 282 346 347 418 420 421 427 426 428 19 283 284 285 348 286 353 18 354 357 358 368 370 389 388 390 391 445 449 450 451 392 41 456 455 457 46 292 291 293 294 296 306 305 307 308 9 359 355 360 361 386 385 387 6 4 397 453 340 398 399 452 454 44 459 458 47 341 342 343 400 344 24 404 407 408 416 17 432 431 433 434 468 470 471 82 25 475 474 87 350 349 351 352 1 363 362 364 2 409 405 410 12 430 429 21 438 473 393 439 440 472 84 95 89 394 395 396 28 8 443 446 447 42 461 460 462 55 478 479 135 196 140 402 401 403 10 412 411 13 448 444 33 72 51 465 143 435 466 60 136 436 437 26 467 469 68 477 476 101 178 195 442 441 29 71 35 94 67 108 463 159 464 57 118 120 160 155 73 62 104 111 
51 6 47 52 72 94 95 96 2 21 0 22 89 19 90 97 98 35 33 120 122 140 145 150 12 13 9 14 4 5 7 34 53 143 144 46 48 146 74 151 152 71 73 67 68 69 118 178 179 119 181 196 202 207 212 29 36 1 3 37 17 15 18 20 23 70 99 84 108 198 206 44 87 43 88 85 91 208 113 125 213 214 62 75 42 121 123 155 176 135 239 240 177 242 136 195 203 141 262 267 272 10 63 76 8 11 16 77 41 38 39 24 45 49 50 54 124 153 60 137 159 166 197 258 266 142 138 147 268 112 171 126 184 273 274 111 55 78 180 182 160 217 237 82 188 256 299 300 238 302 263 204 321 326 331 28 30 114 127 25 26 27 31 32 40 128 83 56 79 80 86 92 93 100 183 215 109 199 104 167 227 257 317 325 205 200 209 327 162 170 232 185 245 332 333 57 101 102 129 130 241 243 218 156 277 297 249 309 356 357 298 359 322 264 376 381 385 61 58 64 172 186 59 65 66 81 187 131 103 132 133 139 148 149 154 244 275 168 259 161 228 287 316 372 380 265 260 269 382 223 231 292 246 305 386 387 105 157 189 190 301 303 278 219 335 354 310 365 406 407 355 409 377 323 422 427 429 110 106 115 233 247 107 116 117 134 248 191 158 192 193 201 210 211 216 304 334 229 318 222 288 345 371 419 426 324 319 328 428 163 283 291 350 306 362 430 220 250 251 358 360 336 279 388 404 366 413 445 446 405 448 423 378 455 459 169 164 173 293 307 165 174 175 194 308 252 221 253 254 261 270 271 276 361 289 373 282 346 397 418 453 458 379 374 383 224 341 349 402 363 411 280 311 312 408 410 389 337 431 443 414 449 468 469 444 456 424 474 230 225 234 351 364 226 235 236 255 313 281 314 315 320 329 330 347 420 340 398 438 452 473 425 421 284 394 401 442 412 338 367 368 447 432 390 460 467 450 470 478 475 457 290 285 294 403 286 295 296 369 339 370 375 384 399 454 393 439 465 472 342 436 441 391 415 416 461 433 476 471 479 348 343 352 344 353 417 392 440 435 466 395 464 434 451 477 462 400 396 463 437 
34 52 7 53 14 69 15 70 97 22 90 98 3 20 23 37 99 36 122 121 123 38 39 124 96 74 144 151 145 48 146 150 152 11 16 49 50 54 76 77 153 75 63 119 179 181 176 78 180 177 182 56 79 80 183 113 125 198 206 213 202 207 85 91 208 212 214 31 30 32 40 45 83 88 92 86 93 100 114 127 128 215 112 126 239 240 242 217 237 129 130 241 238 243 27 102 103 131 132 133 244 166 171 184 197 258 266 273 141 262 267 137 138 142 147 268 272 274 61 65 58 64 59 66 81 148 139 149 154 170 172 185 186 187 275 162 256 299 300 302 156 277 297 188 189 157 190 301 298 303 158 191 192 193 304 109 227 232 245 203 167 257 199 317 325 332 204 263 321 326 200 205 209 327 331 333 110 116 105 106 115 107 117 134 210 201 211 216 223 231 233 246 247 248 334 161 218 309 249 356 357 359 219 278 335 354 250 220 251 358 355 360 221 252 253 254 361 168 228 287 292 305 316 259 372 380 386 264 322 376 381 260 265 269 382 385 387 169 174 163 164 173 165 175 194 270 261 271 276 283 291 293 306 307 308 6 222 365 310 406 407 409 279 336 388 404 311 280 312 408 405 410 281 313 314 315 12 229 288 345 350 362 371 318 419 426 430 323 377 422 427 319 324 328 428 429 21 230 235 224 225 234 226 236 255 329 320 330 0 282 341 349 351 363 364 2 413 366 445 446 448 337 389 431 443 367 338 368 447 444 33 339 369 370 4 289 346 397 402 411 418 373 453 458 72 378 423 455 459 374 379 383 47 51 290 295 284 285 294 286 296 9 384 375 5 340 394 401 403 412 13 449 414 468 469 94 390 432 460 467 415 391 416 68 67 392 417 17 347 398 438 442 35 452 420 473 89 424 456 474 95 421 425 19 348 353 342 343 352 344 1 43 18 393 436 441 29 71 470 450 478 120 433 461 476 118 451 434 42 25 41 399 439 465 73 472 454 143 457 475 140 44 46 400 24 395 396 10 8 435 464 62 479 471 178 462 477 155 82 55 440 466 108 136 84 87 196 28 437 26 463 111 195 135 101 160 60 159 57 104 
39 50 53 54 16 79 70 80 86 23 91 93 37 98 99 40 100 32 131 130 132 123 124 133 92 65 138 139 142 146 147 148 149 76 77 150 152 153 66 81 154 59 64 103 189 191 157 180 190 158 192 177 182 183 193 110 116 199 200 201 204 205 206 208 209 210 211 125 114 127 128 151 181 207 212 213 214 215 115 117 134 216 106 107 249 250 252 219 220 240 241 251 221 253 126 237 238 242 243 244 254 168 169 174 257 259 260 261 262 264 265 258 266 267 268 269 270 271 171 184 170 172 185 186 187 272 273 274 275 164 173 165 175 194 276 163 309 310 311 313 277 279 280 299 300 297 301 312 281 314 298 302 303 304 315 227 229 230 235 263 228 316 317 318 319 320 321 322 323 324 325 326 327 328 329 330 232 245 223 231 233 246 247 248 331 332 333 334 224 225 234 226 236 255 0 222 278 365 356 366 367 369 335 336 337 338 357 354 358 368 339 370 355 359 360 361 4 287 288 289 290 295 371 372 373 374 375 376 377 378 379 380 381 382 383 384 5 292 305 283 291 293 306 307 308 385 386 387 6 284 285 294 286 296 9 7 282 413 406 414 415 417 388 389 390 391 407 404 408 416 392 17 405 409 410 12 15 345 346 347 348 353 418 419 420 421 18 422 423 424 425 426 427 428 19 43 20 350 362 341 349 351 363 364 2 429 430 21 22 340 342 343 352 344 1 3 449 445 450 451 41 431 432 433 434 446 443 447 42 25 38 444 448 33 34 397 398 399 400 24 452 453 454 44 45 455 456 457 46 458 459 47 48 49 402 411 394 401 403 412 13 14 51 72 52 393 395 396 10 8 11 470 468 471 82 83 460 461 462 55 469 467 68 78 56 67 94 69 438 439 440 28 31 472 473 84 85 474 475 87 88 89 95 90 442 35 436 441 29 71 36 96 97 435 437 26 30 27 479 478 135 129 476 477 101 102 120 118 121 119 122 465 466 60 61 136 143 137 140 196 141 144 145 73 74 464 62 63 75 463 57 58 195 178 188 155 160 156 179 176 108 159 109 197 198 202 203 113 111 112 104 105 256 239 217 218 166 167 162 161 
1 18 28 31 8 9 10 11 43 24 44 45 26 60 61 27 65 25 0 2 3 29 30 32 5 41 46 49 19 84 85 20 86 57 58 108 109 110 56 59 116 17 55 4 6 7 12 13 14 15 16 62 63 64 66 82 83 87 88 92 47 48 136 137 138 50 139 104 101 105 106 159 73 143 166 167 168 169 102 103 107 174 42 38 21 22 23 33 34 35 36 37 39 40 111 71 112 113 114 115 117 135 129 131 140 141 142 148 89 90 91 196 197 198 199 200 93 201 160 161 155 156 162 163 164 227 228 229 230 78 157 79 158 165 235 68 51 52 53 54 67 69 70 72 74 75 76 77 80 81 170 171 172 173 175 195 188 189 191 95 178 202 203 204 205 210 144 145 146 147 257 258 259 260 149 261 218 222 118 217 219 223 224 225 287 288 289 290 121 130 220 132 221 226 295 120 94 96 97 98 99 100 119 122 123 124 125 126 127 128 133 134 231 232 233 234 236 256 239 249 250 252 262 263 264 265 270 206 207 208 209 316 317 318 319 211 320 278 282 176 277 279 283 284 285 345 346 347 348 180 190 280 192 281 286 353 179 150 151 152 153 154 177 181 182 183 184 185 186 187 193 194 291 292 293 294 296 309 299 310 311 313 321 322 323 324 329 266 267 268 269 371 372 373 374 271 375 336 340 237 335 337 341 342 343 397 398 399 400 240 241 251 338 253 339 344 212 213 214 215 216 238 242 243 244 245 246 247 248 254 255 349 350 351 352 365 356 366 367 369 376 377 378 379 384 325 326 327 328 418 419 420 421 330 389 393 297 388 390 394 395 396 438 439 440 300 301 312 391 314 392 272 273 274 275 276 298 302 303 304 305 306 307 308 315 401 402 403 413 406 414 415 417 422 423 424 425 380 381 382 383 452 453 454 432 435 354 431 433 436 437 465 466 357 358 368 434 370 331 332 333 334 355 359 360 361 362 363 364 441 442 449 445 450 451 455 456 457 426 427 428 472 473 461 463 404 460 462 464 407 408 416 385 386 387 405 409 410 411 412 470 468 471 474 475 458 459 477 443 476 446 447 429 430 444 448 479 478 467 469 
17 8 55 56 41 4 42 38 24 25 26 27 82 101 102 83 103 43 9 12 15 68 78 79 1 18 28 31 10 57 58 11 59 135 129 155 156 157 49 131 158 5 46 0 2 3 6 33 34 7 39 120 121 130 132 44 45 60 61 65 29 30 104 105 106 32 107 195 87 188 189 160 118 111 217 218 219 220 88 92 191 221 19 20 13 14 16 21 22 67 69 70 23 80 178 94 179 176 180 190 192 84 85 86 108 109 110 116 62 63 64 159 161 162 163 164 66 165 196 256 140 141 239 249 250 277 278 279 280 48 142 50 148 252 281 47 35 36 37 40 51 52 53 71 119 122 123 124 54 133 240 237 241 251 253 136 137 138 139 73 143 166 167 168 169 174 112 113 114 115 222 223 224 225 117 226 203 309 95 202 204 299 310 311 335 336 337 338 90 91 205 93 210 313 339 89 72 74 75 76 77 81 96 97 98 99 177 181 182 183 100 193 300 297 301 312 314 197 198 199 200 201 227 228 229 230 235 170 171 172 173 282 283 284 285 175 286 263 365 145 262 264 356 366 367 388 389 390 391 146 147 265 149 270 369 392 144 125 126 127 128 134 150 151 152 153 238 242 243 244 154 254 357 354 358 368 370 257 258 259 260 261 287 288 289 290 295 231 232 233 234 340 341 342 343 236 344 322 413 207 321 323 406 414 415 431 432 433 434 206 208 209 324 211 329 417 184 185 186 187 194 212 213 214 215 298 302 303 304 216 315 407 404 408 416 316 317 318 319 320 345 346 347 348 353 291 292 293 294 393 394 395 396 296 377 449 267 376 378 445 450 451 460 461 462 266 268 269 379 271 384 245 246 247 248 255 272 273 274 275 355 359 360 361 276 446 443 447 371 372 373 374 375 397 398 399 400 349 350 351 352 435 436 437 423 470 326 422 424 468 471 476 477 325 327 328 425 330 305 306 307 308 331 332 333 334 405 409 410 469 467 418 419 420 421 438 439 440 401 402 403 463 464 456 479 381 455 457 478 380 382 383 362 363 364 385 386 387 444 448 452 453 454 465 466 441 442 475 427 474 426 428 411 412 429 430 472 473 459 458 
10 57 8 58 28 29 1 30 104 26 101 105 24 25 27 61 106 60 62 13 63 9 11 64 111 159 160 161 155 55 156 162 163 18 31 17 56 59 109 110 164 108 84 73 71 112 35 2 36 113 114 0 3 32 115 136 167 195 218 222 118 217 82 102 219 223 224 43 44 45 65 41 4 42 38 83 103 107 137 168 169 225 143 166 67 75 170 72 74 12 14 76 171 172 5 6 7 15 16 66 173 196 197 228 178 256 278 282 68 176 277 135 129 78 157 279 283 284 46 49 19 85 20 86 116 79 131 158 165 198 199 227 229 230 285 89 94 119 126 231 21 97 125 33 34 22 37 127 232 233 23 39 40 117 234 87 203 257 288 120 140 239 188 309 336 340 121 179 237 335 189 130 220 337 341 342 88 92 47 48 138 50 139 174 132 191 221 226 144 258 259 287 289 290 343 95 51 122 69 177 185 291 52 96 151 184 70 53 77 186 292 293 54 80 81 175 294 141 202 263 316 346 299 249 365 389 393 180 240 297 388 250 190 280 390 394 395 142 148 90 91 200 93 201 235 192 252 281 286 206 317 318 345 347 348 396 145 181 123 238 246 349 98 150 213 245 124 99 128 247 350 351 100 133 134 236 352 204 262 322 371 398 356 310 413 432 435 241 300 354 431 311 251 338 433 436 437 205 210 146 147 260 149 261 295 253 313 339 344 207 266 372 373 397 399 400 242 182 298 306 401 152 212 273 305 183 153 187 307 402 403 154 193 194 296 264 321 377 418 439 406 366 449 461 463 301 357 404 460 367 312 391 462 464 265 270 208 209 319 211 320 353 314 369 392 267 325 419 420 438 440 302 243 355 363 441 214 272 332 362 244 215 248 364 442 216 254 255 323 376 423 452 466 445 414 470 477 358 407 443 476 415 368 434 324 329 268 269 374 271 375 370 417 326 380 453 454 465 359 303 405 412 274 331 386 411 304 275 308 276 315 378 422 456 472 468 450 479 408 446 467 451 416 379 384 327 328 421 330 381 426 473 409 360 444 333 385 430 361 334 424 455 475 478 471 447 469 425 382 383 427 458 448 410 387 429 457 474 428 459 
11 56 58 59 31 3 30 32 83 27 102 103 61 105 106 65 107 45 15 14 16 63 64 66 38 49 129 131 78 156 157 79 158 109 110 162 163 164 86 116 165 20 85 7 34 39 22 36 37 23 40 113 114 115 117 88 92 188 189 191 121 130 218 219 220 132 221 167 137 168 169 161 112 217 223 222 224 225 138 139 174 226 48 50 69 70 80 52 53 75 76 77 54 81 166 74 171 170 172 173 175 141 142 148 239 249 250 252 176 180 190 256 278 277 279 280 192 281 197 228 198 199 227 229 230 283 282 284 285 91 200 93 201 235 286 90 122 123 124 133 97 98 99 119 126 125 127 128 100 134 232 231 233 234 236 203 204 205 210 179 202 299 309 310 311 313 237 240 241 251 336 335 337 338 253 339 257 288 144 258 259 287 289 290 341 340 342 343 146 147 260 149 261 295 344 145 96 181 177 182 183 193 151 150 152 153 185 184 186 187 154 194 292 291 293 294 296 263 262 264 265 270 356 365 366 367 369 297 300 301 312 389 388 390 391 314 392 316 346 206 317 318 345 347 348 394 393 395 396 208 209 319 211 320 353 8 207 242 238 243 244 254 213 212 214 215 246 245 247 248 216 255 350 349 351 352 1 322 321 323 324 329 406 413 414 415 417 354 357 358 368 432 431 433 434 370 25 371 398 266 372 373 397 399 400 436 435 437 26 267 268 269 374 271 375 24 302 298 303 304 315 273 272 274 275 306 305 307 308 276 9 402 401 403 10 377 376 378 379 384 445 449 450 451 41 404 407 408 416 461 460 462 55 17 418 439 325 419 420 438 440 28 464 463 57 326 327 328 421 330 18 359 355 360 361 4 332 331 333 334 363 362 364 2 0 442 441 29 423 422 424 425 43 468 470 471 82 443 446 447 42 477 476 101 452 466 380 453 454 465 60 111 104 381 382 383 44 5 409 405 410 12 386 385 387 6 412 411 13 73 62 456 455 457 46 478 479 135 467 469 68 160 155 472 159 426 473 84 108 427 428 19 448 444 33 430 429 21 71 35 475 474 87 178 195 118 120 136 458 143 459 47 94 67 72 51 196 140 89 95 
26 60 24 61 10 57 8 58 108 28 84 109 1 18 31 30 110 29 104 101 105 25 27 106 159 73 143 166 136 44 137 167 168 9 11 43 45 65 63 64 169 62 13 111 160 161 155 55 156 162 163 17 56 59 164 35 113 89 198 227 196 197 19 85 199 228 229 0 2 3 32 5 41 46 49 20 86 116 36 114 115 230 71 112 195 218 222 118 217 82 102 219 223 224 4 42 38 83 103 107 225 72 74 171 95 144 258 287 87 203 257 47 48 88 138 259 288 289 6 7 12 14 15 16 66 92 50 139 174 75 76 170 172 173 290 67 178 256 278 282 68 176 277 135 129 78 157 279 283 284 79 131 158 165 285 21 97 125 232 140 51 145 90 206 317 345 141 202 263 316 91 142 200 318 346 347 22 23 33 34 37 39 40 117 148 93 201 235 119 126 127 231 233 234 348 94 120 239 188 309 336 340 121 179 237 335 189 130 220 337 341 342 132 191 221 226 343 52 96 151 184 292 207 146 266 372 397 204 262 322 371 147 205 260 373 398 399 53 54 69 70 77 80 81 175 210 149 261 295 177 185 186 291 293 294 400 122 299 249 365 389 393 180 240 297 388 250 190 280 390 394 395 192 252 281 286 396 98 150 213 245 350 267 208 325 419 438 264 321 377 418 209 265 319 420 439 440 99 100 123 124 128 133 134 236 270 211 320 353 181 238 246 247 349 351 352 356 310 413 432 435 241 300 354 431 311 251 338 433 436 437 253 313 339 344 152 212 273 305 402 326 268 380 453 465 323 376 423 452 269 324 374 454 466 153 154 182 183 187 193 194 296 329 271 375 242 298 306 307 401 403 406 366 449 461 463 301 357 404 460 367 312 391 462 464 314 369 392 214 272 332 362 442 381 327 426 473 378 422 456 472 328 379 421 215 216 243 244 248 254 255 384 330 302 355 363 364 441 445 414 470 477 358 407 443 476 415 368 434 370 417 274 331 386 411 427 382 458 424 455 475 383 425 275 276 303 304 308 315 359 405 412 468 450 479 408 446 467 451 416 333 385 430 459 428 457 474 334 360 361 409 444 478 471 447 469 387 429 410 448 
62 10 13 63 73 111 71 112 28 29 1 30 35 2 36 113 114 108 57 155 162 67 75 170 26 60 24 61 8 9 11 58 64 72 74 12 14 76 166 171 172 159 143 104 101 105 160 118 217 161 223 94 119 126 231 84 109 18 31 110 25 27 0 3 32 106 115 21 89 97 125 6 33 4 34 22 37 127 198 227 232 233 136 167 55 156 163 195 218 68 176 277 222 283 51 120 122 69 177 185 291 44 137 168 43 45 65 169 17 56 59 5 7 15 16 66 164 173 47 52 95 144 96 151 184 70 53 77 186 197 258 228 287 292 293 196 82 102 219 224 178 256 278 42 121 179 237 335 282 341 181 123 238 246 349 19 85 199 229 41 46 49 20 86 116 230 38 83 103 107 23 39 40 117 225 234 90 98 140 145 206 150 213 245 124 99 128 247 203 257 317 288 345 350 351 87 135 129 78 157 279 284 239 188 309 336 180 240 297 388 340 394 242 182 298 306 401 48 88 138 259 289 92 50 139 174 290 79 131 158 165 54 80 81 175 285 294 146 152 202 207 266 212 273 305 183 153 187 307 263 316 372 346 397 402 403 141 189 130 220 337 342 299 249 365 389 241 300 354 431 393 436 302 243 355 363 441 91 142 200 318 347 148 93 201 235 348 132 191 221 226 100 133 134 236 343 352 208 214 262 267 325 272 332 362 244 215 248 364 204 322 371 419 398 438 442 250 190 280 390 395 356 310 413 432 301 357 404 460 435 464 359 303 405 412 147 205 260 373 399 210 149 261 295 400 192 252 281 286 154 193 194 296 396 268 274 321 326 380 331 386 411 304 275 308 264 377 418 453 439 465 311 251 338 433 437 406 366 449 461 358 407 443 476 463 409 360 444 209 265 319 420 440 270 211 320 353 253 313 339 344 216 254 255 327 333 376 381 426 385 430 361 334 323 423 452 473 466 367 312 391 462 445 414 470 477 408 446 467 448 410 269 324 374 454 329 271 375 314 369 392 276 315 382 387 422 427 458 429 378 456 472 415 368 434 468 450 479 447 469 328 379 421 384 330 370 417 428 455 459 424 475 451 416 478 471 383 425 474 457 
58 63 11 64 61 105 27 106 113 30 36 114 31 3 32 110 115 109 162 156 163 56 59 164 112 166 74 171 75 14 76 170 172 45 65 15 16 66 168 169 173 167 137 161 217 223 218 102 219 222 224 83 103 107 225 198 227 97 125 232 119 126 22 37 127 231 233 20 85 86 116 7 38 34 39 23 40 117 199 229 230 234 197 228 176 277 283 256 278 78 157 279 282 284 49 129 131 79 158 165 285 144 258 287 96 151 184 292 69 177 185 52 53 70 77 186 291 293 48 50 88 138 92 139 174 80 54 81 175 257 259 288 289 290 294 203 179 237 335 341 188 309 336 121 130 189 220 337 340 342 191 132 221 226 343 90 206 317 345 122 145 150 98 213 245 350 123 181 238 246 99 124 128 247 349 351 91 93 141 142 200 148 201 235 133 100 134 236 263 316 318 346 347 348 352 202 239 240 180 297 388 394 249 299 365 389 190 250 280 390 393 395 252 192 281 286 396 146 207 266 372 397 212 152 273 305 402 182 242 298 306 153 183 187 307 401 403 147 149 204 205 260 210 261 295 193 154 194 296 322 371 373 398 399 400 10 262 300 241 354 431 436 310 356 413 432 251 311 338 433 435 437 313 253 339 344 26 208 267 325 419 438 272 214 332 362 442 243 302 355 363 215 244 248 364 441 29 209 211 264 265 319 270 320 353 254 216 255 1 321 377 418 420 439 440 28 357 301 404 460 464 366 406 449 461 312 367 391 462 463 57 369 314 392 8 268 326 380 453 465 331 274 386 411 73 303 359 405 412 275 304 308 13 62 269 271 323 324 374 329 375 24 315 276 9 376 423 452 454 466 60 407 358 443 476 111 414 445 470 477 368 415 434 101 104 417 370 25 327 381 426 473 108 385 333 430 35 360 409 444 71 334 361 2 328 330 378 379 421 384 18 4 0 422 456 472 84 159 446 408 467 155 450 468 479 160 416 451 55 41 17 382 427 458 143 429 387 72 410 448 67 6 12 383 5 424 425 44 43 455 475 136 469 447 118 471 478 195 42 82 428 459 89 51 21 33 94 19 457 46 474 196 120 68 135 178 47 95 87 140 
27 45 61 65 11 56 58 59 20 31 85 86 30 109 110 32 116 3 83 102 103 105 106 107 49 7 48 50 88 137 138 92 139 63 64 167 168 169 16 66 174 15 14 38 129 131 78 156 157 79 158 162 163 164 165 22 23 90 91 93 141 142 198 199 200 148 201 113 36 114 115 166 161 197 228 227 229 230 37 40 117 235 34 39 188 189 191 121 130 218 219 220 132 221 112 217 223 222 224 225 226 52 53 54 145 146 147 149 203 204 205 144 258 257 259 260 210 261 74 171 75 76 170 172 173 288 287 289 290 70 77 80 81 175 295 69 239 249 250 252 176 180 190 256 278 277 279 280 192 281 283 282 284 285 286 97 98 99 100 202 96 207 206 208 209 211 263 262 264 265 317 316 318 319 270 320 125 232 119 126 127 231 233 234 346 345 347 348 123 124 128 133 134 236 353 122 179 299 309 310 311 313 237 240 241 251 336 335 337 338 253 339 341 340 342 343 344 151 150 152 153 154 267 266 268 269 271 322 321 323 324 372 371 373 374 329 375 184 292 177 185 186 291 293 294 398 397 399 400 182 183 187 193 194 296 24 181 356 365 366 367 369 297 300 301 312 389 388 390 391 314 392 394 393 395 396 8 213 212 214 215 216 326 325 327 328 330 377 376 378 379 419 418 420 421 384 18 245 350 238 246 247 349 351 352 439 438 440 28 242 243 244 248 254 255 1 406 413 414 415 417 354 357 358 368 432 431 433 434 370 25 436 435 437 26 273 272 274 275 276 381 380 382 383 5 423 422 424 425 453 452 454 44 43 305 402 298 306 307 401 403 10 466 465 60 302 303 304 308 315 9 445 449 450 451 41 404 407 408 416 461 460 462 55 17 464 463 57 332 331 333 334 0 427 426 428 19 456 455 457 46 473 472 84 362 442 355 363 364 441 29 159 108 359 360 361 2 4 468 470 471 82 443 446 447 42 477 476 101 111 104 386 385 387 6 459 458 47 475 474 87 143 136 411 73 405 412 13 62 409 410 12 478 479 135 467 469 68 160 155 430 429 21 95 89 196 140 35 444 71 448 33 178 195 118 120 72 51 67 94 
59 16 64 66 65 103 106 107 23 32 37 40 110 114 115 116 117 86 79 157 158 163 164 165 39 50 53 54 70 76 77 80 81 168 169 170 172 173 139 174 175 92 138 131 130 132 189 219 220 191 221 222 224 225 226 91 93 98 99 100 123 124 125 127 128 133 134 227 199 229 230 171 223 126 231 232 233 234 200 201 235 236 142 148 180 190 192 249 250 277 279 280 252 281 228 278 282 283 284 285 286 146 147 149 150 152 153 154 177 182 183 151 184 185 186 187 193 194 258 287 257 259 288 289 290 291 292 293 294 205 260 210 261 295 296 204 240 241 251 253 309 310 311 237 335 336 337 338 313 339 340 341 342 343 344 206 208 209 211 181 207 212 213 214 215 216 238 242 243 244 245 246 247 248 254 255 317 345 263 316 318 346 347 348 349 350 351 352 264 265 319 270 320 353 1 262 299 300 297 301 312 314 365 356 366 367 388 389 390 391 369 392 393 394 395 396 8 266 267 268 269 271 272 273 274 275 276 298 302 303 304 305 306 307 308 315 9 372 397 322 371 373 398 399 400 401 402 403 10 323 324 374 329 375 24 11 321 357 354 358 368 370 413 406 414 415 431 432 433 434 417 25 435 436 437 26 27 325 326 327 328 330 331 332 333 334 0 355 359 360 361 362 363 364 2 4 3 419 438 377 418 420 439 440 28 441 442 29 30 376 378 379 421 384 18 31 407 404 408 416 17 449 445 450 451 460 461 462 55 41 56 463 464 57 58 380 381 382 383 5 385 386 387 6 7 405 409 410 12 411 412 13 14 15 453 465 423 452 454 466 60 61 62 73 63 422 424 425 44 43 45 446 443 447 42 38 470 468 471 82 476 477 101 102 83 104 111 105 426 427 428 19 20 429 430 21 22 444 448 33 34 35 71 36 473 108 456 472 84 159 109 112 113 455 457 46 85 49 469 467 68 78 479 478 135 129 155 160 156 161 162 458 459 47 48 51 72 52 67 94 69 74 75 143 166 475 136 137 167 474 87 88 120 118 121 195 178 188 217 218 89 95 90 96 97 119 122 198 196 197 140 141 179 176 256 239 144 145 203 202 
67 12 68 69 94 71 118 119 6 33 4 34 120 42 121 122 123 51 13 62 75 155 176 177 2 21 0 22 9 17 15 14 70 178 179 55 78 180 96 181 182 72 95 35 29 36 73 111 112 74 126 160 217 237 238 47 52 5 7 53 1 3 41 38 39 37 124 135 140 239 240 82 101 25 102 129 130 241 145 150 242 243 89 97 10 63 76 108 113 57 162 170 125 185 195 104 218 156 277 297 298 19 90 98 18 20 23 99 8 11 16 43 83 56 79 80 77 183 87 188 196 202 256 299 300 157 189 190 301 144 207 151 212 302 303 143 28 30 114 127 159 166 171 26 105 161 223 231 184 246 278 219 335 354 355 46 48 146 152 24 44 45 49 50 54 153 27 31 32 40 131 103 132 133 128 244 141 249 136 203 262 309 356 357 220 250 251 358 198 206 267 213 272 359 360 84 60 61 58 64 172 186 167 109 227 232 163 222 283 291 245 306 336 279 388 404 405 88 85 91 208 214 86 92 93 100 215 59 65 66 81 191 158 192 193 187 304 204 310 197 263 321 365 406 407 280 311 312 408 258 266 326 273 331 409 410 137 110 106 115 233 247 228 168 287 292 224 282 341 349 305 363 389 337 431 443 444 142 138 147 268 274 139 148 149 154 275 107 116 117 134 252 221 253 254 248 361 264 366 257 322 376 413 445 446 338 367 368 447 199 317 325 381 332 385 448 169 164 173 293 307 288 229 345 350 284 340 394 401 362 412 432 390 460 467 205 200 209 327 333 201 210 211 216 334 165 174 175 194 313 281 314 315 308 323 414 316 377 422 449 468 469 391 415 416 259 372 380 427 386 429 230 225 234 351 364 346 289 397 402 342 393 436 441 411 461 433 476 265 260 269 382 387 261 270 271 276 226 235 236 255 369 339 370 378 450 371 423 455 470 478 434 451 318 419 426 459 430 290 285 294 403 398 347 438 442 395 435 464 477 462 324 319 328 428 320 329 330 286 295 296 417 392 424 471 418 456 474 479 373 453 458 348 343 352 439 399 465 437 463 379 374 383 375 384 344 353 457 452 475 420 473 400 396 466 440 425 421 472 454 
14 69 15 70 22 36 3 37 122 34 121 123 7 38 39 53 124 52 75 63 76 11 16 77 119 96 179 181 176 78 180 177 182 20 23 56 79 80 98 99 183 97 90 74 112 126 113 30 114 125 127 31 32 40 128 145 150 239 240 242 217 237 129 130 241 238 243 49 48 50 54 83 27 102 103 131 132 133 146 152 153 244 144 151 162 170 185 166 171 58 64 172 184 186 45 61 65 59 66 81 187 202 207 212 256 299 300 302 156 277 297 188 189 157 190 301 298 303 88 92 85 91 86 93 100 158 191 192 193 206 208 213 214 215 304 198 161 223 231 246 109 227 232 105 106 110 115 233 245 247 116 107 117 134 248 141 262 267 272 218 203 309 249 356 357 359 219 278 335 354 250 220 251 358 355 360 142 148 137 138 147 139 149 154 221 252 253 254 258 266 268 273 274 275 361 197 167 222 163 283 291 306 168 228 287 292 164 169 173 293 305 307 174 165 175 194 308 204 263 321 326 331 365 310 406 407 409 279 336 388 404 311 280 312 408 405 410 205 210 199 200 209 201 211 216 281 313 314 315 317 325 327 332 333 334 12 257 282 224 341 349 363 229 288 345 350 225 230 234 351 362 364 235 226 236 255 2 264 322 376 381 385 413 366 445 446 448 337 389 431 443 367 338 368 447 444 33 265 270 259 260 269 261 271 276 339 369 370 4 316 372 380 382 386 387 6 340 284 394 401 412 289 346 397 402 285 290 294 403 411 13 295 286 296 9 323 377 422 427 429 449 414 468 469 94 390 432 460 467 415 391 416 68 67 324 329 318 319 328 320 330 0 392 417 17 371 419 426 428 430 21 393 342 436 441 71 347 398 438 442 343 348 352 29 35 353 344 1 378 423 455 459 51 470 450 478 120 433 461 476 118 451 434 42 379 384 373 374 383 375 5 25 41 418 453 458 47 72 435 395 464 62 399 439 465 73 396 400 10 24 8 424 456 474 95 479 471 178 462 477 155 82 55 425 43 420 421 19 18 452 473 89 463 437 111 440 466 108 26 28 457 475 140 195 135 101 160 46 454 44 472 143 104 57 60 159 87 196 84 136 
71 72 73 74 13 67 62 75 21 35 89 97 29 108 113 36 125 2 94 118 119 111 112 126 51 6 47 52 95 143 144 96 151 10 63 159 166 171 14 76 184 12 9 33 120 122 68 155 176 69 177 57 162 170 185 0 22 19 90 98 140 145 84 198 206 150 213 28 1 30 114 60 104 136 167 109 227 232 3 37 127 245 4 34 178 179 181 42 121 160 217 237 123 238 26 101 105 161 223 231 246 5 7 53 46 48 146 152 196 202 207 44 137 197 258 266 212 273 24 61 8 11 58 64 172 228 168 287 292 15 16 70 77 186 305 17 135 239 240 242 55 78 180 195 218 156 277 297 182 298 163 222 283 291 306 18 20 23 99 87 43 88 85 91 208 214 203 141 262 267 199 257 317 325 272 332 31 110 25 27 32 106 115 233 288 229 345 350 38 39 40 124 128 247 362 41 82 188 256 299 300 302 102 129 130 241 278 219 335 354 243 355 224 282 341 349 363 45 49 50 54 153 142 138 147 268 274 263 204 321 326 259 316 372 380 331 386 65 169 56 59 66 164 173 293 346 289 397 402 79 80 81 183 187 307 411 83 249 309 356 357 359 157 189 190 301 336 279 388 404 303 405 284 340 394 401 412 86 92 93 100 215 205 200 209 327 333 322 264 376 381 318 371 419 426 385 430 116 230 103 107 117 225 234 351 398 347 438 442 131 132 133 134 244 248 364 310 365 406 407 409 220 250 251 358 389 337 431 443 360 444 342 393 436 441 139 148 149 154 275 265 260 269 382 387 377 323 422 427 373 418 453 458 429 174 290 158 165 175 285 294 403 439 399 465 191 192 193 194 304 308 366 413 445 446 448 280 311 312 408 432 390 460 467 410 395 435 464 201 210 211 216 334 324 319 328 428 423 378 455 459 420 452 473 235 348 221 226 236 343 352 466 440 252 253 254 255 361 414 449 468 469 338 367 368 447 461 433 476 437 463 261 270 271 276 379 374 383 456 424 474 454 472 295 400 281 286 296 396 313 314 315 450 470 478 391 415 416 477 462 320 329 330 425 421 475 457 353 339 344 369 370 471 479 434 451 375 384 392 417 
75 14 63 76 74 119 112 126 22 36 3 37 113 30 114 125 127 97 69 176 177 162 170 185 34 52 7 53 15 11 16 70 77 166 171 58 64 172 151 184 186 96 144 122 121 123 179 217 237 181 238 161 223 231 246 90 98 20 23 99 38 39 31 32 40 124 128 109 198 227 232 61 105 27 106 110 115 233 206 213 245 247 145 150 78 180 182 239 240 156 277 297 242 298 167 218 222 163 283 291 306 48 146 152 49 50 54 153 56 79 80 45 65 59 66 81 183 187 137 168 197 258 228 287 292 164 169 173 293 207 266 212 273 305 307 202 129 130 241 243 256 299 300 102 219 278 335 354 302 355 282 224 341 349 363 85 91 208 214 83 88 92 86 93 100 215 103 131 132 133 116 107 117 134 244 248 199 229 203 257 317 288 345 350 225 230 234 351 262 267 325 272 332 362 364 141 188 189 157 190 301 303 309 249 356 357 279 336 388 404 359 405 340 284 394 401 412 138 142 147 268 274 148 139 149 154 275 158 191 192 193 174 165 175 194 304 308 259 289 263 316 372 346 397 402 285 290 294 403 321 326 380 331 386 411 13 204 250 220 251 358 360 365 310 406 407 337 389 431 443 409 444 393 342 436 441 71 200 205 209 327 333 210 201 211 216 334 221 252 253 254 235 226 236 255 361 2 318 347 322 371 419 398 438 442 343 348 352 29 264 376 381 426 385 430 35 311 280 312 408 410 413 366 445 446 390 432 460 467 448 67 435 395 464 62 260 265 269 382 387 270 261 271 276 6 281 313 314 315 295 286 296 9 12 373 399 377 418 453 439 465 73 396 400 10 323 422 427 458 429 72 367 338 368 447 33 449 414 468 469 433 461 476 118 94 463 437 111 319 324 328 428 21 329 320 330 0 339 369 370 4 353 344 1 420 440 423 452 473 466 108 26 28 378 455 459 89 51 415 391 416 68 470 450 478 120 462 477 155 104 57 374 379 383 47 384 375 5 392 417 17 24 8 454 60 456 472 143 159 424 474 95 451 434 42 479 471 178 101 160 421 425 19 43 18 25 41 84 475 136 457 140 82 55 195 135 44 46 196 87 
70 76 16 77 53 123 39 124 125 37 114 127 23 32 40 99 128 98 177 180 182 79 80 183 126 151 171 184 170 64 172 185 186 50 54 59 66 81 152 153 187 150 146 181 237 238 240 130 241 242 243 131 132 133 244 206 213 227 232 245 223 231 110 115 233 246 247 86 91 93 100 65 103 106 107 116 117 134 208 214 215 248 207 212 277 297 298 299 300 157 190 301 302 303 92 189 191 158 192 193 304 258 266 273 228 287 292 305 163 283 291 168 169 164 173 293 306 307 138 139 142 147 148 149 154 165 174 175 194 267 268 272 274 275 308 262 278 335 354 355 249 356 357 219 220 250 251 358 359 360 252 221 253 254 361 199 317 325 332 222 257 288 229 345 350 362 224 282 341 349 230 225 234 351 363 364 200 201 204 205 209 210 211 216 226 235 236 255 321 326 327 331 333 334 2 263 309 336 279 388 404 405 310 365 406 407 280 311 312 408 409 410 313 281 314 315 12 259 316 372 380 386 346 289 397 402 411 284 340 394 401 290 285 294 403 412 13 260 261 264 265 269 270 271 276 286 295 296 9 376 381 382 385 387 6 14 322 389 337 431 443 444 366 413 445 446 338 367 368 447 448 33 369 339 370 4 34 318 371 419 426 430 398 347 438 442 35 342 393 436 441 348 343 352 29 71 36 319 320 323 324 328 329 330 0 344 353 1 3 377 422 427 428 429 21 22 432 390 460 467 67 414 449 468 469 391 415 416 68 94 69 417 392 17 15 373 418 453 458 72 439 399 465 73 74 395 435 464 62 400 396 10 63 75 374 375 378 379 383 384 5 7 8 24 11 423 455 459 47 51 52 461 433 476 118 119 450 470 478 120 434 451 42 121 122 41 25 38 420 452 473 89 97 466 440 108 113 437 463 111 112 28 26 30 421 18 424 425 19 43 20 27 31 456 474 95 90 96 477 462 155 176 471 479 178 179 55 82 78 83 56 454 472 143 144 159 60 166 57 104 162 61 58 44 45 457 46 48 49 475 140 145 160 101 217 135 195 239 102 129 84 136 198 167 109 105 161 85 87 88 196 202 218 156 188 256 137 197 141 203 
56 15 78 79 83 27 102 103 7 38 34 39 129 121 130 131 132 49 11 58 59 156 157 158 3 20 22 23 14 69 70 16 80 188 189 176 180 190 92 191 192 45 88 31 30 32 61 105 106 65 107 218 219 220 221 48 50 52 53 54 36 37 122 123 124 40 133 239 141 249 250 179 217 119 237 240 241 251 142 148 252 253 85 86 63 64 66 109 110 162 163 164 116 165 256 161 278 277 279 280 281 90 91 93 97 98 99 100 75 76 77 96 181 177 182 183 81 193 202 299 203 204 309 310 311 297 300 301 312 138 205 139 210 313 314 137 113 114 115 117 167 168 169 112 223 222 224 225 174 226 336 335 337 338 339 145 146 147 149 74 144 151 150 152 153 154 126 125 127 128 242 238 243 244 134 254 262 356 197 263 264 365 366 367 354 357 358 368 199 200 265 201 270 369 370 198 166 171 170 172 173 175 228 227 229 230 283 282 284 285 235 286 389 388 390 391 392 207 206 208 209 211 213 212 214 215 216 185 184 186 187 302 298 303 304 194 315 321 406 257 322 323 413 414 415 404 407 408 416 259 260 324 261 329 417 17 258 232 231 233 234 236 288 287 289 290 341 340 342 343 295 344 432 431 433 434 25 267 266 268 269 271 273 272 274 275 276 246 245 247 248 359 355 360 361 255 4 376 445 316 377 378 449 450 451 443 446 447 42 317 318 319 379 320 384 41 292 291 293 294 296 346 345 347 348 394 393 395 396 353 8 461 460 462 55 326 325 327 328 330 332 331 333 334 0 306 305 307 308 409 405 410 12 9 422 468 371 423 424 470 471 82 467 469 68 372 373 374 425 375 43 350 349 351 352 1 398 397 399 400 436 435 437 26 24 477 476 101 381 380 382 383 5 386 385 387 6 363 362 364 2 448 444 33 455 478 418 456 457 479 135 118 120 419 420 421 46 18 402 401 403 10 439 438 440 28 464 463 57 160 155 427 426 428 19 430 429 21 412 411 13 94 67 474 178 452 475 87 195 453 454 44 442 441 29 466 465 60 111 104 459 458 47 72 51 71 35 140 472 196 473 84 73 62 159 108 95 89 136 143 
16 79 70 80 23 32 37 40 131 39 130 132 53 123 124 54 133 50 59 64 66 76 77 81 103 92 189 191 157 180 190 158 192 98 99 177 182 183 93 100 193 86 91 65 106 107 110 114 115 116 117 125 127 128 134 142 148 249 250 252 219 220 240 241 251 221 253 150 146 152 153 181 126 237 238 242 243 244 147 149 154 254 138 139 163 164 165 168 169 170 172 173 174 175 151 171 184 185 186 187 194 204 205 210 309 310 311 313 277 279 280 299 300 297 301 312 281 314 207 212 206 208 213 214 215 298 302 303 304 200 209 201 211 216 315 199 222 224 225 226 227 229 230 223 231 232 233 234 235 236 245 246 247 248 255 262 264 265 270 278 263 365 356 366 367 369 335 336 337 338 357 354 358 368 339 370 267 272 258 266 268 273 274 275 355 359 360 361 259 260 269 261 271 276 4 257 228 282 283 284 285 286 287 288 289 290 291 292 293 294 295 296 305 306 307 308 9 321 322 323 324 329 413 406 414 415 417 388 389 390 391 407 404 408 416 392 17 326 331 317 325 327 332 333 334 405 409 410 12 318 319 328 320 330 0 15 316 340 341 342 343 344 345 346 347 348 349 350 351 352 353 1 362 363 364 2 3 376 377 378 379 384 449 445 450 451 41 431 432 433 434 446 443 447 42 25 38 381 385 372 380 382 386 387 6 444 448 33 34 371 373 374 383 375 5 7 393 394 395 396 8 397 398 399 400 401 402 403 10 24 11 411 412 13 14 422 423 424 425 43 470 468 471 82 83 460 461 462 55 469 467 68 78 56 427 429 419 426 428 430 21 22 67 94 69 418 420 421 19 18 20 435 436 437 26 27 438 439 440 28 441 442 29 30 31 35 71 36 455 456 457 46 49 479 478 135 129 476 477 101 102 120 118 121 459 51 453 458 47 72 52 119 122 452 454 44 48 45 463 464 57 58 465 466 60 61 62 73 63 74 75 474 475 87 88 195 178 188 155 160 156 179 176 95 96 473 89 90 97 472 84 85 104 111 105 108 159 109 112 113 140 196 141 256 239 217 218 145 143 144 136 137 161 162 166 167 202 203 198 197 
80 66 77 81 54 132 124 133 116 40 115 117 99 127 128 100 134 93 158 190 192 182 183 193 107 139 169 174 164 172 173 165 175 152 153 185 186 187 149 154 194 148 147 191 220 221 250 241 251 252 253 242 243 244 254 200 201 229 230 235 224 225 232 233 234 226 236 213 208 214 215 184 238 231 246 245 247 248 209 211 216 255 205 210 279 280 281 310 311 297 301 312 313 314 212 300 302 298 303 304 315 259 260 261 288 289 290 295 283 284 285 287 292 291 293 294 286 296 266 273 267 268 272 274 275 306 305 307 308 265 269 270 271 276 9 264 336 337 338 339 356 366 367 335 354 357 358 368 369 370 359 355 360 361 4 317 318 319 320 282 316 346 345 347 348 353 341 340 342 343 350 349 351 352 344 1 325 332 321 326 327 331 333 334 363 362 364 2 323 324 328 329 330 0 3 322 365 389 388 390 391 392 406 413 414 415 404 407 408 416 417 17 409 405 410 12 15 372 371 373 374 375 398 397 399 400 24 394 393 395 396 402 401 403 10 8 11 380 386 376 381 382 385 387 6 412 411 13 14 378 379 383 384 5 7 16 377 432 431 433 434 25 445 449 450 451 443 446 447 42 41 38 448 444 33 34 39 419 418 420 421 18 439 438 440 28 31 436 435 437 26 442 441 29 30 27 32 426 430 422 427 428 429 21 22 71 35 36 37 423 424 425 19 43 20 23 461 460 462 55 56 468 470 471 82 467 469 68 78 83 79 94 67 69 70 453 452 454 44 45 466 465 60 61 65 464 463 57 58 73 62 63 64 59 458 72 455 459 47 51 52 53 75 74 76 456 457 46 48 49 50 477 476 101 102 103 478 479 135 129 118 120 121 130 131 122 119 123 473 472 84 85 86 159 108 109 110 111 104 105 106 113 112 114 89 97 474 95 90 96 98 126 125 475 87 88 91 92 160 155 156 157 178 195 188 189 176 179 180 181 177 143 136 137 138 167 166 168 162 161 163 171 170 144 151 140 145 146 150 196 141 142 218 217 219 239 256 249 237 240 198 197 199 228 227 223 222 206 202 207 203 204 278 277 299 309 258 257 262 263 
25 43 82 83 17 8 55 56 5 41 46 49 42 135 129 38 131 4 24 26 27 101 102 103 18 0 19 20 44 87 88 45 92 68 78 195 188 189 15 79 191 9 12 1 28 31 10 57 58 11 59 155 156 157 158 6 7 47 48 50 84 85 140 141 142 86 148 120 33 121 130 178 160 196 256 239 249 250 34 39 132 252 2 3 60 61 65 29 30 104 105 106 32 107 118 111 217 218 219 220 221 21 22 23 89 90 91 93 136 137 138 95 202 203 204 205 139 210 94 179 67 69 176 180 190 309 299 310 311 14 70 16 80 192 313 13 108 109 110 116 62 63 64 159 161 162 163 164 66 165 277 278 279 280 281 51 52 53 54 143 72 144 145 146 147 149 197 198 199 200 262 263 264 265 201 270 122 240 71 119 123 237 241 251 365 356 366 367 36 37 124 40 133 253 369 35 73 166 167 168 169 174 112 113 114 115 222 223 224 225 117 226 335 336 337 338 339 96 97 98 99 100 206 207 208 209 211 257 258 259 260 321 322 323 324 261 329 181 300 75 177 182 297 301 312 413 406 414 415 76 77 183 81 193 314 417 74 227 228 229 230 235 170 171 172 173 282 283 284 285 175 286 388 389 390 391 392 150 151 152 153 154 266 267 268 269 271 316 317 318 319 376 377 378 379 320 384 242 357 126 238 243 354 358 368 449 445 450 451 125 127 128 244 134 254 370 287 288 289 290 295 231 232 233 234 340 341 342 343 236 344 431 432 433 434 212 213 214 215 216 325 326 327 328 330 371 372 373 374 422 423 424 425 375 302 407 185 298 303 404 408 416 470 468 471 184 186 187 304 194 315 345 346 347 348 353 291 292 293 294 393 394 395 396 296 460 461 462 272 273 274 275 276 380 381 382 383 418 419 420 421 455 456 457 359 446 246 355 360 443 447 479 478 245 247 248 361 255 397 398 399 400 349 350 351 352 435 436 437 476 477 331 332 333 334 426 427 428 452 453 454 474 475 409 469 306 405 410 467 305 307 308 438 439 440 401 402 403 463 464 385 386 387 458 459 472 473 448 363 444 362 364 465 466 441 442 429 430 412 411 
55 68 17 78 82 101 25 102 120 42 33 121 41 4 38 129 130 135 155 57 156 8 56 157 118 178 94 179 67 12 69 176 180 43 83 9 15 79 188 189 190 195 87 160 111 217 104 26 105 218 219 24 27 103 220 140 239 51 122 240 71 119 6 34 123 237 241 5 46 49 131 0 1 2 3 7 39 132 141 249 250 251 196 256 62 162 277 159 161 10 58 163 278 279 18 28 31 11 59 158 280 95 202 299 72 96 181 300 13 75 177 21 22 14 70 182 297 301 19 20 44 88 45 92 191 16 23 80 192 203 204 309 310 311 312 136 73 112 223 335 60 167 222 29 30 61 106 224 336 337 65 32 107 221 338 47 145 262 356 35 89 97 52 150 242 357 36 74 126 238 53 37 124 243 354 358 48 50 84 85 142 86 148 252 40 54 133 253 197 263 264 365 366 367 368 143 108 113 63 170 283 388 109 166 228 282 64 110 164 284 389 390 116 66 165 281 391 90 144 207 321 406 151 98 212 302 407 76 125 185 298 99 77 183 303 404 408 91 93 137 138 205 139 210 313 81 100 193 314 257 322 323 413 414 415 416 198 171 114 231 341 431 168 227 288 340 115 169 225 342 432 433 174 117 226 339 434 146 206 267 376 445 213 152 272 359 446 127 184 246 355 153 128 244 360 443 447 147 149 199 200 265 201 270 369 134 154 254 370 258 316 377 378 449 450 451 232 172 291 394 460 229 287 346 393 173 230 285 395 461 462 235 175 286 392 208 266 326 422 468 273 214 331 409 469 186 245 306 405 215 187 304 410 467 209 211 259 260 324 261 329 417 194 216 315 317 371 423 424 470 471 292 233 349 436 476 289 345 398 435 234 290 343 437 477 295 236 344 268 325 381 455 478 332 274 385 448 247 305 363 444 275 248 361 269 271 318 319 379 320 384 255 276 372 418 456 457 479 350 293 401 464 347 397 439 463 294 348 396 353 296 327 380 427 474 386 333 429 307 362 412 334 308 328 330 373 374 425 375 419 452 475 402 351 441 399 438 466 352 400 382 426 459 430 387 364 411 383 420 421 453 472 442 403 440 465 428 458 454 473 
5 41 46 49 18 0 19 20 25 43 82 83 44 87 88 45 92 24 4 6 7 47 48 50 17 8 55 56 42 135 129 38 131 84 85 140 141 142 31 86 148 1 28 9 12 15 2 21 22 3 23 89 90 91 93 26 27 101 102 103 68 78 195 188 189 79 191 136 60 137 138 196 95 178 202 203 204 205 61 65 139 210 10 11 33 34 39 13 14 51 52 53 16 54 143 72 144 145 146 147 149 57 58 59 155 156 157 158 120 121 130 160 256 239 249 250 132 252 159 197 108 109 198 199 200 262 263 264 265 30 110 32 116 201 270 29 67 69 70 80 35 36 37 94 96 97 98 99 40 100 206 207 208 209 211 104 105 106 107 118 111 217 218 219 220 221 179 176 180 190 309 299 310 311 192 313 167 257 73 166 168 258 259 260 321 322 323 324 63 64 169 66 174 261 329 62 71 119 122 123 124 133 74 75 76 77 150 151 152 153 81 154 266 267 268 269 271 161 162 163 164 165 277 278 279 280 281 240 237 241 251 365 356 366 367 253 369 228 316 113 227 229 317 318 319 376 377 378 379 114 115 230 117 235 320 384 112 177 181 182 183 193 125 126 127 128 212 213 214 215 134 216 325 326 327 328 330 222 223 224 225 226 335 336 337 338 339 300 297 301 312 413 406 414 415 314 417 288 371 171 287 289 372 373 374 422 423 424 425 170 172 173 290 175 295 375 238 242 243 244 254 184 185 186 187 272 273 274 275 194 276 380 381 382 383 282 283 284 285 286 388 389 390 391 392 357 354 358 368 449 445 450 451 370 346 418 232 345 347 419 420 421 455 456 457 231 233 234 348 236 353 298 302 303 304 315 245 246 247 248 331 332 333 334 255 426 427 428 340 341 342 343 344 431 432 433 434 407 404 408 416 470 468 471 398 452 292 397 399 453 454 474 475 291 293 294 400 296 355 359 360 361 305 306 307 308 385 386 387 458 459 393 394 395 396 460 461 462 446 443 447 479 478 439 472 350 438 440 473 349 351 352 405 409 410 362 363 364 429 430 435 436 437 476 477 469 467 466 402 465 401 403 444 448 411 412 463 464 442 441 
19 84 18 85 46 47 5 48 136 44 60 137 43 24 45 88 138 87 89 21 90 0 20 91 143 196 159 197 108 28 109 198 199 41 49 1 31 86 141 142 200 140 135 95 72 144 51 6 52 145 146 4 7 50 147 195 203 104 167 257 73 166 26 61 168 258 259 25 82 83 92 8 9 10 11 27 65 139 188 204 205 260 178 202 35 97 206 94 96 2 22 98 207 208 17 12 15 3 23 93 209 160 256 263 111 161 228 316 29 113 227 57 58 30 110 229 317 318 55 56 42 129 38 131 148 32 59 116 201 239 249 262 264 265 319 120 71 74 151 266 33 122 150 13 14 34 53 152 267 268 39 16 54 149 269 101 218 309 322 62 155 162 105 222 288 371 63 112 171 287 106 64 169 289 372 373 102 103 68 78 189 79 191 210 66 107 174 261 179 299 310 321 323 324 374 118 67 75 36 125 213 325 69 119 181 212 37 70 99 214 326 327 80 40 100 211 328 156 217 278 365 377 223 163 282 346 418 114 170 232 345 164 115 230 347 419 420 157 158 121 130 250 132 252 270 117 165 235 320 240 356 366 376 378 379 421 176 126 76 184 273 380 123 177 242 272 77 124 153 274 381 382 133 81 154 271 383 219 277 336 413 423 283 224 340 398 452 172 231 292 397 225 173 290 399 453 454 220 221 180 190 311 192 313 329 175 226 295 375 237 300 406 414 422 424 425 185 127 245 332 426 182 238 302 331 128 183 215 333 427 428 193 134 216 330 279 335 389 449 456 341 284 393 439 472 233 291 350 438 285 234 348 440 473 280 281 241 251 367 253 369 384 236 286 353 297 357 445 450 455 457 246 186 305 386 458 243 298 359 385 187 244 275 387 459 254 194 276 337 388 432 470 475 394 342 435 466 293 349 402 465 343 294 400 338 339 301 312 415 314 417 296 344 354 407 468 471 474 306 247 362 430 303 355 409 429 248 304 334 315 255 390 431 461 479 436 395 463 351 401 442 396 352 391 392 358 368 451 370 404 446 478 363 307 411 360 405 448 308 361 433 460 477 464 437 403 441 434 408 416 443 469 412 364 410 444 462 476 447 467 
20 31 85 86 49 7 48 50 27 45 61 65 88 137 138 92 139 83 3 22 23 90 91 93 11 56 58 59 30 109 110 32 116 141 142 198 199 200 131 148 201 38 129 15 14 16 34 52 53 39 54 145 146 147 149 102 103 105 106 107 63 64 167 168 169 66 174 203 188 204 205 197 144 166 258 257 259 260 189 191 210 261 78 79 36 37 40 69 70 97 98 99 80 100 202 96 207 206 208 209 211 156 157 158 162 163 164 165 113 114 115 161 228 227 229 230 117 235 256 263 239 249 262 264 265 317 316 318 319 130 250 132 252 270 320 121 75 76 77 81 122 123 124 74 151 150 152 153 133 154 267 266 268 269 271 218 219 220 221 112 217 223 222 224 225 226 171 170 172 173 288 287 289 290 175 295 309 322 179 299 310 321 323 324 372 371 373 374 180 190 311 192 313 329 375 176 119 126 125 127 128 134 181 177 182 183 213 212 214 215 193 216 326 325 327 328 330 278 277 279 280 281 283 282 284 285 286 232 231 233 234 346 345 347 348 236 353 365 377 240 356 366 376 378 379 419 418 420 421 241 251 367 253 369 384 18 237 185 184 186 187 194 242 238 243 244 273 272 274 275 254 276 381 380 382 383 5 336 335 337 338 339 341 340 342 343 344 292 291 293 294 398 397 399 400 296 24 413 423 300 406 414 422 424 425 453 452 454 44 297 301 312 415 314 417 43 246 245 247 248 255 302 298 303 304 332 331 333 334 315 0 427 426 428 19 389 388 390 391 392 394 393 395 396 8 350 349 351 352 439 438 440 28 1 449 456 357 445 450 455 457 46 473 472 84 354 358 368 451 370 41 306 305 307 308 9 359 355 360 361 386 385 387 6 4 459 458 47 432 431 433 434 25 436 435 437 26 402 401 403 10 466 465 60 470 475 407 468 471 474 87 143 136 404 408 416 82 17 363 362 364 2 409 405 410 12 430 429 21 95 89 461 460 462 55 464 463 57 442 441 29 159 108 479 196 446 478 135 140 443 447 42 412 411 13 448 444 33 72 51 477 476 101 111 104 73 62 195 469 178 467 68 71 35 94 67 160 155 120 118 
44 87 43 88 19 84 18 85 140 46 135 141 5 41 49 48 142 47 136 60 137 24 45 138 196 95 178 202 195 82 188 203 204 0 20 25 83 92 90 91 205 89 21 143 159 197 108 28 109 198 199 1 31 86 200 51 145 120 239 262 160 256 42 129 249 263 264 4 6 7 50 17 8 55 56 38 131 148 52 146 147 265 72 144 104 167 257 73 166 26 61 168 258 259 9 10 11 27 65 139 260 94 96 207 118 179 299 321 101 218 309 68 78 102 189 310 322 323 12 15 2 22 3 23 93 103 79 191 210 97 98 206 208 209 324 35 111 161 228 316 29 113 227 57 58 30 110 229 317 318 32 59 116 201 319 33 122 150 267 155 67 176 121 240 356 376 156 217 278 365 130 157 250 366 377 378 34 39 13 14 53 16 54 149 158 132 252 270 74 151 152 266 268 269 379 71 62 162 105 222 288 371 63 112 171 287 106 64 169 289 372 373 66 107 174 261 374 69 119 181 212 326 237 180 300 406 422 219 277 336 413 190 220 311 414 423 424 70 80 36 37 99 40 100 211 221 192 313 329 125 213 214 325 327 328 425 75 223 163 282 346 418 114 170 232 345 164 115 230 347 419 420 117 165 235 320 421 123 177 242 272 381 297 241 357 445 455 279 335 389 449 251 280 367 450 456 457 124 133 76 77 153 81 154 271 281 253 369 384 126 184 273 274 380 382 383 283 224 340 398 452 172 231 292 397 225 173 290 399 453 454 175 226 295 375 182 238 302 331 427 354 301 407 468 474 337 388 432 470 312 338 415 471 475 183 193 127 128 215 134 216 330 339 314 417 185 245 332 333 426 428 341 284 393 439 472 233 291 350 438 285 234 348 440 473 236 286 353 243 298 359 385 459 404 358 446 478 390 431 461 479 368 391 451 244 254 186 187 275 194 276 392 370 246 305 386 387 458 394 342 435 466 293 349 402 465 343 294 400 296 344 303 355 409 429 443 408 469 433 460 477 416 434 304 315 247 248 334 255 306 362 430 436 395 463 351 401 442 396 352 360 405 448 467 447 462 476 361 307 308 363 411 464 437 403 441 410 444 364 412 
89 19 21 90 95 143 72 144 46 47 5 48 51 6 52 145 146 140 84 108 198 35 97 206 44 87 43 88 18 0 20 85 91 94 96 2 22 98 202 207 208 196 178 136 60 137 159 73 166 197 258 71 74 151 266 135 141 41 49 142 24 45 4 7 50 138 147 33 120 122 150 12 13 9 14 34 53 152 239 262 267 268 195 203 28 109 199 104 167 29 113 227 257 317 67 62 75 36 125 213 325 82 188 204 25 83 92 205 1 31 86 17 15 3 23 93 200 209 68 69 118 179 119 181 212 37 70 99 214 256 299 263 321 326 327 160 26 61 168 259 111 161 228 10 63 112 171 287 316 372 126 76 184 273 380 42 129 249 264 8 55 56 38 131 148 265 11 27 65 139 39 16 54 149 260 269 121 123 155 176 240 177 242 272 77 124 153 274 218 309 356 322 376 381 382 101 57 58 30 110 229 318 162 105 222 288 114 170 232 345 371 419 185 127 245 332 426 78 102 189 310 323 103 79 191 210 324 32 59 116 201 80 40 100 211 319 328 180 182 217 237 300 238 302 331 128 183 215 333 278 365 406 377 422 427 428 156 106 64 169 289 373 223 163 282 346 172 231 292 397 418 453 246 186 305 386 458 130 157 250 366 378 158 132 252 270 379 66 107 174 261 133 81 154 271 374 383 241 243 277 297 357 298 359 385 187 244 275 387 219 336 413 445 423 455 459 164 115 230 347 420 283 224 340 398 233 291 350 438 452 473 306 247 362 430 190 220 311 414 424 221 192 313 329 425 117 165 235 320 193 134 216 330 421 301 303 335 354 407 355 409 429 248 304 334 279 389 449 468 456 474 225 173 290 399 454 341 284 393 439 293 349 402 465 472 363 307 411 251 280 367 450 457 281 253 369 384 175 226 295 375 254 194 276 358 360 388 404 446 405 448 308 361 337 432 470 478 475 285 234 348 440 394 342 435 466 351 401 442 412 364 312 338 415 471 339 314 417 236 286 353 315 255 408 410 431 443 469 444 390 461 479 343 294 400 436 395 463 403 441 368 391 451 392 370 296 344 447 460 467 433 477 396 352 464 437 416 434 476 462 
85 90 20 91 88 137 45 138 145 48 52 146 49 7 50 142 147 141 198 109 199 31 86 200 144 202 96 207 97 22 98 206 208 83 92 3 23 93 204 205 209 203 188 197 166 258 167 61 168 257 259 27 65 139 260 239 262 122 150 267 74 151 34 53 152 266 268 38 129 131 148 15 11 14 16 39 54 149 249 264 265 269 256 263 113 227 317 161 228 30 110 229 316 318 56 58 59 32 116 201 319 179 299 321 119 181 212 326 36 125 213 69 70 37 99 214 325 327 78 79 102 189 103 191 210 40 80 100 211 309 310 322 323 324 328 218 112 171 287 372 105 222 288 63 64 106 169 289 371 373 107 66 174 261 374 121 240 356 376 75 176 177 123 242 272 381 76 126 184 273 124 77 153 274 380 382 130 132 156 157 250 158 252 270 81 133 154 271 278 365 366 377 378 379 383 217 162 170 114 232 345 419 163 223 282 346 115 164 230 347 418 420 165 117 235 320 421 180 237 300 406 422 238 182 302 331 427 127 185 245 332 183 128 215 333 426 428 190 192 219 220 311 221 313 329 134 193 216 330 336 413 414 423 424 425 19 277 231 172 292 397 453 224 283 340 398 173 225 290 399 452 454 226 175 295 375 44 241 297 357 445 455 298 243 359 385 459 186 246 305 386 244 187 275 387 458 47 251 253 279 280 367 281 369 384 194 254 276 5 335 389 449 450 456 457 46 291 233 350 438 473 284 341 393 439 234 285 348 440 472 84 286 236 353 18 301 354 407 468 474 355 303 409 429 95 247 306 362 430 304 248 334 21 89 312 314 337 338 415 339 417 43 255 315 0 388 432 470 471 475 87 349 293 402 465 143 342 394 435 466 294 343 400 60 136 344 296 24 358 404 446 478 140 405 360 448 51 307 363 411 72 361 308 6 368 370 390 391 451 392 41 9 4 431 461 479 135 196 401 351 442 108 395 436 463 159 352 396 28 8 1 408 443 469 178 444 410 94 364 412 35 12 2 416 17 433 434 82 25 460 477 195 441 403 73 437 464 104 10 26 447 467 120 67 33 13 71 42 462 55 476 160 62 29 57 111 68 118 101 155 
45 83 88 92 20 31 85 86 38 49 129 131 48 141 142 50 148 7 27 61 65 137 138 139 56 15 78 79 102 188 189 103 191 90 91 203 204 205 23 93 210 3 22 11 58 59 30 109 110 32 116 198 199 200 201 34 39 121 130 132 156 157 239 249 250 158 252 145 52 146 147 202 197 256 263 262 264 265 53 54 149 270 14 16 105 106 107 63 64 167 168 169 66 174 144 166 258 257 259 260 261 69 70 80 176 180 190 192 218 219 220 179 299 309 310 311 221 313 96 207 97 98 206 208 209 322 321 323 324 37 99 40 100 211 329 36 162 163 164 165 113 114 115 161 228 227 229 230 117 235 317 316 318 319 320 122 123 124 133 217 119 237 240 241 251 253 278 277 279 280 356 365 366 367 281 369 150 267 74 151 152 266 268 269 377 376 378 379 76 77 153 81 154 271 384 75 112 223 222 224 225 226 171 170 172 173 288 287 289 290 175 295 372 371 373 374 375 181 177 182 183 193 297 300 301 312 314 336 335 337 338 406 413 414 415 339 417 212 326 125 213 214 325 327 328 423 422 424 425 127 128 215 134 216 330 43 126 283 282 284 285 286 232 231 233 234 346 345 347 348 236 353 419 418 420 421 18 242 238 243 244 254 354 357 358 368 370 389 388 390 391 445 449 450 451 392 41 272 381 184 273 274 380 382 383 456 455 457 46 185 186 187 275 194 276 5 341 340 342 343 344 292 291 293 294 398 397 399 400 296 24 453 452 454 44 302 298 303 304 315 404 407 408 416 17 432 431 433 434 468 470 471 82 25 331 427 245 332 333 426 428 19 475 474 87 246 247 248 334 255 0 394 393 395 396 8 350 349 351 352 439 438 440 28 1 473 472 84 359 355 360 361 4 443 446 447 42 461 460 462 55 478 479 135 385 459 305 386 387 458 47 196 140 306 307 308 6 9 436 435 437 26 402 401 403 10 466 465 60 143 136 409 405 410 12 467 469 68 477 476 101 178 195 429 95 362 430 21 89 363 364 2 464 463 57 442 441 29 159 108 448 444 33 118 120 160 155 51 411 72 412 13 111 104 73 62 94 67 35 71 
86 23 91 93 92 65 138 139 39 50 53 54 142 146 147 148 149 131 32 110 116 199 200 201 16 79 70 80 37 98 99 40 100 204 205 206 208 209 191 210 211 103 189 59 64 66 106 168 169 107 174 257 259 260 261 130 132 123 124 133 76 77 150 152 153 81 154 262 249 264 265 207 258 151 266 267 268 269 250 252 270 271 157 158 114 115 117 163 164 227 229 230 165 235 263 228 316 317 318 319 320 180 190 192 177 182 183 193 125 127 128 181 212 213 214 215 134 216 299 321 309 310 322 323 324 325 326 327 328 220 311 221 313 329 330 219 170 172 173 175 222 224 225 171 287 288 289 290 226 295 371 372 373 374 375 240 241 251 253 126 237 238 242 243 244 254 184 185 186 187 272 273 274 275 194 276 356 376 278 365 366 377 378 379 380 381 382 383 279 280 367 281 369 384 5 277 223 231 232 233 234 236 282 283 284 285 345 346 347 348 286 353 418 419 420 421 18 300 297 301 312 314 298 302 303 304 315 245 246 247 248 331 332 333 334 255 0 406 422 336 413 414 423 424 425 426 427 428 19 337 338 415 339 417 43 20 335 291 292 293 294 296 340 341 342 343 397 398 399 400 344 24 452 453 454 44 45 357 354 358 368 370 355 359 360 361 4 305 306 307 308 385 386 387 6 9 7 445 455 389 449 450 456 457 46 458 459 47 48 388 390 391 451 392 41 49 349 350 351 352 1 393 394 395 396 438 439 440 28 8 31 472 473 84 85 407 404 408 416 17 405 409 410 12 15 362 363 364 2 429 430 21 22 3 468 474 432 470 471 475 87 88 89 95 90 431 433 434 82 25 83 401 402 403 10 11 435 436 437 26 465 466 60 61 27 136 143 137 446 443 447 42 38 444 448 33 34 411 412 13 14 51 72 52 478 140 461 479 135 196 141 144 145 460 462 55 129 56 441 442 29 30 463 464 57 58 108 159 109 197 198 469 467 68 78 67 94 69 35 71 36 96 97 178 202 477 195 188 203 476 101 102 62 73 63 104 111 105 166 167 120 118 121 119 122 74 75 239 160 256 155 156 112 113 161 162 179 176 218 217 
72 94 95 96 21 35 89 97 33 51 120 122 47 140 145 52 150 6 71 73 74 143 144 151 67 12 68 69 118 178 179 119 181 19 90 196 202 207 22 98 212 2 0 13 62 75 29 108 113 36 125 84 198 206 213 4 34 42 121 123 155 176 135 239 240 177 242 46 5 48 146 87 136 195 203 141 262 267 7 53 152 272 9 14 111 112 126 10 63 159 166 171 76 184 44 60 137 197 258 266 273 17 15 70 55 78 180 182 160 217 237 82 188 256 299 300 238 302 43 88 18 20 85 91 208 263 204 321 326 3 23 37 99 214 331 1 57 162 170 185 28 30 114 104 167 109 227 232 127 245 199 257 317 325 332 41 38 39 124 101 25 102 129 130 241 243 218 156 277 297 249 309 356 357 298 359 49 142 24 45 50 138 147 268 322 264 376 381 11 16 54 77 153 274 385 8 26 105 161 223 231 246 61 58 64 172 228 168 287 292 186 305 259 316 372 380 386 83 56 79 80 183 157 189 190 301 303 278 219 335 354 310 365 406 407 355 409 92 205 31 86 93 200 209 327 377 323 422 427 32 40 100 128 215 333 429 27 163 222 283 291 306 110 106 115 233 288 229 345 350 247 362 318 371 419 426 430 131 103 132 133 244 220 250 251 358 360 336 279 388 404 366 413 445 446 405 448 148 265 65 139 149 260 269 382 423 378 455 459 59 66 81 154 187 275 387 224 282 341 349 363 169 164 173 293 346 289 397 402 307 411 373 418 453 458 191 158 192 193 304 280 311 312 408 410 389 337 431 443 414 449 468 469 444 210 324 116 201 211 319 328 428 456 424 474 107 117 134 216 248 334 284 340 394 401 412 230 225 234 351 398 347 438 442 364 420 452 473 252 221 253 254 361 338 367 368 447 432 390 460 467 450 470 478 270 379 174 261 271 374 383 475 457 165 175 194 276 308 342 393 436 441 290 285 294 403 439 399 465 454 472 313 281 314 315 391 415 416 461 433 476 471 479 329 425 235 320 330 421 226 236 255 395 435 464 348 343 352 466 440 369 339 370 434 451 477 462 384 295 375 286 296 437 463 400 396 417 392 353 344 
97 22 90 98 96 74 144 151 34 52 7 53 145 48 146 150 152 122 36 113 125 198 206 213 14 69 15 70 3 20 23 37 99 202 207 85 91 208 181 212 214 119 179 75 63 76 112 166 171 126 184 197 258 266 273 121 123 38 39 124 11 16 49 50 54 77 153 141 239 262 267 88 137 45 138 142 147 268 240 242 272 274 176 177 30 114 127 162 170 109 227 232 185 245 203 167 257 199 317 325 332 78 180 182 56 79 80 183 31 32 40 83 92 86 93 100 128 215 188 204 256 299 263 321 326 200 205 209 327 237 300 238 302 331 333 217 58 64 172 186 161 223 231 61 168 228 287 292 246 305 316 259 372 380 386 129 130 241 243 27 102 103 131 132 133 244 65 59 66 81 148 139 149 154 187 275 249 264 218 309 356 322 376 381 260 265 269 382 277 297 357 298 359 385 387 156 105 106 110 115 233 247 222 163 283 291 229 288 345 350 306 362 371 318 419 426 430 189 157 190 301 303 158 191 192 193 304 116 107 117 134 210 201 211 216 248 334 310 323 278 365 406 377 422 427 319 324 328 428 335 354 407 355 409 429 21 219 164 169 173 293 307 282 224 341 349 289 346 397 402 363 411 418 373 453 458 72 250 220 251 358 360 221 252 253 254 361 174 165 175 194 270 261 271 276 308 6 366 378 336 413 445 423 455 459 374 379 383 47 279 388 404 446 405 448 51 225 230 234 351 364 340 284 394 401 347 398 438 442 412 35 452 420 473 89 311 280 312 408 410 281 313 314 315 12 235 226 236 255 329 320 330 0 2 414 424 389 449 468 456 474 95 421 425 19 337 431 443 469 444 94 285 290 294 403 13 393 342 436 441 399 439 465 73 71 472 454 143 367 338 368 447 33 339 369 370 4 295 286 296 9 384 375 5 450 457 432 470 478 475 140 44 46 390 460 467 120 67 343 348 352 29 435 395 464 62 440 466 108 136 84 415 391 416 68 392 417 17 353 344 1 43 18 471 87 461 479 178 196 433 476 118 396 400 10 463 437 111 60 159 451 434 42 25 41 24 8 135 477 195 462 155 26 28 104 57 82 55 160 101 
37 98 23 99 70 76 16 77 150 53 146 152 39 50 54 124 153 123 125 114 127 32 40 128 151 181 207 212 206 91 208 213 214 79 80 86 93 100 182 183 215 177 180 126 171 184 170 64 172 185 186 59 66 81 187 240 242 262 267 272 258 266 142 147 268 273 274 131 130 132 133 92 65 138 139 148 149 154 241 243 244 275 237 238 227 232 245 223 231 110 115 233 246 247 103 106 107 116 117 134 248 299 300 302 263 321 326 331 199 317 325 204 205 200 209 327 332 333 189 191 157 190 158 192 193 201 210 211 216 297 301 298 303 304 334 277 228 287 292 305 163 283 291 168 169 164 173 293 306 307 165 174 175 194 308 249 356 357 359 257 309 322 264 376 381 385 259 316 372 380 265 260 269 382 386 387 250 252 219 220 251 221 253 254 261 270 271 276 335 354 358 355 360 361 6 278 222 288 229 345 350 362 224 282 341 349 230 225 234 351 363 364 226 235 236 255 2 310 365 406 407 409 377 323 422 427 429 318 371 419 426 324 319 328 428 430 21 311 313 279 280 312 281 314 315 320 329 330 0 388 404 408 405 410 12 22 336 346 289 397 402 411 284 340 394 401 290 285 294 403 412 13 286 295 296 9 14 366 413 445 446 448 423 378 455 459 51 373 418 453 458 379 374 383 47 72 52 367 369 337 338 368 339 370 4 375 384 5 7 389 431 443 447 444 33 34 398 347 438 442 35 342 393 436 441 348 343 352 29 71 36 344 353 1 3 414 449 468 469 94 456 424 474 95 96 420 452 473 89 425 421 19 90 97 415 417 390 391 416 392 17 15 18 43 20 432 460 467 68 67 69 439 399 465 73 74 395 435 464 62 400 396 10 63 75 8 24 11 450 470 478 120 122 475 457 140 145 454 472 143 144 46 44 48 451 41 433 434 42 25 38 45 49 461 476 118 121 119 466 440 108 113 437 463 111 112 28 26 30 27 31 471 479 178 179 196 87 202 84 136 198 88 85 82 83 462 55 78 56 477 155 176 159 60 166 57 104 162 61 58 135 195 239 203 141 137 197 129 101 102 160 217 167 109 105 161 188 256 156 218 
40 93 99 100 80 66 77 81 148 54 147 149 124 152 153 133 154 132 116 115 117 127 128 134 139 191 205 210 200 208 209 201 211 182 183 213 214 215 192 193 216 158 190 107 169 174 164 172 173 165 175 185 186 187 194 250 252 264 265 270 259 260 267 268 269 261 271 242 241 243 244 212 184 266 273 272 274 275 251 253 254 276 220 221 229 230 235 224 225 232 233 234 226 236 238 231 246 245 247 248 255 310 311 313 322 323 324 329 317 318 319 321 326 325 327 328 320 330 300 302 297 301 298 303 304 332 331 333 334 280 312 281 314 315 0 279 288 289 290 295 283 284 285 287 292 291 293 294 286 296 306 305 307 308 9 356 366 367 369 316 365 377 376 378 379 384 372 371 373 374 381 380 382 383 375 5 357 359 335 354 358 355 360 361 386 385 387 6 337 338 368 339 370 4 7 336 282 346 345 347 348 353 341 340 342 343 350 349 351 352 344 1 363 362 364 2 3 406 413 414 415 417 423 422 424 425 43 419 418 420 421 427 426 428 19 18 20 407 409 388 404 408 405 410 12 430 429 21 22 390 391 416 392 17 15 23 389 398 397 399 400 24 394 393 395 396 402 401 403 10 8 11 412 411 13 14 16 445 449 450 451 41 456 455 457 46 49 453 452 454 44 459 458 47 48 45 50 446 448 431 443 447 444 33 34 72 51 52 53 432 433 434 42 25 38 39 439 438 440 28 31 436 435 437 26 442 441 29 30 27 32 71 35 36 37 468 470 471 82 83 475 474 87 88 92 473 472 84 85 95 89 90 91 86 469 94 460 467 68 67 69 70 97 96 98 461 462 55 78 56 79 466 465 60 61 65 464 463 57 58 73 62 63 64 59 75 74 76 478 479 135 129 131 196 140 141 142 143 136 137 138 145 144 146 120 122 476 118 121 119 123 151 150 477 101 102 130 103 159 108 109 110 111 104 105 106 113 112 114 126 125 178 195 188 189 203 202 204 198 197 199 207 206 179 181 155 176 180 177 160 156 157 167 166 168 162 161 163 171 170 239 256 249 263 262 258 257 240 217 237 218 219 228 227 223 222 299 309 277 278 
82 101 25 102 42 135 41 129 155 55 57 156 17 8 56 78 157 68 195 87 188 43 83 189 160 118 111 217 104 26 105 218 219 4 38 24 27 103 121 130 220 120 33 178 196 256 140 46 141 239 249 5 49 131 250 67 176 62 162 277 159 161 10 58 163 278 279 9 12 15 79 1 18 28 31 11 59 158 69 180 190 280 94 179 136 203 309 95 202 44 88 204 299 310 0 19 20 45 92 191 311 71 119 237 73 112 223 335 60 167 222 29 30 61 106 224 336 337 2 3 6 34 7 39 132 65 32 107 221 122 123 240 241 251 338 51 143 197 263 365 47 145 262 84 85 48 142 264 356 366 50 86 148 252 367 13 75 177 297 108 35 113 63 170 283 388 109 166 228 282 64 110 164 284 389 390 14 16 21 22 70 23 80 192 116 66 165 281 96 181 182 300 301 312 391 72 89 198 137 257 322 413 90 144 207 321 138 91 205 323 406 414 93 139 210 313 415 36 74 126 238 354 171 114 231 341 431 168 227 288 340 115 169 225 342 432 433 37 40 52 53 124 54 133 253 174 117 226 339 150 242 243 357 358 368 434 97 258 199 316 377 449 146 206 267 376 200 147 265 378 445 450 149 201 270 369 451 76 125 185 298 404 232 172 291 394 460 229 287 346 393 173 230 285 395 461 462 77 81 98 99 183 100 193 314 235 175 286 392 151 212 302 303 407 408 416 317 259 371 423 470 208 266 326 422 260 209 324 424 468 471 211 261 329 417 127 184 246 355 443 292 233 349 436 476 289 345 398 435 234 290 343 437 477 128 134 152 153 244 154 254 370 295 236 344 213 272 359 360 446 447 372 318 418 456 479 268 325 381 455 319 269 379 457 478 271 320 384 186 245 306 405 467 350 293 401 464 347 397 439 463 294 348 396 187 194 214 215 304 216 315 353 296 273 331 409 410 469 419 373 452 475 327 380 427 474 374 328 425 330 375 247 305 363 444 402 351 441 399 438 466 352 400 248 255 274 275 361 276 332 385 448 453 420 472 382 426 459 421 383 307 362 412 442 403 440 465 308 333 334 386 429 473 454 428 458 364 411 387 430 
83 27 102 103 38 49 129 131 11 56 58 59 78 156 157 79 158 15 45 88 92 188 189 191 31 3 30 32 61 105 106 65 107 121 130 218 219 220 39 132 221 7 34 20 85 86 48 141 142 50 148 239 249 250 252 14 16 63 64 66 109 110 162 163 164 116 165 176 69 180 190 217 256 161 278 277 279 280 70 80 192 281 22 23 137 138 139 90 91 203 204 205 93 210 179 202 299 309 310 311 313 36 37 40 113 114 115 117 167 168 169 112 223 222 224 225 174 226 119 237 122 123 240 241 251 336 335 337 338 53 124 54 133 253 339 52 198 199 200 201 145 146 147 197 263 262 264 265 149 270 356 365 366 367 369 75 76 77 81 166 74 171 170 172 173 175 228 227 229 230 283 282 284 285 235 286 177 297 96 181 182 300 301 312 389 388 390 391 98 99 183 100 193 314 392 97 144 258 257 259 260 261 207 206 208 209 322 321 323 324 211 329 406 413 414 415 417 126 125 127 128 134 232 231 233 234 236 288 287 289 290 341 340 342 343 295 344 238 354 150 242 243 357 358 368 432 431 433 434 152 153 244 154 254 370 25 151 317 316 318 319 320 267 266 268 269 377 376 378 379 271 384 445 449 450 451 41 185 184 186 187 194 292 291 293 294 296 346 345 347 348 394 393 395 396 353 8 298 404 212 302 303 407 408 416 461 460 462 55 213 214 215 304 216 315 17 372 371 373 374 375 326 325 327 328 423 422 424 425 330 43 468 470 471 82 246 245 247 248 255 350 349 351 352 1 398 397 399 400 436 435 437 26 24 355 443 272 359 360 446 447 42 477 476 101 273 274 275 361 276 4 419 418 420 421 18 381 380 382 383 456 455 457 46 5 478 479 135 306 305 307 308 9 402 401 403 10 439 438 440 28 464 463 57 405 467 331 409 410 469 68 160 155 332 333 334 12 0 453 452 454 44 427 426 428 19 475 474 87 178 195 363 362 364 2 442 441 29 466 465 60 111 104 444 118 385 448 33 120 386 387 6 473 472 84 459 458 47 196 140 412 411 13 73 62 159 108 67 429 94 430 21 143 136 95 89 71 35 51 72 
104 26 101 105 111 159 160 161 10 57 8 58 155 55 156 162 163 62 60 136 167 195 218 222 28 29 1 30 24 25 27 61 106 118 217 82 102 219 112 223 224 73 71 108 84 109 143 196 197 166 228 178 256 278 282 13 63 9 11 64 18 31 17 56 59 110 164 68 67 176 277 42 135 41 129 78 157 279 75 170 283 284 35 113 44 137 168 89 198 87 203 257 227 288 120 140 239 188 309 336 340 2 36 114 0 3 32 115 43 45 65 4 38 83 103 107 169 225 33 121 94 119 179 237 335 189 130 220 337 74 126 171 231 341 342 72 19 85 199 229 95 144 258 46 141 202 263 316 287 346 299 249 365 389 393 12 14 76 172 5 6 7 15 16 66 173 49 20 86 116 79 131 158 165 230 285 69 180 51 122 177 240 297 388 250 190 280 390 97 125 185 232 291 394 395 21 47 48 88 138 259 289 145 90 206 317 204 262 322 371 345 398 356 310 413 432 435 34 22 37 127 233 23 39 40 117 234 92 50 139 174 132 191 221 226 290 343 123 241 96 181 238 300 354 431 311 251 338 433 151 184 246 292 349 436 437 52 91 142 200 318 347 207 146 266 372 264 321 377 418 397 439 406 366 449 461 463 70 53 77 186 293 54 80 81 175 294 148 93 201 235 192 252 281 286 348 396 182 301 150 242 298 357 404 460 367 312 391 462 98 213 245 306 350 401 464 147 205 260 373 399 267 208 325 419 323 376 423 452 438 466 445 414 470 477 124 99 128 247 351 100 133 134 236 352 210 149 261 295 253 313 339 344 400 243 358 212 302 355 407 443 476 415 368 434 152 273 305 363 402 441 209 265 319 420 440 326 268 380 453 378 422 456 472 465 468 450 479 183 153 187 307 403 154 193 194 296 270 211 320 353 314 369 392 303 408 272 359 405 446 467 451 416 214 332 362 412 442 269 324 374 454 381 327 426 473 424 455 475 478 471 244 215 248 364 216 254 255 329 271 375 370 417 360 447 331 409 444 469 274 386 411 328 379 421 427 382 458 457 474 304 275 308 276 315 384 330 410 385 448 333 430 383 425 459 428 361 334 429 387 
61 105 27 106 30 109 31 110 162 58 156 163 11 56 59 64 164 63 167 137 168 45 65 169 161 112 217 223 218 102 219 222 224 3 32 83 103 107 114 115 225 113 36 166 197 228 198 85 199 227 229 20 86 116 230 75 170 176 277 283 256 278 78 157 279 282 284 15 14 16 66 38 49 129 131 79 158 165 76 172 173 285 74 171 203 257 288 144 258 88 138 259 287 289 7 48 50 92 139 174 290 119 126 231 179 237 335 341 188 309 336 121 130 189 220 337 340 342 34 39 22 37 23 40 117 191 132 221 226 125 127 232 233 234 343 97 202 263 316 346 90 206 317 141 142 91 200 318 345 347 93 148 201 235 348 69 177 185 291 239 122 240 180 297 388 394 249 299 365 389 190 250 280 390 393 395 70 80 52 53 77 54 81 175 252 192 281 286 151 184 186 292 293 294 396 96 145 262 204 322 371 398 146 207 266 372 205 147 260 373 397 399 149 210 261 295 400 123 181 238 246 349 300 241 354 431 436 310 356 413 432 251 311 338 433 435 437 124 133 98 99 128 100 134 236 313 253 339 344 213 245 247 350 351 352 26 150 321 264 377 418 439 208 267 325 419 265 209 319 420 438 440 211 270 320 353 28 182 242 298 306 401 357 301 404 460 464 366 406 449 461 312 367 391 462 463 57 183 193 152 153 187 154 194 296 369 314 392 8 212 273 305 307 402 403 10 376 323 423 452 466 268 326 380 453 324 269 374 454 465 60 271 329 375 24 243 302 355 363 441 407 358 443 476 111 414 445 470 477 368 415 434 101 104 244 254 214 215 248 216 255 1 417 370 25 272 332 362 364 442 29 422 378 456 472 159 327 381 426 473 379 328 421 84 108 330 384 18 303 359 405 412 62 446 408 467 155 450 468 479 160 416 451 55 304 315 274 275 308 276 9 41 17 331 386 411 13 73 455 424 475 136 382 427 458 143 425 383 44 5 43 360 409 444 71 469 447 118 471 478 195 42 82 361 4 333 334 2 0 385 430 35 474 457 196 428 459 89 46 19 410 448 67 120 68 135 178 12 387 6 429 72 140 87 47 95 33 94 21 51 
65 103 106 107 32 86 110 116 79 59 157 158 64 163 164 66 165 16 92 138 139 168 169 174 131 39 130 132 189 219 220 191 221 114 115 222 224 225 40 117 226 23 37 50 142 148 91 199 200 93 201 227 229 230 235 70 80 180 190 192 249 250 277 279 280 252 281 170 76 172 173 223 228 278 282 283 284 285 77 81 175 286 53 54 204 205 210 146 147 257 259 260 149 261 171 258 287 288 289 290 295 123 124 133 240 241 251 253 309 310 311 237 335 336 337 338 313 339 126 231 125 127 232 233 234 340 341 342 343 99 128 100 134 236 344 98 262 264 265 270 206 208 209 263 316 317 318 319 211 320 345 346 347 348 353 177 182 183 193 299 181 300 297 301 312 314 365 356 366 367 388 389 390 391 369 392 185 291 151 184 186 292 293 294 393 394 395 396 152 153 187 154 194 296 8 150 207 321 322 323 324 329 266 267 268 269 371 372 373 374 271 375 397 398 399 400 24 238 242 243 244 254 357 354 358 368 370 413 406 414 415 431 432 433 434 417 25 246 349 213 245 247 350 351 352 435 436 437 26 214 215 248 216 255 1 27 212 376 377 378 379 384 325 326 327 328 418 419 420 421 330 18 438 439 440 28 31 298 302 303 304 315 407 404 408 416 17 449 445 450 451 460 461 462 55 41 56 306 401 273 305 307 402 403 10 463 464 57 58 272 274 275 308 276 9 11 422 423 424 425 43 380 381 382 383 452 453 454 44 5 45 465 466 60 61 355 359 360 361 4 446 443 447 42 38 470 468 471 82 476 477 101 102 83 363 441 332 362 364 442 29 30 104 111 105 331 333 334 2 0 3 455 456 457 46 49 426 427 428 19 472 473 84 85 20 108 159 109 405 409 410 12 15 469 467 68 78 479 478 135 129 155 160 156 412 62 386 411 13 73 63 161 162 385 387 6 14 7 474 475 87 88 458 459 47 48 136 143 137 166 167 444 448 33 34 120 118 121 195 178 188 217 218 71 112 430 35 36 113 429 21 22 140 196 141 89 95 90 197 198 67 94 69 179 176 256 239 75 72 74 51 52 202 203 144 145 119 122 97 96 
108 28 84 109 159 73 143 166 26 60 24 61 136 44 137 167 168 104 29 35 113 89 198 227 10 57 8 58 1 18 31 30 110 196 197 19 85 199 161 228 229 111 160 62 13 63 71 72 74 112 171 95 144 258 287 101 105 25 27 106 9 11 43 45 65 64 169 87 195 203 257 46 47 5 48 88 138 259 218 222 288 289 155 162 2 36 114 67 75 21 97 125 170 232 140 51 145 90 206 317 345 55 156 163 17 56 59 164 0 3 32 41 49 20 86 116 115 230 135 141 178 256 202 263 316 91 142 200 318 217 278 223 282 346 347 118 12 14 76 172 94 119 126 6 52 96 151 184 231 292 207 146 266 372 397 82 102 219 224 4 42 38 83 103 107 225 7 15 16 66 92 50 139 174 173 290 188 204 120 239 309 262 322 371 147 205 260 373 176 277 336 283 340 398 399 68 33 34 22 37 127 233 122 69 177 185 98 150 213 245 291 350 267 208 325 419 438 129 78 157 279 284 79 131 158 165 285 23 39 40 117 148 93 201 235 234 348 249 264 179 299 365 321 377 418 209 265 319 420 237 335 389 341 393 439 440 121 70 53 77 186 293 181 123 238 246 152 212 273 305 349 402 326 268 380 453 465 189 130 220 337 342 132 191 221 226 343 54 80 81 175 210 149 261 295 294 400 310 323 240 356 413 376 423 452 269 324 374 454 180 297 388 432 394 435 466 124 99 128 247 351 242 182 298 306 214 272 332 362 401 442 381 327 426 473 250 190 280 390 395 192 252 281 286 396 100 133 134 236 270 211 320 353 352 366 378 300 406 449 422 456 472 328 379 421 241 354 431 461 436 463 183 153 187 307 403 302 243 355 363 274 331 386 411 441 427 382 458 311 251 338 433 437 253 313 339 344 154 193 194 296 329 271 375 414 424 357 445 470 455 475 383 425 301 404 460 477 464 244 215 248 364 359 303 405 412 333 385 430 459 428 367 312 391 462 314 369 392 216 254 255 384 330 450 457 407 468 479 474 358 443 476 304 275 308 409 360 444 387 429 415 368 434 370 417 276 315 471 446 478 408 467 361 334 448 410 451 416 469 447 
30 109 31 110 58 63 11 64 167 61 137 168 27 45 65 106 169 105 113 36 114 3 32 115 166 161 197 228 198 85 199 227 229 56 59 20 86 116 163 164 230 162 156 112 74 171 75 14 76 170 172 15 16 66 173 218 222 203 257 288 144 258 88 138 259 287 289 83 102 103 107 49 7 48 50 92 139 174 219 224 225 290 217 223 97 125 232 119 126 22 37 127 231 233 38 34 39 23 40 117 234 256 278 282 202 263 316 346 90 206 317 141 142 91 200 318 345 347 129 131 78 157 79 158 165 93 148 201 235 277 279 283 284 285 348 176 96 151 184 292 69 177 185 52 53 70 77 186 291 293 80 54 81 175 294 188 309 336 340 145 239 262 204 322 371 398 146 207 266 372 205 147 260 373 397 399 189 191 121 130 220 132 221 226 149 210 261 295 237 335 337 341 342 343 400 179 122 150 98 213 245 350 123 181 238 246 99 124 128 247 349 351 133 100 134 236 352 249 299 365 389 393 321 264 377 418 439 208 267 325 419 265 209 319 420 438 440 250 252 180 190 280 192 281 286 211 270 320 353 297 388 390 394 395 396 28 240 212 152 273 305 402 182 242 298 306 153 183 187 307 401 403 193 154 194 296 10 310 356 413 432 435 376 323 423 452 466 268 326 380 453 324 269 374 454 465 60 311 313 241 251 338 253 339 344 271 329 375 24 300 354 431 433 436 437 26 272 214 332 362 442 243 302 355 363 215 244 248 364 441 29 254 216 255 1 366 406 449 461 463 422 378 456 472 159 327 381 426 473 379 328 421 84 108 367 369 301 312 391 314 392 8 330 384 18 357 404 460 462 464 57 331 274 386 411 73 303 359 405 412 275 304 308 13 62 315 276 9 414 445 470 477 104 455 424 475 136 382 427 458 143 425 383 44 415 417 358 368 434 370 25 5 43 407 443 476 101 111 385 333 430 35 360 409 444 71 334 361 2 4 0 450 468 479 160 474 457 196 428 459 89 46 19 451 41 408 416 55 17 446 467 155 429 387 72 410 448 67 6 12 471 478 195 140 87 47 95 82 447 42 469 118 51 21 33 94 135 178 68 120 
73 111 71 112 29 108 35 113 57 62 155 162 13 67 75 63 170 10 159 143 166 72 74 171 104 26 101 105 160 118 217 161 223 2 36 94 119 126 30 114 231 28 1 60 136 167 84 89 198 109 227 21 97 125 232 8 58 55 156 163 195 218 68 176 277 222 283 12 9 14 76 33 51 120 122 69 177 185 11 64 172 291 24 61 196 197 228 44 137 95 144 258 168 287 6 47 52 96 151 184 292 25 27 106 82 102 219 224 178 256 278 42 121 179 237 335 282 341 4 34 0 3 22 37 127 181 123 238 246 31 32 110 115 233 349 18 87 203 257 288 19 85 199 140 145 90 206 317 229 345 98 150 213 245 350 17 56 59 164 135 41 129 78 157 279 284 239 188 309 336 180 240 297 388 340 394 15 70 5 7 16 53 77 186 242 182 298 306 45 65 66 169 173 293 401 43 46 141 202 263 316 346 48 88 138 259 207 146 266 372 289 397 152 212 273 305 402 38 83 103 107 225 189 130 220 337 342 299 249 365 389 241 300 354 431 393 436 39 124 20 23 40 99 128 247 302 243 355 363 86 116 117 230 234 351 441 49 204 262 322 371 398 91 142 200 318 267 208 325 419 347 438 214 272 332 362 442 79 131 158 165 285 250 190 280 390 395 356 310 413 432 301 357 404 460 435 464 80 183 50 54 81 153 187 307 359 303 405 412 92 139 174 175 290 294 403 264 321 377 418 439 147 205 260 373 326 268 380 453 399 465 274 331 386 411 132 191 221 226 343 311 251 338 433 437 406 366 449 461 358 407 443 476 463 133 244 93 100 134 215 248 364 409 360 444 148 201 235 236 348 352 323 376 423 452 466 209 265 319 420 381 327 426 473 440 333 385 430 192 252 281 286 396 367 312 391 462 445 414 470 477 408 446 467 193 304 149 154 194 275 308 448 410 210 261 295 296 400 378 422 456 472 269 324 374 454 427 382 458 387 429 253 313 339 344 415 368 434 468 450 479 447 469 254 361 211 216 255 334 270 320 353 424 455 475 328 379 421 459 428 314 369 392 451 416 478 471 315 271 276 329 375 457 474 383 425 370 417 330 384 
113 30 36 114 112 166 74 171 58 63 11 64 75 14 76 170 172 162 109 198 227 97 125 232 61 105 27 106 31 3 32 110 115 119 126 22 37 127 223 231 233 161 217 167 137 168 197 144 258 228 287 96 151 184 292 156 163 56 59 164 45 65 15 16 66 169 173 69 176 177 185 34 52 7 53 70 77 186 277 283 291 293 218 222 85 199 229 203 257 90 206 317 288 345 122 145 150 98 213 245 350 102 219 224 83 103 107 225 20 86 116 38 39 23 40 117 230 234 121 123 179 237 181 238 246 99 124 128 247 278 335 282 341 349 351 256 88 138 259 289 202 263 316 48 146 207 266 372 346 397 212 152 273 305 402 78 157 279 284 49 129 131 79 158 165 285 50 92 139 174 80 54 81 175 290 294 180 182 239 240 297 242 298 306 153 183 187 307 309 336 388 340 394 401 403 188 141 142 91 200 318 347 262 204 322 371 208 267 325 419 398 438 272 214 332 362 442 130 189 220 337 342 191 132 221 226 343 93 148 201 235 133 100 134 236 348 352 241 243 299 300 354 302 355 363 215 244 248 364 365 389 431 393 436 441 29 249 205 147 260 373 399 321 264 377 418 268 326 380 453 439 465 331 274 386 411 73 190 250 280 390 395 252 192 281 286 396 149 210 261 295 193 154 194 296 400 10 301 303 356 357 404 359 405 412 275 304 308 13 310 413 432 460 435 464 62 265 209 319 420 440 376 323 423 452 327 381 426 473 466 108 385 333 430 35 251 311 338 433 437 313 253 339 344 26 211 270 320 353 254 216 255 1 28 358 360 406 407 443 409 444 71 334 361 2 366 449 461 476 463 111 324 269 374 454 60 422 378 456 472 382 427 458 143 159 429 387 72 312 367 391 462 57 369 314 392 8 271 329 375 24 315 276 9 408 410 445 446 467 448 67 6 12 414 470 477 155 104 379 328 421 84 455 424 475 136 428 459 89 51 21 368 415 434 101 417 370 25 330 384 18 4 0 447 33 468 469 118 94 450 479 160 425 383 44 474 457 196 47 95 416 451 55 41 17 5 43 68 478 120 471 195 46 19 140 87 42 82 178 135 
110 114 32 115 106 168 65 169 170 64 76 172 59 16 66 164 173 163 227 199 229 86 116 230 171 223 126 231 125 37 127 232 233 103 107 23 40 117 224 225 234 222 219 228 258 287 257 138 259 288 289 92 139 174 290 277 283 177 185 291 151 184 70 77 186 292 293 79 157 158 165 39 50 53 54 80 81 175 279 284 285 294 278 282 206 317 345 263 316 91 200 318 346 347 131 142 148 93 201 235 348 237 335 341 181 238 246 349 98 213 245 123 124 99 128 247 350 351 130 132 189 220 191 221 226 100 133 134 236 336 337 340 342 343 352 309 207 266 372 397 204 322 371 146 147 205 260 373 398 399 210 149 261 295 400 180 297 388 394 150 240 242 182 298 306 401 152 212 273 305 183 153 187 307 402 403 190 192 249 250 280 252 281 286 154 193 194 296 365 389 390 393 395 396 10 299 262 267 208 325 419 438 264 321 377 418 209 265 319 420 439 440 270 211 320 353 28 241 300 354 431 436 302 243 355 363 441 214 272 332 362 244 215 248 364 442 29 251 253 310 311 338 313 339 344 216 254 255 1 413 432 433 435 437 26 30 356 326 268 380 453 465 323 376 423 452 269 324 374 454 466 60 329 271 375 24 61 301 357 404 460 464 359 303 405 412 62 274 331 386 411 304 275 308 13 73 63 312 314 366 367 391 369 392 8 276 315 9 11 406 449 461 462 463 57 58 381 327 426 473 108 378 422 456 472 328 379 421 84 159 109 384 330 18 31 358 407 443 476 111 409 360 444 71 112 333 385 430 35 361 334 2 36 113 368 370 414 415 434 417 25 27 0 4 3 445 470 477 101 104 105 427 382 458 143 166 424 455 475 136 383 425 44 137 167 43 5 45 408 446 467 155 162 448 410 67 75 387 429 72 74 12 6 14 416 17 450 451 55 41 56 7 15 468 479 160 156 161 459 428 89 198 457 474 196 197 19 46 85 49 20 447 469 118 217 94 33 119 21 51 97 34 22 42 38 471 82 102 83 478 195 218 95 47 144 87 140 203 48 88 68 120 176 122 69 52 96 78 135 129 178 256 145 90 141 202 121 179 188 239 
32 86 110 116 59 16 64 66 92 65 138 139 106 168 169 107 174 103 23 37 40 114 115 117 50 131 142 148 91 199 200 93 201 163 164 227 229 230 158 165 235 79 157 39 53 54 70 76 77 80 81 170 172 173 175 189 191 204 205 210 146 147 257 259 260 149 261 222 219 224 225 228 171 258 287 288 289 290 220 221 226 295 130 132 98 99 100 123 124 125 127 128 133 134 223 126 231 232 233 234 236 249 250 252 262 264 265 270 206 208 209 263 316 317 318 319 211 320 278 282 277 279 283 284 285 345 346 347 348 190 280 192 281 286 353 180 150 152 153 154 177 182 183 151 184 185 186 187 193 194 291 292 293 294 296 309 310 311 313 207 299 321 322 323 324 329 266 267 268 269 371 372 373 374 271 375 336 340 237 335 337 341 342 343 397 398 399 400 241 251 338 253 339 344 24 240 181 212 213 214 215 216 238 242 243 244 245 246 247 248 254 255 349 350 351 352 1 365 356 366 367 369 376 377 378 379 384 325 326 327 328 418 419 420 421 330 18 389 393 297 388 390 394 395 396 438 439 440 28 301 312 391 314 392 8 31 300 272 273 274 275 276 298 302 303 304 305 306 307 308 315 9 401 402 403 10 11 413 406 414 415 417 422 423 424 425 43 380 381 382 383 452 453 454 44 5 45 432 435 354 431 433 436 437 26 465 466 60 61 357 358 368 434 370 25 27 331 332 333 334 0 355 359 360 361 362 363 364 2 4 3 441 442 29 30 449 445 450 451 41 455 456 457 46 49 426 427 428 19 472 473 84 85 20 461 463 404 460 462 464 57 58 108 159 109 407 408 416 55 17 56 385 386 387 6 7 405 409 410 12 411 412 13 14 15 62 73 63 470 468 471 82 83 474 475 87 88 458 459 47 48 136 143 137 477 104 443 476 101 111 105 166 167 446 447 42 102 38 429 430 21 22 444 448 33 34 35 71 36 112 113 479 478 135 129 140 196 141 89 95 90 197 198 160 161 467 155 156 162 469 68 78 51 72 52 67 94 69 74 75 195 178 188 202 203 144 145 218 118 217 120 121 96 97 119 122 256 239 176 179 
116 40 115 117 107 139 169 174 80 66 77 81 164 172 173 165 175 158 93 200 201 229 230 235 54 132 124 133 99 127 128 100 134 224 225 232 233 234 221 226 236 191 220 148 147 149 205 259 260 210 261 288 289 290 295 190 192 182 183 193 152 153 185 186 187 154 194 283 279 284 285 231 287 184 292 291 293 294 280 281 286 296 250 252 208 209 211 264 265 317 318 319 270 320 282 316 346 345 347 348 353 241 251 253 242 243 244 254 213 214 215 238 246 245 247 248 216 255 335 341 336 337 340 342 343 350 349 351 352 311 338 313 339 344 1 310 267 268 269 271 322 323 324 266 372 371 373 374 329 375 398 397 399 400 24 297 301 312 314 212 300 302 298 303 304 315 273 272 274 275 306 305 307 308 276 9 388 394 365 389 390 393 395 396 402 401 403 10 366 367 391 369 392 8 11 356 321 326 325 327 328 330 377 376 378 379 419 418 420 421 384 18 439 438 440 28 31 354 357 358 368 370 359 355 360 361 4 332 331 333 334 363 362 364 2 0 3 431 436 413 432 433 435 437 26 442 441 29 30 414 415 434 417 25 27 32 406 381 380 382 383 5 423 422 424 425 453 452 454 44 43 45 466 465 60 61 65 404 407 408 416 17 409 405 410 12 15 386 385 387 6 412 411 13 14 7 16 460 464 449 461 462 463 57 58 73 62 63 64 445 450 451 55 41 56 59 427 426 428 19 20 456 455 457 46 473 472 84 85 49 86 159 108 109 110 443 446 447 42 38 448 444 33 34 39 430 429 21 22 71 35 36 37 23 476 111 470 477 101 104 105 106 113 112 114 468 471 82 102 83 103 459 458 47 48 50 475 474 87 88 143 136 137 138 92 167 166 168 467 469 68 78 79 94 67 69 70 72 51 52 53 75 74 76 155 162 479 160 156 161 163 171 170 478 135 129 157 131 95 89 90 91 196 140 141 142 198 197 199 228 227 118 120 121 130 122 119 123 97 96 98 126 125 217 223 195 218 219 222 178 188 189 145 144 146 203 202 204 258 257 176 179 180 181 177 151 150 277 256 278 239 249 207 206 263 262 237 240 309 299 
94 71 118 119 33 51 120 122 13 67 62 75 68 155 176 69 177 12 72 95 96 178 179 181 35 2 29 36 73 111 112 74 126 42 121 160 217 237 34 123 238 6 4 21 89 97 47 140 145 52 150 135 239 240 242 9 14 10 63 76 108 113 57 162 170 125 185 55 17 78 180 101 195 104 218 156 277 297 15 70 182 298 0 22 143 144 151 19 90 196 202 207 98 212 82 87 188 256 299 300 302 1 3 37 28 30 114 127 159 166 171 26 105 161 223 231 184 246 25 102 41 38 129 130 241 278 219 335 354 7 39 53 124 243 355 5 84 198 206 213 46 48 146 136 203 141 262 267 152 272 249 309 356 357 359 8 11 16 77 60 24 61 58 64 172 186 167 109 227 232 163 222 283 291 245 306 56 157 43 83 79 189 190 301 336 279 388 404 20 23 80 99 183 303 405 18 44 137 197 258 266 273 88 85 91 208 263 204 321 326 214 331 310 365 406 407 409 27 31 32 40 128 110 106 115 233 247 228 168 287 292 224 282 341 349 305 363 103 220 49 131 132 250 251 358 389 337 431 443 50 54 133 153 244 360 444 45 199 257 317 325 332 142 138 147 268 322 264 376 381 274 385 366 413 445 446 448 59 65 66 81 187 169 164 173 293 307 288 229 345 350 284 340 394 401 362 412 158 280 92 191 192 311 312 408 432 390 460 467 86 93 100 193 215 304 410 259 316 372 380 386 205 200 209 327 377 323 422 427 333 429 414 449 468 469 107 116 117 134 248 230 225 234 351 364 346 289 397 402 342 393 436 441 411 221 338 148 252 253 367 368 447 461 433 476 139 149 154 254 275 361 318 371 419 426 430 265 260 269 382 423 378 455 459 387 450 470 478 165 174 175 194 308 290 285 294 403 398 347 438 442 395 435 464 281 391 210 313 314 415 416 477 462 201 211 216 315 334 373 418 453 458 324 319 328 428 456 424 474 471 479 226 235 236 255 348 343 352 439 399 465 437 463 339 434 270 369 370 451 261 271 276 420 452 473 379 374 383 475 457 286 295 296 400 396 466 440 392 329 417 320 330 454 472 425 421 344 353 384 375 
120 42 33 121 118 178 94 179 55 68 17 78 67 12 69 176 180 155 135 140 239 51 122 240 82 101 25 102 41 4 38 129 130 71 119 6 34 123 217 237 241 160 111 195 87 188 196 95 202 256 299 72 96 181 300 57 156 8 56 157 43 83 9 15 79 189 190 13 62 75 177 2 21 0 22 14 70 182 162 277 297 301 104 218 46 141 249 136 203 47 145 262 309 356 35 89 97 52 150 242 357 26 105 219 24 27 103 220 5 49 131 1 3 7 39 132 250 251 29 36 73 112 74 126 238 53 37 124 243 161 223 278 335 354 358 159 44 88 204 310 143 197 263 19 90 144 207 321 365 406 151 98 212 302 407 10 58 163 279 18 28 31 11 59 158 280 20 45 92 191 16 23 80 192 311 312 63 76 108 113 170 125 185 298 99 77 183 303 167 222 283 336 388 404 408 60 84 85 48 142 264 366 198 137 257 322 146 206 267 376 413 445 213 152 272 359 446 30 61 106 224 337 65 32 107 221 338 50 86 148 252 40 54 133 253 367 368 114 127 166 171 231 184 246 355 153 128 244 360 228 282 341 389 431 443 447 109 138 91 205 323 414 258 199 316 377 208 266 326 422 449 468 273 214 331 409 469 64 110 164 284 390 116 66 165 281 391 93 139 210 313 81 100 193 314 415 416 172 186 227 232 291 245 306 405 215 187 304 410 168 288 340 394 432 460 467 200 147 265 378 450 317 259 371 423 268 325 381 455 470 478 332 274 385 448 115 169 225 342 433 174 117 226 339 434 149 201 270 369 134 154 254 370 451 233 247 287 292 349 305 363 444 275 248 361 229 346 393 436 461 476 260 209 324 424 471 372 318 418 456 327 380 427 474 479 386 333 429 173 230 285 395 462 235 175 286 392 211 261 329 417 194 216 315 293 307 345 350 401 362 412 334 308 289 398 435 464 477 319 269 379 457 419 373 452 475 382 426 459 430 387 234 290 343 437 295 236 344 271 320 384 255 276 351 364 397 402 441 411 347 439 463 374 328 425 453 420 472 428 458 294 348 396 353 296 330 375 403 438 442 399 466 421 383 473 454 352 400 465 440 
122 34 121 123 119 96 179 181 14 69 15 70 176 78 180 177 182 75 52 145 150 239 240 242 22 36 3 37 7 38 39 53 124 217 237 129 130 241 126 238 243 74 112 97 90 98 144 202 207 151 212 256 299 300 302 63 76 11 16 77 20 23 56 79 80 99 183 156 162 277 297 102 188 83 189 157 190 301 170 185 298 303 113 125 48 146 152 198 206 141 262 267 213 272 218 203 309 249 356 357 359 30 114 127 31 32 40 128 49 50 54 27 103 131 132 133 153 244 105 219 161 223 278 335 354 250 220 251 358 171 231 184 246 355 360 166 85 91 208 214 197 258 266 88 204 263 321 326 273 331 365 310 406 407 409 58 64 172 186 45 61 65 59 66 81 187 92 86 93 100 158 191 192 193 215 304 163 279 167 222 283 336 388 404 311 280 312 408 227 232 291 245 306 405 410 109 137 138 142 147 268 274 257 199 317 325 264 322 376 381 332 385 413 366 445 446 448 106 110 115 233 247 116 107 117 134 248 148 139 149 154 221 252 253 254 275 361 224 337 228 282 341 389 431 443 367 338 368 447 287 292 349 305 363 444 33 168 200 205 209 327 333 316 259 372 380 323 377 422 427 386 429 449 414 468 469 94 164 169 173 293 307 174 165 175 194 308 210 201 211 216 281 313 314 315 334 12 284 390 288 340 394 432 460 467 415 391 416 68 229 345 350 401 362 412 67 260 265 269 382 387 371 318 419 426 378 423 455 459 430 51 470 450 478 120 225 230 234 351 364 235 226 236 255 2 270 261 271 276 339 369 370 4 6 342 433 346 393 436 461 476 118 451 434 42 289 397 402 441 411 71 319 324 328 428 21 418 373 453 458 424 456 474 95 72 479 471 178 285 290 294 403 13 295 286 296 9 329 320 330 0 392 417 17 395 462 398 435 464 477 155 82 55 347 438 442 62 35 374 379 383 47 452 420 473 89 457 475 140 195 135 343 348 352 29 353 344 1 384 375 5 25 41 437 101 439 463 111 160 399 465 73 421 425 19 472 454 143 87 196 396 400 10 24 8 43 18 57 466 104 440 108 44 46 136 84 26 28 159 60 
53 123 39 124 37 98 23 99 177 70 180 182 16 79 80 77 183 76 150 146 152 50 54 153 181 126 237 238 240 130 241 242 243 32 40 131 132 133 127 128 244 125 114 151 207 212 206 91 208 213 214 86 93 100 215 170 185 277 297 298 299 300 157 190 301 302 303 59 64 66 81 103 92 189 191 158 192 193 172 186 187 304 171 184 262 267 272 258 266 142 147 268 273 274 65 138 139 148 149 154 275 223 231 246 278 335 354 355 249 356 357 219 220 250 251 358 359 360 106 107 110 115 116 117 134 252 221 253 254 232 233 245 247 248 361 227 263 321 326 331 199 317 325 204 205 200 209 327 332 333 201 210 211 216 334 163 283 291 306 309 222 336 279 388 404 405 310 365 406 407 280 311 312 408 409 410 164 165 168 169 173 174 175 194 313 281 314 315 287 292 293 305 307 308 12 228 257 322 264 376 381 385 259 316 372 380 265 260 269 382 386 387 261 270 271 276 6 224 282 341 349 363 389 337 431 443 444 366 413 445 446 338 367 368 447 448 33 225 226 229 230 234 235 236 255 369 339 370 4 345 350 351 362 364 2 34 288 377 323 422 427 429 318 371 419 426 324 319 328 428 430 21 320 329 330 0 22 284 340 394 401 412 432 390 460 467 67 414 449 468 469 391 415 416 68 94 69 285 286 289 290 294 295 296 9 417 392 17 15 346 397 402 403 411 13 14 423 378 455 459 51 373 418 453 458 379 374 383 47 72 52 375 384 5 7 342 393 436 441 71 461 433 476 118 119 450 470 478 120 434 451 42 121 122 343 344 347 348 352 353 1 3 41 25 38 398 438 442 29 35 36 456 424 474 95 96 420 452 473 89 425 421 19 90 97 18 43 20 395 435 464 62 75 477 462 155 176 471 479 178 179 55 82 78 396 8 399 400 10 24 11 83 56 439 465 73 63 74 475 457 140 145 454 472 143 144 46 44 48 45 49 437 463 111 112 160 101 217 135 195 239 102 129 26 27 440 28 30 31 466 108 113 196 87 202 84 136 198 88 85 57 104 162 218 156 188 256 58 60 61 159 166 203 141 137 197 105 161 109 167 
13 67 62 75 35 2 29 36 94 71 118 119 73 111 112 74 126 72 12 9 14 10 63 76 33 51 120 122 68 155 176 69 177 108 113 57 162 170 97 125 185 21 89 6 4 34 0 1 3 22 37 28 30 114 127 95 96 178 179 181 42 121 160 217 237 123 238 159 143 166 171 104 26 101 105 161 223 231 144 151 184 246 47 52 17 15 70 5 7 8 11 16 53 77 60 24 61 58 64 172 186 140 145 150 135 239 240 242 55 78 180 195 218 156 277 297 182 298 136 167 84 198 109 227 232 163 222 283 291 90 206 98 213 245 306 19 41 38 39 124 18 20 23 25 27 31 32 40 99 128 110 106 115 233 247 196 202 207 212 82 87 188 256 299 300 302 102 129 130 241 278 219 335 354 243 355 197 228 44 137 258 168 287 292 224 282 341 349 48 146 266 152 273 305 363 46 43 83 56 79 80 183 45 49 50 54 59 65 66 81 153 187 169 164 173 293 307 203 141 262 267 272 249 309 356 357 359 157 189 190 301 336 279 388 404 303 405 257 288 85 199 317 229 345 350 284 340 394 401 91 208 325 214 332 362 412 88 131 103 132 133 244 86 92 93 100 107 116 117 134 215 248 230 225 234 351 364 263 204 321 326 331 310 365 406 407 409 220 250 251 358 389 337 431 443 360 444 316 346 138 259 372 289 397 402 342 393 436 441 142 147 268 380 274 386 411 191 158 192 193 304 139 148 149 154 165 174 175 194 275 308 290 285 294 403 322 264 376 381 385 366 413 445 446 448 280 311 312 408 432 390 460 467 410 371 398 200 318 419 347 438 442 395 435 464 205 209 327 426 333 430 252 221 253 254 361 201 210 211 216 226 235 236 255 334 348 343 352 377 323 422 427 429 414 449 468 469 338 367 368 447 461 433 476 418 439 260 373 453 399 465 437 463 265 269 382 458 387 313 281 314 315 261 270 271 276 286 295 296 400 396 423 378 455 459 450 470 478 391 415 416 477 462 452 466 319 420 473 440 324 328 428 369 339 370 320 329 330 344 353 456 424 474 471 479 434 451 472 374 454 379 383 417 392 375 384 475 457 421 425 
21 35 89 97 51 6 47 52 71 72 73 74 95 143 144 96 151 94 2 0 22 19 90 98 13 67 62 75 29 108 113 36 125 140 145 84 198 206 122 150 213 33 120 12 9 14 4 5 7 34 53 46 48 146 152 118 119 111 112 126 10 63 159 166 171 76 184 196 178 202 207 136 44 60 137 197 258 266 179 181 212 273 68 69 1 3 37 17 15 18 20 23 70 99 87 43 88 85 91 208 214 155 176 177 57 162 170 185 28 30 114 104 167 109 227 232 127 245 195 203 135 239 141 262 267 199 257 317 325 121 240 123 242 272 332 42 8 11 16 77 41 38 39 24 45 49 50 54 124 153 142 138 147 268 274 160 217 237 238 26 101 105 161 223 231 246 61 58 64 172 228 168 287 292 186 305 256 263 82 188 299 204 321 326 259 316 372 380 78 180 300 182 302 331 386 55 25 27 31 32 40 128 83 56 79 80 86 92 93 100 183 215 205 200 209 327 333 218 156 277 297 298 163 222 283 291 306 110 106 115 233 288 229 345 350 247 362 309 322 129 249 356 264 376 381 318 371 419 426 130 241 357 243 359 385 430 102 59 65 66 81 187 131 103 132 133 139 148 149 154 244 275 265 260 269 382 387 278 219 335 354 355 224 282 341 349 363 169 164 173 293 346 289 397 402 307 411 365 377 189 310 406 323 422 427 373 418 453 458 157 190 301 407 303 409 429 107 116 117 134 248 191 158 192 193 201 210 211 216 304 334 324 319 328 428 336 279 388 404 405 284 340 394 401 412 230 225 234 351 398 347 438 442 364 413 423 250 366 445 378 455 459 420 452 473 220 251 358 446 360 448 165 174 175 194 308 252 221 253 254 261 270 271 276 361 379 374 383 389 337 431 443 444 342 393 436 441 290 285 294 403 439 399 465 449 456 311 414 468 424 474 454 472 280 312 408 469 410 226 235 236 255 313 281 314 315 320 329 330 425 421 432 390 460 467 395 435 464 348 343 352 466 440 470 475 367 450 478 457 338 368 447 286 295 296 369 339 370 375 384 461 433 476 437 463 400 396 479 415 471 391 416 344 353 417 392 477 462 451 434 
29 108 35 113 62 10 13 63 159 73 143 166 71 72 74 112 171 111 28 1 30 2 36 114 60 104 136 167 84 89 198 109 227 67 75 21 97 125 162 170 232 57 155 26 24 61 8 9 11 58 64 12 14 76 172 160 161 196 197 228 44 137 95 144 258 168 287 94 118 119 126 51 6 47 52 96 151 184 217 223 231 292 101 105 18 31 110 25 27 0 3 32 106 115 33 4 34 22 37 127 233 195 218 222 87 203 257 288 19 85 199 140 145 90 206 317 229 345 120 122 68 176 69 177 185 98 150 213 245 156 277 163 283 291 350 55 43 45 65 169 17 56 59 5 7 15 16 66 164 173 70 53 77 186 293 178 256 278 282 46 135 141 202 263 316 346 48 88 138 259 207 146 266 372 289 397 179 181 42 121 237 123 238 246 152 212 273 305 102 219 335 224 341 349 402 82 41 49 20 86 116 230 38 83 103 107 23 39 40 117 225 234 124 99 128 247 351 239 188 309 336 340 204 262 322 371 398 91 142 200 318 267 208 325 419 347 438 240 242 78 180 297 182 298 306 214 272 332 362 157 279 388 284 394 401 442 129 92 50 139 174 290 79 131 158 165 54 80 81 175 285 294 183 153 187 307 403 299 249 365 389 393 264 321 377 418 439 147 205 260 373 326 268 380 453 399 465 300 302 130 241 354 243 355 363 274 331 386 411 189 220 337 431 342 436 441 148 93 201 235 348 132 191 221 226 100 133 134 236 343 352 244 215 248 364 356 310 413 432 435 323 376 423 452 466 209 265 319 420 381 327 426 473 440 357 359 190 301 404 303 405 412 333 385 430 250 280 390 460 395 464 210 149 261 295 400 192 252 281 286 154 193 194 296 396 304 275 308 406 366 449 461 463 378 422 456 472 269 324 374 454 427 382 458 407 409 251 358 443 360 444 387 429 311 338 433 476 437 270 211 320 353 253 313 339 344 216 254 255 361 334 445 414 470 477 424 455 475 328 379 421 459 428 446 448 312 408 467 410 367 391 462 329 271 375 314 369 392 276 315 468 450 479 457 474 383 425 469 368 447 415 434 384 330 370 417 478 471 416 451 
36 97 113 125 75 14 63 76 96 74 144 151 112 166 171 126 184 119 22 3 37 30 114 127 52 122 145 150 90 198 206 98 213 162 170 109 227 232 177 185 245 69 176 34 7 53 15 11 16 70 77 58 64 172 186 179 181 202 207 212 48 146 197 258 266 152 273 161 217 223 231 167 61 137 168 228 287 292 237 238 246 305 121 123 20 23 99 38 39 31 32 40 124 128 105 27 106 110 115 233 247 239 240 242 141 262 267 272 85 91 208 203 257 199 317 325 214 332 218 222 156 277 163 283 291 229 288 345 350 180 297 182 298 306 362 78 49 50 54 153 56 79 80 45 65 59 66 81 183 187 164 169 173 293 307 256 299 300 302 88 188 204 263 321 326 331 138 142 147 268 316 259 372 380 274 386 278 282 102 219 335 224 341 349 289 346 397 402 130 241 354 243 355 363 411 129 83 92 86 93 100 215 103 131 132 133 116 107 117 134 244 248 225 230 234 351 364 309 249 356 357 359 264 322 376 381 385 200 205 209 327 371 318 419 426 333 430 336 340 157 279 388 284 394 401 347 398 438 442 190 301 404 303 405 412 35 189 148 139 149 154 275 158 191 192 193 174 165 175 194 304 308 285 290 294 403 13 365 310 406 407 409 323 377 422 427 429 260 265 269 382 418 373 453 458 387 72 389 393 220 337 431 342 436 441 399 439 465 73 250 251 358 443 360 444 71 210 201 211 216 334 221 252 253 254 235 226 236 255 361 2 343 348 352 29 413 366 445 446 448 378 423 455 459 51 319 324 328 428 452 420 473 89 21 432 435 280 390 460 395 464 62 440 466 108 311 312 408 467 410 67 270 261 271 276 6 281 313 314 315 295 286 296 9 12 396 400 10 449 414 468 469 94 424 456 474 95 374 379 383 47 472 454 143 461 463 338 433 476 437 111 60 159 367 368 447 118 33 329 320 330 0 339 369 370 4 353 344 1 26 28 470 450 478 120 457 475 140 421 425 19 136 84 477 104 391 462 155 57 415 416 68 384 375 5 392 417 17 24 8 479 471 178 87 196 44 46 160 434 101 451 42 43 18 25 41 195 135 55 82 
74 119 112 126 36 97 113 125 69 75 176 177 63 162 170 76 185 14 96 144 151 166 171 184 122 34 121 123 179 217 237 181 238 30 114 161 223 231 37 127 246 22 3 52 145 150 90 198 206 98 213 109 227 232 245 15 70 78 180 182 239 240 156 277 297 242 298 58 11 64 172 105 167 218 222 163 283 291 16 77 186 306 7 53 202 207 212 48 146 197 258 266 152 273 61 137 168 228 287 292 305 38 39 124 129 130 241 243 256 299 300 102 219 278 335 354 302 355 27 106 31 32 110 115 233 282 224 341 349 23 40 99 128 247 363 20 141 262 267 272 85 91 208 203 257 199 317 325 214 332 229 288 345 350 362 56 79 80 183 188 83 189 157 190 301 303 309 249 356 357 279 336 388 404 359 405 59 164 45 65 66 169 173 293 340 284 394 401 50 54 81 153 187 307 412 49 88 204 263 321 326 331 138 142 147 268 316 259 372 380 274 386 289 346 397 402 411 103 131 132 133 244 250 220 251 358 360 365 310 406 407 337 389 431 443 409 444 107 225 86 116 117 230 234 351 393 342 436 441 93 100 134 215 248 364 71 92 264 322 376 381 385 200 205 209 327 371 318 419 426 333 430 347 398 438 442 35 158 191 192 193 304 311 280 312 408 410 413 366 445 446 390 432 460 467 448 67 165 285 139 174 175 290 294 403 435 395 464 62 148 149 154 194 275 308 13 323 377 422 427 429 260 265 269 382 418 373 453 458 387 72 399 439 465 73 221 252 253 254 361 367 338 368 447 33 449 414 468 469 433 461 476 118 94 226 343 201 235 236 348 352 29 463 437 111 210 211 216 255 334 2 378 423 455 459 51 319 324 328 428 452 420 473 89 21 440 466 108 281 313 314 315 12 415 391 416 68 470 450 478 120 462 477 155 286 396 261 295 296 400 10 104 57 270 271 276 9 6 424 456 474 95 374 379 383 47 472 454 143 60 159 339 369 370 4 451 434 42 479 471 178 101 160 344 26 320 353 1 28 329 330 0 457 475 140 421 425 19 136 84 392 417 17 82 55 195 135 8 375 24 384 5 87 196 44 46 25 41 18 43 
125 37 114 127 126 151 171 184 70 76 16 77 170 64 172 185 186 177 98 206 213 227 232 245 53 123 39 124 23 32 40 99 128 223 231 110 115 233 238 246 247 181 237 150 146 152 207 258 266 212 273 228 287 292 305 180 182 79 80 183 50 54 59 66 81 153 187 163 277 283 291 106 168 65 169 164 173 293 297 298 306 307 240 242 91 208 214 262 267 199 317 325 272 332 222 257 288 229 345 350 362 130 241 243 131 132 133 244 86 93 100 103 107 116 117 134 215 248 219 224 278 335 282 341 349 230 225 234 351 300 354 302 355 363 364 299 142 147 268 274 263 321 326 138 259 316 372 380 331 386 346 289 397 402 411 157 190 301 303 92 189 191 158 192 193 304 139 148 149 154 165 174 175 194 275 308 279 284 309 336 388 340 394 401 290 285 294 403 356 357 404 359 405 412 13 249 204 205 200 209 327 333 322 264 376 381 318 371 419 426 385 430 398 347 438 442 35 220 250 251 358 360 252 221 253 254 361 201 210 211 216 226 235 236 255 334 2 337 342 365 389 431 393 436 441 348 343 352 29 406 407 443 409 444 71 36 310 265 260 269 382 387 377 323 422 427 373 418 453 458 429 72 439 399 465 73 74 280 311 312 408 410 313 281 314 315 12 261 270 271 276 286 295 296 9 6 14 390 395 413 432 460 435 464 62 400 396 10 63 366 445 446 467 448 67 75 324 319 328 428 21 423 378 455 459 420 452 473 89 51 97 466 440 108 113 338 367 368 447 33 369 339 370 4 34 320 329 330 0 344 353 1 3 22 433 437 449 461 476 463 111 112 28 26 30 414 468 469 118 94 119 379 374 383 47 52 456 424 474 95 454 472 143 144 96 159 60 166 391 415 416 68 69 417 392 17 15 375 384 5 7 8 24 11 462 57 470 477 155 104 162 61 58 450 478 120 176 122 425 421 19 90 475 457 140 145 84 136 198 167 109 434 451 42 121 41 25 38 18 43 20 27 31 101 105 479 160 217 161 471 178 179 46 44 48 196 87 202 137 197 55 82 78 83 56 45 49 156 195 218 135 239 88 85 203 141 102 129 256 188 
99 127 40 128 124 152 54 153 185 77 172 186 80 66 81 183 187 182 213 208 214 93 100 215 184 238 231 246 232 115 233 245 247 132 133 116 117 134 243 244 248 242 241 212 266 273 267 147 268 272 274 148 149 154 275 297 298 283 291 306 287 292 164 173 293 305 307 158 190 192 193 107 139 169 174 165 175 194 301 303 304 308 300 302 317 325 332 321 326 200 209 327 331 333 191 205 210 201 211 216 334 335 354 355 282 341 349 363 229 345 350 224 225 230 234 351 362 364 220 221 250 251 252 253 254 235 226 236 255 357 358 359 360 361 2 356 316 372 380 386 264 376 381 259 260 265 269 382 385 387 270 261 271 276 6 279 388 404 405 288 336 340 284 394 401 412 289 346 397 402 285 290 294 403 411 13 280 281 310 311 312 313 314 315 295 286 296 9 406 407 408 409 410 12 14 365 322 371 318 419 426 430 323 377 422 427 319 324 328 428 429 21 329 320 330 0 22 337 389 431 443 444 393 342 436 441 71 347 398 438 442 343 348 352 29 35 36 338 339 366 367 368 369 370 4 353 344 1 3 445 446 447 448 33 34 37 413 418 373 453 458 72 378 423 455 459 374 379 383 47 51 52 384 375 5 7 53 390 432 460 467 67 435 395 464 62 75 399 439 465 73 396 400 10 63 74 76 391 392 414 415 416 417 17 15 24 8 11 16 449 468 469 68 94 69 70 452 420 473 89 97 424 456 474 95 421 425 19 90 96 98 43 18 20 23 433 461 476 118 119 463 437 111 112 126 440 466 108 113 26 28 30 114 125 434 25 450 451 42 41 38 39 31 27 32 470 478 120 121 122 123 472 454 143 144 151 457 475 140 145 44 46 48 146 150 49 45 50 462 477 155 176 177 104 57 162 170 60 159 166 171 58 61 64 55 56 471 82 78 83 79 65 59 479 178 179 180 181 136 84 198 206 87 196 202 207 85 88 91 92 86 101 160 217 237 161 105 223 109 167 227 106 110 102 103 135 129 130 131 195 239 240 197 137 258 141 203 262 138 142 156 218 277 222 163 168 228 157 188 189 256 299 257 199 204 263 219 278 249 309 
129 121 38 130 102 188 83 189 176 78 69 180 56 15 79 157 190 156 239 141 249 49 131 250 179 217 119 237 122 34 123 240 241 27 103 7 39 132 219 220 251 218 105 256 202 299 203 88 204 309 310 45 92 191 311 162 277 75 177 297 96 181 14 70 182 300 301 11 58 59 158 3 20 22 23 16 80 192 163 279 280 312 161 278 145 262 356 197 263 48 142 264 365 366 31 85 86 50 148 252 367 112 223 335 74 126 238 354 52 150 242 36 37 53 124 243 357 358 30 32 61 106 65 107 221 54 40 133 253 222 224 336 337 338 368 167 144 207 321 406 137 257 322 90 91 138 205 323 413 414 139 93 210 313 415 63 170 283 388 97 113 125 76 185 298 404 98 151 212 302 77 99 183 303 407 408 64 66 109 110 164 116 165 281 100 81 193 314 228 282 284 389 390 391 416 166 198 206 146 267 376 445 199 258 316 377 147 200 265 378 449 450 201 149 270 369 451 114 171 231 341 431 184 127 246 355 443 152 213 272 359 128 153 244 360 446 447 115 117 168 169 225 174 226 339 154 134 254 370 288 340 342 432 433 434 42 227 266 208 326 422 468 259 317 371 423 209 260 324 424 470 471 261 211 329 417 82 172 232 291 394 460 245 186 306 405 467 214 273 331 409 187 215 304 410 469 68 173 175 229 230 285 235 286 392 216 194 315 17 287 346 393 395 461 462 55 325 268 381 455 478 318 372 418 456 269 319 379 457 479 135 320 271 384 41 233 292 349 436 476 305 247 363 444 118 274 332 385 448 248 275 361 33 120 234 236 289 290 343 295 344 25 276 255 4 345 398 435 437 477 101 380 327 427 474 178 373 419 452 475 328 374 425 87 195 375 330 43 293 350 401 464 155 362 307 412 67 333 386 429 94 308 334 12 294 296 347 348 396 353 8 0 9 397 439 463 57 160 426 382 459 140 420 453 472 196 383 421 46 18 5 351 402 441 111 411 364 71 387 430 51 2 6 352 1 399 400 26 24 438 466 104 458 428 95 454 473 136 19 44 403 442 62 35 13 21 72 10 440 28 465 159 89 47 84 143 29 73 60 108 
131 39 130 132 103 92 189 191 16 79 70 80 157 180 190 158 192 59 50 142 148 249 250 252 23 32 37 40 53 123 124 54 133 219 220 240 241 251 107 221 253 65 106 86 91 93 138 204 205 139 210 309 310 311 313 64 66 76 77 81 98 99 177 182 183 100 193 277 163 279 280 237 299 181 300 297 301 312 164 165 281 314 110 116 146 147 149 199 200 262 264 265 201 270 278 263 365 356 366 367 369 114 115 117 125 127 128 134 150 152 153 126 238 242 243 244 154 254 223 335 222 224 336 337 338 357 354 358 368 169 225 174 226 339 370 168 206 208 209 211 257 259 260 207 321 322 323 324 261 329 413 406 414 415 417 170 172 173 175 151 171 184 185 186 187 194 212 213 214 215 298 302 303 304 216 315 283 388 228 282 284 389 390 391 407 404 408 416 229 230 285 235 286 392 17 227 258 266 267 268 269 271 316 317 318 319 376 377 378 379 320 384 449 445 450 451 41 231 232 233 234 236 245 246 247 248 255 272 273 274 275 355 359 360 361 276 4 341 431 288 340 342 432 433 434 446 443 447 42 289 290 343 295 344 25 38 287 325 326 327 328 330 371 372 373 374 422 423 424 425 375 43 470 468 471 82 83 291 292 293 294 296 305 306 307 308 9 331 332 333 334 405 409 410 12 0 15 394 460 346 393 395 461 462 55 469 467 68 78 345 347 348 396 353 8 56 380 381 382 383 5 418 419 420 421 455 456 457 46 18 49 479 478 135 129 349 350 351 352 1 362 363 364 2 3 385 386 387 6 444 448 33 34 7 436 476 398 435 437 477 101 102 120 118 121 397 399 400 26 24 27 426 427 428 19 20 452 453 454 44 474 475 87 88 45 195 178 188 401 402 403 10 11 411 412 13 14 429 430 21 22 67 94 69 464 155 439 463 57 160 156 179 176 438 440 28 58 31 458 459 47 48 472 473 84 85 140 196 141 256 239 441 442 29 30 35 71 36 51 72 52 119 122 111 217 466 104 105 218 465 60 61 89 95 90 136 143 137 202 203 62 73 63 74 75 96 97 162 159 161 108 109 144 145 197 198 112 113 167 166 
54 132 124 133 40 93 99 100 158 80 190 192 77 182 183 81 193 66 148 147 149 152 153 154 191 107 220 221 250 241 251 252 253 127 128 242 243 244 117 134 254 116 115 139 205 210 200 208 209 201 211 213 214 215 216 164 165 279 280 281 310 311 297 301 312 313 314 185 172 186 187 238 212 300 302 298 303 304 173 175 194 315 169 174 264 265 270 259 260 267 268 269 261 271 184 266 273 272 274 275 276 224 225 226 336 337 338 339 356 366 367 335 354 357 358 368 369 370 231 246 232 233 245 247 248 359 355 360 361 230 234 235 236 255 4 229 322 323 324 329 317 318 319 321 326 325 327 328 320 330 332 331 333 334 0 283 284 285 286 365 282 389 388 390 391 392 406 413 414 415 404 407 408 416 417 17 291 306 287 292 293 305 307 308 409 405 410 12 289 290 294 295 296 9 15 288 316 377 376 378 379 384 372 371 373 374 381 380 382 383 375 5 386 385 387 6 7 341 340 342 343 344 432 431 433 434 25 445 449 450 451 443 446 447 42 41 38 349 363 345 350 351 362 364 2 448 444 33 34 347 348 352 353 1 3 39 346 423 422 424 425 43 419 418 420 421 427 426 428 19 18 20 430 429 21 22 23 394 393 395 396 8 461 460 462 55 56 468 470 471 82 467 469 68 78 83 79 401 412 397 402 403 411 13 14 94 67 69 70 398 399 400 10 24 11 16 456 455 457 46 49 453 452 454 44 459 458 47 48 45 50 72 51 52 53 436 435 437 26 27 477 476 101 102 103 478 479 135 129 118 120 121 130 131 441 71 438 442 29 35 36 37 122 119 123 439 440 28 30 31 32 475 474 87 88 92 473 472 84 85 95 89 90 91 86 97 96 98 464 463 57 58 59 160 155 156 157 178 195 188 189 176 179 180 62 75 465 73 63 74 76 181 177 466 60 61 64 65 196 140 141 142 143 136 137 138 145 144 146 151 150 111 104 105 106 218 217 219 239 256 249 237 240 112 126 108 113 114 125 159 109 110 203 202 204 198 197 199 207 206 162 161 163 278 277 299 309 170 166 171 167 168 263 262 258 257 223 222 227 228 
100 117 128 134 133 149 153 154 165 81 173 175 183 186 187 193 194 192 201 209 211 214 215 216 174 221 225 226 230 233 234 235 236 243 244 245 247 248 253 254 255 252 251 210 260 261 265 268 269 270 271 272 274 275 276 280 281 284 285 286 289 290 291 293 294 295 296 298 301 303 304 246 273 292 305 306 307 308 312 314 315 9 311 313 318 319 320 323 324 325 327 328 329 330 302 326 331 332 333 334 0 337 338 339 340 342 343 344 345 347 348 341 349 350 351 352 353 1 354 355 357 358 359 360 361 362 363 364 2 367 368 369 370 4 3 366 371 373 374 375 376 378 379 372 380 381 382 383 384 5 385 386 387 6 7 388 390 391 392 346 389 393 394 395 396 8 397 398 399 400 401 402 403 10 24 11 404 405 406 407 408 409 410 12 411 412 13 14 414 415 416 417 17 15 16 413 377 418 419 420 421 18 422 423 424 425 426 427 428 19 43 20 429 430 21 22 23 431 432 433 434 25 435 436 437 26 27 438 439 440 28 441 442 29 30 31 32 443 444 445 446 447 448 33 34 35 71 36 37 450 451 42 41 38 39 40 449 452 453 454 44 45 455 456 457 46 458 459 47 48 49 50 51 72 52 53 54 460 461 462 55 56 463 464 57 58 59 465 466 60 61 62 73 63 64 65 66 467 67 468 469 68 94 69 70 74 75 76 77 470 471 82 78 83 79 80 472 473 84 85 86 474 475 87 88 89 95 90 91 92 93 96 97 98 99 476 477 101 102 103 104 111 105 106 107 108 159 109 110 112 113 114 115 116 118 119 478 120 121 122 123 124 125 126 127 479 135 129 130 131 132 136 143 137 138 139 140 196 141 142 144 145 146 147 148 150 151 152 155 160 156 157 158 161 162 163 164 166 167 168 169 170 171 172 176 177 178 179 180 181 182 184 185 195 188 189 190 191 197 198 199 200 202 203 204 205 206 207 208 212 213 217 218 219 220 222 223 224 227 228 229 231 232 237 238 239 240 241 242 256 249 250 257 258 259 262 263 264 266 267 277 278 279 282 283 287 288 297 299 300 309 310 316 317 321 322 335 336 356 365 
42 135 41 129 55 68 17 78 195 82 87 188 25 43 83 102 189 101 120 33 121 4 38 130 178 160 196 256 140 46 141 239 249 8 56 5 49 131 156 157 250 155 57 118 94 179 67 12 69 176 180 9 15 79 190 104 218 136 203 309 95 202 44 88 204 299 310 24 26 27 103 18 0 19 20 45 92 191 105 219 220 311 111 217 51 122 240 71 119 6 34 123 237 241 1 2 3 7 39 132 251 159 161 278 143 197 263 365 47 145 262 84 85 48 142 264 356 366 28 31 10 58 11 59 158 50 86 148 252 162 163 277 279 280 367 62 72 96 181 300 13 75 177 21 22 14 70 182 297 301 16 23 80 192 312 60 167 222 336 89 108 198 137 257 322 413 90 144 207 321 138 91 205 323 406 414 61 65 29 30 106 32 107 221 93 139 210 313 112 223 224 335 337 338 415 73 35 97 52 150 242 357 36 74 126 238 53 37 124 243 354 358 40 54 133 253 368 109 166 228 282 389 258 199 316 377 449 146 206 267 376 200 147 265 378 445 450 110 116 63 64 164 66 165 281 149 201 270 369 170 283 284 388 390 391 451 113 151 98 212 302 407 76 125 185 298 99 77 183 303 404 408 81 100 193 314 416 168 227 288 340 432 317 259 371 423 470 208 266 326 422 260 209 324 424 468 471 169 174 114 115 225 117 226 339 211 261 329 417 171 231 341 342 431 433 434 213 152 272 359 446 127 184 246 355 153 128 244 360 443 447 134 154 254 370 229 287 346 393 461 372 318 418 456 479 268 325 381 455 319 269 379 457 478 230 235 172 173 285 175 286 392 271 320 384 232 291 394 395 460 462 273 214 331 409 469 186 245 306 405 215 187 304 410 467 194 216 315 289 345 398 435 477 419 373 452 475 327 380 427 474 374 328 425 290 295 233 234 343 236 344 330 375 292 349 436 437 476 332 274 385 448 247 305 363 444 275 248 361 255 276 347 397 439 463 453 420 472 382 426 459 421 383 348 353 293 294 396 296 350 401 464 386 333 429 307 362 412 334 308 399 438 466 473 454 428 458 400 351 352 402 441 430 387 364 411 440 465 403 442 
38 49 129 131 56 15 78 79 45 83 88 92 102 188 189 103 191 27 7 34 39 121 130 132 20 31 85 86 48 141 142 50 148 156 157 239 249 250 59 158 252 11 58 3 22 23 14 69 70 16 80 176 180 190 192 61 65 137 138 139 90 91 203 204 205 93 210 218 105 219 220 256 179 202 299 309 310 311 106 107 221 313 30 32 52 53 54 36 37 122 123 124 40 133 217 119 237 240 241 251 253 109 110 116 198 199 200 201 145 146 147 197 263 262 264 265 149 270 161 278 162 163 277 279 280 356 365 366 367 64 164 66 165 281 369 63 97 98 99 100 75 76 77 96 181 177 182 183 81 193 297 300 301 312 314 167 168 169 174 144 166 258 257 259 260 261 207 206 208 209 322 321 323 324 211 329 222 336 112 223 224 335 337 338 406 413 414 415 114 115 225 117 226 339 417 113 74 151 150 152 153 154 126 125 127 128 242 238 243 244 134 254 354 357 358 368 370 228 227 229 230 235 317 316 318 319 320 267 266 268 269 377 376 378 379 271 384 282 389 170 283 284 388 390 391 445 449 450 451 172 173 285 175 286 392 41 171 213 212 214 215 216 185 184 186 187 302 298 303 304 194 315 404 407 408 416 17 288 287 289 290 295 372 371 373 374 375 326 325 327 328 423 422 424 425 330 43 340 432 231 341 342 431 433 434 468 470 471 82 232 233 234 343 236 344 25 273 272 274 275 276 246 245 247 248 359 355 360 361 255 4 443 446 447 42 346 345 347 348 353 419 418 420 421 18 381 380 382 383 456 455 457 46 5 393 461 291 394 395 460 462 55 478 479 135 292 293 294 396 296 8 332 331 333 334 0 306 305 307 308 409 405 410 12 9 467 469 68 398 397 399 400 24 453 452 454 44 427 426 428 19 475 474 87 435 477 349 436 437 476 101 178 195 350 351 352 26 1 386 385 387 6 363 362 364 2 448 444 33 118 120 439 438 440 28 473 472 84 459 458 47 196 140 463 160 401 464 57 155 402 403 10 430 429 21 412 411 13 94 67 466 465 60 143 136 95 89 104 441 111 442 29 72 51 71 35 159 108 62 73 
136 44 60 137 143 196 159 197 19 84 18 85 108 28 109 198 199 89 87 195 203 104 167 257 46 47 5 48 43 24 45 88 138 73 166 26 61 168 144 258 259 95 72 140 135 141 178 160 256 202 263 111 161 228 316 21 90 0 20 91 41 49 1 31 86 142 200 29 35 113 227 10 57 8 58 30 110 229 97 206 317 318 51 145 82 188 204 120 239 101 218 309 262 322 62 155 162 105 222 288 371 6 52 146 4 7 50 147 25 83 92 9 11 27 65 139 205 260 13 63 71 74 112 171 287 106 64 169 289 96 151 207 266 372 373 94 42 129 249 264 118 179 299 55 156 217 278 365 321 377 223 163 282 346 418 2 22 98 208 17 12 15 3 23 93 209 56 38 131 148 32 59 116 201 265 319 36 114 67 75 125 170 232 345 164 115 230 347 122 150 213 267 325 419 420 33 68 78 102 189 310 323 176 121 240 356 219 277 336 413 376 423 283 224 340 398 452 14 34 53 152 268 39 16 54 149 269 103 79 191 210 66 107 174 261 324 374 76 172 119 126 184 231 292 397 225 173 290 399 181 212 273 326 380 453 454 69 130 157 250 366 378 237 180 300 406 279 335 389 449 422 456 341 284 393 439 472 37 70 99 214 327 80 40 100 211 328 158 132 252 270 117 165 235 320 379 421 127 233 177 185 245 291 350 438 285 234 348 440 123 242 272 332 381 426 473 190 220 311 414 424 297 241 357 445 337 388 432 470 455 475 394 342 435 466 77 124 153 274 382 133 81 154 271 383 221 192 313 329 175 226 295 375 425 186 293 238 246 305 349 402 465 343 294 400 182 302 331 386 427 458 251 280 367 450 457 354 301 407 468 390 431 461 479 474 436 395 463 128 183 215 333 428 193 134 216 330 281 253 369 384 236 286 353 247 351 298 306 362 401 442 396 352 243 359 385 430 459 312 338 415 471 404 358 446 478 433 460 477 464 437 187 244 275 387 254 194 276 339 314 417 296 344 307 403 355 363 411 441 303 409 429 368 391 451 443 408 469 462 476 248 304 334 315 255 392 370 364 405 412 360 448 416 434 467 447 308 361 444 410 
88 137 45 138 48 141 49 142 198 85 109 199 20 31 86 91 200 90 203 188 204 83 92 205 197 144 166 258 167 61 168 257 259 7 50 27 65 139 146 147 260 145 52 202 256 263 239 129 249 262 264 38 131 148 265 97 206 113 227 317 161 228 30 110 229 316 318 3 22 23 93 11 56 58 59 32 116 201 98 208 209 319 96 207 218 309 322 179 299 102 189 310 321 323 15 78 79 103 191 210 324 74 151 266 112 171 287 372 105 222 288 63 64 106 169 289 371 373 14 16 34 53 39 54 149 107 66 174 261 150 152 267 268 269 374 122 217 278 365 377 121 240 356 156 157 130 250 366 376 378 132 158 252 270 379 36 125 213 325 162 75 170 114 232 345 419 163 223 282 346 115 164 230 347 418 420 37 40 69 70 99 80 100 211 165 117 235 320 181 212 214 326 327 328 421 119 176 277 219 336 413 423 180 237 300 406 220 190 311 414 422 424 192 221 313 329 425 76 126 184 273 380 231 172 292 397 453 224 283 340 398 173 225 290 399 452 454 77 81 123 124 153 133 154 271 226 175 295 375 242 272 274 381 382 383 44 177 335 279 389 449 456 241 297 357 445 280 251 367 450 455 457 253 281 369 384 46 127 185 245 332 426 291 233 350 438 473 284 341 393 439 234 285 348 440 472 84 128 134 182 183 215 193 216 330 286 236 353 18 238 302 331 333 427 428 19 388 337 432 470 475 301 354 407 468 338 312 415 471 474 87 314 339 417 43 186 246 305 386 458 349 293 402 465 143 342 394 435 466 294 343 400 60 136 187 194 243 244 275 254 276 5 344 296 24 298 359 385 387 459 47 431 390 461 479 196 358 404 446 478 391 368 451 135 140 370 392 41 247 306 362 430 89 401 351 442 108 395 436 463 159 352 396 28 248 255 303 304 334 315 0 8 1 355 409 429 21 95 460 433 477 195 408 443 469 178 434 416 82 17 25 307 363 411 72 441 403 73 437 464 104 10 26 308 9 360 361 6 4 405 448 51 476 462 160 447 467 120 55 42 364 412 35 62 29 57 111 2 410 12 444 94 155 101 68 118 13 71 33 67 
92 65 138 139 50 131 142 148 32 86 110 116 91 199 200 93 201 23 103 189 191 204 205 210 59 16 64 66 106 168 169 107 174 146 147 257 259 260 54 149 261 39 53 79 157 158 130 249 250 132 252 262 264 265 270 37 40 114 115 117 163 164 227 229 230 165 235 206 98 208 209 258 263 228 316 317 318 319 99 100 211 320 70 80 219 220 221 180 190 309 310 311 192 313 207 299 321 322 323 324 329 76 77 81 170 172 173 175 222 224 225 171 287 288 289 290 226 295 151 266 150 152 267 268 269 371 372 373 374 124 153 133 154 271 375 123 277 279 280 281 240 241 251 278 365 356 366 367 253 369 376 377 378 379 384 125 127 128 134 223 126 231 232 233 234 236 282 283 284 285 345 346 347 348 286 353 213 325 181 212 214 326 327 328 418 419 420 421 182 183 215 193 216 330 18 177 237 335 336 337 338 339 300 297 301 312 413 406 414 415 314 417 422 423 424 425 43 184 185 186 187 194 291 292 293 294 296 340 341 342 343 397 398 399 400 344 24 273 380 242 272 274 381 382 383 452 453 454 44 243 244 275 254 276 5 45 238 388 389 390 391 392 357 354 358 368 449 445 450 451 370 41 455 456 457 46 49 245 246 247 248 255 349 350 351 352 1 393 394 395 396 438 439 440 28 8 31 332 426 302 331 333 427 428 19 472 473 84 85 298 303 304 334 315 0 20 431 432 433 434 25 407 404 408 416 470 468 471 82 17 83 474 475 87 88 305 306 307 308 9 401 402 403 10 11 435 436 437 26 465 466 60 61 27 386 458 359 385 387 459 47 48 136 143 137 355 360 361 6 4 7 460 461 462 55 56 446 443 447 42 479 478 135 129 38 140 196 141 362 363 364 2 3 441 442 29 30 463 464 57 58 108 159 109 430 89 409 429 21 95 90 197 198 405 410 12 22 15 476 477 101 102 469 467 68 78 195 178 188 202 203 411 412 13 14 62 73 63 104 111 105 166 167 72 144 448 51 52 145 444 33 34 155 160 156 120 118 121 256 239 35 71 36 112 113 161 162 97 94 96 67 69 217 218 179 176 74 75 122 119 
140 46 135 141 196 95 178 202 44 87 43 88 195 82 188 203 204 136 47 51 145 120 239 262 19 84 18 85 5 41 49 48 142 160 256 42 129 249 197 263 264 143 159 89 21 90 72 94 96 144 207 118 179 299 321 60 137 24 45 138 0 20 25 83 92 91 205 101 104 218 309 55 68 17 78 102 189 310 167 257 322 323 108 198 6 52 146 35 97 33 122 150 206 267 155 67 176 121 240 356 376 28 109 199 1 31 86 200 4 7 50 8 56 38 131 148 147 265 57 156 111 161 217 278 365 130 157 250 366 166 228 258 316 377 378 73 2 22 98 208 71 74 151 12 69 119 181 212 266 326 237 180 300 406 422 26 61 168 259 9 10 11 27 65 139 260 15 3 23 93 103 79 191 210 209 324 105 219 62 162 222 277 336 413 190 220 311 414 113 227 288 317 371 423 424 29 13 14 34 53 152 268 75 36 125 213 123 177 242 272 325 381 297 241 357 445 455 58 30 110 229 318 32 59 116 201 319 39 16 54 149 158 132 252 270 269 379 163 279 112 223 282 335 389 449 251 280 367 450 171 287 346 372 418 456 457 63 37 70 99 214 327 126 76 184 273 182 238 302 331 380 427 354 301 407 468 474 106 64 169 289 373 66 107 174 261 374 80 40 100 211 221 192 313 329 328 425 224 337 170 283 340 388 432 470 312 338 415 471 114 232 345 398 419 452 475 77 124 153 274 382 185 127 245 332 243 298 359 385 426 459 404 358 446 478 164 115 230 347 420 117 165 235 320 421 133 81 154 271 281 253 369 384 383 284 390 231 341 393 431 461 479 368 391 451 172 292 397 439 453 472 128 183 215 333 428 246 186 305 386 303 355 409 429 458 443 408 469 225 173 290 399 454 175 226 295 375 193 134 216 330 339 314 417 342 433 291 394 435 460 477 416 434 233 350 438 466 473 187 244 275 387 306 247 362 430 360 405 448 467 447 285 234 348 440 236 286 353 254 194 276 392 370 395 462 349 436 463 476 293 402 465 248 304 334 363 307 411 410 444 343 294 400 296 344 315 255 437 401 464 351 442 308 361 412 364 396 352 441 403 
48 141 49 142 85 90 20 91 203 88 188 204 45 83 92 138 205 137 145 52 146 7 50 147 202 197 256 263 239 129 249 262 264 31 86 38 131 148 199 200 265 198 109 144 96 207 97 22 98 206 208 3 23 93 209 167 257 218 309 322 179 299 102 189 310 321 323 27 61 65 139 56 15 78 79 103 191 210 168 259 260 324 166 258 122 150 267 74 151 34 53 152 266 268 11 14 16 39 54 149 269 161 228 316 217 278 365 377 121 240 356 156 157 130 250 366 376 378 58 59 30 110 32 116 201 132 158 252 270 227 229 317 318 319 379 113 119 181 212 326 36 125 213 69 70 37 99 214 325 327 40 80 100 211 328 105 222 288 371 176 162 277 219 336 413 423 180 237 300 406 220 190 311 414 422 424 106 107 63 64 169 66 174 261 192 221 313 329 171 287 289 372 373 374 425 112 75 177 123 242 272 381 76 126 184 273 124 77 153 274 380 382 81 133 154 271 383 163 223 282 346 418 335 279 389 449 456 241 297 357 445 280 251 367 450 455 457 164 165 114 115 230 117 235 320 253 281 369 384 232 345 347 419 420 421 46 170 238 182 302 331 427 127 185 245 332 183 128 215 333 426 428 134 193 216 330 19 224 283 340 398 452 388 337 432 470 475 301 354 407 468 338 312 415 471 474 87 225 226 172 173 290 175 295 375 314 339 417 43 231 292 397 399 453 454 44 298 243 359 385 459 186 246 305 386 244 187 275 387 458 47 194 254 276 5 284 341 393 439 472 431 390 461 479 196 358 404 446 478 391 368 451 135 140 285 286 233 234 348 236 353 18 370 392 41 291 350 438 440 473 84 355 303 409 429 95 247 306 362 430 304 248 334 21 89 255 315 0 342 394 435 466 136 460 433 477 195 408 443 469 178 434 416 82 343 344 293 294 400 296 24 17 25 349 402 465 60 143 405 360 448 51 307 363 411 72 361 308 6 9 4 395 436 463 159 476 462 160 447 467 120 55 42 396 8 351 352 28 1 401 442 108 444 410 94 364 412 35 12 2 437 464 104 155 101 68 118 26 403 10 441 73 67 33 13 71 57 111 29 62 
95 143 72 144 47 140 51 145 84 89 108 198 21 35 97 90 206 19 196 178 202 94 96 207 136 44 60 137 159 73 166 197 258 6 52 71 74 151 48 146 266 46 5 87 195 203 135 120 239 141 262 33 122 150 267 18 85 28 109 199 104 167 29 113 227 257 317 2 0 22 98 13 67 62 75 36 125 213 20 91 208 325 43 88 160 256 263 82 188 118 179 299 204 321 12 68 69 119 181 212 326 24 45 138 26 61 168 259 111 161 228 10 63 112 171 287 316 372 9 14 4 7 34 53 152 126 76 184 273 49 50 142 147 268 380 41 101 218 309 322 42 129 249 155 176 121 240 356 264 376 123 177 242 272 381 1 31 86 200 57 8 58 30 110 229 318 162 105 222 288 114 170 232 345 371 419 3 37 17 15 23 70 99 214 185 127 245 332 83 92 93 205 209 327 426 25 55 156 217 278 365 377 78 102 189 310 237 180 300 406 323 422 182 238 302 331 427 11 27 65 139 260 106 64 169 289 373 223 163 282 346 172 231 292 397 418 453 16 77 38 39 54 124 153 274 246 186 305 386 131 148 149 265 269 382 458 56 219 277 336 413 423 130 157 250 366 297 241 357 445 378 455 243 298 359 385 459 32 59 116 201 319 164 115 230 347 420 283 224 340 398 233 291 350 438 452 473 40 128 79 80 100 183 215 333 306 247 362 430 103 191 210 211 324 328 428 279 335 389 449 456 190 220 311 414 354 301 407 468 424 474 303 355 409 429 66 107 174 261 374 225 173 290 399 454 341 284 393 439 293 349 402 465 472 81 187 132 133 154 244 275 387 363 307 411 158 252 270 271 379 383 337 388 432 470 475 251 280 367 450 404 358 446 478 457 360 405 448 117 165 235 320 421 285 234 348 440 394 342 435 466 351 401 442 134 248 192 193 216 304 334 412 364 221 313 329 330 425 390 431 461 479 312 338 415 471 443 408 469 410 444 175 226 295 375 343 294 400 436 395 463 403 441 194 308 253 254 276 361 281 369 384 433 460 477 368 391 451 467 447 236 286 353 396 352 464 437 255 314 315 339 417 462 476 416 434 296 344 370 392 
145 48 52 146 144 202 96 207 85 90 20 91 97 22 98 206 208 198 141 239 262 122 150 267 88 137 45 138 49 7 50 142 147 74 151 34 53 152 258 266 268 197 166 203 188 204 256 179 299 263 321 119 181 212 326 109 199 31 86 200 83 92 3 23 93 205 209 36 113 125 213 14 69 15 70 37 99 214 227 317 325 327 167 257 129 249 264 218 309 121 240 356 322 376 75 176 177 123 242 272 381 61 168 259 27 65 139 260 38 131 148 11 16 39 54 149 265 269 63 76 112 171 126 184 273 124 77 153 274 228 287 316 372 380 382 161 102 189 310 323 217 278 365 78 180 237 300 406 377 422 238 182 302 331 427 30 110 229 318 56 58 59 32 116 201 319 79 103 191 210 40 80 100 211 324 328 114 127 162 170 232 185 245 332 183 128 215 333 222 288 345 371 419 426 428 105 156 157 130 250 366 378 277 219 336 413 241 297 357 445 423 455 298 243 359 385 459 64 106 169 289 373 107 66 174 261 374 132 158 252 270 81 133 154 271 379 383 172 186 223 231 292 246 305 386 244 187 275 387 282 346 397 418 453 458 47 163 220 190 311 414 424 335 279 389 449 301 354 407 468 456 474 355 303 409 429 95 115 164 230 347 420 165 117 235 320 421 192 221 313 329 134 193 216 330 425 19 233 247 283 291 350 306 362 430 304 248 334 21 224 340 398 438 452 473 89 280 251 367 450 457 388 337 432 470 358 404 446 478 475 140 405 360 448 51 173 225 290 399 454 226 175 295 375 44 253 281 369 384 194 254 276 5 46 293 307 341 349 402 363 411 72 361 308 6 284 393 439 465 472 143 338 312 415 471 87 431 390 461 479 408 443 469 178 196 444 410 94 234 285 348 440 84 286 236 353 18 314 339 417 43 255 315 0 351 364 394 401 442 412 35 12 2 342 435 466 108 136 391 368 451 135 460 433 477 195 447 467 120 67 33 294 343 400 60 344 296 24 370 392 41 9 4 403 13 436 441 73 71 395 463 159 434 416 82 476 462 160 68 118 352 396 28 8 1 17 25 29 464 62 437 104 55 42 155 101 10 26 111 57 
142 146 50 147 138 204 92 205 206 91 98 208 86 23 93 200 209 199 262 249 264 131 148 265 207 258 151 266 150 53 152 267 268 65 139 39 54 149 259 260 269 257 168 263 299 321 309 189 310 322 323 103 191 210 324 227 317 125 213 325 181 212 37 99 214 326 327 32 110 116 201 16 79 70 80 40 100 211 229 318 319 328 228 316 240 356 376 278 365 130 250 366 377 378 59 157 158 132 252 270 379 171 287 372 126 184 273 380 123 242 272 76 77 124 153 274 381 382 64 66 106 169 107 174 261 133 81 154 271 288 289 371 373 374 383 222 237 300 406 422 219 336 413 180 190 220 311 414 423 424 221 192 313 329 425 114 232 345 419 177 170 185 127 245 332 426 182 238 302 331 128 183 215 333 427 428 115 117 163 164 230 165 235 320 193 134 216 330 282 346 347 418 420 421 19 223 277 297 241 357 445 455 279 335 389 449 251 280 367 450 456 457 281 253 369 384 46 172 231 292 397 453 246 186 305 386 458 243 298 359 385 187 244 275 387 459 47 173 175 224 225 290 226 295 375 254 194 276 5 340 398 399 452 454 44 48 283 354 301 407 468 474 337 388 432 470 312 338 415 471 475 87 339 314 417 43 88 233 291 350 438 473 306 247 362 430 89 303 355 409 429 248 304 334 21 95 90 234 236 284 285 348 286 353 18 315 255 0 20 341 393 439 440 472 84 85 404 358 446 478 140 390 431 461 479 368 391 451 135 196 141 392 370 41 49 293 349 402 465 143 363 307 411 72 144 360 405 448 51 308 361 6 52 145 294 296 342 343 400 344 24 45 4 9 7 394 435 466 60 136 137 443 408 469 178 202 433 460 477 195 416 434 82 188 203 25 17 83 351 401 442 108 198 412 364 35 97 410 444 94 96 2 12 22 352 1 395 396 28 8 31 15 3 436 463 159 109 197 467 447 120 239 462 476 160 256 42 55 129 56 38 403 441 73 166 71 13 74 33 67 122 14 34 10 11 437 26 61 27 464 104 167 118 68 179 101 155 218 78 102 29 62 113 75 36 69 119 30 57 58 111 161 176 121 156 217 63 112 105 162 
50 131 142 148 86 23 91 93 103 92 189 191 138 204 205 139 210 65 39 53 54 146 147 149 79 59 157 158 130 249 250 132 252 199 200 262 264 265 116 201 270 32 110 16 70 80 37 98 99 40 100 206 208 209 211 106 107 219 220 221 180 190 309 310 311 192 313 257 168 259 260 263 207 299 321 322 323 324 169 174 261 329 64 66 123 124 133 76 77 150 152 153 81 154 258 151 266 267 268 269 271 163 164 165 277 279 280 281 240 241 251 278 365 356 366 367 253 369 228 316 227 229 317 318 319 376 377 378 379 115 230 117 235 320 384 114 177 182 183 193 125 127 128 181 212 213 214 215 134 216 325 326 327 328 330 222 224 225 226 237 223 335 336 337 338 339 300 297 301 312 413 406 414 415 314 417 288 371 171 287 289 372 373 374 422 423 424 425 172 173 290 175 295 375 43 170 126 238 242 243 244 254 184 185 186 187 272 273 274 275 194 276 380 381 382 383 5 282 283 284 285 286 388 389 390 391 392 357 354 358 368 449 445 450 451 370 41 346 418 232 345 347 419 420 421 455 456 457 46 233 234 348 236 353 18 49 231 298 302 303 304 315 245 246 247 248 331 332 333 334 255 0 426 427 428 19 20 340 341 342 343 344 431 432 433 434 25 407 404 408 416 470 468 471 82 17 83 398 452 292 397 399 453 454 44 474 475 87 88 291 293 294 400 296 24 45 355 359 360 361 4 305 306 307 308 385 386 387 6 9 7 458 459 47 48 393 394 395 396 8 460 461 462 55 56 446 443 447 42 479 478 135 129 38 439 472 350 438 440 473 84 85 140 196 141 349 351 352 28 1 31 405 409 410 12 15 362 363 364 2 429 430 21 22 3 89 95 90 435 436 437 26 27 476 477 101 102 469 467 68 78 195 178 188 466 136 402 465 60 143 137 202 203 401 403 10 61 11 444 448 33 34 411 412 13 14 51 72 52 144 145 463 464 57 58 155 160 156 120 118 121 256 239 159 197 442 108 109 198 441 29 30 67 94 69 35 71 36 96 97 104 111 105 217 218 179 176 167 73 166 62 63 119 122 74 75 161 162 113 112 
148 54 147 149 139 191 205 210 40 93 99 100 200 208 209 201 211 116 132 250 252 264 265 270 80 66 77 81 124 152 153 133 154 259 260 267 268 269 174 261 271 107 169 158 190 192 220 310 311 221 313 322 323 324 329 115 117 127 128 134 182 183 213 214 215 193 216 317 229 318 319 266 321 212 326 325 327 328 230 235 320 330 164 165 241 251 253 279 280 356 366 367 281 369 316 365 377 376 378 379 384 172 173 175 185 186 187 194 242 243 244 184 273 272 274 275 254 276 287 372 288 289 371 373 374 381 380 382 383 225 290 226 295 375 5 224 297 301 312 314 336 337 338 300 406 413 414 415 339 417 423 422 424 425 43 232 233 234 236 238 231 246 245 247 248 255 302 298 303 304 332 331 333 334 315 0 345 419 282 346 347 418 420 421 427 426 428 19 284 285 348 286 353 18 20 283 335 354 357 358 368 370 389 388 390 391 445 449 450 451 392 41 456 455 457 46 49 292 291 293 294 296 306 305 307 308 9 359 355 360 361 386 385 387 6 4 7 397 453 340 398 399 452 454 44 459 458 47 48 342 343 400 344 24 45 50 341 404 407 408 416 17 432 431 433 434 468 470 471 82 25 83 475 474 87 88 92 350 349 351 352 1 363 362 364 2 3 409 405 410 12 430 429 21 22 15 23 438 473 393 439 440 472 84 85 95 89 90 91 394 395 396 28 8 31 86 443 446 447 42 38 461 460 462 55 478 479 135 129 56 131 196 140 141 142 402 401 403 10 11 412 411 13 14 16 448 444 33 34 72 51 52 53 39 465 143 435 466 60 136 137 138 145 144 146 436 437 26 61 27 65 467 469 68 78 79 477 476 101 102 178 195 188 189 103 203 202 204 442 441 29 30 32 71 35 36 37 94 67 69 70 97 96 98 108 198 463 159 109 197 199 207 206 464 57 58 110 59 118 120 121 130 160 155 156 157 239 256 249 263 262 73 62 63 64 75 74 76 122 119 123 151 150 166 258 104 167 168 257 111 105 106 176 179 180 218 217 219 299 309 113 112 114 126 125 181 177 227 161 228 162 163 237 240 278 277 171 170 222 223 
33 51 120 122 67 12 68 69 72 94 95 96 118 178 179 119 181 71 6 4 34 42 121 123 21 35 89 97 47 140 145 52 150 155 176 135 239 240 75 177 242 13 62 2 0 22 9 17 15 14 70 55 78 180 182 73 74 143 144 151 19 90 196 202 207 98 212 160 111 217 237 195 82 87 188 256 299 300 112 126 238 302 29 36 5 7 53 1 3 41 38 39 37 124 101 25 102 129 130 241 243 108 113 125 84 198 206 213 46 48 146 136 203 141 262 267 152 272 104 218 57 162 156 277 297 249 309 356 357 63 170 76 185 298 359 10 18 20 23 99 8 11 16 43 83 56 79 80 77 183 157 189 190 301 303 159 166 171 184 44 60 137 197 258 266 273 88 85 91 208 263 204 321 326 214 331 161 278 26 105 223 219 335 354 310 365 406 407 30 114 231 127 246 355 409 28 24 45 49 50 54 153 27 31 32 40 131 103 132 133 128 244 220 250 251 358 360 167 109 227 232 245 199 257 317 325 332 142 138 147 268 322 264 376 381 274 385 222 336 58 163 283 279 388 404 366 413 445 446 64 172 291 186 306 405 448 61 86 92 93 100 215 59 65 66 81 191 158 192 193 187 304 280 311 312 408 410 228 168 287 292 305 259 316 372 380 386 205 200 209 327 377 323 422 427 333 429 282 389 106 224 341 337 431 443 414 449 468 469 110 115 233 349 247 363 444 139 148 149 154 275 107 116 117 134 252 221 253 254 248 361 338 367 368 447 288 229 345 350 362 318 371 419 426 430 265 260 269 382 423 378 455 459 387 340 432 164 284 394 390 460 467 450 470 478 169 173 293 401 307 412 201 210 211 216 334 165 174 175 194 313 281 314 315 308 391 415 416 346 289 397 402 411 373 418 453 458 324 319 328 428 456 424 474 393 461 225 342 436 433 476 471 479 230 234 351 441 364 261 270 271 276 226 235 236 255 369 339 370 434 451 398 347 438 442 420 452 473 379 374 383 475 457 435 477 285 395 464 462 290 294 403 320 329 330 286 295 296 417 392 439 399 465 454 472 425 421 463 343 437 348 352 375 384 344 353 466 440 396 400 
47 140 51 145 89 19 21 90 196 95 178 202 72 94 96 144 207 143 46 5 48 6 52 146 87 136 195 203 135 120 239 141 262 35 97 33 122 150 198 206 267 84 108 44 43 88 18 0 20 85 91 2 22 98 208 159 197 160 256 263 82 188 118 179 299 204 321 71 73 74 151 67 12 68 69 119 181 212 166 258 266 326 60 137 41 49 142 24 45 4 7 50 138 147 13 9 14 34 53 152 268 104 167 257 101 218 309 322 42 129 249 155 176 121 240 356 264 376 62 75 29 113 36 125 213 123 177 242 272 109 227 199 317 325 381 28 25 83 92 205 1 31 86 17 15 3 23 93 200 209 37 70 99 214 327 111 161 228 316 55 57 156 217 278 365 377 78 102 189 310 237 180 300 406 323 422 112 126 10 63 171 76 184 273 182 238 302 331 61 168 287 259 372 380 427 26 8 56 38 131 148 265 11 27 65 139 39 16 54 149 260 269 77 124 153 274 382 162 105 222 288 371 219 277 336 413 423 130 157 250 366 297 241 357 445 378 455 170 185 30 114 232 127 245 332 243 298 359 385 110 229 345 318 419 426 459 58 103 79 191 210 324 32 59 116 201 80 40 100 211 319 328 128 183 215 333 428 223 163 282 346 418 279 335 389 449 456 190 220 311 414 354 301 407 468 424 474 231 246 64 172 292 186 305 386 303 355 409 429 106 169 289 397 373 453 458 158 132 252 270 379 66 107 174 261 133 81 154 271 374 383 187 244 275 387 283 224 340 398 452 337 388 432 470 475 251 280 367 450 404 358 446 478 457 291 306 115 233 350 247 362 430 360 405 448 164 230 347 438 420 473 221 192 313 329 425 117 165 235 320 193 134 216 330 421 248 304 334 341 284 393 439 472 390 431 461 479 312 338 415 471 443 408 469 349 363 173 293 402 307 411 410 444 225 290 399 465 454 281 253 369 384 175 226 295 375 254 194 276 308 361 394 342 435 466 433 460 477 368 391 451 467 447 401 412 234 351 442 364 285 348 440 339 314 417 236 286 353 315 255 436 395 463 462 476 416 434 441 294 403 343 400 392 370 296 344 464 437 352 396 
52 122 145 150 97 22 90 98 119 96 179 181 144 202 207 151 212 74 34 7 53 48 146 152 69 75 176 177 121 239 240 123 242 198 206 141 262 267 125 213 272 36 113 14 15 70 3 20 23 37 99 85 91 208 214 112 126 217 237 238 78 180 256 299 300 182 302 197 166 258 266 203 88 188 204 263 321 326 171 184 273 331 63 76 38 39 124 11 16 49 50 54 77 153 137 45 138 142 147 268 274 162 170 185 156 277 297 298 129 130 241 218 309 249 356 357 243 359 167 257 109 227 199 317 325 264 322 376 381 114 232 127 245 332 385 30 56 79 80 183 31 32 40 83 92 86 93 100 128 215 200 205 209 327 333 161 223 231 246 102 105 219 278 335 354 355 189 157 190 301 365 310 406 407 303 409 228 316 61 168 287 259 372 380 323 377 422 427 64 172 292 186 305 386 429 58 27 103 131 132 133 244 65 59 66 81 148 139 149 154 187 275 260 265 269 382 387 222 163 283 291 306 279 336 388 404 405 250 220 251 358 413 366 445 446 360 448 288 371 110 229 345 318 419 426 378 423 455 459 115 233 350 247 362 430 51 106 158 191 192 193 304 116 107 117 134 210 201 211 216 248 334 319 324 328 428 21 282 224 341 349 363 337 389 431 443 444 311 280 312 408 449 414 468 469 410 94 346 418 169 289 397 373 453 458 424 456 474 95 164 173 293 402 307 411 72 221 252 253 254 361 174 165 175 194 270 261 271 276 308 6 374 379 383 47 340 284 394 401 412 390 432 460 467 67 367 338 368 447 470 450 478 120 33 398 452 230 347 438 420 473 89 457 475 140 225 234 351 442 364 35 281 313 314 315 12 235 226 236 255 329 320 330 0 2 421 425 19 393 342 436 441 71 433 461 476 118 415 391 416 68 479 471 178 439 472 290 399 465 454 143 87 196 285 294 403 73 13 339 369 370 4 295 286 296 9 384 375 5 44 46 435 395 464 62 462 477 155 451 434 42 195 135 466 136 348 440 108 84 343 352 29 392 417 17 353 344 1 43 18 463 437 111 101 160 82 55 159 400 60 396 10 25 41 24 8 104 57 28 26 
96 74 144 151 52 122 145 150 36 97 113 125 90 198 206 98 213 22 119 179 181 202 207 212 75 14 63 76 112 166 171 126 184 48 146 197 258 266 53 152 273 34 7 69 176 177 121 239 240 123 242 141 262 267 272 3 37 30 114 127 162 170 109 227 232 185 245 85 20 91 208 137 203 167 257 199 317 325 23 99 214 332 15 70 217 237 238 78 180 256 299 300 182 302 88 188 204 263 321 326 331 11 16 77 58 64 172 186 161 223 231 61 168 228 287 292 246 305 45 138 49 50 142 147 268 316 259 372 380 39 54 124 153 274 386 38 156 277 297 298 129 130 241 218 309 249 356 357 243 359 264 322 376 381 385 31 32 40 128 105 27 106 110 115 233 247 222 163 283 291 229 288 345 350 306 362 86 200 83 92 93 205 209 327 371 318 419 426 79 80 100 183 215 333 430 56 102 219 278 335 354 355 189 157 190 301 365 310 406 407 303 409 323 377 422 427 429 65 59 66 81 187 164 169 173 293 307 282 224 341 349 289 346 397 402 363 411 139 260 131 148 149 265 269 382 418 373 453 458 132 133 154 244 275 387 72 103 279 336 388 404 405 250 220 251 358 413 366 445 446 360 448 378 423 455 459 51 116 107 117 134 248 225 230 234 351 364 340 284 394 401 347 398 438 442 412 35 201 319 191 210 211 324 328 428 452 420 473 89 158 192 193 216 304 334 21 337 389 431 443 444 311 280 312 408 449 414 468 469 410 94 424 456 474 95 174 165 175 194 308 285 290 294 403 13 393 342 436 441 399 439 465 73 71 261 374 252 270 271 379 383 47 472 454 143 221 253 254 276 361 6 390 432 460 467 67 367 338 368 447 470 450 478 120 33 457 475 140 235 226 236 255 2 343 348 352 29 435 395 464 62 440 466 108 320 421 313 329 330 425 19 136 84 281 314 315 0 12 433 461 476 118 415 391 416 68 479 471 178 87 196 295 286 296 9 396 400 10 463 437 111 60 159 375 44 369 384 5 46 339 370 4 462 477 155 451 434 42 195 135 353 344 1 26 28 104 57 18 417 43 392 17 101 160 82 55 24 8 41 25 
150 53 146 152 151 181 207 212 37 98 23 99 206 91 208 213 214 125 123 240 242 262 267 272 70 76 16 77 39 50 54 124 153 258 266 142 147 268 184 273 274 126 171 177 180 182 237 299 300 238 302 263 321 326 331 114 127 32 40 128 79 80 86 93 100 183 215 199 227 317 325 138 204 92 205 200 209 327 232 245 332 333 170 185 130 241 243 277 297 249 356 357 298 359 257 309 322 264 376 381 385 64 172 186 59 66 81 187 131 132 133 65 139 148 149 154 244 275 168 259 228 287 316 372 380 265 260 269 382 231 292 246 305 386 387 223 157 190 301 303 278 335 354 189 310 365 406 407 355 409 377 323 422 427 429 110 115 233 247 103 106 107 116 117 134 248 191 158 192 193 201 210 211 216 304 334 229 318 222 288 345 371 419 426 324 319 328 428 283 291 350 306 362 430 21 163 219 220 250 251 358 360 336 279 388 404 366 413 445 446 405 448 423 378 455 459 51 169 164 173 293 307 165 174 175 194 308 252 221 253 254 261 270 271 276 361 6 289 373 282 346 397 418 453 458 379 374 383 47 341 349 402 363 411 72 52 224 280 311 312 408 410 389 337 431 443 414 449 468 469 444 94 456 424 474 95 96 230 225 234 351 364 226 235 236 255 2 313 281 314 315 320 329 330 0 12 22 347 420 340 398 438 452 473 89 425 421 19 90 284 394 401 442 412 35 97 338 367 368 447 33 432 390 460 467 450 470 478 120 67 122 475 457 140 145 290 285 294 403 13 286 295 296 9 14 369 339 370 4 375 384 5 7 34 399 454 393 439 465 472 143 144 46 44 48 342 436 441 73 71 74 391 415 416 68 69 461 433 476 118 471 479 178 179 119 196 87 202 348 343 352 29 36 344 353 1 3 417 392 17 15 18 43 20 440 84 435 466 108 136 198 88 85 395 464 62 113 75 434 451 42 121 477 462 155 176 135 195 239 203 141 400 396 10 63 8 24 11 41 25 38 45 49 60 137 463 159 166 197 437 111 112 55 82 78 160 101 217 188 256 28 26 30 27 31 83 56 109 104 167 57 162 102 129 218 156 61 58 161 105 
124 152 54 153 77 182 80 183 213 99 208 214 40 93 100 128 215 127 242 241 243 132 133 244 212 184 266 273 267 147 268 272 274 66 81 148 149 154 186 187 275 185 172 238 300 302 297 190 301 298 303 158 192 193 304 232 245 317 325 332 321 326 200 209 327 331 333 116 115 117 134 139 191 205 210 201 211 216 233 247 248 334 231 246 356 357 359 335 354 250 251 358 355 360 107 220 221 252 253 254 361 287 292 305 316 372 380 386 264 376 381 259 260 265 269 382 385 387 169 174 164 173 165 175 194 270 261 271 276 291 293 306 307 308 6 283 365 406 407 409 279 388 404 310 311 280 312 408 405 410 281 313 314 315 12 229 345 350 362 322 288 371 318 419 426 430 323 377 422 427 319 324 328 428 429 21 230 235 224 225 234 226 236 255 329 320 330 0 341 349 351 363 364 2 22 282 336 413 366 445 446 448 337 389 431 443 367 338 368 447 444 33 339 369 370 4 34 289 346 397 402 411 418 373 453 458 72 378 423 455 459 374 379 383 47 51 52 290 295 284 285 294 286 296 9 384 375 5 7 394 401 403 412 13 14 53 340 449 414 468 469 94 390 432 460 467 415 391 416 68 67 69 392 417 17 15 70 347 398 438 442 35 452 420 473 89 97 424 456 474 95 421 425 19 90 96 98 348 353 342 343 352 344 1 3 43 18 20 23 393 436 441 29 71 36 37 470 450 478 120 122 433 461 476 118 451 434 42 121 119 123 25 41 38 39 399 439 465 73 74 472 454 143 144 151 457 475 140 145 44 46 48 146 150 400 24 395 396 10 8 11 16 49 45 50 435 464 62 63 75 76 479 471 178 179 181 462 477 155 176 82 55 78 180 177 56 83 79 440 466 108 113 125 136 84 198 206 87 196 202 207 85 88 91 28 31 437 26 30 27 32 92 86 463 111 112 114 126 195 135 239 240 101 160 217 237 129 102 130 103 131 60 159 166 171 197 137 258 141 203 262 138 142 61 65 57 58 64 59 104 162 170 256 188 299 156 218 277 189 157 109 167 227 257 199 204 263 110 105 106 161 223 309 249 219 278 168 228 163 222 
133 149 153 154 81 192 183 193 201 100 209 211 128 214 215 134 216 117 252 251 253 243 244 254 210 174 260 261 265 268 269 270 271 186 187 272 274 275 175 194 276 165 173 221 311 313 280 301 312 281 314 298 303 304 315 230 235 318 319 320 323 324 325 327 328 329 330 245 233 247 248 273 302 326 331 332 333 334 234 236 255 0 225 226 366 367 369 337 338 357 358 368 339 370 246 354 355 359 360 361 4 289 290 295 371 373 374 375 376 378 379 372 380 381 382 383 384 5 292 305 291 293 306 307 308 385 386 387 6 285 294 286 296 9 7 284 413 414 415 417 388 390 391 406 407 404 408 416 392 17 405 409 410 12 15 345 347 348 353 377 346 418 419 420 421 18 422 423 424 425 426 427 428 19 43 20 350 362 341 349 351 363 364 2 429 430 21 22 342 343 352 344 1 3 23 340 389 449 445 450 451 41 431 432 433 434 446 443 447 42 25 38 444 448 33 34 39 397 398 399 400 24 452 453 454 44 45 455 456 457 46 458 459 47 48 49 50 402 411 394 401 403 412 13 14 51 72 52 53 395 396 10 8 11 16 54 393 470 468 471 82 83 460 461 462 55 469 467 68 78 56 79 67 94 69 70 80 438 439 440 28 31 472 473 84 85 86 474 475 87 88 89 95 90 91 92 93 442 35 436 441 29 71 36 37 96 97 98 99 435 437 26 30 27 32 40 479 478 135 129 131 476 477 101 102 120 118 121 130 103 132 119 122 123 124 465 466 60 61 65 136 143 137 138 139 140 196 141 142 144 145 146 147 148 73 74 464 62 63 75 76 77 150 151 152 463 57 58 64 59 66 195 178 188 189 191 155 160 156 157 179 176 180 190 158 177 181 182 108 159 109 110 116 197 198 199 200 202 203 204 205 206 207 208 113 125 111 112 114 126 127 212 213 104 105 106 115 107 256 239 249 250 217 218 219 220 240 237 241 238 242 166 167 168 169 257 258 259 262 263 264 266 267 171 184 162 170 172 185 161 163 164 309 299 310 277 278 279 300 297 227 228 229 316 317 321 322 232 223 231 222 224 365 356 335 336 287 288 283 282 
155 55 57 156 160 118 111 217 82 101 25 102 104 26 105 218 219 195 68 67 176 62 162 277 42 135 41 129 17 8 56 78 157 159 161 10 58 163 256 278 279 178 196 120 33 121 94 71 119 179 237 73 112 223 335 87 188 43 83 189 4 38 24 27 103 130 220 60 136 167 222 28 29 1 30 61 106 224 203 309 336 337 140 239 12 69 180 51 122 13 75 177 240 297 108 35 113 63 170 283 388 46 141 249 5 49 131 250 9 15 79 18 31 11 59 158 190 280 84 109 143 197 166 228 282 64 110 164 284 202 263 299 365 389 390 95 6 34 123 241 72 96 181 2 36 74 126 238 300 354 171 114 231 341 431 44 88 204 310 0 19 20 45 92 191 311 3 7 39 132 65 32 107 221 251 338 137 168 89 198 257 227 288 340 115 169 225 342 145 262 322 356 413 432 433 47 21 22 14 70 182 301 97 52 150 242 76 125 185 298 357 404 232 172 291 394 460 85 48 142 264 366 50 86 148 252 367 16 23 80 192 116 66 165 281 312 391 199 229 144 258 316 287 346 393 173 230 285 395 207 321 377 406 449 461 462 90 53 37 124 243 358 151 98 212 302 127 184 246 355 407 443 292 233 349 436 476 138 91 205 323 414 93 139 210 313 415 40 54 133 253 174 117 226 339 368 434 259 289 206 317 371 345 398 435 234 290 343 437 146 267 376 423 445 470 477 99 77 183 303 408 213 152 272 359 186 245 306 405 446 467 350 293 401 464 200 147 265 378 450 149 201 270 369 451 81 100 193 314 235 175 286 392 416 318 347 266 372 418 397 439 463 294 348 396 208 326 422 456 468 479 153 128 244 360 447 273 214 331 409 247 305 363 444 469 402 351 441 260 209 324 424 471 211 261 329 417 134 154 254 370 295 236 344 373 399 325 419 452 438 466 352 400 268 381 455 475 478 215 187 304 410 332 274 385 448 307 362 412 442 403 319 269 379 457 271 320 384 194 216 315 353 296 420 440 380 453 472 465 327 427 474 275 248 361 386 333 429 364 411 374 328 425 330 375 255 276 454 426 473 382 459 334 308 430 387 421 383 458 428 
78 156 56 157 129 121 38 130 218 102 105 219 83 27 103 189 220 188 176 69 180 15 79 190 217 256 161 278 162 58 163 277 279 49 131 11 59 158 249 250 280 239 141 179 119 237 122 34 123 240 241 7 39 132 251 203 309 167 222 336 112 223 61 106 224 335 337 45 88 92 191 31 3 30 32 65 107 221 204 310 311 338 202 299 75 177 297 96 181 14 70 182 300 301 20 22 23 16 80 192 312 197 263 365 166 228 282 389 63 170 283 109 110 64 164 284 388 390 85 86 48 142 50 148 252 66 116 165 281 262 264 356 366 367 391 145 74 126 238 354 52 150 242 36 37 53 124 243 357 358 54 40 133 253 368 137 257 322 413 113 198 227 168 288 340 432 114 171 231 341 169 115 225 342 431 433 138 139 90 91 205 93 210 313 117 174 226 339 207 321 323 406 414 415 434 144 97 125 76 185 298 404 98 151 212 302 77 99 183 303 407 408 100 81 193 314 416 199 258 316 377 449 287 229 346 393 461 172 232 291 394 230 173 285 395 460 462 200 201 146 147 265 149 270 369 175 235 286 392 267 376 378 445 450 451 55 206 184 127 246 355 443 152 213 272 359 128 153 244 360 446 447 154 134 254 370 42 259 317 371 423 470 345 289 398 435 477 233 292 349 436 290 234 343 437 476 101 260 261 208 209 324 211 329 417 236 295 344 25 266 326 422 424 468 471 82 245 186 306 405 467 214 273 331 409 187 215 304 410 469 68 216 194 315 17 318 372 418 456 479 397 347 439 463 160 293 350 401 464 348 294 396 57 155 319 320 268 269 379 271 384 41 296 353 8 325 381 455 457 478 135 305 247 363 444 118 274 332 385 448 248 275 361 33 120 276 255 4 373 419 452 475 195 438 399 466 104 351 402 441 111 400 352 26 374 375 327 328 425 330 43 1 24 380 427 474 87 178 362 307 412 67 333 386 429 94 308 334 12 0 9 420 453 472 196 465 440 159 403 442 62 28 10 421 18 382 383 46 5 426 459 140 411 364 71 387 430 51 2 6 454 473 136 108 60 29 73 44 428 19 458 95 35 13 21 72 84 143 47 89 
79 59 157 158 131 39 130 132 65 103 106 107 189 219 220 191 221 92 16 70 80 180 190 192 32 86 110 116 64 163 164 66 165 249 250 277 279 280 148 252 281 50 142 23 37 40 53 123 124 54 133 240 241 251 253 138 139 168 169 174 114 115 222 224 225 117 226 309 204 310 311 278 237 223 335 336 337 338 205 210 313 339 91 93 76 77 81 98 99 177 182 183 100 193 299 181 300 297 301 312 314 199 200 201 227 229 230 235 170 172 173 228 282 283 284 285 175 286 263 365 262 264 356 366 367 388 389 390 391 147 265 149 270 369 392 146 125 127 128 134 150 152 153 126 238 242 243 244 154 254 357 354 358 368 370 257 259 260 261 171 258 287 288 289 290 295 231 232 233 234 340 341 342 343 236 344 322 413 207 321 323 406 414 415 431 432 433 434 208 209 324 211 329 417 25 206 151 184 185 186 187 194 212 213 214 215 298 302 303 304 216 315 407 404 408 416 17 316 317 318 319 320 345 346 347 348 353 291 292 293 294 393 394 395 396 296 8 377 449 267 376 378 445 450 451 460 461 462 55 268 269 379 271 384 41 56 266 245 246 247 248 255 272 273 274 275 355 359 360 361 276 4 446 443 447 42 38 371 372 373 374 375 397 398 399 400 24 349 350 351 352 435 436 437 26 1 27 423 470 326 422 424 468 471 82 476 477 101 102 325 327 328 425 330 43 83 305 306 307 308 9 331 332 333 334 405 409 410 12 0 15 469 467 68 78 418 419 420 421 18 438 439 440 28 31 401 402 403 10 463 464 57 58 11 456 479 381 455 457 478 135 129 155 160 156 380 382 383 46 5 49 362 363 364 2 3 385 386 387 6 444 448 33 34 7 120 118 121 452 453 454 44 45 465 466 60 61 441 442 29 30 104 111 105 475 195 427 474 87 178 188 217 218 426 428 19 88 20 411 412 13 14 429 430 21 22 67 94 69 179 176 472 473 84 85 108 159 109 62 73 63 161 162 196 256 459 140 141 239 458 47 48 35 71 36 51 72 52 119 122 136 143 137 166 167 112 113 203 95 202 89 90 74 75 96 97 197 198 145 144 
111 159 160 161 57 62 155 162 60 104 136 167 101 195 218 105 222 26 73 71 112 118 217 223 108 28 84 109 143 196 197 166 228 55 156 178 256 278 58 163 282 10 8 29 35 113 13 67 75 63 170 68 176 277 283 24 61 44 137 168 89 198 87 203 257 227 288 82 25 102 219 135 120 140 239 188 309 336 27 106 224 340 1 30 72 74 171 2 36 94 119 126 114 231 42 33 121 179 237 335 341 18 31 110 19 85 199 229 95 144 258 46 141 202 263 316 287 346 41 129 17 56 78 157 279 299 249 365 389 11 59 64 164 284 393 9 21 97 125 232 12 14 76 51 122 69 177 185 172 291 180 240 297 388 394 43 45 65 169 47 5 48 88 138 259 289 145 90 206 317 204 262 322 371 345 398 83 189 4 38 103 130 220 337 356 310 413 432 3 32 107 115 225 342 435 0 6 52 96 151 184 292 34 22 37 127 181 123 238 246 233 349 241 300 354 431 436 49 20 86 116 230 91 142 200 318 347 207 146 266 372 264 321 377 418 397 439 131 250 15 79 158 190 280 390 406 366 449 461 16 66 165 173 285 395 463 7 98 150 213 245 350 70 53 77 186 242 182 298 306 293 401 301 357 404 460 464 92 50 139 174 290 147 205 260 373 399 267 208 325 419 323 376 423 452 438 466 191 311 39 132 221 251 338 433 445 414 470 477 23 40 117 226 234 343 437 152 212 273 305 402 124 99 128 247 302 243 355 363 351 441 358 407 443 476 148 93 201 235 348 209 265 319 420 440 326 268 380 453 378 422 456 472 465 252 367 80 192 281 312 391 462 468 450 479 54 81 175 286 294 396 214 272 332 362 442 183 153 187 307 359 303 405 412 403 408 446 467 210 149 261 295 400 269 324 374 454 381 327 426 473 424 455 475 313 415 133 253 339 368 434 478 471 100 134 236 344 352 274 331 386 411 244 215 248 364 409 360 444 447 469 270 211 320 353 328 379 421 427 382 458 457 474 369 451 193 314 392 416 154 194 296 333 385 430 304 275 308 448 410 329 271 375 383 425 459 428 417 254 370 216 255 387 429 361 334 384 330 315 276 
162 58 156 163 161 112 217 223 61 105 27 106 218 102 219 222 224 167 63 75 170 176 277 283 30 109 31 110 11 56 59 64 164 256 278 78 157 279 228 282 284 166 197 113 36 114 74 119 126 171 231 179 237 335 341 137 168 45 65 169 3 32 83 103 107 115 225 188 203 309 336 129 121 38 130 189 220 337 257 288 340 342 198 227 14 76 172 97 125 69 177 185 232 291 239 122 240 180 297 388 394 85 199 229 20 86 116 230 15 16 66 49 131 79 158 165 173 285 141 249 202 263 299 365 389 190 250 280 390 258 316 287 346 393 395 144 22 37 127 233 96 151 184 34 123 181 238 246 292 349 300 241 354 431 436 88 138 259 289 7 48 50 92 139 174 290 39 23 40 117 191 132 221 226 234 343 204 310 145 262 322 356 413 432 251 311 338 433 206 317 371 345 398 435 437 90 52 53 70 77 186 293 150 98 213 245 182 242 298 306 350 401 357 301 404 460 464 142 91 200 318 347 93 148 201 235 348 80 54 81 175 252 192 281 286 294 396 264 366 207 321 377 406 449 461 312 367 391 462 266 372 418 397 439 463 57 146 99 124 128 247 351 212 152 273 305 243 302 355 363 402 441 407 358 443 476 111 205 147 260 373 399 149 210 261 295 400 133 100 134 236 313 253 339 344 352 26 323 414 267 376 423 445 470 477 368 415 434 101 208 325 419 452 438 466 104 153 183 187 307 403 272 214 332 362 303 359 405 412 442 62 446 408 467 155 265 209 319 420 440 211 270 320 353 28 193 154 194 296 369 314 392 8 10 378 450 326 422 456 468 479 160 416 451 55 268 380 453 472 465 159 215 244 248 364 29 331 274 386 411 360 409 444 71 73 469 447 118 324 269 374 454 60 271 329 375 24 254 216 255 1 417 370 25 424 471 381 455 475 478 195 42 82 327 426 473 136 108 275 304 308 13 385 333 430 35 410 448 67 120 68 379 328 421 84 330 384 18 315 276 9 41 17 457 135 427 474 196 178 382 458 143 334 361 2 429 387 72 33 94 425 383 44 5 43 4 0 87 459 140 428 89 6 12 51 21 46 19 95 47 
64 163 59 164 110 114 32 115 222 106 219 224 65 103 107 169 225 168 170 76 172 16 66 173 223 228 278 282 277 157 279 283 284 86 116 79 158 165 229 230 285 227 199 171 126 231 125 37 127 232 233 23 40 117 234 257 288 309 336 340 237 335 189 220 337 341 342 92 138 139 174 131 39 130 132 191 221 226 259 289 290 343 258 287 177 185 291 151 184 70 77 186 292 293 50 53 54 80 81 175 294 263 316 346 299 365 389 393 180 297 388 249 250 190 280 390 394 395 142 148 91 200 93 201 235 192 252 281 286 317 318 345 347 348 396 206 181 238 246 349 98 213 245 123 124 99 128 247 350 351 100 133 134 236 352 204 322 371 398 240 262 356 310 413 432 435 241 300 354 431 311 251 338 433 436 437 205 210 146 147 260 149 261 295 253 313 339 344 266 372 373 397 399 400 26 207 150 242 182 298 306 401 152 212 273 305 183 153 187 307 402 403 154 193 194 296 10 264 321 377 418 439 406 366 449 461 463 301 357 404 460 367 312 391 462 464 57 265 270 208 209 319 211 320 353 314 369 392 8 325 419 420 438 440 28 58 267 302 243 355 363 441 214 272 332 362 244 215 248 364 442 29 216 254 255 1 30 323 376 423 452 466 445 414 470 477 104 358 407 443 476 415 368 434 101 111 105 324 329 268 269 374 271 375 24 370 417 25 27 326 380 453 454 465 60 61 359 303 405 412 62 274 331 386 411 304 275 308 13 73 63 276 315 9 11 378 422 456 472 159 468 450 479 160 161 408 446 467 155 451 416 55 156 162 379 384 327 328 421 330 18 31 17 41 56 381 426 473 84 108 109 409 360 444 71 112 333 385 430 35 361 334 2 36 113 0 4 3 424 455 475 136 167 478 471 195 218 447 469 118 217 82 42 102 425 43 382 383 44 5 45 38 83 427 458 143 137 166 448 410 67 75 387 429 72 74 12 6 14 7 15 457 474 196 197 178 135 256 68 120 176 129 78 46 49 428 19 85 20 459 89 198 94 33 119 21 51 97 34 22 87 140 203 239 188 121 179 88 47 48 95 144 122 69 52 96 141 202 90 145 
66 158 164 165 116 40 115 117 191 107 220 221 169 224 225 174 226 139 80 77 81 172 173 175 132 148 250 252 190 279 280 192 281 229 230 283 284 285 201 235 286 93 200 54 124 133 99 127 128 100 134 232 233 234 236 205 210 310 311 313 241 251 336 337 338 253 339 288 259 289 290 282 231 335 341 340 342 343 260 261 295 344 147 149 182 183 193 152 153 185 186 187 154 194 287 184 292 291 293 294 296 264 265 270 356 366 367 369 297 301 312 365 389 388 390 391 314 392 316 346 317 318 345 347 348 394 393 395 396 209 319 211 320 353 8 208 242 243 244 254 213 214 215 238 246 245 247 248 216 255 350 349 351 352 1 322 323 324 329 300 321 406 413 414 415 417 354 357 358 368 432 431 433 434 370 25 371 398 266 372 373 397 399 400 436 435 437 26 268 269 374 271 375 24 27 267 212 302 298 303 304 315 273 272 274 275 306 305 307 308 276 9 402 401 403 10 11 377 376 378 379 384 445 449 450 451 41 404 407 408 416 461 460 462 55 17 56 418 439 325 419 420 438 440 28 464 463 57 58 327 328 421 330 18 31 59 326 359 355 360 361 4 332 331 333 334 363 362 364 2 0 3 442 441 29 30 32 423 422 424 425 43 468 470 471 82 83 443 446 447 42 477 476 101 102 38 103 452 466 380 453 454 465 60 61 111 104 105 106 381 382 383 44 5 45 65 409 405 410 12 15 386 385 387 6 412 411 13 14 7 16 73 62 63 64 456 455 457 46 49 478 479 135 129 131 467 469 68 78 160 155 156 157 79 472 159 426 473 84 108 109 110 162 161 163 427 428 19 85 20 86 448 444 33 34 39 430 429 21 22 71 35 36 37 23 113 112 114 475 474 87 88 92 178 195 188 189 118 120 121 130 218 217 219 136 167 458 143 137 166 168 223 222 459 47 48 138 50 94 67 69 70 72 51 52 53 75 74 76 171 170 196 140 141 142 239 256 249 176 179 180 278 277 197 228 89 198 199 227 95 90 91 122 119 123 97 96 98 126 125 203 202 204 299 309 237 240 257 144 258 145 146 181 177 151 150 263 262 206 207 
159 73 143 166 60 104 136 167 29 108 35 113 84 89 198 109 227 28 111 160 161 196 197 228 62 10 13 63 71 72 74 112 171 44 137 95 144 258 61 168 287 26 24 57 155 162 101 195 218 105 222 87 203 257 288 1 30 2 36 114 67 75 21 97 125 170 232 19 18 85 199 47 140 51 145 90 206 317 31 110 229 345 8 58 118 217 223 55 156 178 256 278 163 282 46 135 141 202 263 316 346 9 11 64 12 14 76 172 94 119 126 6 52 96 151 184 231 292 5 48 43 45 88 138 259 207 146 266 372 27 65 106 169 289 397 25 68 176 277 283 82 102 219 120 239 188 309 336 224 340 204 262 322 371 398 0 3 32 115 33 4 34 22 37 127 233 122 69 177 185 98 150 213 245 291 350 20 91 41 49 86 142 200 318 267 208 325 419 56 59 116 164 230 347 438 17 42 121 179 237 335 341 129 78 157 279 299 249 365 389 284 393 264 321 377 418 439 7 15 16 66 173 70 53 77 186 293 181 123 238 246 152 212 273 305 349 402 50 147 83 92 139 205 260 373 326 268 380 453 103 107 174 225 290 399 465 38 180 240 297 388 394 189 130 220 337 356 310 413 432 342 435 323 376 423 452 466 23 39 40 117 234 124 99 128 247 351 242 182 298 306 214 272 332 362 401 442 93 209 131 148 201 265 319 420 381 327 426 473 79 158 165 235 285 348 440 241 300 354 431 436 250 190 280 390 406 366 449 461 395 463 378 422 456 472 54 80 81 175 294 183 153 187 307 403 302 243 355 363 274 331 386 411 441 149 269 191 210 261 324 374 454 427 382 458 132 221 226 295 343 400 301 357 404 460 464 311 251 338 433 445 414 470 477 437 424 455 475 100 133 134 236 352 244 215 248 364 359 303 405 412 333 385 430 211 328 252 270 320 379 421 459 428 192 281 286 353 396 358 407 443 476 367 312 391 462 468 450 479 457 474 154 193 194 296 304 275 308 409 360 444 387 429 271 383 313 329 375 425 253 339 344 408 446 467 415 368 434 478 471 216 254 255 361 334 448 410 330 369 384 314 392 447 469 451 416 276 315 417 370 
167 61 137 168 166 161 197 228 30 109 31 110 198 85 199 227 229 113 105 218 222 203 257 288 58 63 11 64 27 45 65 106 169 144 258 88 138 259 171 287 289 112 74 162 156 163 217 256 278 223 282 202 263 316 346 36 114 3 32 115 56 59 20 86 116 164 230 90 97 206 317 48 141 49 142 91 200 318 125 232 345 347 75 170 102 219 224 176 277 188 309 336 283 340 145 239 262 204 322 371 398 14 76 172 15 16 66 173 83 103 107 7 50 92 139 174 225 290 52 146 96 151 207 266 372 205 147 260 373 126 184 231 292 397 399 119 78 157 279 284 179 237 335 129 249 299 365 389 341 393 321 264 377 418 439 22 37 127 233 38 34 39 23 40 117 234 131 79 158 165 93 148 201 235 285 348 98 208 122 150 213 267 325 419 265 209 319 420 177 185 245 291 350 438 440 69 121 130 189 220 337 342 240 180 297 388 310 356 413 432 394 435 376 323 423 452 466 53 70 77 186 293 80 54 81 175 294 191 132 221 226 149 210 261 295 343 400 152 268 181 212 273 326 380 453 324 269 374 454 238 246 305 349 402 465 60 123 190 250 280 390 395 300 241 354 431 366 406 449 461 436 463 422 378 456 472 159 99 124 128 247 351 133 100 134 236 352 252 192 281 286 211 270 320 353 396 28 214 327 242 272 332 381 426 473 379 328 421 84 182 298 306 362 401 442 108 251 311 338 433 437 357 301 404 460 414 445 470 477 464 104 455 424 475 136 153 183 187 307 403 193 154 194 296 10 313 253 339 344 271 329 375 24 26 274 382 302 331 386 427 458 143 425 383 44 243 355 363 411 441 73 312 367 391 462 57 407 358 443 476 450 468 479 160 111 474 457 196 215 244 248 364 29 254 216 255 1 369 314 392 8 330 384 18 333 428 359 385 430 459 89 46 19 303 405 412 35 62 368 415 434 101 446 408 467 155 471 478 195 140 87 275 304 308 13 315 276 9 417 370 25 5 43 387 47 409 429 72 95 360 444 71 416 451 55 469 447 118 135 178 334 361 2 4 0 41 17 21 448 51 410 67 42 82 120 68 6 12 94 33 
106 168 65 169 64 163 59 164 227 110 199 229 32 86 116 115 230 114 222 219 224 103 107 225 228 171 258 287 257 138 259 288 289 16 66 92 139 174 172 173 290 170 76 223 278 282 277 157 279 283 284 79 158 165 285 125 232 206 317 345 263 316 91 200 318 346 347 23 37 40 117 50 131 142 148 93 201 235 127 233 234 348 126 231 309 336 340 237 335 189 220 337 341 342 39 130 132 191 221 226 343 151 184 292 207 266 372 397 204 322 371 146 147 205 260 373 398 399 53 54 70 77 80 81 175 210 149 261 295 185 186 291 293 294 400 177 299 365 389 393 180 297 388 249 250 190 280 390 394 395 192 252 281 286 396 98 213 245 350 262 150 267 208 325 419 438 264 321 377 418 209 265 319 420 439 440 99 100 123 124 128 133 134 236 270 211 320 353 238 246 247 349 351 352 28 181 240 356 310 413 432 435 241 300 354 431 311 251 338 433 436 437 253 313 339 344 26 152 212 273 305 402 326 268 380 453 465 323 376 423 452 269 324 374 454 466 60 153 154 182 183 187 193 194 296 329 271 375 24 298 306 307 401 403 10 61 242 406 366 449 461 463 301 357 404 460 367 312 391 462 464 57 314 369 392 8 58 214 272 332 362 442 381 327 426 473 108 378 422 456 472 328 379 421 84 159 109 215 216 243 244 248 254 255 1 384 330 18 31 302 355 363 364 441 29 30 445 414 470 477 104 358 407 443 476 415 368 434 101 111 105 370 417 25 27 274 331 386 411 73 427 382 458 143 166 424 455 475 136 383 425 44 137 167 275 276 303 304 308 315 9 11 43 5 45 359 405 412 13 62 63 468 450 479 160 161 408 446 467 155 451 416 55 156 162 17 41 56 333 385 430 35 113 459 428 89 198 457 474 196 197 19 46 85 334 0 360 361 2 4 3 49 20 409 444 71 36 112 478 471 195 218 447 469 118 217 82 42 102 38 83 387 429 72 74 95 47 144 87 140 203 48 88 6 7 410 12 14 15 448 67 75 178 135 256 68 120 176 129 78 21 51 97 145 90 141 202 22 33 34 94 119 239 188 121 179 52 96 69 122 
57 62 155 162 104 26 101 105 73 111 71 112 160 118 217 161 223 159 10 8 58 55 156 163 29 108 35 113 13 67 75 63 170 195 218 68 176 277 167 222 283 60 136 28 1 30 24 25 27 61 106 82 102 219 224 143 166 72 74 171 2 36 94 119 126 114 231 178 196 256 278 120 42 33 121 179 237 335 197 228 282 341 84 109 9 11 64 18 31 17 56 59 110 164 135 41 129 78 157 279 284 89 198 227 21 97 125 232 12 14 76 51 122 69 177 185 172 291 140 239 87 203 188 309 336 180 240 297 388 137 257 168 288 340 394 44 0 3 32 115 43 45 65 4 38 83 103 107 169 225 189 130 220 337 342 95 144 258 287 6 47 52 96 151 184 292 34 22 37 127 181 123 238 246 233 349 202 299 46 141 263 249 365 389 241 300 354 431 85 199 316 229 346 393 436 19 5 7 15 16 66 173 49 20 86 116 79 131 158 165 230 285 250 190 280 390 395 145 90 206 317 345 98 150 213 245 350 70 53 77 186 242 182 298 306 293 401 262 356 88 204 322 310 413 432 301 357 404 460 138 259 371 289 398 435 464 48 23 39 40 117 234 92 50 139 174 132 191 221 226 290 343 311 251 338 433 437 207 146 266 372 397 152 212 273 305 402 124 99 128 247 302 243 355 363 351 441 321 406 142 264 377 366 449 461 358 407 443 476 91 200 318 418 347 439 463 54 80 81 175 294 148 93 201 235 192 252 281 286 348 396 367 312 391 462 267 208 325 419 438 214 272 332 362 442 183 153 187 307 359 303 405 412 403 376 445 205 323 423 414 470 477 408 446 467 147 260 373 452 399 466 100 133 134 236 352 210 149 261 295 253 313 339 344 400 415 368 434 326 268 380 453 465 274 331 386 411 244 215 248 364 409 360 444 422 468 265 378 456 450 479 447 469 209 319 420 472 440 154 193 194 296 270 211 320 353 314 369 392 451 416 381 327 426 473 333 385 430 304 275 308 448 410 455 478 324 424 475 471 269 374 454 216 254 255 329 271 375 370 417 427 382 458 387 429 361 334 474 379 457 328 421 276 315 384 330 459 428 425 383 
63 162 75 170 113 30 36 114 161 112 217 223 74 119 126 171 231 166 58 11 64 14 76 172 105 167 218 222 156 176 277 163 283 97 125 69 177 185 227 232 291 109 198 61 27 106 31 3 32 110 115 22 37 127 233 197 228 256 278 282 102 219 179 237 335 224 341 96 144 151 184 122 34 121 123 181 238 246 258 287 292 349 137 168 56 59 164 45 65 15 16 66 169 173 52 7 53 70 77 186 293 203 257 288 188 309 336 340 78 157 279 239 240 180 297 388 284 394 145 150 90 206 98 213 245 182 242 298 306 199 317 229 345 350 401 85 83 103 107 225 20 86 116 38 39 23 40 117 230 234 99 124 128 247 351 202 263 316 346 129 141 249 299 365 389 393 130 189 220 337 300 241 354 431 342 436 207 212 48 146 266 152 273 305 243 302 355 363 138 259 372 289 397 402 441 88 49 131 79 158 165 285 50 92 139 174 80 54 81 175 290 294 153 183 187 307 403 262 204 322 371 398 310 356 413 432 435 190 250 280 390 357 301 404 460 395 464 267 272 91 208 325 214 332 362 303 359 405 412 200 318 419 347 438 442 62 142 191 132 221 226 343 93 148 201 235 133 100 134 236 348 352 215 244 248 364 29 321 264 377 418 439 366 406 449 461 463 251 311 338 433 407 358 443 476 437 111 326 331 147 268 380 274 386 411 360 409 444 71 205 260 373 453 399 465 73 252 192 281 286 396 149 210 261 295 193 154 194 296 400 10 275 304 308 13 376 323 423 452 466 414 445 470 477 104 312 367 391 462 446 408 467 155 57 381 385 209 327 426 333 430 35 410 448 67 265 319 420 473 440 108 313 253 339 344 26 211 270 320 353 254 216 255 1 28 334 361 2 422 378 456 472 159 450 468 479 160 368 415 434 101 469 447 118 427 429 269 382 458 387 72 33 94 324 374 454 143 60 369 314 392 8 271 329 375 24 315 276 9 6 12 455 424 475 136 471 478 195 416 451 55 120 68 459 51 328 428 89 21 379 421 84 417 370 25 330 384 18 4 0 474 457 196 135 178 42 82 95 383 47 425 44 41 17 5 43 140 87 19 46 
112 166 74 171 63 162 75 170 109 113 198 227 36 97 125 114 232 30 161 217 223 119 126 231 167 61 137 168 197 144 258 228 287 14 76 96 151 184 64 172 292 58 11 105 218 222 156 176 277 163 283 69 177 185 291 31 110 85 199 229 203 257 90 206 317 288 345 22 3 37 127 52 122 145 150 98 213 245 32 115 233 350 27 106 256 278 282 102 219 179 237 335 224 341 34 121 123 181 238 246 349 45 65 169 88 138 259 289 202 263 316 48 146 207 266 372 346 397 7 53 15 16 70 77 186 212 152 273 305 59 66 164 173 293 402 56 188 309 336 340 78 157 279 239 240 180 297 388 284 394 182 242 298 306 401 20 86 116 230 141 49 142 91 200 318 347 262 204 322 371 208 267 325 419 398 438 23 99 38 39 40 124 128 247 272 214 332 362 103 107 117 225 234 351 442 83 129 249 299 365 389 393 130 189 220 337 300 241 354 431 342 436 243 302 355 363 441 50 92 139 174 290 205 147 260 373 399 321 264 377 418 268 326 380 453 439 465 54 153 79 80 81 183 187 307 331 274 386 411 158 165 175 285 294 403 73 131 310 356 413 432 435 190 250 280 390 357 301 404 460 395 464 303 359 405 412 62 93 148 201 235 348 265 209 319 420 440 376 323 423 452 327 381 426 473 466 108 100 215 132 133 134 244 248 364 385 333 430 35 191 221 226 236 343 352 29 366 406 449 461 463 251 311 338 433 407 358 443 476 437 111 360 409 444 71 149 210 261 295 400 324 269 374 454 60 422 378 456 472 382 427 458 143 159 154 275 192 193 194 304 308 13 429 387 72 252 281 286 296 396 10 414 445 470 477 104 312 367 391 462 446 408 467 155 57 410 448 67 211 270 320 353 28 379 328 421 84 455 424 475 136 428 459 89 216 334 253 254 255 361 2 51 21 313 339 344 1 26 450 468 479 160 368 415 434 101 469 447 118 33 94 271 329 375 24 425 383 44 474 457 196 47 95 276 6 314 315 9 12 369 392 8 471 478 195 416 451 55 120 68 330 384 18 46 19 140 87 0 370 4 417 25 135 178 42 82 5 43 17 41 
170 64 76 172 171 223 126 231 110 114 32 115 125 37 127 232 233 227 163 277 283 177 185 291 106 168 65 169 59 16 66 164 173 151 184 70 77 186 287 292 293 228 258 222 219 224 278 237 335 282 341 181 238 246 349 199 229 86 116 230 103 107 23 40 117 225 234 98 206 213 245 53 123 39 124 99 128 247 317 345 350 351 257 288 157 279 284 309 336 180 297 388 340 394 150 240 242 182 298 306 401 138 259 289 92 139 174 290 79 158 165 50 54 80 81 175 285 294 146 152 207 266 212 273 305 183 153 187 307 316 372 346 397 402 403 263 189 220 337 342 299 365 389 130 241 300 354 431 393 436 302 243 355 363 441 91 200 318 347 131 142 148 93 201 235 348 132 191 221 226 100 133 134 236 343 352 208 214 262 267 325 272 332 362 244 215 248 364 322 371 419 398 438 442 29 204 249 250 190 280 390 395 356 310 413 432 301 357 404 460 435 464 359 303 405 412 62 147 205 260 373 399 210 149 261 295 400 192 252 281 286 154 193 194 296 396 10 268 274 321 326 380 331 386 411 304 275 308 13 377 418 453 439 465 73 63 264 311 251 338 433 437 406 366 449 461 358 407 443 476 463 111 409 360 444 71 112 209 265 319 420 440 270 211 320 353 28 253 313 339 344 216 254 255 1 26 30 327 333 376 381 426 385 430 35 361 334 2 36 323 423 452 473 466 108 113 367 312 391 462 57 445 414 470 477 408 446 467 155 104 162 448 410 67 75 269 324 374 454 60 329 271 375 24 61 314 369 392 8 276 315 9 11 58 382 387 422 427 458 429 72 74 12 6 14 378 456 472 143 159 166 415 368 434 101 105 468 450 479 160 447 469 118 217 161 94 33 119 328 379 421 84 109 384 330 18 31 370 417 25 27 0 4 3 428 21 455 459 89 51 97 34 22 424 475 136 198 167 451 416 55 156 478 471 195 218 68 120 176 122 69 383 425 44 137 43 5 45 17 41 56 7 15 47 52 474 95 144 96 457 196 197 82 42 102 178 135 256 121 179 19 46 85 49 20 38 83 90 140 145 87 203 129 78 239 188 48 88 202 141 
164 172 66 173 169 224 107 225 232 115 127 233 116 40 117 230 234 229 283 279 284 158 165 285 231 287 184 292 185 77 186 291 293 139 174 80 81 175 289 290 294 288 259 282 335 341 336 220 337 340 342 191 221 226 343 317 345 213 245 350 238 246 99 128 247 349 351 93 200 201 235 54 132 124 133 100 134 236 318 347 348 352 316 346 297 388 394 365 389 190 280 390 393 395 148 250 252 192 281 286 396 266 372 397 212 273 305 402 182 298 306 152 153 183 187 307 401 403 147 149 205 260 210 261 295 193 154 194 296 371 373 398 399 400 10 322 300 354 431 436 310 413 432 241 251 311 338 433 435 437 313 253 339 344 26 208 325 419 438 242 267 272 214 332 362 442 243 302 355 363 215 244 248 364 441 29 209 211 264 265 319 270 320 353 254 216 255 1 377 418 420 439 440 28 30 321 356 357 301 404 460 464 366 406 449 461 312 367 391 462 463 57 369 314 392 8 58 268 326 380 453 465 331 274 386 411 73 303 359 405 412 275 304 308 13 62 63 269 271 323 324 374 329 375 24 315 276 9 11 423 452 454 466 60 61 64 376 407 358 443 476 111 414 445 470 477 368 415 434 101 104 105 417 370 25 27 106 327 381 426 473 108 385 333 430 35 113 360 409 444 71 334 361 2 36 112 114 328 330 378 379 421 384 18 31 4 0 3 32 422 456 472 84 159 109 110 446 408 467 155 162 450 468 479 160 416 451 55 156 161 163 41 17 56 59 382 427 458 143 166 429 387 72 74 171 410 448 67 75 6 12 14 76 170 383 5 424 425 44 43 45 65 15 7 16 455 475 136 137 167 168 469 447 118 217 223 471 478 195 218 42 82 102 219 222 83 38 103 428 459 89 198 227 51 21 97 125 33 94 119 126 22 34 37 19 20 457 46 85 49 86 39 23 474 196 197 199 228 120 68 176 277 135 178 256 278 78 129 157 131 79 47 95 144 258 96 52 151 69 122 177 53 70 48 50 87 88 138 92 140 203 257 179 121 237 188 239 309 130 189 90 145 206 150 98 123 181 91 141 142 202 263 240 180 249 299 146 207 204 262 
107 139 169 174 66 158 164 165 93 116 200 201 115 229 230 117 235 40 191 220 221 224 225 226 148 54 147 149 205 259 260 210 261 172 173 288 289 290 81 175 295 80 77 132 250 252 190 279 280 192 281 283 284 285 286 99 100 208 209 211 264 265 317 318 319 270 320 232 127 233 234 287 282 316 346 345 347 348 128 134 236 353 124 133 310 311 313 241 251 336 337 338 253 339 231 335 341 340 342 343 344 152 153 154 267 268 269 271 322 323 324 266 372 371 373 374 329 375 184 292 185 186 291 293 294 398 397 399 400 183 187 193 194 296 24 182 356 366 367 369 297 301 312 365 389 388 390 391 314 392 394 393 395 396 8 213 214 215 216 321 212 326 325 327 328 330 377 376 378 379 419 418 420 421 384 18 245 350 238 246 247 349 351 352 439 438 440 28 243 244 248 254 255 1 31 242 300 406 413 414 415 417 354 357 358 368 432 431 433 434 370 25 436 435 437 26 27 273 272 274 275 276 381 380 382 383 5 423 422 424 425 453 452 454 44 43 45 305 402 298 306 307 401 403 10 466 465 60 61 303 304 308 315 9 11 65 302 445 449 450 451 41 404 407 408 416 461 460 462 55 17 56 464 463 57 58 59 332 331 333 334 0 427 426 428 19 20 456 455 457 46 473 472 84 85 49 86 362 442 355 363 364 441 29 30 159 108 109 110 359 360 361 2 4 3 32 468 470 471 82 83 443 446 447 42 477 476 101 102 38 103 111 104 105 106 386 385 387 6 7 459 458 47 48 50 475 474 87 88 143 136 137 138 92 411 73 405 412 13 62 63 64 167 166 168 409 410 12 14 15 16 478 479 135 129 131 467 469 68 78 160 155 156 157 79 162 161 163 430 429 21 22 23 95 89 90 91 196 140 141 142 198 197 199 35 113 444 71 36 112 114 228 227 448 33 34 37 39 178 195 188 189 118 120 121 130 218 217 219 223 222 72 51 52 53 145 144 146 203 202 204 258 257 74 171 67 75 76 170 94 69 70 239 256 249 176 179 180 278 277 97 96 98 207 206 263 262 125 119 126 122 123 299 309 237 240 151 150 177 181 
165 81 173 175 174 221 225 226 100 117 128 134 230 233 234 235 236 201 192 280 281 284 285 286 133 149 153 154 183 186 187 193 194 289 290 291 293 294 261 295 296 210 260 252 251 253 311 337 338 313 339 340 342 343 344 209 211 214 215 216 243 244 245 247 248 254 255 345 318 347 348 292 341 246 349 350 351 352 319 320 353 1 265 270 301 312 314 366 367 388 390 391 369 392 346 389 393 394 395 396 8 268 269 271 272 274 275 276 298 303 304 273 305 306 307 308 315 9 372 397 371 373 398 399 400 401 402 403 10 324 374 329 375 24 11 323 357 358 368 370 413 414 415 354 431 432 433 434 417 25 435 436 437 26 27 325 327 328 330 302 326 331 332 333 334 0 355 359 360 361 362 363 364 2 4 3 419 438 377 418 420 439 440 28 441 442 29 30 378 379 421 384 18 31 32 376 406 407 404 408 416 17 449 445 450 451 460 461 462 55 41 56 463 464 57 58 59 380 381 382 383 5 385 386 387 6 7 405 409 410 12 411 412 13 14 15 16 453 465 423 452 454 466 60 61 62 73 63 64 424 425 44 43 45 65 66 422 446 443 447 42 38 470 468 471 82 476 477 101 102 83 103 104 111 105 106 107 426 427 428 19 20 429 430 21 22 23 444 448 33 34 35 71 36 37 39 40 473 108 456 472 84 159 109 110 112 113 114 115 455 457 46 85 49 86 116 469 467 68 78 79 479 478 135 129 155 160 156 157 131 158 161 162 163 164 458 459 47 48 50 51 72 52 53 54 67 94 69 70 74 75 76 77 80 143 166 475 136 137 167 168 169 170 171 172 474 87 88 138 92 139 120 118 121 130 132 195 178 188 189 217 218 219 220 191 222 223 224 89 95 90 91 93 96 97 98 99 119 122 123 124 125 126 127 198 227 196 197 199 228 229 231 232 140 141 142 200 148 179 176 180 190 256 239 249 250 277 278 279 282 283 144 145 146 147 150 151 152 177 181 182 184 185 258 287 203 257 259 288 202 204 205 240 237 241 309 299 310 335 336 206 207 208 212 213 238 242 317 263 316 262 264 300 297 365 356 266 267 322 321 
68 155 67 176 120 42 33 121 160 118 111 217 94 71 119 179 237 178 55 17 78 12 69 180 101 195 104 218 57 62 162 156 277 51 122 13 75 177 239 240 297 135 140 82 25 102 41 4 38 129 130 6 34 123 241 196 256 159 161 278 26 105 73 112 223 219 335 72 95 96 181 35 2 29 36 74 126 238 202 299 300 354 87 188 8 56 157 43 83 9 15 79 189 190 21 0 22 14 70 182 301 136 203 309 60 167 222 336 10 58 163 108 113 63 170 283 279 388 89 97 47 145 52 150 242 76 125 185 298 141 262 249 356 357 404 46 24 27 103 220 5 49 131 1 3 7 39 132 250 251 53 37 124 243 358 143 197 263 365 28 84 109 166 228 282 389 30 61 106 224 171 114 231 341 337 431 144 151 19 90 207 98 212 302 127 184 246 355 88 204 321 310 406 407 443 44 18 31 11 59 158 280 20 45 92 191 16 23 80 192 311 312 99 77 183 303 408 198 137 257 322 413 168 227 288 340 432 64 110 164 284 232 172 291 394 390 460 206 213 48 146 267 152 272 359 186 245 306 405 142 264 376 366 445 446 467 85 65 32 107 221 338 50 86 148 252 40 54 133 253 367 368 153 128 244 360 447 258 199 316 377 449 229 287 346 393 461 115 169 225 342 292 233 349 436 433 476 266 273 91 208 326 214 331 409 247 305 363 444 138 205 323 422 414 468 469 116 66 165 281 391 93 139 210 313 81 100 193 314 415 416 215 187 304 410 317 259 371 423 470 289 345 398 435 477 173 230 285 395 350 293 401 464 462 325 332 147 268 381 274 385 448 307 362 412 200 265 378 455 450 478 174 117 226 339 434 149 201 270 369 134 154 254 370 451 275 248 361 372 318 418 456 479 347 397 439 463 234 290 343 437 402 351 441 380 386 209 327 427 333 429 364 411 260 324 424 474 471 235 175 286 392 211 261 329 417 194 216 315 334 308 419 373 452 475 399 438 466 294 348 396 442 403 426 430 269 382 459 387 319 379 457 295 236 344 271 320 384 255 276 453 420 472 440 465 352 400 458 328 428 374 425 353 296 330 375 473 454 383 421 
69 75 176 177 122 34 121 123 74 119 112 126 179 217 237 181 238 96 14 15 70 78 180 182 36 97 113 125 63 162 170 76 185 239 240 156 277 297 150 242 298 52 145 22 3 37 7 38 39 53 124 129 130 241 243 144 151 166 171 184 30 114 161 223 231 127 246 256 202 299 300 218 102 105 219 278 335 354 207 212 302 355 90 98 11 16 77 20 23 56 79 80 99 183 188 83 189 157 190 301 303 198 206 213 109 227 232 245 58 64 172 167 222 163 283 291 186 306 203 309 141 262 249 356 357 279 336 388 404 146 267 152 272 359 405 48 31 32 40 128 49 50 54 27 103 131 132 133 153 244 250 220 251 358 360 197 258 266 273 61 137 168 228 287 292 305 106 110 115 233 282 224 341 349 247 363 263 365 88 204 321 310 406 407 337 389 431 443 91 208 326 214 331 409 444 85 45 65 59 66 81 187 92 86 93 100 158 191 192 193 215 304 311 280 312 408 410 257 199 317 325 332 229 288 345 350 362 164 169 173 293 340 284 394 401 307 412 322 413 142 264 376 366 445 446 390 432 460 467 147 268 381 274 385 448 67 138 116 107 117 134 248 148 139 149 154 221 252 253 254 275 361 367 338 368 447 33 316 259 372 380 386 289 346 397 402 411 225 230 234 351 393 342 436 441 364 71 377 449 205 323 422 414 468 469 433 461 476 118 200 209 327 427 333 429 94 174 165 175 194 308 210 201 211 216 281 313 314 315 334 12 415 391 416 68 371 318 419 426 430 347 398 438 442 35 285 290 294 403 435 395 464 62 13 423 470 265 378 455 450 478 120 462 477 155 260 269 382 459 387 51 235 226 236 255 2 270 261 271 276 339 369 370 4 6 451 434 42 418 373 453 458 72 399 439 465 73 343 348 352 29 463 437 111 456 479 324 424 474 471 178 101 160 319 328 428 95 21 295 286 296 9 329 320 330 0 392 417 17 82 55 452 420 473 89 440 466 108 396 400 10 104 57 475 195 379 457 140 135 374 383 47 353 344 1 384 375 5 25 41 472 454 143 60 159 26 28 196 425 87 421 19 24 8 43 18 136 84 46 44 
118 178 94 179 68 155 67 176 135 120 140 239 33 51 122 121 240 42 160 111 217 71 119 237 195 82 87 188 196 95 202 256 299 12 69 72 96 181 78 180 300 55 17 101 104 218 57 62 162 156 277 13 75 177 297 41 129 46 141 249 136 203 47 145 262 309 356 6 4 34 123 21 35 89 97 52 150 242 38 130 241 357 25 102 159 161 278 26 105 73 112 223 219 335 2 29 36 74 126 238 354 43 83 189 44 88 204 310 143 197 263 19 90 144 207 321 365 406 0 22 9 15 14 70 182 151 98 212 302 56 79 157 190 301 407 8 60 167 222 336 10 58 163 108 113 63 170 283 279 388 76 125 185 298 404 5 49 131 250 84 18 85 48 142 264 366 198 137 257 322 146 206 267 376 413 445 7 53 1 3 39 37 124 243 213 152 272 359 27 103 132 220 251 358 446 24 28 109 166 228 282 389 30 61 106 224 171 114 231 341 337 431 127 184 246 355 443 20 45 92 191 311 138 91 205 323 414 258 199 316 377 208 266 326 422 449 468 23 99 11 16 80 77 183 303 273 214 331 409 59 158 192 280 312 408 469 31 168 227 288 340 432 64 110 164 284 232 172 291 394 390 460 186 245 306 405 467 50 86 148 252 367 200 147 265 378 450 317 259 371 423 268 325 381 455 470 478 54 153 32 40 133 128 244 360 332 274 385 448 65 107 221 253 338 368 447 229 287 346 393 461 115 169 225 342 292 233 349 436 433 476 247 305 363 444 93 139 210 313 415 260 209 324 424 471 372 318 418 456 327 380 427 474 479 100 215 66 81 193 187 304 410 386 333 429 116 165 281 314 391 416 289 345 398 435 477 173 230 285 395 350 293 401 464 462 307 362 412 149 201 270 369 451 319 269 379 457 419 373 452 475 382 426 459 154 275 117 134 254 248 361 430 387 174 226 339 370 434 347 397 439 463 234 290 343 437 402 351 441 364 411 211 261 329 417 374 328 425 453 420 472 428 458 216 334 175 194 315 308 235 286 392 399 438 466 294 348 396 442 403 271 320 384 421 383 473 454 276 236 255 295 344 440 465 352 400 330 375 296 353 
176 78 69 180 179 217 119 237 129 121 38 130 122 34 123 240 241 239 156 162 277 75 177 297 102 188 83 189 56 15 79 157 190 96 181 14 70 182 299 300 301 256 202 218 105 219 161 112 223 278 335 74 126 238 354 141 249 49 131 250 27 103 7 39 132 220 251 52 145 150 242 22 36 3 37 53 124 243 262 356 357 358 203 309 58 163 279 167 222 63 170 283 336 388 97 113 125 76 185 298 404 88 204 310 45 92 191 311 11 59 158 20 23 16 80 192 280 312 90 98 144 207 151 212 302 77 99 183 303 263 321 365 406 407 408 197 61 106 224 337 166 228 282 30 114 171 231 341 389 431 184 127 246 355 443 48 142 264 366 31 85 86 50 148 252 367 32 65 107 221 54 40 133 253 338 368 146 152 198 206 267 213 272 359 128 153 244 360 257 322 376 413 445 446 447 137 109 110 64 164 284 390 227 168 288 340 172 232 291 394 432 460 245 186 306 405 467 91 138 205 323 414 139 93 210 313 415 66 116 165 281 100 81 193 314 391 416 208 214 258 266 326 273 331 409 187 215 304 410 316 377 422 449 468 469 68 199 169 115 225 342 433 287 229 346 393 233 292 349 436 461 476 305 247 363 444 118 147 200 265 378 450 201 149 270 369 451 117 174 226 339 154 134 254 370 434 42 268 274 317 325 381 332 385 448 248 275 361 33 259 371 423 455 470 478 120 230 173 285 395 462 345 289 398 435 293 350 401 464 477 155 362 307 412 67 209 260 324 424 471 261 211 329 417 82 175 235 286 392 216 194 315 17 55 327 333 372 380 427 386 429 94 308 334 12 318 418 456 474 479 178 290 234 343 437 101 397 347 439 463 351 402 441 111 160 411 364 71 269 319 379 457 135 320 271 384 41 236 295 344 25 276 255 4 382 387 419 426 459 430 51 2 6 373 452 475 140 195 348 294 396 57 438 399 466 104 403 442 62 35 13 328 374 425 87 375 330 43 296 353 8 0 9 428 21 453 458 95 72 420 472 196 400 352 26 465 440 159 29 73 383 421 46 18 5 1 24 47 473 89 454 136 28 10 108 60 19 44 143 84 
119 96 179 181 69 75 176 177 52 122 145 150 121 239 240 123 242 34 74 112 126 217 237 238 97 22 90 98 144 202 207 151 212 78 180 256 299 300 70 182 302 14 15 36 113 125 63 162 170 76 185 156 277 297 298 7 53 48 146 152 198 206 141 262 267 213 272 129 38 130 241 188 218 203 309 249 356 357 39 124 243 359 3 37 166 171 184 30 114 161 223 231 127 246 102 105 219 278 335 354 355 20 23 99 85 91 208 214 197 258 266 88 204 263 321 326 273 331 83 189 56 79 157 190 301 365 310 406 407 16 80 77 183 303 409 11 109 227 232 245 58 64 172 167 222 163 283 291 186 306 279 336 388 404 405 49 50 54 153 137 45 138 142 147 268 274 257 199 317 325 264 322 376 381 332 385 131 250 27 103 132 220 251 358 413 366 445 446 32 40 133 128 244 360 448 31 61 168 228 287 292 305 106 110 115 233 282 224 341 349 247 363 337 389 431 443 444 92 86 93 100 215 200 205 209 327 333 316 259 372 380 323 377 422 427 386 429 191 311 59 158 192 280 312 408 449 414 468 469 66 81 193 187 304 410 94 65 229 288 345 350 362 164 169 173 293 340 284 394 401 307 412 390 432 460 467 67 148 139 149 154 275 260 265 269 382 387 371 318 419 426 378 423 455 459 430 51 252 367 107 221 253 338 368 447 470 450 478 120 116 117 134 254 248 361 33 289 346 397 402 411 225 230 234 351 393 342 436 441 364 71 433 461 476 118 210 201 211 216 334 319 324 328 428 21 418 373 453 458 424 456 474 95 72 313 415 165 281 314 391 416 68 479 471 178 174 175 194 315 308 12 347 398 438 442 35 285 290 294 403 435 395 464 62 13 462 477 155 270 261 271 276 6 374 379 383 47 452 420 473 89 457 475 140 369 451 226 339 370 434 42 195 135 235 236 255 4 2 399 439 465 73 343 348 352 29 463 437 111 101 160 329 320 330 0 421 425 19 472 454 143 87 196 417 82 286 392 17 55 295 296 9 440 466 108 396 400 10 104 57 384 375 5 44 46 136 84 41 344 25 353 1 60 159 26 28 43 18 8 24 
177 70 180 182 181 126 237 238 53 123 39 124 240 130 241 242 243 150 76 170 185 277 297 298 37 98 23 99 16 79 80 77 183 299 300 157 190 301 212 302 303 151 207 125 114 127 171 223 231 184 246 278 335 354 355 146 152 50 54 153 32 40 131 132 133 128 244 249 262 356 357 189 219 103 220 250 251 358 267 272 359 360 206 213 64 172 186 227 232 163 283 291 245 306 309 222 336 279 388 404 405 91 208 214 86 93 100 215 59 66 81 92 191 158 192 193 187 304 204 310 263 321 365 406 407 280 311 312 408 266 326 273 331 409 410 258 110 115 233 247 228 287 292 106 224 282 341 349 305 363 389 337 431 443 444 142 147 268 274 65 138 139 148 149 154 275 107 116 117 134 252 221 253 254 248 361 264 366 257 322 376 413 445 446 338 367 368 447 317 325 381 332 385 448 33 199 168 169 164 173 293 307 288 229 345 350 284 340 394 401 362 412 432 390 460 467 67 205 200 209 327 333 201 210 211 216 334 165 174 175 194 313 281 314 315 308 12 323 414 316 377 422 449 468 469 391 415 416 68 372 380 427 386 429 94 69 259 230 225 234 351 364 346 289 397 402 342 393 436 441 411 71 461 433 476 118 119 265 260 269 382 387 261 270 271 276 6 226 235 236 255 369 339 370 4 2 34 378 450 371 423 455 470 478 120 434 451 42 121 318 419 426 459 430 51 122 290 285 294 403 13 398 347 438 442 395 435 464 62 35 75 477 462 155 176 324 319 328 428 21 320 329 330 0 22 286 295 296 9 417 392 17 15 14 424 471 418 456 474 479 178 179 55 82 78 373 453 458 95 72 96 348 343 352 29 36 439 399 465 73 437 463 111 112 74 160 101 217 379 374 383 47 52 375 384 5 7 344 353 1 3 41 25 38 457 135 452 475 140 195 239 102 129 420 473 89 145 97 400 396 10 63 466 440 108 113 57 104 162 218 156 425 421 19 90 18 43 20 8 24 11 83 56 87 188 472 196 202 256 454 143 144 28 26 30 159 60 166 105 161 46 44 48 45 49 27 31 141 136 203 84 198 61 58 167 109 88 85 197 137 
77 182 80 183 99 127 40 128 242 124 241 243 54 132 133 153 244 152 185 172 186 66 81 187 238 212 300 302 297 190 301 298 303 93 100 158 192 193 214 215 304 213 208 184 231 246 232 115 233 245 247 116 117 134 248 267 272 356 357 359 335 354 250 251 358 355 360 148 147 149 154 191 107 220 221 252 253 254 268 274 275 361 266 273 283 291 306 287 292 164 173 293 305 307 139 169 174 165 175 194 308 321 326 331 365 406 407 409 279 388 404 310 311 280 312 408 405 410 205 210 200 209 201 211 216 281 313 314 315 325 327 332 333 334 12 317 282 341 349 363 229 345 350 224 225 230 234 351 362 364 235 226 236 255 2 264 376 381 385 336 322 413 366 445 446 448 337 389 431 443 367 338 368 447 444 33 265 270 259 260 269 261 271 276 339 369 370 4 372 380 382 386 387 6 34 316 288 340 284 394 401 412 289 346 397 402 285 290 294 403 411 13 295 286 296 9 14 323 377 422 427 429 449 414 468 469 94 390 432 460 467 415 391 416 68 67 69 324 329 318 319 328 320 330 0 392 417 17 15 419 426 428 430 21 22 70 371 393 342 436 441 71 347 398 438 442 343 348 352 29 35 36 353 344 1 3 37 378 423 455 459 51 470 450 478 120 122 433 461 476 118 451 434 42 121 119 123 379 384 373 374 383 375 5 7 25 41 38 39 418 453 458 47 72 52 53 435 395 464 62 75 399 439 465 73 396 400 10 63 74 76 24 8 11 16 424 456 474 95 96 479 471 178 179 181 462 477 155 176 82 55 78 180 177 425 43 420 421 19 18 20 23 56 83 79 452 473 89 90 97 98 463 437 111 112 126 440 466 108 113 26 28 30 114 125 31 27 32 457 475 140 145 150 195 135 239 240 101 160 217 237 129 102 130 46 49 454 44 48 45 50 103 131 472 143 144 146 151 104 57 162 170 60 159 166 171 58 61 64 65 59 87 196 202 207 256 188 299 156 218 277 189 157 88 92 84 85 91 86 136 198 206 161 105 223 109 167 227 106 110 141 203 262 309 249 219 278 142 137 138 197 258 222 163 168 228 204 263 199 257 
126 151 171 184 76 177 170 185 98 125 206 213 114 227 232 127 245 37 181 237 238 223 231 246 150 53 146 152 207 258 266 212 273 64 172 228 287 292 77 186 305 70 16 123 240 242 180 277 297 182 298 163 283 291 306 23 99 91 208 214 262 267 199 317 325 272 332 110 32 115 233 168 222 257 288 229 345 350 40 128 247 362 39 124 299 300 302 130 241 278 335 354 243 355 106 219 224 282 341 349 363 50 54 153 142 147 268 274 263 321 326 138 259 316 372 380 331 386 65 169 59 66 164 173 293 346 289 397 402 80 81 183 187 307 411 79 249 356 357 359 157 190 301 309 336 279 388 404 303 405 284 340 394 401 412 86 93 100 215 204 92 205 200 209 327 333 322 264 376 381 318 371 419 426 385 430 116 230 103 107 117 225 234 351 398 347 438 442 132 133 134 244 248 364 35 131 189 310 365 406 407 409 220 250 251 358 389 337 431 443 360 444 342 393 436 441 71 139 148 149 154 275 265 260 269 382 387 377 323 422 427 373 418 453 458 429 72 174 290 158 165 175 285 294 403 439 399 465 73 192 193 194 304 308 13 74 191 366 413 445 446 448 280 311 312 408 432 390 460 467 410 67 395 435 464 62 75 201 210 211 216 334 324 319 328 428 21 423 378 455 459 420 452 473 89 51 97 235 348 221 226 236 343 352 29 466 440 108 113 252 253 254 255 361 2 36 414 449 468 469 94 338 367 368 447 461 433 476 118 33 119 437 463 111 112 261 270 271 276 6 379 374 383 47 52 456 424 474 95 454 472 143 144 96 295 400 281 286 296 396 10 63 159 60 166 313 314 315 9 12 14 450 470 478 120 122 391 415 416 68 477 462 155 176 69 57 104 162 320 329 330 0 22 425 421 19 90 475 457 140 145 84 136 198 353 28 339 344 1 26 30 167 109 369 370 4 3 34 471 479 178 179 434 451 42 121 160 101 217 105 161 375 384 5 7 46 44 48 196 87 202 137 197 24 61 392 8 11 58 417 17 15 135 195 239 55 82 78 218 156 18 43 20 88 85 203 141 31 25 27 41 38 188 256 102 129 45 49 56 83 
76 177 170 185 125 37 114 127 181 126 237 238 171 223 231 184 246 151 70 16 77 64 172 186 123 150 240 242 180 277 297 182 298 227 232 163 283 291 213 245 306 98 206 53 39 124 23 32 40 99 128 110 115 233 247 207 212 299 300 302 130 241 278 335 354 243 355 228 258 287 292 222 106 219 224 282 341 349 266 273 305 363 146 152 79 80 183 50 54 59 66 81 153 187 168 65 169 164 173 293 307 262 267 272 249 356 357 359 157 190 301 309 336 279 388 404 303 405 257 288 199 317 229 345 350 284 340 394 401 208 325 214 332 362 412 91 131 132 133 244 86 93 100 103 107 116 117 134 215 248 230 225 234 351 364 263 321 326 331 189 204 310 365 406 407 409 220 250 251 358 389 337 431 443 360 444 316 346 138 259 372 289 397 402 342 393 436 441 147 268 380 274 386 411 71 142 92 191 158 192 193 304 139 148 149 154 165 174 175 194 275 308 290 285 294 403 13 322 264 376 381 385 366 413 445 446 448 280 311 312 408 432 390 460 467 410 67 371 398 200 318 419 347 438 442 395 435 464 62 209 327 426 333 430 35 75 205 252 221 253 254 361 201 210 211 216 226 235 236 255 334 2 348 343 352 29 36 377 323 422 427 429 414 449 468 469 94 338 367 368 447 461 433 476 118 33 119 418 439 260 373 453 399 465 73 437 463 111 112 265 269 382 458 387 72 74 313 281 314 315 12 261 270 271 276 286 295 296 9 6 14 400 396 10 63 423 378 455 459 51 450 470 478 120 122 391 415 416 68 477 462 155 176 69 452 466 319 420 473 440 108 113 57 104 162 324 328 428 89 21 97 369 339 370 4 34 320 329 330 0 344 353 1 3 22 28 26 30 456 424 474 95 96 471 479 178 179 434 451 42 121 160 101 217 472 159 374 454 143 60 166 105 161 379 383 47 144 52 417 392 17 15 375 384 5 7 8 24 11 61 58 475 457 140 145 135 195 239 55 82 78 218 156 136 167 421 84 198 109 425 19 90 41 25 38 18 43 20 27 31 196 87 202 188 256 102 129 197 44 137 46 48 83 56 45 49 203 141 85 88 
185 77 172 186 184 238 231 246 99 127 40 128 232 115 233 245 247 213 182 297 298 283 291 306 124 152 54 153 80 66 81 183 187 287 292 164 173 293 273 305 307 212 266 242 241 243 300 335 354 302 355 282 341 349 363 208 214 93 100 215 132 133 116 117 134 244 248 229 317 345 350 169 224 107 225 230 234 351 325 332 362 364 267 272 190 301 303 356 357 279 388 404 359 405 288 336 340 284 394 401 412 147 268 274 148 149 154 275 158 192 193 139 174 165 175 194 304 308 259 289 316 372 346 397 402 285 290 294 403 326 380 331 386 411 13 321 250 251 358 360 365 406 407 220 337 389 431 443 409 444 393 342 436 441 71 200 209 327 333 191 205 210 201 211 216 334 221 252 253 254 235 226 236 255 361 2 318 347 322 371 419 398 438 442 343 348 352 29 376 381 426 385 430 35 36 264 310 311 280 312 408 410 413 366 445 446 390 432 460 467 448 67 435 395 464 62 75 260 265 269 382 387 270 261 271 276 6 281 313 314 315 295 286 296 9 12 14 373 399 377 418 453 439 465 73 396 400 10 63 422 427 458 429 72 74 76 323 367 338 368 447 33 449 414 468 469 433 461 476 118 94 119 463 437 111 112 126 319 324 328 428 21 329 320 330 0 22 339 369 370 4 353 344 1 3 34 37 420 440 423 452 473 466 108 113 26 28 30 114 378 455 459 89 51 97 125 415 391 416 68 69 470 450 478 120 462 477 155 176 122 177 104 57 162 170 374 379 383 47 52 384 375 5 7 53 392 417 17 15 24 8 11 16 70 454 60 456 472 143 159 166 171 58 61 64 424 474 95 144 96 151 451 434 42 121 123 479 471 178 179 101 160 217 237 181 161 105 223 421 425 19 90 98 43 18 20 23 25 41 38 39 31 27 32 84 109 475 136 198 167 227 106 110 457 140 145 206 150 82 55 78 180 195 135 239 240 156 218 277 222 163 44 46 48 146 49 45 50 56 83 79 65 59 137 168 196 197 258 228 87 202 207 129 102 130 256 188 299 219 278 85 88 91 92 86 103 131 199 203 257 141 262 189 157 309 249 138 142 263 204 
183 186 81 187 153 243 133 244 245 128 233 247 100 117 134 215 248 214 298 301 303 192 193 304 246 273 292 305 291 173 293 306 307 149 154 165 175 194 274 275 308 272 268 302 354 355 357 251 358 359 360 252 253 254 361 325 332 345 350 362 341 349 230 234 351 363 364 201 209 211 216 174 221 225 226 235 236 255 327 333 334 2 326 331 388 404 405 406 407 280 312 408 409 410 210 311 313 281 314 315 12 372 380 386 346 397 402 411 284 394 401 289 290 285 294 403 412 13 260 261 265 269 270 271 276 286 295 296 9 381 382 385 387 6 14 376 389 431 443 444 366 445 446 337 338 367 368 447 448 33 369 339 370 4 34 318 419 426 430 340 371 398 347 438 442 35 342 393 436 441 348 343 352 29 71 36 319 320 323 324 328 329 330 0 344 353 1 3 422 427 428 429 21 22 37 377 413 432 390 460 467 67 414 449 468 469 391 415 416 68 94 69 417 392 17 15 70 373 418 453 458 72 439 399 465 73 74 395 435 464 62 400 396 10 63 75 76 374 375 378 379 383 384 5 7 8 24 11 16 455 459 47 51 52 53 77 423 461 433 476 118 119 450 470 478 120 434 451 42 121 122 123 41 25 38 39 124 420 452 473 89 97 466 440 108 113 125 437 463 111 112 28 26 30 114 126 127 421 18 424 425 19 43 20 23 27 31 32 40 456 474 95 90 96 98 99 477 462 155 176 177 471 479 178 179 55 82 78 180 181 182 83 56 79 80 454 472 143 144 151 159 60 166 171 184 57 104 162 170 61 58 64 172 185 44 45 457 46 48 49 50 54 59 65 66 475 140 145 146 150 152 160 101 217 237 238 135 195 239 240 102 129 130 241 242 131 103 132 84 136 198 206 213 167 109 227 232 105 161 223 231 110 106 115 85 86 87 88 91 92 93 107 116 196 202 207 208 212 218 156 277 297 188 256 299 300 157 189 190 191 158 137 197 258 266 228 168 287 163 222 283 169 164 138 139 141 142 147 148 203 262 267 278 219 335 249 309 356 220 250 199 257 317 288 229 224 282 200 204 205 263 321 336 279 310 365 259 316 264 322 
102 188 83 189 78 156 56 157 239 129 141 249 38 49 131 130 250 121 218 105 219 27 103 220 256 179 202 299 203 88 204 309 310 15 79 45 92 191 180 190 311 176 69 217 161 278 162 58 163 277 279 11 59 158 280 122 240 145 262 356 197 263 48 142 264 365 366 7 34 39 132 20 31 85 86 50 148 252 123 241 251 367 119 237 167 222 336 112 223 61 106 224 335 337 3 30 32 65 107 221 338 96 181 300 144 207 321 406 137 257 322 90 91 138 205 323 413 414 22 23 14 70 16 80 192 139 93 210 313 177 182 297 301 312 415 75 166 228 282 389 63 170 283 109 110 64 164 284 388 390 66 116 165 281 391 52 150 242 357 198 97 206 146 267 376 445 199 258 316 377 147 200 265 378 449 450 53 54 36 37 124 40 133 253 201 149 270 369 126 238 243 354 358 368 451 74 113 227 168 288 340 432 114 171 231 341 169 115 225 342 431 433 117 174 226 339 434 98 151 212 302 407 266 208 326 422 468 259 317 371 423 209 260 324 424 470 471 99 100 76 77 183 81 193 314 261 211 329 417 185 298 303 404 408 416 82 125 287 229 346 393 461 172 232 291 394 230 173 285 395 460 462 175 235 286 392 55 152 213 272 359 446 325 268 381 455 478 318 372 418 456 269 319 379 457 479 135 153 154 127 128 244 134 254 370 320 271 384 41 184 246 355 360 443 447 42 345 289 398 435 477 233 292 349 436 290 234 343 437 476 101 236 295 344 25 214 273 331 409 469 380 327 427 474 178 373 419 452 475 328 374 425 87 195 215 216 186 187 304 194 315 17 375 330 43 245 306 405 410 467 68 397 347 439 463 160 293 350 401 464 348 294 396 57 155 296 353 8 274 332 385 448 120 426 382 459 140 420 453 472 196 383 421 46 275 276 247 248 361 255 4 18 5 305 363 444 33 118 438 399 466 104 351 402 441 111 400 352 26 1 24 333 386 429 94 458 428 95 454 473 136 19 44 334 0 307 308 12 9 362 412 67 465 440 159 403 442 62 28 10 387 430 51 89 47 84 143 6 364 2 411 71 108 60 29 73 21 72 13 35 
157 180 79 190 189 219 103 220 240 130 123 241 131 39 132 250 251 249 277 163 279 59 158 280 237 299 181 300 177 70 182 297 301 92 191 16 80 192 310 311 312 309 204 278 223 335 222 106 224 336 337 65 107 221 338 262 356 150 242 357 126 238 53 124 243 354 358 50 142 148 252 23 32 37 40 54 133 253 264 366 367 368 263 365 170 283 388 228 282 64 164 284 389 390 86 110 116 66 165 281 391 207 321 406 151 212 302 407 76 185 298 98 99 77 183 303 404 408 91 93 138 205 139 210 313 81 100 193 314 322 323 413 414 415 416 257 171 231 341 431 168 288 340 114 115 169 225 342 432 433 174 117 226 339 434 146 267 376 445 125 206 213 152 272 359 446 127 184 246 355 153 128 244 360 443 447 147 149 199 200 265 201 270 369 134 154 254 370 316 377 378 449 450 451 42 258 227 232 172 291 394 460 229 287 346 393 173 230 285 395 461 462 235 175 286 392 55 208 266 326 422 468 273 214 331 409 469 186 245 306 405 215 187 304 410 467 68 209 211 259 260 324 261 329 417 194 216 315 17 371 423 424 470 471 82 78 317 292 233 349 436 476 289 345 398 435 234 290 343 437 477 101 295 236 344 25 102 268 325 381 455 478 332 274 385 448 120 247 305 363 444 275 248 361 33 118 121 269 271 318 319 379 320 384 41 255 276 4 38 372 418 456 457 479 135 129 350 293 401 464 155 347 397 439 463 294 348 396 57 160 156 353 296 8 56 327 380 427 474 178 386 333 429 94 179 307 362 412 67 334 308 12 69 176 328 330 373 374 425 375 43 83 9 0 15 419 452 475 87 195 188 402 351 441 111 217 399 438 466 104 352 400 26 105 218 24 1 27 382 426 459 140 239 430 387 51 122 364 411 71 119 6 2 34 383 5 420 421 46 18 49 3 7 453 472 196 141 256 442 403 62 162 440 465 159 161 10 28 58 31 11 428 458 95 202 72 21 96 13 35 75 22 14 19 20 454 44 88 45 473 136 203 73 29 112 60 108 167 30 61 47 89 145 97 52 36 74 48 84 85 143 197 113 63 109 166 90 144 137 198 
103 92 189 191 79 59 157 158 50 131 142 148 130 249 250 132 252 39 65 106 107 219 220 221 86 23 91 93 138 204 205 139 210 180 190 309 310 311 80 192 313 16 70 32 110 116 64 163 164 66 165 277 279 280 281 53 54 146 147 149 199 200 262 264 265 201 270 240 123 241 251 299 278 263 365 356 366 367 124 133 253 369 37 40 168 169 174 114 115 222 224 225 117 226 237 223 335 336 337 338 339 98 99 100 206 208 209 211 257 259 260 207 321 322 323 324 261 329 181 300 177 182 297 301 312 413 406 414 415 77 183 81 193 314 417 76 227 229 230 235 170 172 173 228 282 283 284 285 175 286 388 389 390 391 392 150 152 153 154 258 151 266 267 268 269 271 316 317 318 319 376 377 378 379 320 384 242 357 126 238 243 354 358 368 449 445 450 451 127 128 244 134 254 370 41 125 171 287 288 289 290 295 231 232 233 234 340 341 342 343 236 344 431 432 433 434 25 212 213 214 215 216 325 326 327 328 330 371 372 373 374 422 423 424 425 375 43 302 407 185 298 303 404 408 416 470 468 471 82 186 187 304 194 315 17 83 184 345 346 347 348 353 291 292 293 294 393 394 395 396 296 8 460 461 462 55 56 272 273 274 275 276 380 381 382 383 5 418 419 420 421 455 456 457 46 18 49 359 446 246 355 360 443 447 42 479 478 135 129 245 247 248 361 255 4 38 397 398 399 400 24 349 350 351 352 435 436 437 26 1 27 476 477 101 102 331 332 333 334 0 426 427 428 19 20 452 453 454 44 474 475 87 88 45 409 469 306 405 410 467 68 78 195 178 188 305 307 308 12 9 15 438 439 440 28 31 401 402 403 10 463 464 57 58 11 155 160 156 385 386 387 6 7 458 459 47 48 472 473 84 85 140 196 141 448 120 363 444 33 118 121 256 239 362 364 2 34 3 465 466 60 61 441 442 29 30 104 111 105 217 218 429 430 21 22 89 95 90 136 143 137 202 203 94 179 412 67 69 176 411 13 14 108 159 109 62 73 63 161 162 51 72 52 144 145 197 198 122 71 119 35 36 166 167 112 113 96 97 75 74 
158 80 190 192 191 107 220 221 54 132 124 133 250 241 251 252 253 148 66 164 165 279 280 281 40 93 99 100 77 182 183 81 193 310 311 297 301 312 210 313 314 139 205 116 115 117 169 224 225 174 226 336 337 338 339 147 149 152 153 154 127 128 242 243 244 134 254 356 264 366 367 300 335 238 354 357 358 368 265 270 369 370 200 201 172 173 175 229 230 283 284 285 235 286 365 282 389 388 390 391 392 208 209 211 213 214 215 216 185 186 187 212 302 298 303 304 194 315 321 406 322 323 413 414 415 404 407 408 416 260 324 261 329 417 17 259 232 233 234 236 288 289 290 231 341 340 342 343 295 344 432 431 433 434 25 267 268 269 271 184 266 273 272 274 275 276 246 245 247 248 359 355 360 361 255 4 376 445 316 377 378 449 450 451 443 446 447 42 318 319 379 320 384 41 38 317 287 292 291 293 294 296 346 345 347 348 394 393 395 396 353 8 461 460 462 55 56 326 325 327 328 330 332 331 333 334 0 306 305 307 308 409 405 410 12 9 15 422 468 371 423 424 470 471 82 467 469 68 78 373 374 425 375 43 83 79 372 350 349 351 352 1 398 397 399 400 436 435 437 26 24 27 477 476 101 102 103 381 380 382 383 5 386 385 387 6 7 363 362 364 2 448 444 33 34 3 39 455 478 418 456 457 479 135 129 118 120 121 130 419 420 421 46 18 49 131 402 401 403 10 11 439 438 440 28 464 463 57 58 31 59 160 155 156 157 427 426 428 19 20 430 429 21 22 23 412 411 13 14 94 67 69 70 16 474 178 452 475 87 195 188 189 176 179 180 453 454 44 88 45 92 442 441 29 30 32 466 465 60 61 111 104 105 106 65 218 217 219 459 458 47 48 50 72 51 52 53 71 35 36 37 122 119 123 140 239 472 196 141 256 249 237 240 473 84 85 142 86 73 62 63 64 159 108 109 110 162 161 163 278 277 95 89 90 91 97 96 98 75 74 76 181 177 202 299 136 203 204 309 143 137 138 113 112 114 167 166 168 223 222 145 144 146 151 150 126 125 262 197 263 198 199 171 170 228 227 207 206 257 258 
81 192 183 193 100 117 128 134 252 133 251 253 153 243 244 154 254 149 165 173 175 186 187 194 221 210 311 313 280 301 312 281 314 214 215 298 303 304 211 216 315 201 209 174 225 226 230 233 234 235 236 245 247 248 255 265 270 366 367 369 337 338 357 358 368 339 370 272 268 274 275 302 246 354 355 359 360 361 269 271 276 4 260 261 284 285 286 289 290 291 293 294 295 296 273 292 305 306 307 308 9 323 324 329 413 414 415 417 388 390 391 406 407 404 408 416 392 17 326 331 325 327 332 333 334 405 409 410 12 319 328 320 330 0 15 318 340 342 343 344 345 347 348 341 349 350 351 352 353 1 362 363 364 2 3 376 378 379 384 389 377 449 445 450 451 41 431 432 433 434 446 443 447 42 25 38 381 385 372 380 382 386 387 6 444 448 33 34 373 374 383 375 5 7 39 371 346 393 394 395 396 8 397 398 399 400 401 402 403 10 24 11 411 412 13 14 16 422 423 424 425 43 470 468 471 82 83 460 461 462 55 469 467 68 78 56 79 427 429 419 426 428 430 21 22 67 94 69 70 420 421 19 18 20 23 80 418 435 436 437 26 27 438 439 440 28 441 442 29 30 31 32 35 71 36 37 40 455 456 457 46 49 479 478 135 129 131 476 477 101 102 120 118 121 130 103 132 459 51 453 458 47 72 52 53 119 122 123 124 452 454 44 48 45 50 54 463 464 57 58 59 465 466 60 61 62 73 63 64 65 66 74 75 76 77 474 475 87 88 92 195 178 188 189 191 155 160 156 157 179 176 180 190 158 95 96 473 89 90 97 98 99 177 181 182 472 84 85 91 86 93 104 111 105 106 107 108 159 109 110 112 113 114 115 116 125 126 127 140 196 141 142 148 256 239 249 250 217 218 219 220 240 237 241 145 150 143 144 146 151 152 238 242 136 137 138 147 139 161 162 163 164 166 167 168 169 170 171 172 184 185 202 203 204 205 309 299 310 277 278 279 300 297 207 212 198 206 208 213 197 199 200 222 223 224 227 228 229 231 232 262 263 264 365 356 335 336 267 258 266 257 259 282 283 287 288 321 322 317 316 
193 175 187 194 154 253 244 254 235 134 234 236 215 247 248 216 255 211 281 312 314 303 304 315 226 261 290 295 285 293 294 286 296 274 275 306 307 308 271 276 9 270 269 313 338 339 367 358 368 369 370 359 360 361 4 319 320 347 348 353 342 343 350 351 352 344 1 332 327 333 334 305 355 349 363 362 364 2 328 330 0 3 324 329 390 391 392 414 415 404 408 416 417 17 331 407 409 405 410 12 15 373 374 375 398 399 400 24 394 395 396 397 402 401 403 10 8 11 380 386 381 382 385 387 6 412 411 13 14 379 383 384 5 7 16 378 432 433 434 25 445 450 451 431 443 446 447 42 41 38 448 444 33 34 39 419 420 421 18 393 418 439 438 440 28 31 436 435 437 26 442 441 29 30 27 32 426 430 422 427 428 429 21 22 71 35 36 37 424 425 19 43 20 23 40 423 449 461 460 462 55 56 468 470 471 82 467 469 68 78 83 79 94 67 69 70 80 453 452 454 44 45 466 465 60 61 65 464 463 57 58 73 62 63 64 59 66 458 72 455 459 47 51 52 53 75 74 76 77 457 46 48 49 50 54 81 456 477 476 101 102 103 478 479 135 129 118 120 121 130 131 132 122 119 123 124 133 473 472 84 85 86 159 108 109 110 116 111 104 105 106 113 112 114 115 107 117 89 97 474 95 90 96 98 99 126 125 127 128 475 87 88 91 92 93 100 160 155 156 157 158 178 195 188 189 176 179 180 190 191 192 181 177 182 183 143 136 137 138 139 167 166 168 169 174 162 161 163 164 171 170 172 173 165 144 151 140 145 146 150 152 153 185 184 186 196 141 142 147 148 149 218 217 219 220 221 239 256 249 250 237 240 241 251 252 242 238 243 198 197 199 200 201 228 227 229 230 223 222 224 225 232 231 233 206 213 202 207 208 212 214 246 245 203 204 205 209 210 278 277 279 280 299 309 310 311 297 300 301 302 298 258 257 259 260 288 287 289 283 282 284 292 291 266 273 262 267 268 272 263 264 265 336 335 337 356 365 366 354 357 317 316 318 346 345 341 340 325 321 326 322 323 389 388 406 413 372 371 376 377 
195 82 87 188 178 160 196 256 42 135 41 129 140 46 141 239 249 120 101 104 218 136 203 309 55 68 17 78 25 43 83 102 189 95 202 44 88 204 179 299 310 118 94 155 57 156 111 159 161 217 278 143 197 263 365 33 121 4 38 130 8 56 5 49 131 157 250 47 51 145 262 19 84 18 85 48 142 264 122 240 356 366 67 176 26 105 219 62 162 60 167 222 277 336 89 108 198 137 257 322 413 12 69 180 9 15 79 190 24 27 103 0 20 45 92 191 220 311 21 90 72 96 144 207 321 138 91 205 323 119 181 237 300 406 414 71 10 58 163 279 73 112 223 28 109 166 228 282 335 389 258 199 316 377 449 6 34 123 241 1 2 3 7 39 132 251 31 11 59 158 50 86 148 252 280 367 52 146 35 97 150 206 267 376 200 147 265 378 75 177 242 297 357 445 450 13 29 30 61 106 224 337 113 63 170 283 168 227 288 340 388 432 317 259 371 423 470 22 14 70 182 301 16 23 80 192 312 65 32 107 221 93 139 210 313 338 415 98 208 74 151 212 266 326 422 260 209 324 424 126 238 302 354 407 468 471 36 64 110 164 284 390 171 114 231 341 229 287 346 393 431 461 372 318 418 456 479 53 37 124 243 358 40 54 133 253 368 116 66 165 281 149 201 270 369 391 451 152 268 125 213 272 325 381 455 319 269 379 457 76 185 298 359 404 446 478 115 169 225 342 433 232 172 291 394 289 345 398 435 460 477 419 373 452 475 99 77 183 303 408 81 100 193 314 416 174 117 226 339 211 261 329 417 434 214 327 184 273 331 380 427 474 374 328 425 127 246 355 409 443 469 173 230 285 395 462 292 233 349 436 347 397 439 463 476 453 420 472 153 128 244 360 447 134 154 254 370 235 175 286 392 271 320 384 274 382 245 332 385 426 459 421 383 186 306 405 448 467 234 290 343 437 350 293 401 464 399 438 466 473 454 215 187 304 410 194 216 315 295 236 344 330 375 333 428 305 386 429 458 247 363 444 294 348 396 402 351 441 440 465 275 248 361 255 276 353 296 387 362 430 307 412 352 400 442 403 334 308 411 364 
143 196 159 197 84 89 108 198 87 136 195 203 60 104 167 137 257 44 95 72 144 73 166 258 140 46 135 141 178 160 256 202 263 28 109 111 161 228 85 199 316 19 18 47 51 145 21 35 97 90 206 29 113 227 317 43 88 82 188 204 120 239 101 218 309 262 322 26 24 61 168 57 62 155 162 105 222 288 45 138 259 371 5 48 94 96 207 6 52 71 74 151 146 266 10 13 63 112 171 287 372 41 49 142 42 129 249 264 118 179 299 55 156 217 278 365 321 377 8 58 1 31 30 110 229 223 163 282 346 20 86 91 200 318 418 0 33 122 150 267 2 22 98 67 75 36 125 213 208 325 114 170 232 345 419 25 83 92 205 68 17 78 102 189 310 323 176 121 240 356 219 277 336 413 376 423 27 106 9 11 65 64 169 289 283 224 340 398 7 50 139 147 260 373 452 4 12 69 119 181 212 326 14 34 53 152 126 76 184 273 268 380 172 231 292 397 453 56 38 131 148 265 130 157 250 366 378 237 180 300 406 279 335 389 449 422 456 59 164 3 32 116 115 230 347 341 284 393 439 23 93 201 209 319 420 472 15 123 177 242 272 381 37 70 99 214 185 127 245 332 327 426 233 291 350 438 473 103 79 191 210 324 190 220 311 414 424 297 241 357 445 337 388 432 470 455 475 107 225 16 66 174 173 290 399 394 342 435 466 39 54 149 261 269 374 454 182 238 302 331 427 77 124 153 274 246 186 305 386 382 458 293 349 402 465 158 132 252 270 379 251 280 367 450 457 354 301 407 468 390 431 461 479 474 165 285 40 117 235 234 348 440 436 395 463 80 100 211 320 328 421 243 298 359 385 459 128 183 215 333 306 247 362 430 428 351 401 442 221 192 313 329 425 312 338 415 471 404 358 446 478 433 460 477 226 343 81 175 295 294 400 464 437 133 154 271 375 383 303 355 409 429 187 244 275 387 363 307 411 403 441 281 253 369 384 368 391 451 443 408 469 462 476 286 396 134 236 353 352 193 216 330 360 405 448 248 304 334 412 364 339 314 417 416 434 467 447 344 194 296 254 276 410 444 308 361 392 370 255 315 
198 85 109 199 197 144 166 258 88 137 45 138 167 61 168 257 259 203 90 97 206 113 227 317 48 141 49 142 20 31 86 91 200 161 228 30 110 229 263 316 318 202 256 145 52 146 96 74 151 207 266 112 171 287 372 188 204 83 92 205 7 50 27 65 139 147 260 105 218 222 288 58 63 11 64 106 169 289 309 322 371 373 239 262 22 98 208 122 150 36 125 213 267 325 162 75 170 114 232 345 419 129 249 264 38 131 148 265 3 23 93 56 59 32 116 201 209 319 156 163 217 278 223 282 346 115 164 230 347 299 365 321 377 418 420 179 34 53 152 268 119 181 212 14 76 126 184 273 326 380 231 172 292 397 453 102 189 310 323 15 78 79 103 191 210 324 16 39 54 149 107 66 174 261 269 374 219 224 176 277 336 283 340 398 173 225 290 399 240 356 413 376 423 452 454 121 69 70 37 99 214 327 177 123 242 272 127 185 245 332 381 426 291 233 350 438 473 157 130 250 366 378 132 158 252 270 379 40 80 100 211 165 117 235 320 328 421 279 284 237 335 389 341 393 439 234 285 348 440 300 406 449 422 456 472 84 180 124 77 153 274 382 238 182 302 331 186 246 305 386 427 458 349 293 402 465 143 220 190 311 414 424 192 221 313 329 425 81 133 154 271 226 175 295 375 383 44 337 342 297 388 432 394 435 466 294 343 400 60 241 357 445 470 455 475 136 183 128 215 333 428 298 243 359 385 247 306 362 430 459 89 401 351 442 108 280 251 367 450 457 253 281 369 384 46 134 193 216 330 286 236 353 18 19 390 395 354 431 461 436 463 159 352 396 28 301 407 468 479 474 196 244 187 275 387 47 355 303 409 429 307 363 411 72 95 441 403 73 338 312 415 471 87 314 339 417 43 194 254 276 5 344 296 24 433 437 404 460 477 464 104 10 26 358 446 478 195 140 304 248 334 21 405 360 448 51 364 412 35 62 29 391 368 451 135 370 392 41 255 315 0 8 1 462 57 443 476 160 111 408 469 178 361 308 6 444 410 94 13 71 434 416 82 17 25 9 4 101 467 155 447 120 12 2 67 33 55 42 118 68 
91 199 86 200 142 146 50 147 257 138 168 259 92 65 139 205 260 204 206 98 208 23 93 209 258 263 228 316 227 110 229 317 318 131 148 32 116 201 264 265 319 262 249 207 151 266 150 53 152 267 268 39 54 149 269 309 322 222 288 371 171 287 106 169 289 372 373 103 189 191 210 59 16 64 66 107 174 261 310 323 324 374 299 321 125 213 325 181 212 37 99 214 326 327 79 70 80 40 100 211 328 278 365 377 223 282 346 418 114 232 345 163 164 115 230 347 419 420 157 158 130 250 132 252 270 117 165 235 320 356 366 376 378 379 421 240 126 184 273 380 123 242 272 76 77 124 153 274 381 382 133 81 154 271 383 219 336 413 423 170 277 283 224 340 398 452 172 231 292 397 225 173 290 399 453 454 220 221 180 190 311 192 313 329 175 226 295 375 300 406 414 422 424 425 44 237 177 185 127 245 332 426 182 238 302 331 128 183 215 333 427 428 193 134 216 330 19 279 335 389 449 456 341 284 393 439 472 233 291 350 438 285 234 348 440 473 84 280 281 241 251 367 253 369 384 236 286 353 18 357 445 450 455 457 46 85 297 246 186 305 386 458 243 298 359 385 187 244 275 387 459 47 254 194 276 5 48 337 388 432 470 475 394 342 435 466 136 293 349 402 465 343 294 400 60 143 137 338 339 301 312 415 314 417 43 296 344 24 45 354 407 468 471 474 87 88 306 247 362 430 89 303 355 409 429 248 304 334 21 95 90 315 255 0 20 390 431 461 479 196 436 395 463 159 197 351 401 442 108 396 352 28 109 198 391 392 358 368 451 370 41 49 1 8 31 404 446 478 135 140 141 363 307 411 72 144 360 405 448 51 308 361 6 52 145 4 9 7 433 460 477 195 203 464 437 104 167 403 441 73 166 26 10 61 434 25 408 416 82 17 83 11 27 443 469 178 188 202 412 364 35 97 410 444 94 96 2 12 22 15 3 462 476 160 256 111 57 161 29 62 113 58 30 55 56 447 42 129 38 467 120 239 71 13 74 33 67 122 14 34 101 155 218 162 105 63 112 102 68 78 118 179 75 36 69 119 156 217 121 176 
93 116 200 201 148 54 147 149 107 139 169 174 205 259 260 210 261 191 40 99 100 208 209 211 66 158 164 165 115 229 230 117 235 264 265 317 318 319 252 270 320 132 250 80 77 81 124 152 153 133 154 267 268 269 271 220 221 224 225 226 172 173 288 289 290 175 295 322 310 323 324 316 266 287 372 371 373 374 311 313 329 375 190 192 127 128 134 182 183 213 214 215 193 216 321 212 326 325 327 328 330 279 280 281 283 284 285 286 232 233 234 282 346 345 347 348 236 353 365 377 356 366 376 378 379 419 418 420 421 251 367 253 369 384 18 241 185 186 187 194 242 243 244 184 273 272 274 275 254 276 381 380 382 383 5 336 337 338 339 231 335 341 340 342 343 344 292 291 293 294 398 397 399 400 296 24 413 423 300 406 414 422 424 425 453 452 454 44 301 312 415 314 417 43 45 297 238 246 245 247 248 255 302 298 303 304 332 331 333 334 315 0 427 426 428 19 20 389 388 390 391 392 394 393 395 396 8 350 349 351 352 439 438 440 28 1 31 449 456 357 445 450 455 457 46 473 472 84 85 358 368 451 370 41 49 86 354 306 305 307 308 9 359 355 360 361 386 385 387 6 4 7 459 458 47 48 50 432 431 433 434 25 436 435 437 26 27 402 401 403 10 466 465 60 61 11 65 470 475 407 468 471 474 87 88 143 136 137 138 404 408 416 82 17 83 92 363 362 364 2 3 409 405 410 12 430 429 21 22 15 23 95 89 90 91 461 460 462 55 56 464 463 57 58 59 442 441 29 30 159 108 109 110 32 479 196 446 478 135 140 141 142 198 197 199 443 447 42 129 38 131 412 411 13 14 16 448 444 33 34 72 51 52 53 39 145 144 146 477 476 101 102 103 111 104 105 106 73 62 63 64 167 166 168 195 203 469 178 188 202 204 258 257 467 68 78 189 79 71 35 36 37 94 67 69 70 97 96 98 207 206 160 155 156 157 162 161 163 113 112 114 228 227 256 263 120 239 249 262 118 121 130 75 74 76 122 119 123 151 150 218 217 219 223 222 171 170 309 179 299 176 180 126 125 181 177 278 277 240 237 
196 95 178 202 87 136 195 203 47 140 51 145 135 120 239 141 262 46 143 159 197 160 256 263 89 19 21 90 72 94 96 144 207 82 188 118 179 299 88 204 321 44 43 84 108 198 60 104 167 137 257 101 218 309 322 5 48 6 52 146 35 97 33 122 150 206 267 42 41 129 249 68 155 67 176 121 240 356 49 142 264 376 18 85 73 166 258 28 109 111 161 228 199 316 55 57 156 217 278 365 377 0 20 91 2 22 98 208 71 74 151 12 69 119 181 212 266 326 17 78 25 83 102 189 310 237 180 300 406 45 92 138 205 323 422 24 29 113 227 317 26 61 168 62 162 105 222 288 259 371 219 277 336 413 423 4 7 50 147 13 9 14 34 53 152 268 75 36 125 213 123 177 242 272 325 381 38 130 8 56 131 157 250 366 297 241 357 445 31 86 148 200 265 378 455 1 10 63 112 171 287 372 58 30 110 229 223 163 282 346 318 418 279 335 389 449 456 15 3 23 93 209 37 70 99 214 327 126 76 184 273 182 238 302 331 380 427 79 190 27 103 191 220 311 414 354 301 407 468 65 139 210 260 324 424 474 11 114 170 232 345 419 106 64 169 289 283 224 340 398 373 452 337 388 432 470 475 39 16 54 149 269 77 124 153 274 382 185 127 245 332 243 298 359 385 426 459 132 251 59 158 252 280 367 450 404 358 446 478 32 116 201 270 319 379 457 172 231 292 397 453 164 115 230 347 341 284 393 439 420 472 390 431 461 479 80 40 100 211 328 128 183 215 333 428 246 186 305 386 303 355 409 429 458 192 312 107 221 313 338 415 471 443 408 469 66 174 261 329 374 425 233 291 350 438 473 225 173 290 399 394 342 435 466 454 433 460 477 133 81 154 271 383 187 244 275 387 306 247 362 430 360 405 448 253 368 165 281 369 391 451 467 447 117 235 320 384 421 293 349 402 465 285 234 348 440 436 395 463 462 476 193 134 216 330 248 304 334 363 307 411 410 444 314 416 226 339 417 434 175 295 375 351 401 442 343 294 400 464 437 254 194 276 308 361 412 364 370 286 392 236 353 403 441 396 352 315 255 344 296 
203 88 188 204 202 197 256 263 48 141 49 142 239 129 249 262 264 145 137 167 257 218 309 322 85 90 20 91 45 83 92 138 205 179 299 102 189 310 207 321 323 144 96 198 109 199 166 161 228 258 316 217 278 365 377 52 146 7 50 147 31 86 38 131 148 200 265 121 122 240 356 78 156 56 157 130 250 366 150 267 376 378 97 206 61 168 259 113 227 105 222 288 317 371 176 162 277 219 336 413 423 22 98 208 3 23 93 209 27 65 139 15 79 103 191 210 260 324 69 180 119 181 237 300 406 220 190 311 414 151 212 266 326 422 424 74 30 110 229 318 112 171 287 58 163 223 282 346 372 418 335 279 389 449 456 34 53 152 268 11 14 16 39 54 149 269 59 32 116 201 132 158 252 270 319 379 123 241 75 177 242 297 357 445 280 251 367 450 125 213 272 325 381 455 457 36 63 64 106 169 289 373 170 114 232 345 224 283 340 398 419 452 388 337 432 470 475 70 37 99 214 327 40 80 100 211 328 107 66 174 261 192 221 313 329 374 425 182 301 126 238 302 354 407 468 338 312 415 471 184 273 331 380 427 474 87 76 115 164 230 347 420 231 172 292 397 284 341 393 439 453 472 431 390 461 479 196 124 77 153 274 382 81 133 154 271 383 165 117 235 320 253 281 369 384 421 46 243 358 185 298 359 404 446 478 391 368 451 135 127 245 332 385 426 459 140 173 225 290 399 454 291 233 350 438 342 394 435 466 473 136 460 433 477 195 183 128 215 333 428 134 193 216 330 19 226 175 295 375 314 339 417 43 44 303 408 246 355 409 443 469 178 434 416 82 186 305 386 429 458 95 234 285 348 440 84 349 293 402 465 395 436 463 159 143 476 462 160 244 187 275 387 47 194 254 276 5 286 236 353 18 370 392 41 360 447 306 405 448 467 120 55 42 247 362 430 51 89 294 343 400 60 401 351 442 108 437 464 104 155 101 304 248 334 21 255 315 0 344 296 24 17 25 410 68 363 444 94 118 307 411 72 352 396 28 441 403 73 57 111 361 308 6 9 4 8 1 33 412 67 364 35 10 26 62 29 12 2 71 13 
138 204 92 205 91 199 86 200 262 142 249 264 50 131 148 147 265 146 257 168 259 65 139 260 263 207 299 321 309 189 310 322 323 23 93 103 191 210 208 209 324 206 98 258 228 316 227 110 229 317 318 32 116 201 319 150 267 240 356 376 278 365 130 250 366 377 378 39 53 54 149 79 59 157 158 132 252 270 152 268 269 379 151 266 222 288 371 171 287 106 169 289 372 373 16 64 66 107 174 261 374 181 212 326 237 300 406 422 219 336 413 180 190 220 311 414 423 424 70 80 37 99 40 100 211 221 192 313 329 213 214 325 327 328 425 125 223 282 346 418 114 232 345 163 164 115 230 347 419 420 117 165 235 320 421 123 242 272 381 277 177 297 241 357 445 455 279 335 389 449 251 280 367 450 456 457 124 133 76 77 153 81 154 271 281 253 369 384 184 273 274 380 382 383 46 126 170 283 224 340 398 452 172 231 292 397 225 173 290 399 453 454 175 226 295 375 44 182 238 302 331 427 354 301 407 468 474 337 388 432 470 312 338 415 471 475 87 183 193 127 128 215 134 216 330 339 314 417 43 245 332 333 426 428 19 88 185 341 284 393 439 472 233 291 350 438 285 234 348 440 473 84 236 286 353 18 85 243 298 359 385 459 404 358 446 478 140 390 431 461 479 368 391 451 135 196 141 244 254 186 187 275 194 276 5 392 370 41 49 246 305 386 387 458 47 48 394 342 435 466 136 293 349 402 465 343 294 400 60 143 137 296 344 24 45 303 355 409 429 95 443 408 469 178 202 433 460 477 195 416 434 82 188 203 304 315 247 248 334 255 0 20 25 17 83 306 362 430 21 89 90 436 395 463 159 197 351 401 442 108 396 352 28 109 198 1 8 31 360 405 448 51 145 467 447 120 239 462 476 160 256 42 55 129 361 4 307 308 6 9 7 56 38 363 411 72 52 144 464 437 104 167 403 441 73 166 26 10 61 11 27 410 444 94 96 118 68 179 101 155 218 78 102 12 15 364 2 22 3 412 35 97 111 57 161 29 62 113 58 30 33 67 122 176 121 156 217 34 13 14 71 74 162 105 63 112 69 119 36 75 
84 89 108 198 136 44 60 137 95 143 72 144 159 73 166 197 258 196 19 18 85 28 109 199 47 140 51 145 21 35 97 90 206 104 167 29 113 227 203 257 317 87 195 46 5 48 43 24 45 88 138 26 61 168 259 178 202 94 96 207 6 52 71 74 151 146 266 111 160 161 228 62 10 13 63 112 171 287 256 263 316 372 135 141 0 20 91 41 49 1 31 86 142 200 57 8 58 30 110 229 318 120 239 262 33 122 150 267 2 22 98 67 75 36 125 213 208 325 155 162 101 218 105 222 288 114 170 232 345 188 309 204 322 371 419 82 4 7 50 147 25 83 92 9 11 27 65 139 205 260 106 64 169 289 373 118 179 299 321 12 68 69 119 181 212 326 14 34 53 152 126 76 184 273 268 380 217 223 55 156 278 163 282 346 172 231 292 397 129 249 365 264 377 418 453 42 17 15 3 23 93 209 56 38 131 148 32 59 116 201 265 319 164 115 230 347 420 176 121 240 356 376 123 177 242 272 381 37 70 99 214 185 127 245 332 327 426 277 283 102 219 336 224 340 398 233 291 350 438 189 310 413 323 423 452 473 78 39 16 54 149 269 103 79 191 210 66 107 174 261 324 374 225 173 290 399 454 237 180 300 406 422 182 238 302 331 427 77 124 153 274 246 186 305 386 382 458 335 341 157 279 389 284 393 439 293 349 402 465 130 250 366 449 378 456 472 80 40 100 211 328 158 132 252 270 117 165 235 320 379 421 285 234 348 440 297 241 357 445 455 243 298 359 385 459 128 183 215 333 306 247 362 430 428 388 394 220 337 432 342 435 466 351 401 442 190 311 414 470 424 475 133 81 154 271 383 221 192 313 329 175 226 295 375 425 343 294 400 354 301 407 468 474 303 355 409 429 187 244 275 387 363 307 411 431 436 280 390 461 395 463 403 441 251 367 450 479 457 193 134 216 330 281 253 369 384 236 286 353 396 352 404 358 446 478 360 405 448 248 304 334 412 364 460 464 338 433 477 437 312 415 471 254 194 276 339 314 417 296 344 443 408 469 410 444 308 361 476 391 462 368 451 315 255 392 370 467 447 434 416 
90 198 97 206 145 48 52 146 197 144 166 258 96 74 151 207 266 202 85 20 91 22 98 208 137 203 167 257 109 113 227 199 317 122 150 36 125 213 262 267 325 141 239 88 45 138 49 7 50 142 147 34 53 152 268 256 263 161 228 316 61 168 112 171 287 259 372 119 179 181 212 75 14 63 76 126 184 273 299 321 326 380 188 204 31 86 200 83 92 3 23 93 205 209 69 15 70 37 99 214 327 218 309 322 105 222 288 371 30 110 229 162 170 114 232 345 318 419 176 177 121 240 123 242 272 127 185 245 332 249 356 264 376 381 426 129 27 65 139 260 38 131 148 11 16 39 54 149 265 269 124 77 153 274 382 217 278 365 377 58 156 163 223 282 346 418 64 106 169 289 231 172 292 397 373 453 237 238 78 180 300 182 302 331 186 246 305 386 189 310 406 323 422 427 458 102 56 59 32 116 201 319 79 103 191 210 40 80 100 211 324 328 183 128 215 333 428 277 219 336 413 423 224 283 340 398 452 115 164 230 347 291 233 350 438 420 473 297 298 130 241 357 243 359 385 247 306 362 430 250 366 445 378 455 459 89 157 107 66 174 261 374 132 158 252 270 81 133 154 271 379 383 244 187 275 387 47 335 279 389 449 456 284 341 393 439 472 173 225 290 399 349 293 402 465 454 143 354 355 190 301 407 303 409 429 307 363 411 72 220 311 414 468 424 474 95 165 117 235 320 421 192 221 313 329 134 193 216 330 425 19 304 248 334 21 388 337 432 470 475 342 394 435 466 136 234 285 348 440 401 351 442 108 84 404 405 251 358 446 360 448 51 364 412 35 280 367 450 478 457 140 226 175 295 375 44 253 281 369 384 194 254 276 5 46 361 308 6 431 390 461 479 196 395 436 463 159 294 343 400 60 441 403 73 443 444 312 408 469 410 94 13 71 338 415 471 178 87 286 236 353 18 314 339 417 43 255 315 0 12 2 460 433 477 195 437 464 104 352 396 28 62 29 467 67 368 447 120 33 391 451 135 344 296 24 370 392 41 9 4 476 462 160 57 111 10 26 118 416 68 434 82 8 1 17 25 155 101 42 55 
144 202 96 207 90 198 97 206 141 145 239 262 52 122 150 146 267 48 197 166 258 74 151 266 203 88 188 204 256 179 299 263 321 22 98 119 181 212 91 208 326 85 20 137 167 257 109 113 227 199 317 36 125 213 325 49 142 129 249 264 218 309 121 240 356 322 376 34 7 53 152 69 75 176 177 123 242 272 50 147 268 381 45 138 161 228 316 61 168 112 171 287 259 372 14 63 76 126 184 273 380 83 92 205 102 189 310 323 217 278 365 78 180 237 300 406 377 422 15 70 3 23 37 99 214 238 182 302 331 86 93 200 209 327 427 31 105 222 288 371 30 110 229 162 170 114 232 345 318 419 127 185 245 332 426 38 131 148 265 156 56 157 130 250 366 378 277 219 336 413 241 297 357 445 423 455 39 124 11 16 54 77 153 274 298 243 359 385 65 139 149 260 269 382 459 27 58 163 223 282 346 418 64 106 169 289 231 172 292 397 373 453 186 246 305 386 458 79 103 191 210 324 220 190 311 414 424 335 279 389 449 301 354 407 468 456 474 80 183 32 40 100 128 215 333 355 303 409 429 116 201 211 319 328 428 95 59 224 283 340 398 452 115 164 230 347 291 233 350 438 420 473 247 306 362 430 89 132 158 252 270 379 280 251 367 450 457 388 337 432 470 358 404 446 478 475 140 133 244 66 81 154 187 275 387 405 360 448 51 107 174 261 271 374 383 47 284 341 393 439 472 173 225 290 399 349 293 402 465 454 143 307 363 411 72 192 221 313 329 425 338 312 415 471 87 431 390 461 479 408 443 469 178 196 193 304 117 134 216 248 334 21 444 410 94 165 235 320 330 421 19 342 394 435 466 136 234 285 348 440 401 351 442 108 84 364 412 35 253 281 369 384 46 391 368 451 135 460 433 477 195 447 467 120 254 361 175 194 276 308 6 67 33 226 295 375 5 44 395 436 463 159 294 343 400 60 441 403 73 13 71 314 339 417 43 434 416 82 476 462 160 68 118 315 12 236 255 0 2 286 353 18 437 464 104 352 396 28 62 29 370 392 41 55 42 155 101 4 296 9 344 24 57 111 10 26 17 25 1 8 
206 91 98 208 207 258 151 266 142 146 50 147 150 53 152 267 268 262 199 227 317 125 213 325 138 204 92 205 86 23 93 200 209 181 212 37 99 214 321 326 327 263 299 257 168 259 228 171 287 316 372 126 184 273 380 249 264 131 148 265 65 139 39 54 149 260 269 123 240 242 272 70 76 16 77 124 153 274 356 376 381 382 309 322 110 229 318 222 288 114 232 345 371 419 177 170 185 127 245 332 426 189 310 323 103 191 210 324 32 116 201 79 80 40 100 211 319 328 180 182 237 300 238 302 331 128 183 215 333 365 406 377 422 427 428 278 106 169 289 373 223 282 346 64 172 231 292 397 418 453 246 186 305 386 458 130 250 366 378 59 157 158 132 252 270 379 66 107 174 261 133 81 154 271 374 383 241 243 277 297 357 298 359 385 187 244 275 387 336 413 445 423 455 459 47 219 163 164 115 230 347 420 283 224 340 398 233 291 350 438 452 473 306 247 362 430 89 190 220 311 414 424 221 192 313 329 425 117 165 235 320 193 134 216 330 421 19 301 303 335 354 407 355 409 429 248 304 334 21 389 449 468 456 474 95 90 279 225 173 290 399 454 341 284 393 439 293 349 402 465 472 143 363 307 411 72 144 251 280 367 450 457 281 253 369 384 46 175 226 295 375 254 194 276 5 44 48 358 360 388 404 446 405 448 51 308 361 6 52 337 432 470 478 475 140 145 285 234 348 440 84 394 342 435 466 351 401 442 108 136 198 412 364 35 97 312 338 415 471 87 339 314 417 43 88 236 286 353 18 315 255 0 20 85 408 410 431 443 469 444 94 96 2 12 22 390 461 479 178 196 202 343 294 400 60 137 436 395 463 159 403 441 73 166 197 71 13 74 368 391 451 135 141 392 370 41 49 296 344 24 45 4 9 7 447 33 460 467 120 67 122 14 34 433 477 195 239 203 396 352 28 109 464 437 104 167 29 62 113 75 36 416 434 82 188 25 17 83 1 8 31 15 3 68 69 476 118 179 119 462 160 256 26 10 61 111 57 161 63 112 42 55 129 56 38 11 27 121 155 176 101 218 58 30 162 105 78 102 217 156 
200 208 93 209 205 259 139 260 267 147 152 268 148 54 149 265 269 264 317 229 318 116 201 319 266 321 212 326 213 99 214 325 327 191 210 40 100 211 323 324 328 322 310 316 287 372 288 169 289 371 373 107 174 261 374 356 376 242 272 381 184 273 124 153 274 380 382 132 250 252 270 80 66 77 81 133 154 271 366 378 379 383 365 377 232 345 419 282 346 115 230 347 418 420 158 164 165 117 235 320 421 300 406 422 238 302 331 427 127 245 332 182 183 128 215 333 426 428 190 192 220 311 221 313 329 134 193 216 330 413 414 423 424 425 19 336 231 292 397 453 224 340 398 172 173 225 290 399 452 454 226 175 295 375 44 241 357 445 455 185 297 298 243 359 385 459 186 246 305 386 244 187 275 387 458 47 251 253 279 280 367 281 369 384 194 254 276 5 389 449 450 456 457 46 48 335 283 291 233 350 438 473 284 341 393 439 234 285 348 440 472 84 286 236 353 18 85 301 354 407 468 474 355 303 409 429 95 247 306 362 430 304 248 334 21 89 90 312 314 337 338 415 339 417 43 255 315 0 20 432 470 471 475 87 88 91 388 349 293 402 465 143 342 394 435 466 294 343 400 60 136 137 344 296 24 45 138 358 404 446 478 140 405 360 448 51 145 307 363 411 72 361 308 6 52 144 146 368 370 390 391 451 392 41 49 9 4 7 50 431 461 479 135 196 141 142 401 351 442 108 198 395 436 463 159 352 396 28 109 197 199 8 1 31 86 408 443 469 178 202 444 410 94 96 207 364 412 35 97 12 2 22 98 206 416 17 433 434 82 25 83 92 3 15 23 460 477 195 188 203 204 441 403 73 166 258 437 464 104 167 10 26 61 168 257 27 11 65 447 467 120 239 262 67 33 122 150 13 71 74 151 34 14 53 42 38 462 55 129 56 131 16 39 476 160 256 249 263 62 29 113 227 57 111 161 228 30 58 110 59 32 68 118 179 299 119 69 181 36 75 125 70 37 78 79 101 102 189 103 155 218 309 112 63 171 105 162 222 64 106 121 176 240 177 123 76 126 130 156 157 217 278 170 114 163 223 180 237 219 277 
139 191 205 210 93 116 200 201 132 148 250 252 147 264 265 149 270 54 107 169 174 259 260 261 158 80 190 192 220 310 311 221 313 208 209 322 323 324 100 211 329 40 99 66 164 165 115 229 230 117 235 317 318 319 320 124 133 241 251 253 279 280 356 366 367 281 369 267 152 268 269 321 316 365 377 376 378 379 153 154 271 384 77 81 224 225 226 172 173 288 289 290 175 295 266 287 372 371 373 374 375 182 183 193 297 301 312 314 336 337 338 300 406 413 414 415 339 417 212 326 213 214 325 327 328 423 422 424 425 128 215 134 216 330 43 127 283 284 285 286 232 233 234 282 346 345 347 348 236 353 419 418 420 421 18 242 243 244 254 335 238 354 357 358 368 370 389 388 390 391 445 449 450 451 392 41 272 381 184 273 274 380 382 383 456 455 457 46 186 187 275 194 276 5 49 185 231 341 340 342 343 344 292 291 293 294 398 397 399 400 296 24 453 452 454 44 45 302 298 303 304 315 404 407 408 416 17 432 431 433 434 468 470 471 82 25 83 331 427 245 332 333 426 428 19 475 474 87 88 247 248 334 255 0 20 92 246 394 393 395 396 8 350 349 351 352 439 438 440 28 1 31 473 472 84 85 86 359 355 360 361 4 443 446 447 42 38 461 460 462 55 478 479 135 129 56 131 385 459 305 386 387 458 47 48 196 140 141 142 306 307 308 6 9 7 50 436 435 437 26 27 402 401 403 10 466 465 60 61 11 65 143 136 137 138 409 405 410 12 15 467 469 68 78 79 477 476 101 102 178 195 188 189 103 429 95 362 430 21 89 90 91 203 202 204 363 364 2 22 3 23 464 463 57 58 59 442 441 29 30 159 108 109 110 32 198 197 199 448 444 33 34 39 118 120 121 130 160 155 156 157 239 256 249 51 145 411 72 52 144 146 263 262 412 13 14 53 16 111 104 105 106 73 62 63 64 167 166 168 258 257 94 67 69 70 176 179 180 218 217 219 299 309 96 207 35 97 98 206 71 36 37 162 161 163 113 112 114 228 227 122 119 123 237 240 278 277 150 74 151 75 76 223 222 171 170 181 177 125 126 
201 100 209 211 210 174 260 261 133 149 153 154 265 268 269 270 271 252 117 230 235 318 319 320 81 192 183 193 128 214 215 134 216 323 324 325 327 328 313 329 330 221 311 165 173 175 225 289 290 226 295 371 373 374 375 251 253 243 244 254 186 187 272 274 275 194 276 376 366 378 379 326 372 273 380 381 382 383 367 369 384 5 280 281 233 234 236 284 285 345 347 348 286 353 377 346 418 419 420 421 18 301 312 314 298 303 304 315 245 247 248 302 331 332 333 334 255 0 406 422 413 414 423 424 425 426 427 428 19 338 415 339 417 43 20 337 291 293 294 296 340 342 343 292 397 398 399 400 344 24 452 453 454 44 45 357 358 368 370 246 354 355 359 360 361 4 305 306 307 308 385 386 387 6 9 7 445 455 389 449 450 456 457 46 458 459 47 48 390 391 451 392 41 49 50 388 341 349 350 351 352 1 393 394 395 396 438 439 440 28 8 31 472 473 84 85 86 407 404 408 416 17 405 409 410 12 15 362 363 364 2 429 430 21 22 3 23 468 474 432 470 471 475 87 88 89 95 90 91 433 434 82 25 83 92 93 431 401 402 403 10 11 435 436 437 26 465 466 60 61 27 65 136 143 137 138 139 446 443 447 42 38 444 448 33 34 39 411 412 13 14 51 72 52 53 16 54 478 140 461 479 135 196 141 142 144 145 146 147 460 462 55 129 56 131 148 441 442 29 30 32 463 464 57 58 108 159 109 110 59 116 197 198 199 200 469 467 68 78 79 67 94 69 70 80 35 71 36 37 96 97 98 99 40 178 202 477 195 188 203 204 205 206 207 208 476 101 102 189 103 191 62 73 63 64 66 104 111 105 106 166 167 168 169 107 257 258 259 120 118 121 130 132 119 122 123 124 74 75 76 77 150 151 152 239 262 160 256 249 263 264 266 267 155 156 157 250 158 112 113 114 115 161 162 163 164 227 228 229 316 317 179 176 180 190 177 181 182 125 126 127 212 213 299 321 218 309 310 322 217 219 220 170 171 172 222 223 224 287 288 240 237 241 238 242 184 185 356 278 365 277 279 231 232 282 283 300 297 336 335 
151 181 207 212 98 125 206 213 123 150 240 242 146 262 267 152 272 53 126 171 184 258 266 273 177 70 180 182 237 299 300 238 302 91 208 263 321 326 99 214 331 37 23 76 170 185 114 227 232 127 245 199 317 325 332 39 124 130 241 243 277 297 249 356 357 298 359 142 50 147 268 204 257 309 322 264 376 381 54 153 274 385 16 77 223 231 246 64 172 228 287 292 186 305 138 168 259 316 372 380 386 79 80 183 157 190 301 303 278 335 354 189 310 365 406 407 355 409 92 205 86 93 200 209 327 377 323 422 427 40 100 128 215 333 429 32 163 283 291 306 110 115 233 222 288 229 345 350 247 362 318 371 419 426 430 131 132 133 244 219 103 220 250 251 358 360 336 279 388 404 366 413 445 446 405 448 148 265 65 139 149 260 269 382 423 378 455 459 66 81 154 187 275 387 51 59 106 224 282 341 349 363 169 164 173 293 346 289 397 402 307 411 373 418 453 458 72 191 158 192 193 304 280 311 312 408 410 389 337 431 443 414 449 468 469 444 94 210 324 116 201 211 319 328 428 456 424 474 95 117 134 216 248 334 21 96 107 284 340 394 401 412 230 225 234 351 398 347 438 442 364 35 420 452 473 89 97 252 221 253 254 361 338 367 368 447 33 432 390 460 467 450 470 478 120 67 122 270 379 174 261 271 374 383 47 475 457 140 145 165 175 194 276 308 6 52 342 393 436 441 71 290 285 294 403 439 399 465 73 13 74 454 472 143 144 313 281 314 315 12 391 415 416 68 69 461 433 476 118 471 479 178 179 119 329 425 235 320 330 421 19 90 196 87 202 226 236 255 0 2 22 395 435 464 62 75 348 343 352 29 466 440 108 113 36 84 136 198 369 339 370 4 34 434 451 42 121 477 462 155 176 135 195 239 384 46 295 375 5 44 48 203 141 286 296 9 7 14 437 463 111 112 400 396 10 63 159 60 166 137 197 417 392 17 15 55 82 78 160 101 217 188 256 43 88 353 18 20 85 344 1 3 57 104 162 28 26 30 167 109 41 25 38 102 129 218 156 49 24 45 8 11 105 161 61 58 83 56 31 27 
98 125 206 213 150 53 146 152 126 151 171 184 207 258 266 212 273 181 37 23 99 91 208 214 76 177 170 185 114 227 232 127 245 262 267 199 317 325 242 272 332 123 240 70 16 77 39 50 54 124 153 142 147 268 274 237 238 223 231 246 64 172 228 287 292 186 305 263 299 321 326 257 138 168 259 316 372 380 300 302 331 386 180 182 32 40 128 79 80 86 93 100 183 215 204 92 205 200 209 327 333 277 297 298 163 283 291 306 110 115 233 222 288 229 345 350 247 362 309 322 249 356 264 376 381 318 371 419 426 241 357 243 359 385 430 130 59 66 81 187 131 132 133 65 139 148 149 154 244 275 265 260 269 382 387 278 335 354 355 106 219 224 282 341 349 363 169 164 173 293 346 289 397 402 307 411 365 377 189 310 406 323 422 427 373 418 453 458 190 301 407 303 409 429 72 157 103 107 116 117 134 248 191 158 192 193 201 210 211 216 304 334 324 319 328 428 21 336 279 388 404 405 284 340 394 401 412 230 225 234 351 398 347 438 442 364 35 413 423 250 366 445 378 455 459 420 452 473 89 251 358 446 360 448 51 97 220 165 174 175 194 308 252 221 253 254 261 270 271 276 361 6 379 374 383 47 52 389 337 431 443 444 342 393 436 441 71 290 285 294 403 439 399 465 73 13 74 449 456 311 414 468 424 474 95 454 472 143 144 280 312 408 469 410 94 96 226 235 236 255 2 313 281 314 315 320 329 330 0 12 22 425 421 19 90 432 390 460 467 67 395 435 464 62 75 348 343 352 29 466 440 108 113 36 470 475 367 450 478 457 140 145 84 136 198 338 368 447 120 33 122 286 295 296 9 14 369 339 370 4 375 384 5 7 34 46 44 48 461 433 476 118 119 437 463 111 112 400 396 10 63 159 60 166 479 196 415 471 178 87 202 137 197 391 416 68 179 69 344 353 1 3 417 392 17 15 18 43 20 88 85 477 462 155 176 57 104 162 28 26 30 167 109 195 203 451 135 239 141 434 42 121 8 24 11 41 25 38 45 49 160 101 217 105 161 61 58 256 82 188 55 78 27 31 83 56 218 156 129 102 
213 99 208 214 212 184 266 273 124 152 54 153 267 147 268 272 274 242 127 232 245 317 325 332 77 182 80 183 40 93 100 128 215 321 326 200 209 327 302 331 333 238 300 185 172 186 231 287 292 246 305 316 372 380 386 241 243 132 133 244 66 81 148 149 154 187 275 264 356 376 381 205 259 139 260 265 269 382 357 359 385 387 297 298 115 233 247 283 291 229 345 350 306 362 322 288 371 318 419 426 430 190 301 303 158 192 193 304 116 117 134 191 210 201 211 216 248 334 310 323 365 406 377 422 427 319 324 328 428 354 407 355 409 429 21 335 164 173 293 307 282 341 349 169 289 346 397 402 363 411 418 373 453 458 72 250 251 358 360 107 220 221 252 253 254 361 174 165 175 194 270 261 271 276 308 6 366 378 336 413 445 423 455 459 374 379 383 47 388 404 446 405 448 51 52 279 224 225 230 234 351 364 340 284 394 401 347 398 438 442 412 35 452 420 473 89 97 311 280 312 408 410 281 313 314 315 12 235 226 236 255 329 320 330 0 2 22 414 424 389 449 468 456 474 95 421 425 19 90 431 443 469 444 94 96 98 337 285 290 294 403 13 393 342 436 441 399 439 465 73 71 74 472 454 143 144 151 367 338 368 447 33 339 369 370 4 34 295 286 296 9 384 375 5 7 14 53 450 457 432 470 478 475 140 145 44 46 48 146 390 460 467 120 67 122 150 343 348 352 29 36 435 395 464 62 440 466 108 113 75 125 136 84 198 206 415 391 416 68 69 392 417 17 15 70 353 344 1 3 43 18 20 23 37 471 87 461 479 178 196 202 207 85 88 91 433 476 118 179 119 181 396 400 10 63 76 463 437 111 112 60 159 166 171 126 197 137 258 451 434 42 121 123 25 41 38 39 24 8 11 16 49 45 50 135 141 477 195 239 203 262 138 142 462 155 176 240 177 26 28 30 114 104 57 162 170 109 167 227 257 199 82 55 78 180 56 83 79 31 27 32 92 86 188 204 160 256 299 263 101 217 237 58 61 64 161 105 223 168 228 129 102 130 103 131 65 59 249 218 309 156 277 106 110 222 163 189 157 278 219 
128 214 100 215 183 186 81 187 272 153 268 274 133 149 154 244 275 243 245 233 247 117 134 248 273 302 326 331 325 209 327 332 333 192 193 201 211 216 303 304 334 298 301 246 292 305 291 173 293 306 307 165 175 194 308 357 359 376 381 385 372 380 265 269 382 386 387 252 251 253 254 210 174 260 261 270 271 276 358 360 361 6 354 355 345 350 362 341 349 230 234 351 363 364 221 225 226 235 236 255 2 406 407 409 377 422 427 429 318 419 426 323 324 319 328 428 430 21 311 313 280 312 281 314 315 320 329 330 0 404 408 405 410 12 22 388 346 397 402 411 284 394 401 289 290 285 294 403 412 13 286 295 296 9 14 366 445 446 448 371 413 423 378 455 459 51 373 418 453 458 379 374 383 47 72 52 367 369 337 338 368 339 370 4 375 384 5 7 431 443 447 444 33 34 53 389 340 398 347 438 442 35 342 393 436 441 348 343 352 29 71 36 344 353 1 3 37 414 449 468 469 94 456 424 474 95 96 420 452 473 89 425 421 19 90 97 98 415 417 390 391 416 392 17 15 18 43 20 23 460 467 68 67 69 70 99 432 439 399 465 73 74 395 435 464 62 400 396 10 63 75 76 8 24 11 16 77 450 470 478 120 122 475 457 140 145 150 454 472 143 144 46 44 48 146 151 152 451 41 433 434 42 25 38 39 45 49 50 54 461 476 118 121 119 123 124 466 440 108 113 125 437 463 111 112 28 26 30 114 126 127 27 31 32 40 471 479 178 179 181 196 87 202 207 212 84 136 198 206 88 85 91 208 213 82 83 462 55 78 56 79 80 86 92 93 477 155 176 180 177 182 159 60 166 171 184 57 104 162 170 61 58 64 172 185 59 65 66 135 195 239 240 242 203 141 262 267 137 197 258 266 142 138 147 129 131 101 102 130 103 132 139 148 160 217 237 241 238 167 109 227 232 105 161 223 231 110 106 115 107 116 188 256 299 300 263 204 321 199 257 317 205 200 189 191 156 157 190 158 218 277 297 228 168 287 163 222 283 169 164 249 309 356 322 264 259 316 250 219 220 278 335 288 229 224 282 310 365 279 336 
134 211 215 216 193 175 187 194 270 154 269 271 244 274 275 254 276 253 235 234 236 247 248 255 261 313 324 329 319 327 328 320 330 303 304 332 333 334 314 315 0 281 312 226 290 295 285 293 294 286 296 306 307 308 9 367 369 378 379 384 373 374 381 382 383 375 5 359 358 360 361 331 305 380 386 385 387 6 368 370 4 7 338 339 347 348 353 342 343 350 351 352 344 1 355 349 363 362 364 2 3 414 415 417 423 424 425 43 419 420 421 422 427 426 428 19 18 20 407 409 404 408 405 410 12 430 429 21 22 391 416 392 17 15 23 390 398 399 400 24 394 395 396 397 402 401 403 10 8 11 412 411 13 14 16 445 450 451 41 418 449 456 455 457 46 49 453 452 454 44 459 458 47 48 45 50 446 448 431 443 447 444 33 34 72 51 52 53 433 434 42 25 38 39 54 432 393 439 438 440 28 31 436 435 437 26 442 441 29 30 27 32 71 35 36 37 40 468 470 471 82 83 475 474 87 88 92 473 472 84 85 95 89 90 91 86 93 469 94 460 467 68 67 69 70 97 96 98 99 462 55 78 56 79 80 100 461 466 465 60 61 65 464 463 57 58 73 62 63 64 59 66 75 74 76 77 81 478 479 135 129 131 196 140 141 142 148 143 136 137 138 145 144 146 147 139 149 120 122 476 118 121 119 123 124 151 150 152 153 477 101 102 130 103 132 133 159 108 109 110 116 111 104 105 106 113 112 114 115 107 117 126 125 127 128 178 195 188 189 191 203 202 204 205 210 198 197 199 200 207 206 208 209 201 179 181 155 176 180 177 182 183 213 212 214 160 156 157 190 158 192 167 166 168 169 174 162 161 163 164 171 170 172 173 165 185 184 186 239 256 249 250 252 263 262 264 265 258 257 259 260 267 266 268 240 242 217 237 241 238 243 273 272 218 219 220 251 221 228 227 229 230 223 222 224 225 232 231 233 246 245 299 309 310 311 322 321 323 317 316 318 326 325 300 302 277 297 301 298 278 279 280 288 287 289 283 282 284 292 291 356 365 366 377 376 372 371 357 335 354 336 337 346 345 341 340 406 413 388 389 
160 118 111 217 101 195 104 218 68 155 67 176 57 62 162 156 277 55 178 196 256 159 161 278 120 42 33 121 94 71 119 179 237 26 105 73 112 223 102 219 335 82 25 135 140 239 87 136 203 188 309 60 167 222 336 17 78 12 69 180 51 122 13 75 177 240 297 10 8 58 163 29 108 35 113 63 170 283 56 157 279 388 41 129 95 202 299 46 141 143 197 263 249 365 28 84 109 166 228 282 389 4 38 130 6 34 123 241 72 96 181 2 36 74 126 238 300 354 1 30 24 27 61 106 224 171 114 231 341 83 103 189 220 337 431 43 47 145 262 356 44 88 204 89 198 137 257 322 310 413 168 227 288 340 432 9 15 79 190 21 0 22 14 70 182 301 97 52 150 242 76 125 185 298 357 404 11 64 18 31 59 110 164 284 232 172 291 394 49 131 158 250 280 390 460 5 19 90 144 207 321 406 85 48 142 264 258 199 316 377 366 449 229 287 346 393 461 3 7 39 132 251 53 37 124 243 358 151 98 212 302 127 184 246 355 407 443 32 115 45 65 107 169 225 342 292 233 349 436 92 191 221 311 338 433 476 20 146 206 267 376 445 138 91 205 323 317 259 371 423 414 470 289 345 398 435 477 16 23 80 192 312 99 77 183 303 408 213 152 272 359 186 245 306 405 446 467 66 173 86 116 165 230 285 395 350 293 401 464 50 148 252 281 367 391 462 208 266 326 422 468 200 147 265 378 372 318 418 456 450 479 347 397 439 463 40 54 133 253 368 153 128 244 360 447 273 214 331 409 247 305 363 444 469 117 234 139 174 226 290 343 437 402 351 441 93 210 313 339 415 434 268 325 381 455 478 260 209 324 424 419 373 452 475 471 399 438 466 81 100 193 314 416 215 187 304 410 332 274 385 448 307 362 412 175 294 201 235 286 348 396 442 403 149 270 369 392 451 327 380 427 474 319 269 379 457 453 420 472 440 465 134 154 254 370 275 248 361 386 333 429 364 411 236 352 261 295 344 400 211 329 417 382 426 459 374 328 425 473 454 194 216 315 334 308 430 387 296 320 353 271 384 428 458 421 383 255 276 375 330 
218 102 105 219 217 256 161 278 78 156 56 157 162 58 163 277 279 176 188 203 309 167 222 336 129 121 38 130 83 27 103 189 220 112 223 61 106 224 237 335 337 179 119 239 141 249 202 197 263 299 365 166 228 282 389 69 180 15 79 190 49 131 11 59 158 250 280 63 75 170 283 30 109 31 110 64 164 284 177 297 388 390 122 240 88 204 310 145 262 137 257 322 356 413 113 198 227 168 288 340 432 34 123 241 7 39 132 251 45 92 191 3 32 65 107 221 311 338 36 114 74 126 171 231 341 169 115 225 342 181 238 300 354 431 433 96 48 142 264 366 144 207 321 85 199 258 316 377 406 449 287 229 346 393 461 14 70 182 301 20 22 23 16 80 192 312 86 50 148 252 66 116 165 281 367 391 76 172 97 125 185 232 291 394 230 173 285 395 150 242 298 357 404 460 462 52 90 91 138 205 323 414 206 146 267 376 259 317 371 423 445 470 345 289 398 435 477 37 53 124 243 358 54 40 133 253 368 139 93 210 313 117 174 226 339 415 434 127 233 151 184 246 292 349 436 290 234 343 437 212 302 355 407 443 476 101 98 147 200 265 378 450 266 208 326 422 318 372 418 456 468 479 397 347 439 463 160 77 99 183 303 408 100 81 193 314 416 201 149 270 369 175 235 286 392 451 55 186 293 213 245 306 350 401 464 348 294 396 57 152 272 359 405 446 467 155 209 260 324 424 471 325 268 381 455 373 419 452 475 478 195 438 399 466 104 128 153 244 360 447 154 134 254 370 42 261 211 329 417 236 295 344 25 82 247 351 273 305 363 402 441 111 400 352 26 214 331 409 444 469 118 269 319 379 457 135 380 327 427 474 420 453 472 196 178 465 440 159 187 215 304 410 68 216 194 315 17 320 271 384 41 296 353 8 307 403 332 362 412 442 62 28 10 274 385 448 67 120 328 374 425 87 426 382 459 140 454 473 136 108 60 248 275 361 33 276 255 4 375 330 43 1 24 364 29 386 411 71 73 333 429 94 383 421 46 458 428 95 84 143 308 334 12 0 9 18 5 13 430 35 387 51 19 44 89 47 2 6 72 21 
189 219 103 220 130 249 131 250 277 157 163 279 79 59 158 190 280 180 309 204 310 92 191 311 278 237 223 335 222 106 224 336 337 39 132 65 107 221 241 251 338 240 123 299 263 365 262 142 264 356 366 50 148 252 367 177 297 170 283 388 228 282 64 164 284 389 390 16 70 80 192 32 86 110 116 66 165 281 182 301 312 391 181 300 257 322 413 207 321 138 205 323 406 414 23 91 93 139 210 313 415 126 238 354 171 231 341 431 168 288 340 114 115 169 225 342 432 433 37 40 53 124 54 133 253 174 117 226 339 242 243 357 358 368 434 150 258 316 377 449 146 267 376 199 200 147 265 378 445 450 149 201 270 369 451 76 185 298 404 227 125 232 172 291 394 460 229 287 346 393 173 230 285 395 461 462 77 81 98 99 183 100 193 314 235 175 286 392 212 302 303 407 408 416 55 151 206 317 259 371 423 470 208 266 326 422 260 209 324 424 468 471 211 261 329 417 82 127 184 246 355 443 292 233 349 436 476 289 345 398 435 234 290 343 437 477 101 128 134 152 153 244 154 254 370 295 236 344 25 272 359 360 446 447 42 102 213 372 318 418 456 479 268 325 381 455 319 269 379 457 478 135 271 320 384 41 129 186 245 306 405 467 350 293 401 464 155 347 397 439 463 294 348 396 57 160 156 187 194 214 215 304 216 315 17 353 296 8 56 273 331 409 410 469 68 78 419 373 452 475 195 327 380 427 474 374 328 425 87 178 188 330 375 43 83 247 305 363 444 118 402 351 441 111 217 399 438 466 104 352 400 26 105 218 248 255 274 275 361 276 4 38 24 1 27 332 385 448 33 120 121 453 420 472 196 256 382 426 459 140 421 383 46 141 239 5 18 49 307 362 412 67 176 442 403 62 162 440 465 159 161 10 28 58 308 9 333 334 12 0 15 31 11 386 429 94 69 179 473 454 136 203 428 458 95 202 44 19 88 20 45 364 411 71 119 73 29 112 60 108 167 30 61 2 3 387 6 34 7 430 51 122 143 84 197 47 89 145 85 48 13 35 75 113 63 109 166 14 21 22 72 96 198 137 90 144 36 74 52 97 
191 107 220 221 132 148 250 252 66 158 164 165 190 279 280 192 281 80 139 205 210 310 311 313 116 40 115 117 169 224 225 174 226 241 251 336 337 338 133 253 339 54 124 93 200 201 147 264 265 149 270 356 366 367 369 77 81 172 173 175 229 230 283 284 285 235 286 297 182 301 312 335 365 282 389 388 390 391 183 193 314 392 99 100 259 260 261 208 209 322 323 324 211 329 300 321 406 413 414 415 417 127 128 134 232 233 234 236 288 289 290 231 341 340 342 343 295 344 238 354 242 243 357 358 368 432 431 433 434 153 244 154 254 370 25 152 317 318 319 320 267 268 269 316 377 376 378 379 271 384 445 449 450 451 41 185 186 187 194 287 184 292 291 293 294 296 346 345 347 348 394 393 395 396 353 8 298 404 212 302 303 407 408 416 461 460 462 55 214 215 304 216 315 17 56 213 266 372 371 373 374 375 326 325 327 328 423 422 424 425 330 43 468 470 471 82 83 246 245 247 248 255 350 349 351 352 1 398 397 399 400 436 435 437 26 24 27 355 443 272 359 360 446 447 42 477 476 101 102 274 275 361 276 4 38 103 273 419 418 420 421 18 381 380 382 383 456 455 457 46 5 49 478 479 135 129 131 306 305 307 308 9 402 401 403 10 11 439 438 440 28 464 463 57 58 31 59 405 467 331 409 410 469 68 78 160 155 156 157 332 333 334 12 0 15 79 453 452 454 44 45 427 426 428 19 475 474 87 88 20 92 178 195 188 189 363 362 364 2 3 442 441 29 30 32 466 465 60 61 111 104 105 106 65 444 118 385 448 33 120 121 130 218 217 219 386 387 6 34 7 39 473 472 84 85 86 459 458 47 48 196 140 141 142 50 239 256 249 412 411 13 14 16 73 62 63 64 159 108 109 110 162 161 163 67 176 429 94 69 179 180 278 277 430 21 22 70 23 143 136 137 138 95 89 90 91 203 202 204 299 309 71 35 36 37 113 112 114 167 166 168 223 222 119 237 51 122 123 240 72 52 53 198 197 199 145 144 146 263 262 75 74 76 171 170 228 227 177 96 181 97 98 258 257 207 206 126 125 150 151 
60 104 136 167 108 28 84 109 111 159 160 161 143 196 197 166 228 73 26 24 61 44 137 168 57 62 155 162 101 195 218 105 222 89 198 87 203 257 113 227 288 29 35 10 8 58 1 18 31 30 110 19 85 199 229 71 112 118 217 223 55 156 178 256 278 163 282 95 72 144 258 140 46 135 141 202 263 316 74 171 287 346 13 63 25 27 106 9 11 43 45 65 64 169 47 5 48 88 138 259 289 67 75 170 68 176 277 283 82 102 219 120 239 188 309 336 224 340 51 145 21 97 90 206 317 204 262 322 371 36 125 114 232 345 398 2 17 56 59 164 0 3 32 41 49 20 86 116 115 230 91 142 200 318 347 94 119 126 231 42 33 121 179 237 335 341 129 78 157 279 299 249 365 389 284 393 96 207 6 52 151 146 266 372 264 321 377 418 14 76 184 172 292 397 439 12 4 38 83 103 107 225 7 15 16 66 92 50 139 174 173 290 147 205 260 373 399 122 69 177 185 291 180 240 297 388 394 189 130 220 337 356 310 413 432 342 435 150 267 22 98 213 208 325 419 323 376 423 452 37 127 245 233 350 438 466 34 79 131 158 165 285 23 39 40 117 148 93 201 235 234 348 209 265 319 420 440 181 123 238 246 349 241 300 354 431 436 250 190 280 390 406 366 449 461 395 463 212 326 53 152 273 268 380 453 378 422 456 472 70 77 186 305 293 402 465 132 191 221 226 343 54 80 81 175 210 149 261 295 294 400 269 324 374 454 242 182 298 306 401 301 357 404 460 464 311 251 338 433 445 414 470 477 437 272 381 99 214 332 327 426 473 424 455 475 124 128 247 362 351 442 192 252 281 286 396 100 133 134 236 270 211 320 353 352 328 379 421 302 243 355 363 441 358 407 443 476 367 312 391 462 468 450 479 331 427 153 274 386 382 458 457 474 183 187 307 411 403 253 313 339 344 154 193 194 296 329 271 375 383 425 359 303 405 412 408 446 467 415 368 434 478 471 385 459 215 333 430 428 244 248 364 314 369 392 216 254 255 384 330 409 360 444 447 469 451 416 429 275 387 304 308 370 417 276 315 448 410 334 361 
101 195 104 218 155 55 57 156 178 160 196 256 111 159 161 217 278 118 82 25 102 26 105 219 135 120 140 239 87 136 203 188 309 62 162 60 167 222 176 277 336 68 67 42 41 129 17 8 56 78 157 10 58 163 279 94 179 95 202 299 46 141 143 197 263 249 365 73 71 112 223 108 28 84 109 166 228 282 119 237 335 389 33 121 43 83 189 4 38 24 27 103 130 220 29 1 30 61 106 224 337 51 122 240 47 145 262 356 44 88 204 89 198 137 257 322 310 413 35 113 13 75 63 170 283 168 227 288 340 69 177 180 297 388 432 12 5 49 131 250 9 15 79 18 31 11 59 158 190 280 64 110 164 284 390 72 96 181 300 19 21 90 144 207 321 406 85 48 142 264 258 199 316 377 366 449 74 171 2 36 126 114 231 341 229 287 346 393 34 123 238 241 354 431 461 6 0 20 45 92 191 311 3 7 39 132 65 32 107 221 251 338 115 169 225 342 433 97 52 150 242 357 146 206 267 376 445 138 91 205 323 317 259 371 423 414 470 125 232 14 76 185 172 291 394 289 345 398 435 70 182 298 301 404 460 477 22 50 86 148 252 367 16 23 80 192 116 66 165 281 312 391 173 230 285 395 462 151 98 212 302 407 208 266 326 422 468 200 147 265 378 372 318 418 456 450 479 184 292 37 127 246 233 349 436 347 397 439 463 53 124 243 355 358 443 476 93 139 210 313 415 40 54 133 253 174 117 226 339 368 434 234 290 343 437 213 152 272 359 446 268 325 381 455 478 260 209 324 424 419 373 452 475 471 245 350 77 186 306 293 401 464 399 438 466 99 183 303 405 408 467 149 201 270 369 451 81 100 193 314 235 175 286 392 416 294 348 396 273 214 331 409 469 327 380 427 474 319 269 379 457 453 420 472 305 402 128 247 363 351 441 440 465 153 244 360 444 447 211 261 329 417 134 154 254 370 295 236 344 352 400 332 274 385 448 382 426 459 374 328 425 473 454 362 442 187 307 412 403 215 304 410 271 320 384 194 216 315 353 296 386 333 429 428 458 421 383 411 248 364 275 361 330 375 255 276 430 387 308 334 
105 167 218 222 162 58 156 163 166 161 197 228 217 256 278 223 282 112 61 27 106 102 219 224 109 113 198 227 137 203 257 168 288 176 277 188 309 336 170 283 340 63 75 30 31 110 11 56 59 64 164 78 157 279 284 74 171 144 258 287 85 199 202 263 316 229 346 179 119 237 335 239 129 141 249 299 365 389 126 231 341 393 36 114 45 65 169 3 32 83 103 107 115 225 121 38 130 189 220 337 342 97 125 232 90 206 317 345 88 138 259 145 262 204 322 371 289 398 122 240 69 177 180 297 388 310 356 413 432 76 185 172 291 394 435 14 20 86 116 230 15 16 66 49 131 79 158 165 173 285 190 250 280 390 395 96 151 184 292 48 52 146 207 266 372 397 142 91 200 318 321 264 377 418 347 439 181 300 34 123 238 241 354 431 366 406 449 461 37 127 246 233 349 436 463 22 7 50 92 139 174 290 39 23 40 117 191 132 221 226 234 343 251 311 338 433 437 150 98 213 245 350 208 267 325 419 438 205 147 260 373 376 323 423 452 399 466 242 357 70 182 298 301 404 460 414 445 470 477 77 186 306 293 401 464 104 53 93 148 201 235 348 80 54 81 175 252 192 281 286 294 396 312 367 391 462 57 212 152 273 305 402 268 326 380 453 465 265 209 319 420 422 378 456 472 440 159 302 407 124 243 355 358 443 476 450 468 479 160 99 128 247 363 351 441 111 149 210 261 295 400 133 100 134 236 313 253 339 344 352 26 368 415 434 101 272 214 332 362 442 327 381 426 473 108 324 269 374 454 455 424 475 136 60 359 446 183 303 405 408 467 155 471 478 195 153 187 307 412 403 62 211 270 320 353 28 193 154 194 296 369 314 392 8 10 416 451 55 331 274 386 411 73 382 427 458 143 379 328 421 84 474 457 196 409 469 244 360 444 447 118 135 178 215 248 364 71 29 271 329 375 24 254 216 255 1 417 370 25 42 82 385 333 430 35 428 459 89 425 383 44 140 87 448 120 304 410 67 68 275 308 13 330 384 18 315 276 9 41 17 429 387 72 47 95 46 19 94 361 33 334 2 5 43 4 0 51 21 12 6 
161 112 217 223 105 167 218 222 63 162 75 170 156 176 277 163 283 58 166 197 228 256 278 282 113 30 36 114 74 119 126 171 231 102 219 179 237 335 106 224 341 61 27 109 198 227 137 203 257 168 288 188 309 336 340 11 64 14 76 172 97 125 69 177 185 232 291 78 56 157 279 121 239 122 240 180 297 388 59 164 284 394 31 110 144 258 287 85 199 202 263 316 229 346 129 141 249 299 365 389 393 3 32 115 22 37 127 233 96 151 184 34 123 181 238 246 292 349 38 130 83 103 189 220 337 300 241 354 431 65 107 169 225 342 436 45 90 206 317 345 88 138 259 145 262 204 322 371 289 398 310 356 413 432 435 15 16 66 173 52 7 53 70 77 186 293 150 98 213 245 182 242 298 306 350 401 79 190 49 131 158 250 280 390 357 301 404 460 86 116 165 230 285 395 464 20 48 146 207 266 372 397 142 91 200 318 321 264 377 418 347 439 366 406 449 461 463 39 23 40 117 234 99 124 128 247 351 212 152 273 305 243 302 355 363 402 441 132 251 92 191 221 311 338 433 407 358 443 476 139 174 226 290 343 437 111 50 208 267 325 419 438 205 147 260 373 376 323 423 452 399 466 414 445 470 477 104 80 54 81 175 294 153 183 187 307 403 272 214 332 362 303 359 405 412 442 62 192 312 148 252 281 367 391 462 446 408 467 155 93 201 235 286 348 396 57 268 326 380 453 465 265 209 319 420 422 378 456 472 440 159 450 468 479 160 133 100 134 236 352 215 244 248 364 29 331 274 386 411 360 409 444 71 73 253 368 210 313 339 415 434 101 469 447 118 149 261 295 344 400 26 327 381 426 473 108 324 269 374 454 455 424 475 136 60 471 478 195 193 154 194 296 10 275 304 308 13 385 333 430 35 410 448 67 314 416 270 369 392 451 55 120 68 211 320 353 8 28 382 427 458 143 379 328 421 84 474 457 196 135 178 254 216 255 1 334 361 2 429 387 72 33 94 370 42 329 417 25 82 271 375 24 428 459 89 425 383 44 140 87 315 276 9 6 12 51 21 17 384 41 330 18 47 95 46 19 4 0 43 5 
222 106 219 224 223 228 278 282 64 163 59 164 277 157 279 283 284 170 168 257 288 309 336 340 110 114 32 115 65 103 107 169 225 237 335 189 220 337 231 341 342 171 126 227 199 229 258 263 316 287 346 299 365 389 393 76 172 16 66 173 86 116 79 158 165 230 285 180 177 297 388 130 249 131 250 190 280 390 185 291 394 395 125 232 138 259 289 206 317 204 322 371 345 398 240 262 356 310 413 432 435 37 127 233 23 40 117 234 92 139 174 39 132 191 221 226 290 343 123 241 181 238 300 354 431 311 251 338 433 184 246 292 349 436 437 151 91 200 318 347 207 266 372 142 264 321 377 418 397 439 406 366 449 461 463 70 77 186 293 50 53 54 80 81 175 294 148 93 201 235 192 252 281 286 348 396 182 301 150 242 298 357 404 460 367 312 391 462 213 245 306 350 401 464 57 98 146 147 205 260 373 399 267 208 325 419 323 376 423 452 438 466 445 414 470 477 104 124 99 128 247 351 100 133 134 236 352 210 149 261 295 253 313 339 344 400 26 243 358 212 302 355 407 443 476 415 368 434 101 273 305 363 402 441 111 105 152 209 265 319 420 440 326 268 380 453 378 422 456 472 465 159 468 450 479 160 161 183 153 187 307 403 154 193 194 296 10 270 211 320 353 314 369 392 8 28 58 303 408 272 359 405 446 467 155 451 416 55 156 214 332 362 412 442 62 162 269 324 374 454 60 381 327 426 473 424 455 475 136 108 167 478 471 195 218 244 215 248 364 29 216 254 255 1 30 329 271 375 24 370 417 25 27 61 360 447 331 409 444 469 118 217 82 42 102 274 386 411 71 73 112 328 379 421 84 109 427 382 458 143 457 474 196 197 166 178 135 256 304 275 308 13 63 276 315 9 11 384 330 18 31 17 41 56 410 68 385 448 67 120 176 129 78 333 430 35 75 113 383 425 44 137 459 428 89 198 87 140 203 239 188 361 334 2 36 0 4 3 43 5 45 38 83 33 121 429 94 119 179 387 72 74 19 46 85 95 47 144 141 202 12 6 14 7 15 49 20 69 51 122 21 97 48 88 145 90 34 22 96 52 
169 224 107 225 115 229 116 230 283 164 279 284 66 158 165 173 285 172 288 259 289 139 174 290 282 231 335 341 336 220 337 340 342 40 117 191 221 226 233 234 343 232 127 287 316 346 317 200 318 345 347 93 201 235 348 185 291 297 388 394 365 389 190 280 390 393 395 80 77 81 175 132 148 250 252 192 281 286 186 293 294 396 184 292 322 371 398 266 372 205 260 373 397 399 54 147 149 210 261 295 400 238 246 349 300 354 431 436 310 413 432 241 251 311 338 433 435 437 124 133 99 128 100 134 236 313 253 339 344 245 247 350 351 352 26 213 321 377 418 439 208 325 419 264 265 209 319 420 438 440 211 270 320 353 28 182 298 306 401 356 242 357 301 404 460 464 366 406 449 461 312 367 391 462 463 57 183 193 152 153 187 154 194 296 369 314 392 8 273 305 307 402 403 10 58 212 267 376 323 423 452 466 268 326 380 453 324 269 374 454 465 60 271 329 375 24 61 243 302 355 363 441 407 358 443 476 111 414 445 470 477 368 415 434 101 104 105 244 254 214 215 248 216 255 1 417 370 25 27 332 362 364 442 29 30 106 272 422 378 456 472 159 327 381 426 473 379 328 421 84 108 109 330 384 18 31 110 303 359 405 412 62 446 408 467 155 162 450 468 479 160 416 451 55 156 161 163 304 315 274 275 308 276 9 11 41 17 56 59 331 386 411 13 73 63 64 455 424 475 136 167 382 427 458 143 425 383 44 137 166 168 5 43 45 65 360 409 444 71 112 469 447 118 217 223 471 478 195 218 42 82 102 219 222 361 4 333 334 2 0 3 32 83 38 103 385 430 35 36 113 114 474 457 196 197 228 428 459 89 198 46 19 85 199 227 20 49 86 410 448 67 75 170 120 68 176 277 135 178 256 278 78 129 157 12 15 387 6 14 7 16 131 79 429 72 74 76 171 140 87 203 257 47 95 144 258 88 48 138 50 92 33 94 119 126 179 121 237 188 239 309 130 189 34 39 21 22 37 23 51 97 125 202 141 263 90 145 206 142 91 69 122 177 240 180 249 299 70 52 53 96 151 262 204 146 207 123 181 98 150 
174 221 225 226 117 201 230 235 192 165 280 281 173 284 285 175 286 81 210 260 261 289 290 295 252 133 251 253 311 337 338 313 339 233 234 340 342 343 134 236 344 100 128 149 265 270 209 318 319 211 320 345 347 348 353 183 193 301 312 314 366 367 388 390 391 369 392 291 186 293 294 341 346 389 393 394 395 396 187 194 296 8 153 154 323 324 329 268 269 371 373 374 271 375 292 372 397 398 399 400 24 243 244 254 357 358 368 370 413 414 415 354 431 432 433 434 417 25 246 349 245 247 350 351 352 435 436 437 26 215 248 216 255 1 27 214 376 378 379 384 325 327 328 377 418 419 420 421 330 18 438 439 440 28 31 298 303 304 315 406 302 407 404 408 416 17 449 445 450 451 460 461 462 55 41 56 306 401 273 305 307 402 403 10 463 464 57 58 274 275 308 276 9 11 59 272 326 422 423 424 425 43 380 381 382 383 452 453 454 44 5 45 465 466 60 61 65 355 359 360 361 4 446 443 447 42 38 470 468 471 82 476 477 101 102 83 103 363 441 332 362 364 442 29 30 104 111 105 106 333 334 2 0 3 32 107 331 455 456 457 46 49 426 427 428 19 472 473 84 85 20 86 108 159 109 110 116 405 409 410 12 15 469 467 68 78 79 479 478 135 129 155 160 156 157 131 158 412 62 386 411 13 73 63 64 161 162 163 164 385 387 6 14 7 16 66 474 475 87 88 92 458 459 47 48 136 143 137 138 50 139 166 167 168 169 444 448 33 34 39 120 118 121 130 132 195 178 188 189 217 218 219 220 191 71 112 430 35 36 113 114 115 222 223 224 429 21 22 37 23 40 140 196 141 142 148 89 95 90 91 197 198 199 200 93 227 228 229 67 94 69 70 80 179 176 180 190 256 239 249 250 277 278 279 75 170 72 74 76 171 172 282 283 51 52 53 77 54 202 203 204 205 144 145 146 147 257 258 259 287 288 119 122 123 124 240 237 241 309 299 310 335 336 126 231 97 125 127 232 96 98 99 262 263 264 206 207 208 316 317 177 181 182 300 297 365 356 185 151 184 150 152 321 322 266 267 238 242 213 212 
109 113 198 227 167 61 137 168 112 166 74 171 197 144 258 228 287 161 30 31 110 85 199 229 63 162 75 170 36 97 125 114 232 203 257 90 206 317 222 288 345 105 218 58 11 64 27 45 65 106 169 88 138 259 289 217 223 119 126 231 14 76 96 151 184 172 292 202 256 263 316 145 48 52 146 207 266 372 278 282 346 397 156 163 3 32 115 56 59 20 86 116 164 230 141 49 142 91 200 318 347 176 277 283 69 177 185 291 22 37 127 122 150 98 213 245 233 350 239 262 188 309 204 322 371 208 267 325 419 219 336 224 340 398 438 102 15 16 66 173 83 103 107 7 50 92 139 174 225 290 205 147 260 373 399 179 237 335 341 34 121 123 181 238 246 349 53 70 77 186 212 152 273 305 293 402 299 321 129 249 365 264 377 418 268 326 380 453 157 279 389 284 393 439 465 78 38 39 23 40 117 234 131 79 158 165 93 148 201 235 285 348 265 209 319 420 440 240 180 297 388 394 182 242 298 306 401 99 124 128 247 272 214 332 362 351 442 356 376 189 310 413 323 423 452 327 381 426 473 220 337 432 342 435 466 108 130 80 54 81 175 294 191 132 221 226 149 210 261 295 343 400 324 269 374 454 60 300 241 354 431 436 243 302 355 363 441 153 183 187 307 331 274 386 411 403 73 406 422 250 366 449 378 456 472 382 427 458 143 190 280 390 461 395 463 159 133 100 134 236 352 252 192 281 286 211 270 320 353 396 28 379 328 421 84 357 301 404 460 464 303 359 405 412 62 215 244 248 364 385 333 430 35 29 445 455 311 414 470 424 475 136 428 459 89 251 338 433 477 437 104 193 154 194 296 10 313 253 339 344 271 329 375 24 26 425 383 44 407 358 443 476 111 360 409 444 71 275 304 308 13 429 387 72 468 474 367 450 479 457 196 47 95 312 391 462 160 57 254 216 255 1 369 314 392 8 330 384 18 46 19 446 408 467 155 410 448 67 334 361 2 51 21 478 140 415 471 195 87 368 434 101 315 276 9 417 370 25 5 43 469 447 118 33 94 6 12 178 451 135 416 55 4 0 41 17 120 68 82 42 
166 161 197 228 109 113 198 227 105 167 218 222 137 203 257 168 288 61 112 74 171 144 258 287 162 58 156 163 217 256 278 223 282 85 199 202 263 316 110 229 346 30 31 63 75 170 36 97 125 114 232 90 206 317 345 27 106 102 219 224 176 277 188 309 336 283 340 88 45 138 259 141 145 239 262 204 322 371 65 169 289 398 11 64 119 126 231 14 76 96 151 184 172 292 48 52 146 207 266 372 397 56 59 164 78 157 279 284 179 237 335 129 249 299 365 389 341 393 49 142 20 86 91 200 318 321 264 377 418 32 116 115 230 347 439 3 69 177 185 291 22 37 127 122 150 98 213 245 233 350 208 267 325 419 438 83 103 107 225 121 38 130 189 220 337 342 240 180 297 388 310 356 413 432 394 435 92 205 7 50 139 147 260 373 376 323 423 452 16 66 174 173 290 399 466 15 34 123 181 238 246 349 53 70 77 186 212 152 273 305 293 402 268 326 380 453 465 131 79 158 165 285 190 250 280 390 395 300 241 354 431 366 406 449 461 436 463 148 265 23 93 201 209 319 420 422 378 456 472 40 117 235 234 348 440 159 39 182 242 298 306 401 99 124 128 247 272 214 332 362 351 442 327 381 426 473 108 191 132 221 226 343 251 311 338 433 437 357 301 404 460 414 445 470 477 464 104 210 324 54 149 261 269 374 454 455 424 475 136 80 81 175 295 294 400 60 243 302 355 363 441 153 183 187 307 331 274 386 411 403 73 382 427 458 143 252 192 281 286 396 312 367 391 462 57 407 358 443 476 450 468 479 160 111 270 379 100 211 320 328 421 84 474 457 196 133 134 236 353 352 28 303 359 405 412 62 215 244 248 364 385 333 430 35 29 428 459 89 313 253 339 344 26 368 415 434 101 446 408 467 155 471 478 195 329 425 154 271 375 383 44 140 87 193 194 296 24 10 360 409 444 71 275 304 308 13 429 387 72 47 95 369 314 392 8 416 451 55 469 447 118 135 178 384 46 216 330 18 19 254 255 1 410 448 67 334 361 2 51 21 417 370 25 42 82 120 68 43 276 5 315 9 33 94 6 12 41 17 0 4 
227 110 199 229 228 171 258 287 106 168 65 169 257 138 259 288 289 222 114 125 232 206 317 345 64 163 59 164 32 86 116 115 230 263 316 91 200 318 282 346 347 223 278 170 76 172 126 151 184 231 292 207 266 372 397 219 224 103 107 225 16 66 92 139 174 173 290 204 309 322 371 142 146 50 147 205 260 373 336 340 398 399 277 283 37 127 233 177 185 98 213 245 291 350 262 150 267 208 325 419 438 157 279 284 79 158 165 285 23 40 117 131 148 93 201 235 234 348 249 264 299 365 321 377 418 209 265 319 420 335 389 341 393 439 440 237 70 77 186 293 181 238 246 53 152 212 273 305 349 402 326 268 380 453 465 189 220 337 342 39 130 132 191 221 226 343 54 80 81 175 210 149 261 295 294 400 310 323 240 356 413 376 423 452 269 324 374 454 297 388 432 394 435 466 60 180 123 124 99 128 247 351 242 182 298 306 214 272 332 362 401 442 381 327 426 473 108 250 190 280 390 395 192 252 281 286 396 100 133 134 236 270 211 320 353 352 28 366 378 300 406 449 422 456 472 328 379 421 84 354 431 461 436 463 159 109 241 183 153 187 307 403 302 243 355 363 274 331 386 411 441 73 427 382 458 143 166 311 251 338 433 437 253 313 339 344 26 154 193 194 296 329 271 375 24 10 61 414 424 357 445 470 455 475 136 383 425 44 137 301 404 460 477 464 104 167 244 215 248 364 29 359 303 405 412 333 385 430 35 62 113 459 428 89 198 367 312 391 462 57 314 369 392 8 58 216 254 255 1 384 330 18 31 30 450 457 407 468 479 474 196 197 19 46 85 358 443 476 160 111 161 304 275 308 13 63 409 360 444 71 387 429 72 74 112 95 47 144 415 368 434 101 105 370 417 25 27 276 315 9 11 43 5 45 471 87 446 478 195 140 203 48 88 408 467 155 218 162 361 334 2 36 448 410 67 75 21 51 97 145 90 451 416 55 156 17 41 56 0 4 3 49 20 135 141 469 178 256 202 447 118 217 12 6 14 94 33 119 52 96 82 42 102 38 83 7 15 188 120 239 68 176 34 22 122 69 129 78 179 121 
115 229 116 230 164 172 66 173 288 169 259 289 107 139 174 225 290 224 232 127 233 40 117 234 287 282 316 346 317 200 318 345 347 158 165 93 201 235 284 285 348 283 279 231 184 292 185 77 186 291 293 80 81 175 294 336 340 322 371 398 266 372 205 260 373 397 399 191 220 221 226 148 54 147 149 210 261 295 337 342 343 400 335 341 213 245 350 238 246 99 128 247 349 351 132 124 133 100 134 236 352 365 389 393 321 377 418 439 208 325 419 264 265 209 319 420 438 440 250 252 190 280 192 281 286 211 270 320 353 388 390 394 395 396 28 297 212 273 305 402 182 298 306 152 153 183 187 307 401 403 193 154 194 296 10 310 413 432 435 267 356 376 323 423 452 466 268 326 380 453 324 269 374 454 465 60 311 313 241 251 338 253 339 344 271 329 375 24 354 431 433 436 437 26 61 300 242 272 214 332 362 442 243 302 355 363 215 244 248 364 441 29 254 216 255 1 30 366 406 449 461 463 422 378 456 472 159 327 381 426 473 379 328 421 84 108 109 367 369 301 312 391 314 392 8 330 384 18 31 404 460 462 464 57 58 110 357 331 274 386 411 73 303 359 405 412 275 304 308 13 62 63 315 276 9 11 64 414 445 470 477 104 455 424 475 136 167 382 427 458 143 425 383 44 137 166 168 415 417 358 368 434 370 25 27 5 43 45 65 407 443 476 101 111 105 106 385 333 430 35 113 360 409 444 71 334 361 2 36 112 114 4 0 3 32 450 468 479 160 161 474 457 196 197 228 428 459 89 198 46 19 85 199 227 451 41 408 416 55 17 56 59 20 49 86 446 467 155 156 162 163 429 387 72 74 171 410 448 67 75 6 12 14 76 170 15 7 16 471 478 195 218 222 140 87 203 257 47 95 144 258 88 48 138 82 83 447 42 102 38 103 50 92 469 118 217 219 223 51 21 97 125 33 94 119 126 22 34 37 39 23 135 178 256 278 202 141 263 90 145 206 142 91 129 131 68 78 157 79 120 176 277 96 52 151 69 122 177 53 70 188 239 309 262 204 146 207 189 121 130 179 237 150 98 123 181 249 299 180 240 
171 223 126 231 114 227 125 232 163 170 277 283 76 177 185 172 291 64 228 258 287 151 184 292 222 106 219 224 278 237 335 282 341 37 127 181 238 246 115 233 349 110 32 168 257 288 199 206 317 229 345 98 213 245 350 59 164 157 279 284 309 336 180 297 388 340 394 70 16 77 186 123 150 240 242 182 298 306 66 173 293 401 65 169 263 316 346 138 259 207 266 372 289 397 53 146 152 212 273 305 402 103 107 225 189 220 337 342 299 365 389 130 241 300 354 431 393 436 39 124 23 40 99 128 247 302 243 355 363 116 117 230 234 351 441 86 204 322 371 398 91 200 318 262 267 208 325 419 347 438 214 272 332 362 442 79 158 165 285 249 131 250 190 280 390 395 356 310 413 432 301 357 404 460 435 464 80 183 50 54 81 153 187 307 359 303 405 412 139 174 175 290 294 403 62 92 142 264 321 377 418 439 147 205 260 373 326 268 380 453 399 465 274 331 386 411 73 132 191 221 226 343 311 251 338 433 437 406 366 449 461 358 407 443 476 463 111 133 244 93 100 134 215 248 364 409 360 444 71 201 235 236 348 352 29 112 148 323 376 423 452 466 209 265 319 420 381 327 426 473 440 108 333 385 430 35 113 192 252 281 286 396 367 312 391 462 57 445 414 470 477 408 446 467 155 104 162 193 304 149 154 194 275 308 13 448 410 67 75 210 261 295 296 400 10 63 378 422 456 472 159 269 324 374 454 427 382 458 143 60 166 387 429 72 74 253 313 339 344 26 415 368 434 101 105 468 450 479 160 447 469 118 217 161 254 361 211 216 255 334 2 36 94 33 119 270 320 353 1 28 30 424 455 475 136 167 328 379 421 84 459 428 89 198 109 21 51 97 314 369 392 8 58 451 416 55 156 478 471 195 218 68 120 176 315 12 271 276 9 6 14 122 69 329 375 24 11 61 457 474 196 197 383 425 44 137 95 47 144 52 96 370 417 25 27 82 42 102 178 135 256 121 179 4 34 330 0 3 22 384 18 31 87 140 203 19 46 85 145 90 17 41 56 129 78 239 188 15 5 7 43 45 141 202 48 88 38 83 20 49 
114 227 125 232 170 64 76 172 228 171 258 287 126 151 184 231 292 223 110 32 115 37 127 233 168 222 257 288 199 206 317 229 345 177 185 98 213 245 283 291 350 163 277 106 65 169 59 16 66 164 173 70 77 186 293 278 282 263 316 346 138 259 207 266 372 289 397 181 237 238 246 150 53 146 152 212 273 305 335 341 349 402 219 224 86 116 230 103 107 23 40 117 225 234 123 39 124 99 128 247 351 309 336 340 204 322 371 398 91 200 318 262 267 208 325 419 347 438 240 242 180 297 182 298 306 214 272 332 362 279 388 284 394 401 442 157 92 139 174 290 79 158 165 50 54 80 81 175 285 294 183 153 187 307 403 299 365 389 393 142 249 264 321 377 418 439 147 205 260 373 326 268 380 453 399 465 300 302 130 241 354 243 355 363 274 331 386 411 220 337 431 342 436 441 73 189 131 148 93 201 235 348 132 191 221 226 100 133 134 236 343 352 244 215 248 364 29 356 310 413 432 435 323 376 423 452 466 209 265 319 420 381 327 426 473 440 108 357 359 190 301 404 303 405 412 333 385 430 35 280 390 460 395 464 62 113 250 210 149 261 295 400 192 252 281 286 154 193 194 296 396 10 304 275 308 13 63 406 366 449 461 463 378 422 456 472 159 269 324 374 454 427 382 458 143 60 166 407 409 251 358 443 360 444 71 387 429 72 74 311 338 433 476 437 111 112 270 211 320 353 28 253 313 339 344 216 254 255 1 26 30 361 334 2 36 445 414 470 477 104 424 455 475 136 167 328 379 421 84 459 428 89 198 109 446 448 312 408 467 410 67 75 21 51 97 367 391 462 155 57 162 329 271 375 24 61 314 369 392 8 276 315 9 11 58 12 6 14 468 450 479 160 161 457 474 196 197 383 425 44 137 95 47 144 469 94 368 447 118 33 119 52 96 415 434 101 217 105 384 330 18 31 370 417 25 27 0 4 3 34 22 478 471 195 218 87 140 203 19 46 85 145 90 120 122 416 68 176 69 451 55 156 43 5 45 17 41 56 7 15 178 135 256 141 202 48 88 179 42 121 82 102 49 20 38 83 239 188 78 129 
232 115 127 233 231 287 184 292 164 172 66 173 185 77 186 291 293 283 229 317 345 213 245 350 169 224 107 225 116 40 117 230 234 238 246 99 128 247 341 349 351 282 335 288 259 289 316 266 372 346 397 212 273 305 402 279 284 158 165 285 139 174 80 81 175 290 294 182 297 298 306 124 152 54 153 183 187 307 388 394 401 403 336 340 200 318 347 322 371 208 325 419 398 438 242 267 272 214 332 362 442 220 337 342 191 221 226 343 93 201 235 132 133 100 134 236 348 352 241 243 300 354 302 355 363 215 244 248 364 389 431 393 436 441 29 365 205 260 373 399 321 377 418 147 268 326 380 453 439 465 331 274 386 411 73 190 280 390 395 148 250 252 192 281 286 396 149 210 261 295 193 154 194 296 400 10 301 303 356 357 404 359 405 412 275 304 308 13 413 432 460 435 464 62 63 310 264 265 209 319 420 440 376 323 423 452 327 381 426 473 466 108 385 333 430 35 113 251 311 338 433 437 313 253 339 344 26 211 270 320 353 254 216 255 1 28 30 358 360 406 407 443 409 444 71 334 361 2 36 449 461 476 463 111 112 114 366 324 269 374 454 60 422 378 456 472 382 427 458 143 159 166 429 387 72 74 171 312 367 391 462 57 369 314 392 8 58 271 329 375 24 315 276 9 11 61 64 408 410 445 446 467 448 67 75 6 12 14 76 414 470 477 155 104 162 170 379 328 421 84 109 455 424 475 136 428 459 89 198 167 227 51 21 97 125 368 415 434 101 105 417 370 25 27 106 330 384 18 31 4 0 3 32 110 447 33 468 469 118 94 119 126 22 34 37 450 479 160 217 161 223 425 383 44 137 168 474 457 196 197 47 95 144 258 228 96 52 151 416 451 55 156 163 41 17 56 59 5 43 45 65 15 7 16 68 69 478 120 176 122 177 53 70 471 195 218 277 222 46 19 85 199 140 87 203 257 90 145 206 150 98 42 82 102 219 83 38 103 20 49 86 39 23 121 123 178 179 237 181 135 256 278 88 48 138 202 141 263 146 207 78 129 157 131 79 50 92 180 239 240 188 309 142 91 262 204 130 189 299 249 
230 233 117 234 225 289 174 290 291 173 186 293 165 81 175 285 294 284 345 318 347 201 235 348 292 341 246 349 245 128 247 350 351 221 226 100 134 236 342 343 352 340 337 346 372 397 371 260 373 398 399 210 261 295 400 388 394 298 306 401 273 305 183 187 307 402 403 192 280 281 286 133 149 153 154 193 194 296 390 395 396 10 389 393 325 419 438 377 418 209 319 420 439 440 252 265 270 211 320 353 28 354 431 436 302 355 363 441 214 332 362 243 244 215 248 364 442 29 251 253 311 338 313 339 344 216 254 255 1 432 433 435 437 26 30 413 326 380 453 465 323 423 452 268 269 324 374 454 466 60 329 271 375 24 61 301 404 460 464 272 357 359 303 405 412 62 274 331 386 411 304 275 308 13 73 63 312 314 366 367 391 369 392 8 276 315 9 11 449 461 462 463 57 58 64 406 376 381 327 426 473 108 378 422 456 472 328 379 421 84 159 109 384 330 18 31 110 358 407 443 476 111 409 360 444 71 112 333 385 430 35 361 334 2 36 113 114 368 370 414 415 434 417 25 27 0 4 3 32 470 477 101 104 105 106 115 445 427 382 458 143 166 424 455 475 136 383 425 44 137 167 168 43 5 45 65 169 408 446 467 155 162 448 410 67 75 170 387 429 72 74 12 6 14 76 171 172 416 17 450 451 55 41 56 59 7 15 16 66 468 479 160 156 161 163 164 459 428 89 198 227 457 474 196 197 19 46 85 199 228 229 49 20 86 116 447 469 118 217 223 94 33 119 126 231 21 51 97 125 34 22 37 127 232 42 38 471 82 102 83 103 107 23 39 40 478 195 218 219 222 224 95 47 144 258 287 87 140 203 257 48 88 138 259 288 92 50 139 68 120 176 277 283 122 69 177 185 52 96 151 184 70 53 77 78 79 135 129 157 131 158 54 80 178 256 278 279 282 145 90 206 317 141 202 263 316 91 142 200 148 93 121 179 237 335 181 123 238 98 150 213 124 99 130 132 188 189 220 191 239 309 336 207 146 266 204 262 322 147 205 180 240 297 242 182 152 212 190 249 250 299 365 267 208 264 321 241 300 310 356 
117 201 230 235 165 81 173 175 210 174 260 261 225 289 290 226 295 221 100 128 134 233 234 236 149 252 265 270 209 318 319 211 320 284 285 345 347 348 281 286 353 192 280 133 153 154 183 186 187 193 194 291 293 294 296 311 313 323 324 329 268 269 371 373 374 271 375 340 337 342 343 346 292 372 397 398 399 400 338 339 344 24 251 253 214 215 216 243 244 245 247 248 254 255 341 246 349 350 351 352 1 366 367 369 376 378 379 384 325 327 328 377 418 419 420 421 330 18 389 393 388 390 394 395 396 438 439 440 28 312 391 314 392 8 31 301 272 274 275 276 298 303 304 273 305 306 307 308 315 9 401 402 403 10 11 413 414 415 417 326 406 422 423 424 425 43 380 381 382 383 452 453 454 44 5 45 432 435 354 431 433 436 437 26 465 466 60 61 358 368 434 370 25 27 65 357 302 331 332 333 334 0 355 359 360 361 362 363 364 2 4 3 441 442 29 30 32 449 445 450 451 41 455 456 457 46 49 426 427 428 19 472 473 84 85 20 86 461 463 404 460 462 464 57 58 108 159 109 110 408 416 55 17 56 59 116 407 385 386 387 6 7 405 409 410 12 411 412 13 14 15 16 62 73 63 64 66 470 468 471 82 83 474 475 87 88 92 458 459 47 48 136 143 137 138 50 139 477 104 443 476 101 111 105 106 166 167 168 169 446 447 42 102 38 103 107 429 430 21 22 23 444 448 33 34 35 71 36 37 39 40 112 113 114 115 479 478 135 129 131 140 196 141 142 148 89 95 90 91 197 198 199 200 93 160 161 467 155 156 162 163 164 227 228 229 469 68 78 157 79 158 51 72 52 53 54 67 94 69 70 74 75 76 77 80 170 171 172 195 178 188 189 191 202 203 204 205 144 145 146 147 257 258 259 218 222 118 217 219 223 224 287 288 120 121 130 220 132 96 97 98 99 119 122 123 124 125 126 127 231 232 256 239 249 250 262 263 264 206 207 208 316 317 278 282 176 277 279 283 179 180 190 150 151 152 177 181 182 184 185 309 299 310 321 322 266 267 336 237 335 240 241 212 213 238 242 365 356 297 300 
235 134 234 236 226 261 290 295 193 175 187 194 285 293 294 286 296 281 211 319 320 347 348 353 154 253 244 254 215 247 248 216 255 342 343 350 351 352 339 344 1 313 338 270 269 271 324 373 374 329 375 398 399 400 24 312 314 303 304 315 274 275 306 307 308 276 9 394 390 395 396 349 397 305 402 401 403 10 391 392 8 11 367 369 327 328 330 378 379 419 420 421 384 18 393 418 439 438 440 28 31 358 368 370 359 360 361 4 332 333 334 355 363 362 364 2 0 3 431 436 432 433 435 437 26 442 441 29 30 415 434 417 25 27 32 414 381 382 383 5 423 424 425 380 453 452 454 44 43 45 466 465 60 61 65 404 408 416 17 331 407 409 405 410 12 15 386 385 387 6 412 411 13 14 7 16 460 464 449 461 462 463 57 58 73 62 63 64 450 451 55 41 56 59 66 445 422 427 426 428 19 20 456 455 457 46 473 472 84 85 49 86 159 108 109 110 116 443 446 447 42 38 448 444 33 34 39 430 429 21 22 71 35 36 37 23 40 476 111 470 477 101 104 105 106 113 112 114 115 471 82 102 83 103 107 117 468 459 458 47 48 50 475 474 87 88 143 136 137 138 92 139 167 166 168 169 174 467 469 68 78 79 94 67 69 70 80 72 51 52 53 75 74 76 77 54 81 155 162 479 160 156 161 163 164 171 170 172 173 478 135 129 157 131 158 165 95 89 90 91 93 196 140 141 142 198 197 199 200 148 201 228 227 229 230 118 120 121 130 132 122 119 123 124 133 97 96 98 99 126 125 127 128 100 217 223 195 218 219 222 224 225 232 231 233 178 188 189 220 191 221 145 144 146 147 149 203 202 204 205 258 257 259 260 210 288 287 289 176 179 180 190 192 181 177 182 183 151 150 152 153 185 184 186 277 283 256 278 279 282 284 292 291 239 249 250 280 252 207 206 208 209 263 262 264 265 317 316 318 346 345 237 240 241 251 242 238 243 213 212 214 246 245 335 341 309 336 337 340 299 310 311 267 266 268 322 321 323 372 371 297 300 301 302 298 273 272 388 365 389 356 366 326 325 377 376 354 357 413 406 
179 217 119 237 121 239 122 240 156 176 162 277 69 75 177 180 297 78 256 202 299 96 181 300 218 102 105 219 161 112 223 278 335 34 123 74 126 238 130 241 354 129 38 188 203 309 141 145 262 249 356 52 150 242 357 56 157 58 163 279 167 222 63 170 283 336 388 14 15 70 182 36 97 113 125 76 185 298 79 190 301 404 83 189 197 263 365 88 204 144 207 321 310 406 22 90 98 151 212 302 407 27 103 220 61 106 224 337 166 228 282 30 114 171 231 341 389 431 3 37 7 39 53 124 243 184 127 246 355 131 132 250 251 358 443 49 137 257 322 413 48 142 264 198 206 146 267 376 366 445 152 213 272 359 446 11 59 158 280 109 31 110 64 164 284 390 227 168 288 340 172 232 291 394 432 460 16 77 20 23 80 99 183 303 245 186 306 405 92 191 192 311 312 408 467 45 85 199 258 316 377 449 91 138 205 323 266 208 326 422 414 468 214 273 331 409 469 32 65 107 221 338 169 115 225 342 433 287 229 346 393 233 292 349 436 461 476 40 128 50 54 133 153 244 360 305 247 363 444 148 252 253 367 368 447 118 86 259 317 371 423 470 147 200 265 378 325 268 381 455 450 478 274 332 385 448 120 66 116 165 281 391 230 173 285 395 462 345 289 398 435 293 350 401 464 477 155 81 187 93 100 193 215 304 410 362 307 412 67 139 210 313 314 415 416 68 318 372 418 456 479 209 260 324 424 380 327 427 474 471 178 333 386 429 94 117 174 226 339 434 290 234 343 437 101 397 347 439 463 351 402 441 111 160 134 248 149 154 254 275 361 33 411 364 71 201 270 369 370 451 42 373 419 452 475 195 269 319 379 457 426 382 459 140 135 387 430 51 175 235 286 392 55 348 294 396 57 438 399 466 104 403 442 62 194 308 211 216 315 334 12 35 13 261 329 417 17 82 420 453 472 196 328 374 425 87 458 428 95 21 72 236 295 344 25 400 352 26 465 440 159 29 73 255 2 271 276 4 6 320 384 41 454 473 136 383 421 46 89 47 296 353 8 28 10 108 60 9 330 0 375 43 84 143 19 44 1 24 5 18 
181 126 237 238 123 150 240 242 76 177 170 185 180 277 297 182 298 70 151 207 212 299 300 302 125 37 114 127 171 223 231 184 246 130 241 278 335 354 124 243 355 53 39 98 206 213 146 262 267 152 272 249 356 357 359 16 77 64 172 186 227 232 163 283 291 245 306 157 79 190 301 219 309 222 336 279 388 404 80 183 303 405 23 99 258 266 273 91 208 263 321 326 214 331 189 204 310 365 406 407 409 32 40 128 110 115 233 247 228 287 292 106 224 282 341 349 305 363 103 220 131 132 250 251 358 389 337 431 443 54 133 153 244 360 444 50 199 317 325 332 142 147 268 257 322 264 376 381 274 385 366 413 445 446 448 59 66 81 187 168 65 169 164 173 293 307 288 229 345 350 284 340 394 401 362 412 158 280 92 191 192 311 312 408 432 390 460 467 93 100 193 215 304 410 67 86 138 259 316 372 380 386 205 200 209 327 377 323 422 427 333 429 414 449 468 469 94 107 116 117 134 248 230 225 234 351 364 346 289 397 402 342 393 436 441 411 71 221 338 148 252 253 367 368 447 461 433 476 118 149 154 254 275 361 33 119 139 318 371 419 426 430 265 260 269 382 423 378 455 459 387 51 450 470 478 120 122 165 174 175 194 308 290 285 294 403 13 398 347 438 442 395 435 464 62 35 75 281 391 210 313 314 415 416 68 477 462 155 176 201 211 216 315 334 12 69 373 418 453 458 72 324 319 328 428 456 424 474 95 21 96 471 479 178 179 226 235 236 255 2 348 343 352 29 36 439 399 465 73 437 463 111 112 74 339 434 270 369 370 451 42 121 160 101 217 261 271 276 4 6 34 420 452 473 89 97 379 374 383 47 475 457 140 145 52 135 195 239 286 295 296 9 14 400 396 10 63 466 440 108 113 57 104 162 392 55 329 417 17 82 78 218 156 320 330 0 15 22 454 472 143 144 425 421 19 90 196 87 202 188 256 344 353 1 3 28 26 30 159 60 166 105 161 25 102 384 41 38 129 375 5 7 84 136 198 46 44 48 203 141 8 24 11 61 58 167 109 56 43 83 18 20 137 197 88 85 27 31 49 45 
135 120 140 239 195 82 87 188 118 178 94 179 196 95 202 256 299 160 42 41 129 46 141 249 68 155 67 176 33 51 122 121 240 136 203 47 145 262 218 309 356 101 104 55 17 78 25 43 83 102 189 44 88 204 310 111 217 71 119 237 12 69 72 96 181 180 300 143 159 197 263 89 19 21 90 144 207 321 161 278 365 406 57 156 4 38 130 8 56 5 49 131 157 250 84 18 85 48 142 264 366 62 162 277 13 75 177 297 6 34 123 35 97 52 150 242 241 357 108 198 60 167 137 257 322 146 206 267 376 105 222 219 336 413 445 26 9 15 79 190 24 27 103 0 20 45 92 191 220 311 138 91 205 323 414 73 112 223 335 2 29 36 74 126 238 354 22 14 70 182 151 98 212 302 301 407 166 258 28 109 228 199 316 377 208 266 326 422 58 163 282 279 389 449 468 10 1 3 7 39 132 251 31 11 59 158 50 86 148 252 280 367 200 147 265 378 450 113 63 170 283 388 76 125 185 298 404 53 37 124 243 213 152 272 359 358 446 227 317 61 168 288 259 371 423 268 325 381 455 106 224 340 337 432 470 478 30 16 23 80 192 312 65 32 107 221 93 139 210 313 338 415 260 209 324 424 471 171 114 231 341 431 127 184 246 355 443 99 77 183 303 273 214 331 409 408 469 287 372 110 229 346 318 418 456 327 380 427 474 64 164 284 393 390 461 479 40 54 133 253 368 116 66 165 281 149 201 270 369 391 451 319 269 379 457 232 172 291 394 460 186 245 306 405 467 153 128 244 360 332 274 385 448 447 345 419 169 289 398 373 452 475 382 426 459 115 225 342 435 433 477 81 100 193 314 416 174 117 226 339 211 261 329 417 434 374 328 425 292 233 349 436 476 247 305 363 444 215 187 304 410 386 333 429 397 453 230 347 439 420 472 428 458 173 285 395 463 462 134 154 254 370 235 175 286 392 271 320 384 421 383 350 293 401 464 307 362 412 275 248 361 430 387 438 473 290 399 466 454 234 343 437 194 216 315 295 236 344 330 375 402 351 441 364 411 334 308 465 348 440 294 396 255 276 353 296 442 403 400 352 
121 239 122 240 176 78 69 180 256 179 202 299 119 96 181 237 300 217 129 38 130 34 123 241 188 218 203 309 141 145 262 249 356 75 177 52 150 242 277 297 357 156 162 102 83 189 56 15 79 157 190 14 70 182 301 161 278 197 263 365 88 204 144 207 321 310 406 74 112 126 238 97 22 90 98 151 212 302 223 335 354 407 105 219 49 131 250 27 103 7 39 132 220 251 36 3 37 53 124 243 358 167 222 336 137 257 322 413 48 142 264 198 206 146 267 376 366 445 113 125 63 170 76 185 298 152 213 272 359 163 283 279 388 404 446 58 45 92 191 311 11 59 158 20 23 16 80 192 280 312 77 99 183 303 408 166 228 282 389 85 109 199 258 316 377 449 91 138 205 323 266 208 326 422 414 468 171 184 30 114 231 127 246 355 214 273 331 409 106 224 341 337 431 443 469 61 31 86 50 148 252 367 32 65 107 221 54 40 133 253 338 368 128 153 244 360 447 227 168 288 340 432 259 317 371 423 470 147 200 265 378 325 268 381 455 450 478 232 245 64 172 291 186 306 405 274 332 385 448 164 284 394 390 460 467 120 110 139 93 210 313 415 66 116 165 281 100 81 193 314 391 416 187 215 304 410 68 287 229 346 393 461 318 372 418 456 479 209 260 324 424 380 327 427 474 471 178 292 305 115 233 349 247 363 444 333 386 429 94 169 225 342 436 433 476 118 201 149 270 369 451 117 174 226 339 154 134 254 370 434 42 248 275 361 33 345 289 398 435 477 373 419 452 475 195 269 319 379 457 426 382 459 140 135 350 362 173 293 401 307 412 67 387 430 51 230 285 395 464 462 155 261 211 329 417 82 175 235 286 392 216 194 315 17 55 308 334 12 397 347 439 463 160 420 453 472 196 328 374 425 87 458 428 95 402 411 234 351 441 364 71 21 72 290 343 437 111 101 320 271 384 41 236 295 344 25 276 255 4 2 6 438 399 466 104 454 473 136 383 421 46 89 47 442 35 294 403 62 13 348 396 57 375 330 43 296 353 8 0 9 465 440 159 84 143 19 44 73 352 29 400 26 18 5 1 24 108 60 10 28 
240 130 123 241 237 299 181 300 157 180 79 190 177 70 182 297 301 277 249 262 356 150 242 357 189 219 103 220 131 39 132 250 251 126 238 53 124 243 335 354 358 278 223 309 204 310 263 207 321 365 406 151 212 302 407 163 279 59 158 280 92 191 16 80 192 311 312 76 170 185 298 37 98 23 99 77 183 303 283 388 404 408 222 336 142 264 366 257 322 146 267 376 413 445 125 206 213 152 272 359 446 106 224 337 65 107 221 338 50 148 252 32 40 54 133 253 367 368 114 127 171 231 184 246 355 153 128 244 360 282 341 389 431 443 447 228 138 205 323 414 258 316 377 91 208 266 326 422 449 468 273 214 331 409 469 64 164 284 390 86 110 116 66 165 281 391 93 139 210 313 81 100 193 314 415 416 172 186 227 232 291 245 306 405 215 187 304 410 288 340 394 432 460 467 68 168 199 200 147 265 378 450 317 259 371 423 268 325 381 455 470 478 332 274 385 448 120 115 169 225 342 433 174 117 226 339 434 149 201 270 369 134 154 254 370 451 42 233 247 287 292 349 305 363 444 275 248 361 33 346 393 436 461 476 118 121 229 260 209 324 424 471 372 318 418 456 327 380 427 474 479 178 386 333 429 94 179 173 230 285 395 462 235 175 286 392 55 211 261 329 417 194 216 315 17 82 78 293 307 345 350 401 362 412 67 334 308 12 69 289 398 435 464 477 155 176 319 269 379 457 135 419 373 452 475 382 426 459 140 195 239 430 387 51 122 234 290 343 437 101 295 236 344 25 102 271 320 384 41 255 276 4 38 129 351 364 397 402 441 411 71 119 6 2 34 347 439 463 111 160 217 374 328 425 87 188 453 420 472 196 428 458 95 202 256 72 21 96 294 348 396 57 156 353 296 8 56 330 375 43 83 9 0 15 403 13 438 442 62 35 75 22 14 399 466 104 162 218 421 383 46 141 473 454 136 203 47 89 145 97 52 352 400 26 105 24 1 27 5 18 49 3 7 29 36 465 73 112 74 440 159 161 44 19 88 143 84 197 90 144 10 28 58 31 11 20 45 63 108 113 60 167 85 48 198 137 30 61 166 109 
123 150 240 242 177 70 180 182 151 181 207 212 237 299 300 238 302 126 53 39 124 130 241 243 98 125 206 213 146 262 267 152 272 277 297 249 356 357 185 298 359 76 170 37 23 99 16 79 80 77 183 157 190 301 303 171 184 258 266 273 91 208 263 321 326 214 331 278 223 335 354 309 189 204 310 365 406 407 231 246 355 409 114 127 50 54 153 32 40 131 132 133 128 244 219 103 220 250 251 358 360 227 232 245 199 317 325 332 142 147 268 257 322 264 376 381 274 385 222 336 163 283 279 388 404 366 413 445 446 172 291 186 306 405 448 64 86 93 100 215 59 66 81 92 191 158 192 193 187 304 280 311 312 408 410 228 287 292 305 138 168 259 316 372 380 386 205 200 209 327 377 323 422 427 333 429 282 389 106 224 341 337 431 443 414 449 468 469 115 233 349 247 363 444 94 110 65 139 148 149 154 275 107 116 117 134 252 221 253 254 248 361 338 367 368 447 33 288 229 345 350 362 318 371 419 426 430 265 260 269 382 423 378 455 459 387 51 340 432 164 284 394 390 460 467 450 470 478 120 173 293 401 307 412 67 122 169 201 210 211 216 334 165 174 175 194 313 281 314 315 308 12 391 415 416 68 69 346 289 397 402 411 373 418 453 458 72 324 319 328 428 456 424 474 95 21 96 393 461 225 342 436 433 476 118 471 479 178 179 230 234 351 441 364 71 119 261 270 271 276 6 226 235 236 255 369 339 370 4 2 34 434 451 42 121 398 347 438 442 35 420 452 473 89 97 379 374 383 47 475 457 140 145 52 435 477 285 395 464 462 155 176 135 195 239 290 294 403 62 13 75 320 329 330 0 22 286 295 296 9 417 392 17 15 14 55 82 78 439 399 465 73 74 454 472 143 144 425 421 19 90 196 87 202 463 160 343 437 111 101 217 188 256 348 352 29 112 36 375 384 5 7 344 353 1 3 41 25 38 102 129 466 440 108 113 84 136 198 46 44 48 203 141 104 218 396 57 162 156 400 10 63 18 43 20 8 24 11 83 56 159 60 166 137 197 88 85 161 26 105 28 30 45 49 27 31 167 109 58 61 
242 124 241 243 238 212 300 302 77 182 80 183 297 190 301 298 303 185 152 267 272 356 357 359 99 127 40 128 54 132 133 153 244 335 354 250 251 358 246 355 360 184 231 213 208 214 266 321 326 273 331 365 406 407 409 172 186 66 81 187 93 100 158 192 193 215 304 279 283 388 404 220 310 191 311 280 312 408 291 306 405 410 232 245 147 268 274 317 325 264 376 381 332 385 336 322 413 366 445 446 448 115 233 247 116 117 134 248 148 149 154 107 221 252 253 254 275 361 224 337 282 341 389 431 443 367 338 368 447 292 349 305 363 444 33 287 200 209 327 333 316 372 380 205 323 377 422 427 386 429 449 414 468 469 94 164 173 293 307 139 169 174 165 175 194 308 210 201 211 216 281 313 314 315 334 12 284 390 288 340 394 432 460 467 415 391 416 68 345 350 401 362 412 67 69 229 259 260 265 269 382 387 371 318 419 426 378 423 455 459 430 51 470 450 478 120 122 225 230 234 351 364 235 226 236 255 2 270 261 271 276 339 369 370 4 6 34 342 433 346 393 436 461 476 118 451 434 42 121 397 402 441 411 71 119 123 289 319 324 328 428 21 418 373 453 458 424 456 474 95 72 96 479 471 178 179 181 285 290 294 403 13 295 286 296 9 14 329 320 330 0 392 417 17 15 22 70 395 462 398 435 464 477 155 176 82 55 78 180 347 438 442 62 35 75 177 374 379 383 47 52 452 420 473 89 457 475 140 145 97 150 195 135 239 240 343 348 352 29 36 353 344 1 3 37 384 375 5 7 25 41 38 39 53 437 101 439 463 111 160 217 237 129 102 130 399 465 73 112 74 126 421 425 19 90 98 472 454 143 144 87 196 202 207 151 256 188 299 396 400 10 63 76 24 8 11 16 43 18 20 23 56 83 79 57 156 466 104 162 218 277 189 157 440 108 113 170 125 44 46 48 146 136 84 198 206 141 203 262 309 249 26 28 30 114 31 27 32 49 45 50 103 131 105 219 159 161 223 278 60 166 171 85 88 91 197 137 258 204 263 58 61 64 65 59 92 86 163 167 222 109 227 138 142 257 199 106 110 228 168 
153 243 133 244 128 214 100 215 298 183 301 303 81 192 193 187 304 186 272 268 274 149 154 275 302 246 354 355 357 251 358 359 360 117 134 252 253 254 247 248 361 245 233 273 326 331 325 209 327 332 333 201 211 216 334 291 306 388 404 405 406 407 280 312 408 409 410 165 173 175 194 221 210 311 313 281 314 315 293 307 308 12 292 305 376 381 385 372 380 265 269 382 386 387 174 260 261 270 271 276 6 341 349 363 389 431 443 444 366 445 446 337 338 367 368 447 448 33 225 226 230 234 235 236 255 369 339 370 4 350 351 362 364 2 34 345 377 422 427 429 318 419 426 323 324 319 328 428 430 21 320 329 330 0 22 284 394 401 412 413 340 432 390 460 467 67 414 449 468 469 391 415 416 68 94 69 285 286 289 290 294 295 296 9 417 392 17 15 397 402 403 411 13 14 70 346 371 423 378 455 459 51 373 418 453 458 379 374 383 47 72 52 375 384 5 7 53 342 393 436 441 71 461 433 476 118 119 450 470 478 120 434 451 42 121 122 123 343 344 347 348 352 353 1 3 41 25 38 39 438 442 29 35 36 37 124 398 456 424 474 95 96 420 452 473 89 425 421 19 90 97 98 18 43 20 23 99 395 435 464 62 75 477 462 155 176 177 471 479 178 179 55 82 78 180 181 182 396 8 399 400 10 24 11 16 83 56 79 80 439 465 73 63 74 76 77 475 457 140 145 150 454 472 143 144 46 44 48 146 151 152 45 49 50 54 437 463 111 112 126 160 101 217 237 238 135 195 239 240 102 129 130 241 242 26 27 440 28 30 31 32 40 131 103 132 466 108 113 114 125 127 196 87 202 207 212 84 136 198 206 88 85 91 208 213 86 92 93 57 104 162 170 185 218 156 277 297 188 256 299 300 157 189 190 58 59 60 61 64 65 66 191 158 159 166 171 172 184 203 141 262 267 137 197 258 266 142 138 147 139 148 105 161 223 231 278 219 335 249 309 356 220 250 106 107 109 110 115 116 167 227 232 263 204 321 199 257 317 205 200 163 222 283 336 279 310 365 164 168 169 228 287 322 264 259 316 224 282 229 288 
127 213 232 245 185 77 172 186 212 184 266 273 231 287 292 246 305 238 99 40 128 115 233 247 152 242 267 272 208 317 325 214 332 283 291 229 345 350 298 306 362 182 297 124 54 153 80 66 81 183 187 164 173 293 307 300 302 321 326 331 147 268 316 372 380 274 386 282 335 341 349 288 169 259 289 346 397 402 354 355 363 411 241 243 93 100 215 132 133 116 117 134 244 248 224 107 225 230 234 351 364 356 357 359 264 376 381 385 200 209 327 322 371 318 419 426 333 430 336 340 279 388 284 394 401 347 398 438 442 301 404 303 405 412 35 190 148 149 154 275 158 192 193 139 174 165 175 194 304 308 285 290 294 403 13 365 406 407 409 205 310 323 377 422 427 429 260 265 269 382 418 373 453 458 387 72 389 393 220 337 431 342 436 441 399 439 465 73 251 358 443 360 444 71 74 250 191 210 201 211 216 334 221 252 253 254 235 226 236 255 361 2 343 348 352 29 36 413 366 445 446 448 378 423 455 459 51 319 324 328 428 452 420 473 89 21 97 432 435 280 390 460 395 464 62 440 466 108 113 312 408 467 410 67 75 125 311 270 261 271 276 6 281 313 314 315 295 286 296 9 12 14 396 400 10 63 76 449 414 468 469 94 424 456 474 95 96 374 379 383 47 472 454 143 144 52 151 461 463 338 433 476 437 111 112 60 159 166 171 367 368 447 118 33 119 126 329 320 330 0 22 339 369 370 4 353 344 1 3 34 37 26 28 30 114 470 450 478 120 122 457 475 140 145 150 421 425 19 90 136 84 198 206 98 477 104 391 462 155 57 162 170 109 167 227 415 416 68 176 69 177 384 375 5 7 53 392 417 17 15 24 8 11 16 70 58 61 64 479 471 178 179 181 87 196 202 207 44 46 48 146 197 137 258 160 161 434 101 217 105 223 168 228 451 42 121 237 123 43 18 20 23 25 41 38 39 31 27 32 106 110 195 135 239 240 141 203 262 85 88 91 257 199 218 222 55 156 277 163 82 78 180 49 45 50 56 83 79 65 59 256 188 299 204 263 138 142 278 102 219 129 130 92 86 103 131 309 249 157 189 
184 238 231 246 127 213 232 245 182 185 297 298 172 283 291 186 306 77 212 266 273 287 292 305 242 124 241 243 300 335 354 302 355 115 233 282 341 349 128 247 363 99 40 152 267 272 208 317 325 214 332 229 345 350 362 80 183 190 301 303 356 357 279 388 404 359 405 164 66 173 293 224 288 336 340 284 394 401 81 187 307 412 54 153 321 326 331 147 268 316 372 380 274 386 169 259 289 346 397 402 411 132 133 244 250 251 358 360 365 406 407 220 337 389 431 443 409 444 107 225 116 117 230 234 351 393 342 436 441 100 134 215 248 364 71 93 264 376 381 385 200 209 327 322 371 318 419 426 333 430 347 398 438 442 35 158 192 193 304 310 191 311 280 312 408 410 413 366 445 446 390 432 460 467 448 67 165 285 139 174 175 290 294 403 435 395 464 62 149 154 194 275 308 13 75 148 205 323 377 422 427 429 260 265 269 382 418 373 453 458 387 72 399 439 465 73 74 221 252 253 254 361 367 338 368 447 33 449 414 468 469 433 461 476 118 94 119 226 343 201 235 236 348 352 29 463 437 111 112 211 216 255 334 2 36 126 210 378 423 455 459 51 319 324 328 428 452 420 473 89 21 97 440 466 108 113 125 281 313 314 315 12 415 391 416 68 69 470 450 478 120 462 477 155 176 122 177 286 396 261 295 296 400 10 63 104 57 162 170 270 271 276 9 6 14 76 424 456 474 95 96 374 379 383 47 472 454 143 144 52 151 60 159 166 171 339 369 370 4 34 451 434 42 121 123 479 471 178 179 101 160 217 237 181 344 26 320 353 1 28 30 114 161 105 223 329 330 0 3 22 37 457 475 140 145 150 421 425 19 90 136 84 198 206 98 109 167 227 392 417 17 15 70 82 55 78 180 195 135 239 240 156 218 277 8 58 375 24 11 61 64 222 163 384 5 7 16 53 87 196 202 207 44 46 48 146 197 137 258 168 228 25 41 38 39 129 102 130 256 188 299 219 278 27 106 18 31 32 110 43 20 23 141 203 262 85 88 91 257 199 56 83 79 189 157 309 249 59 45 65 49 50 204 263 138 142 103 131 86 92 
245 128 233 247 246 273 292 305 183 186 81 187 291 173 293 306 307 298 214 325 332 345 350 362 153 243 133 244 100 117 134 215 248 341 349 230 234 351 355 363 364 302 354 272 268 274 326 372 380 331 386 346 397 402 411 301 303 192 193 304 149 154 165 175 194 275 308 284 388 394 401 225 289 174 290 285 294 403 404 405 412 13 357 359 209 327 333 376 381 318 419 426 385 430 340 371 398 347 438 442 35 251 358 360 252 253 254 361 201 211 216 221 226 235 236 255 334 2 337 342 389 431 393 436 441 348 343 352 29 407 443 409 444 71 36 406 265 269 382 387 377 422 427 260 373 418 453 458 429 72 439 399 465 73 74 280 312 408 410 210 311 313 281 314 315 12 261 270 271 276 286 295 296 9 6 14 390 395 413 432 460 435 464 62 400 396 10 63 445 446 467 448 67 75 76 366 323 324 319 328 428 21 423 378 455 459 420 452 473 89 51 97 466 440 108 113 125 338 367 368 447 33 369 339 370 4 34 320 329 330 0 344 353 1 3 22 37 433 437 449 461 476 463 111 112 28 26 30 114 468 469 118 94 119 126 127 414 379 374 383 47 52 456 424 474 95 454 472 143 144 96 151 159 60 166 171 184 391 415 416 68 69 417 392 17 15 70 375 384 5 7 8 24 11 16 53 77 462 57 470 477 155 104 162 170 61 58 64 172 450 478 120 176 122 177 185 425 421 19 90 98 475 457 140 145 84 136 198 206 150 213 167 109 227 232 434 451 42 121 123 41 25 38 39 124 18 43 20 23 27 31 32 40 99 101 105 479 160 217 161 223 231 110 106 115 471 178 179 237 181 238 46 44 48 146 152 196 87 202 207 137 197 258 266 212 228 168 287 55 82 78 180 182 83 56 79 80 45 49 50 54 59 65 66 156 163 195 218 277 222 283 169 164 135 239 240 297 242 88 85 91 208 203 141 262 267 199 257 317 288 229 102 129 130 241 131 103 132 86 92 93 107 116 219 224 256 278 335 282 188 299 300 142 138 147 263 204 321 259 316 157 189 190 191 158 139 148 279 309 336 249 356 205 200 322 264 220 250 365 310 
215 247 134 248 244 274 154 275 306 187 293 307 193 175 194 304 308 303 332 327 333 211 216 334 305 355 349 363 350 234 351 362 364 253 254 235 236 255 360 361 2 359 358 331 380 386 381 269 382 385 387 270 271 276 6 404 405 394 401 412 397 402 285 294 403 411 13 281 312 314 315 226 261 290 295 286 296 9 408 410 12 14 407 409 419 426 430 422 427 319 328 428 429 21 313 324 329 320 330 0 22 431 443 444 393 436 441 71 347 438 442 342 343 348 352 29 35 36 338 339 367 368 369 370 4 353 344 1 3 446 447 448 33 34 37 445 418 453 458 72 378 455 459 373 374 379 383 47 51 52 384 375 5 7 53 390 460 467 67 398 432 435 395 464 62 75 399 439 465 73 396 400 10 63 74 76 391 392 414 415 416 417 17 15 24 8 11 16 468 469 68 94 69 70 77 449 423 452 420 473 89 97 424 456 474 95 421 425 19 90 96 98 43 18 20 23 99 433 461 476 118 119 463 437 111 112 126 440 466 108 113 26 28 30 114 125 127 434 25 450 451 42 41 38 39 31 27 32 40 478 120 121 122 123 124 128 470 472 454 143 144 151 457 475 140 145 44 46 48 146 150 152 49 45 50 54 153 462 477 155 176 177 104 57 162 170 185 60 159 166 171 58 61 64 172 184 186 55 56 471 82 78 83 79 80 65 59 66 81 479 178 179 180 181 182 183 136 84 198 206 213 87 196 202 207 85 88 91 208 212 214 92 86 93 100 101 160 217 237 238 161 105 223 231 246 109 167 227 232 106 110 115 233 245 102 103 135 129 130 131 132 133 116 107 117 195 239 240 241 242 243 197 137 258 266 273 141 203 262 267 138 142 147 268 272 148 139 149 156 218 277 297 298 222 163 283 291 168 228 287 292 164 169 173 157 158 188 189 190 191 192 174 165 256 299 300 301 302 257 199 317 325 204 263 321 326 200 205 209 210 201 219 278 335 354 282 224 341 229 288 345 225 230 220 221 249 250 251 252 309 356 357 316 259 372 264 322 376 260 265 279 336 388 340 284 289 346 280 310 311 365 406 371 318 323 377 337 389 366 413 
239 129 141 249 256 179 202 299 102 188 83 189 203 88 204 309 310 218 121 122 240 145 262 356 78 156 56 157 38 49 131 130 250 197 263 48 142 264 278 365 366 217 161 176 69 180 119 96 181 237 300 144 207 321 406 105 219 27 103 220 15 79 45 92 191 190 311 137 167 257 322 85 90 20 91 138 205 323 222 336 413 414 162 277 34 123 241 75 177 52 150 242 297 357 198 97 206 146 267 376 445 58 163 279 11 59 158 280 7 39 132 31 86 50 148 252 251 367 109 199 166 228 258 316 377 147 200 265 378 223 282 335 389 449 450 112 14 70 182 301 74 126 238 22 98 151 212 302 354 407 266 208 326 422 468 61 106 224 337 3 30 32 65 107 221 338 23 16 80 192 139 93 210 313 312 415 168 259 113 227 288 317 371 423 209 260 324 424 170 283 340 388 432 470 471 63 36 37 53 124 243 358 125 76 185 298 152 213 272 359 404 446 325 268 381 455 478 110 64 164 284 390 66 116 165 281 391 54 40 133 253 201 149 270 369 368 451 229 318 171 287 346 372 418 456 269 319 379 457 231 341 393 431 461 479 135 114 77 99 183 303 408 184 127 246 355 214 273 331 409 443 469 380 327 427 474 178 169 115 225 342 433 117 174 226 339 434 100 81 193 314 261 211 329 417 416 82 289 373 232 345 398 419 452 475 328 374 425 87 172 291 394 435 460 477 195 128 153 244 360 447 245 186 306 405 274 332 385 448 467 120 426 382 459 140 230 173 285 395 462 175 235 286 392 55 154 134 254 370 320 271 384 41 42 347 420 292 397 439 453 472 196 383 421 46 233 349 436 463 476 160 187 215 304 410 68 305 247 363 444 333 386 429 94 118 458 428 95 290 234 343 437 101 236 295 344 25 216 194 315 17 375 330 43 399 454 350 438 466 473 136 19 44 293 401 464 104 155 248 275 361 33 362 307 412 67 387 430 51 89 47 348 294 396 57 296 353 8 276 255 4 18 5 440 84 402 465 159 143 351 441 111 308 334 12 411 364 71 21 72 400 352 26 1 24 0 9 60 442 108 403 62 2 6 35 13 28 10 73 29 
130 249 131 250 157 180 79 190 309 189 204 310 103 92 191 220 311 219 240 123 241 39 132 251 299 278 263 365 262 142 264 356 366 59 158 50 148 252 279 280 367 277 163 237 181 300 177 70 182 297 301 16 80 192 312 222 336 257 322 413 207 321 138 205 323 406 414 65 106 107 221 86 23 91 93 139 210 313 224 337 338 415 223 335 150 242 357 126 238 53 124 243 354 358 32 37 40 54 133 253 368 228 282 389 258 316 377 449 146 267 376 199 200 147 265 378 445 450 110 116 64 164 66 165 281 149 201 270 369 283 284 388 390 391 451 170 151 212 302 407 76 185 298 98 99 77 183 303 404 408 81 100 193 314 416 168 288 340 432 206 227 317 259 371 423 470 208 266 326 422 260 209 324 424 468 471 169 174 114 115 225 117 226 339 211 261 329 417 231 341 342 431 433 434 82 171 125 213 152 272 359 446 127 184 246 355 153 128 244 360 443 447 134 154 254 370 42 229 287 346 393 461 372 318 418 456 479 268 325 381 455 319 269 379 457 478 135 230 235 172 173 285 175 286 392 271 320 384 41 291 394 395 460 462 55 129 232 273 214 331 409 469 186 245 306 405 215 187 304 410 467 68 194 216 315 17 78 289 345 398 435 477 419 373 452 475 195 327 380 427 474 374 328 425 87 178 188 290 295 233 234 343 236 344 25 330 375 43 83 292 349 436 437 476 101 102 332 274 385 448 120 247 305 363 444 275 248 361 33 118 121 255 276 4 38 347 397 439 463 160 453 420 472 196 256 382 426 459 140 421 383 46 141 239 348 353 293 294 396 296 8 56 5 18 49 350 401 464 57 155 156 386 333 429 94 179 307 362 412 67 334 308 12 69 176 9 0 15 399 438 466 104 218 473 454 136 203 428 458 95 202 44 19 88 400 24 351 352 26 1 27 20 45 402 441 111 105 217 430 387 51 122 364 411 71 119 6 2 34 3 7 440 465 159 161 143 84 197 47 89 145 85 48 28 31 403 10 58 11 442 62 162 72 21 96 13 35 75 22 14 60 108 167 198 137 90 144 61 29 30 73 112 97 52 36 74 109 166 63 113 
250 241 132 251 220 310 191 311 297 190 182 301 158 80 192 280 312 279 356 264 366 148 252 367 300 335 238 354 242 124 243 357 358 107 221 54 133 253 337 338 368 336 224 365 321 406 322 205 323 413 414 139 210 313 415 283 388 185 298 404 212 302 77 183 303 407 408 66 164 165 281 40 93 99 100 81 193 314 284 390 391 416 282 389 267 376 445 316 377 147 265 378 449 450 116 200 201 149 270 369 451 231 341 431 184 246 355 443 152 272 359 127 128 153 244 360 446 447 115 117 169 225 174 226 339 154 134 254 370 340 342 432 433 434 42 288 266 326 422 468 259 371 423 208 209 260 324 424 470 471 261 211 329 417 82 172 291 394 460 213 232 245 186 306 405 467 214 273 331 409 187 215 304 410 469 68 173 175 229 230 285 235 286 392 216 194 315 17 346 393 395 461 462 55 78 287 317 325 268 381 455 478 318 372 418 456 269 319 379 457 479 135 320 271 384 41 129 233 292 349 436 476 305 247 363 444 118 274 332 385 448 248 275 361 33 120 121 234 236 289 290 343 295 344 25 276 255 4 38 398 435 437 477 101 102 130 345 380 327 427 474 178 373 419 452 475 328 374 425 87 195 188 375 330 43 83 189 293 350 401 464 155 362 307 412 67 176 333 386 429 94 308 334 12 69 179 180 294 296 347 348 396 353 8 56 0 9 15 79 397 439 463 57 160 156 157 426 382 459 140 239 420 453 472 196 383 421 46 141 256 249 18 5 49 131 351 402 441 111 217 411 364 71 119 237 387 430 51 122 2 6 34 123 240 352 1 399 400 26 24 27 103 7 3 39 438 466 104 105 218 219 458 428 95 202 299 454 473 136 203 19 44 88 204 309 45 20 92 403 442 62 162 277 35 13 75 177 21 72 96 181 14 22 70 10 11 440 28 58 31 59 23 16 465 159 161 163 278 89 47 145 262 84 143 197 263 48 85 142 86 50 29 73 112 223 74 36 126 52 97 150 37 53 30 32 60 61 106 65 108 167 222 144 90 207 137 198 257 91 138 63 113 170 125 76 98 151 64 109 110 166 228 206 146 199 258 114 171 168 227 
132 148 250 252 158 80 190 192 139 191 205 210 220 310 311 221 313 107 54 124 133 241 251 253 93 116 200 201 147 264 265 149 270 279 280 356 366 367 165 281 369 66 164 40 99 100 77 182 183 81 193 297 301 312 314 169 174 259 260 261 208 209 322 323 324 211 329 336 224 337 338 365 300 321 406 413 414 415 225 226 339 417 115 117 152 153 154 127 128 242 243 244 134 254 335 238 354 357 358 368 370 229 230 235 317 318 319 320 267 268 269 316 377 376 378 379 271 384 282 389 283 284 388 390 391 445 449 450 451 173 285 175 286 392 41 172 213 214 215 216 185 186 187 212 302 298 303 304 194 315 404 407 408 416 17 288 289 290 295 266 287 372 371 373 374 375 326 325 327 328 423 422 424 425 330 43 340 432 231 341 342 431 433 434 468 470 471 82 233 234 343 236 344 25 83 232 184 273 272 274 275 276 246 245 247 248 359 355 360 361 255 4 443 446 447 42 38 346 345 347 348 353 419 418 420 421 18 381 380 382 383 456 455 457 46 5 49 393 461 291 394 395 460 462 55 478 479 135 129 293 294 396 296 8 56 131 292 332 331 333 334 0 306 305 307 308 409 405 410 12 9 15 467 469 68 78 79 398 397 399 400 24 453 452 454 44 45 427 426 428 19 475 474 87 88 20 92 435 477 349 436 437 476 101 102 178 195 188 189 350 351 352 26 1 27 103 386 385 387 6 7 363 362 364 2 448 444 33 34 3 39 118 120 121 130 439 438 440 28 31 473 472 84 85 86 459 458 47 48 196 140 141 142 50 463 160 401 464 57 155 156 157 239 256 249 402 403 10 58 11 59 430 429 21 22 23 412 411 13 14 94 67 69 70 16 176 179 180 466 465 60 61 65 143 136 137 138 95 89 90 91 203 202 204 104 218 441 111 105 217 219 299 309 442 29 30 106 32 72 51 52 53 71 35 36 37 122 119 123 237 240 159 108 109 110 198 197 199 145 144 146 263 262 161 278 62 162 163 277 73 63 64 97 96 98 75 74 76 181 177 167 166 168 258 257 207 206 222 112 223 113 114 151 150 126 125 228 227 170 171 
252 133 251 253 221 210 311 313 81 192 183 193 280 301 312 281 314 165 149 265 270 366 367 369 100 117 128 134 153 243 244 154 254 337 338 357 358 368 226 339 370 174 225 201 209 211 260 323 324 261 329 413 414 415 417 173 175 186 187 194 214 215 298 303 304 216 315 388 284 390 391 354 406 302 407 404 408 416 285 286 392 17 230 235 268 269 271 318 319 376 378 379 320 384 389 377 449 445 450 451 41 233 234 236 245 247 248 255 272 274 275 246 355 359 360 361 276 4 341 431 340 342 432 433 434 446 443 447 42 290 343 295 344 25 38 289 325 327 328 330 371 373 374 326 422 423 424 425 375 43 470 468 471 82 83 291 293 294 296 273 292 305 306 307 308 9 331 332 333 334 405 409 410 12 0 15 394 460 346 393 395 461 462 55 469 467 68 78 347 348 396 353 8 56 79 345 372 380 381 382 383 5 418 419 420 421 455 456 457 46 18 49 479 478 135 129 131 349 350 351 352 1 362 363 364 2 3 385 386 387 6 444 448 33 34 7 39 436 476 398 435 437 477 101 102 120 118 121 130 399 400 26 24 27 103 132 397 426 427 428 19 20 452 453 454 44 474 475 87 88 45 92 195 178 188 189 191 401 402 403 10 11 411 412 13 14 16 429 430 21 22 67 94 69 70 23 80 464 155 439 463 57 160 156 157 179 176 180 190 438 440 28 58 31 59 158 458 459 47 48 50 472 473 84 85 140 196 141 142 86 148 256 239 249 250 441 442 29 30 32 35 71 36 37 40 51 72 52 53 119 122 123 124 54 111 217 466 104 105 218 219 220 240 237 241 465 60 61 106 65 107 89 95 90 91 93 136 143 137 138 202 203 204 205 139 309 299 310 62 73 63 64 66 74 75 76 77 96 97 98 99 177 181 182 162 277 159 161 163 278 279 300 297 108 109 110 164 116 144 145 146 147 197 198 199 200 262 263 264 365 356 112 113 114 115 125 126 127 150 151 152 238 242 223 335 167 222 224 336 166 168 169 206 207 208 257 258 259 321 322 170 171 172 184 185 212 213 283 228 282 227 229 266 267 316 317 231 232 288 287 
154 253 244 254 134 211 215 216 281 193 312 314 187 303 304 194 315 175 270 269 271 274 275 276 313 226 338 339 367 358 368 369 370 247 248 359 360 361 236 255 4 235 234 261 324 329 319 327 328 320 330 332 333 334 0 285 286 390 391 392 414 415 404 408 416 417 17 306 293 307 308 355 331 407 409 405 410 12 294 296 9 15 290 295 378 379 384 373 374 381 382 383 375 5 305 380 386 385 387 6 7 342 343 344 432 433 434 25 445 450 451 431 443 446 447 42 41 38 349 363 350 351 362 364 2 448 444 33 34 348 352 353 1 3 39 347 423 424 425 43 419 420 421 422 427 426 428 19 18 20 430 429 21 22 23 394 395 396 8 449 393 461 460 462 55 56 468 470 471 82 467 469 68 78 83 79 401 412 397 402 403 411 13 14 94 67 69 70 399 400 10 24 11 16 80 398 418 456 455 457 46 49 453 452 454 44 459 458 47 48 45 50 72 51 52 53 54 436 435 437 26 27 477 476 101 102 103 478 479 135 129 118 120 121 130 131 132 441 71 438 442 29 35 36 37 122 119 123 124 440 28 30 31 32 40 133 439 475 474 87 88 92 473 472 84 85 95 89 90 91 86 93 97 96 98 99 100 464 463 57 58 59 160 155 156 157 158 178 195 188 189 176 179 180 190 191 192 62 75 465 73 63 74 76 77 181 177 182 183 466 60 61 64 65 66 81 196 140 141 142 148 143 136 137 138 145 144 146 147 139 149 151 150 152 153 111 104 105 106 107 218 217 219 220 221 239 256 249 250 237 240 241 251 252 112 126 108 113 114 125 127 128 242 238 243 159 109 110 115 116 117 203 202 204 205 210 198 197 199 200 207 206 208 209 201 213 212 214 162 161 163 164 165 278 277 279 280 299 309 310 311 297 300 301 170 185 166 171 172 184 186 302 298 167 168 169 173 174 263 262 264 265 258 257 259 260 267 266 268 273 272 223 222 224 225 336 335 337 356 365 366 354 357 231 246 227 232 233 245 228 229 230 322 321 323 317 316 318 326 325 283 282 284 389 388 406 413 291 287 292 288 289 377 376 372 371 341 340 345 346 
216 236 248 255 254 271 275 276 286 194 294 296 304 307 308 315 9 314 320 328 330 333 334 0 295 339 343 344 348 351 352 353 1 360 361 362 364 2 370 4 3 369 368 329 374 375 379 382 383 384 5 385 387 6 7 391 392 395 396 8 399 400 401 403 10 24 11 405 408 410 12 363 386 402 411 412 13 14 416 17 15 16 415 417 420 421 18 424 425 426 428 19 43 20 409 427 429 430 21 22 23 433 434 25 435 437 26 27 438 440 28 436 441 442 29 30 31 32 443 444 446 447 448 33 34 35 71 36 37 451 42 41 38 39 40 450 452 454 44 45 455 457 46 453 458 459 47 48 49 50 51 72 52 53 54 460 462 55 56 439 461 463 464 57 58 59 465 466 60 61 62 73 63 64 65 66 467 67 468 469 68 94 69 70 74 75 76 77 471 82 78 83 79 80 81 470 456 472 473 84 85 86 474 475 87 88 89 95 90 91 92 93 96 97 98 99 100 476 477 101 102 103 104 111 105 106 107 108 159 109 110 112 113 114 115 116 117 118 119 478 120 121 122 123 124 125 126 127 128 135 129 130 131 132 133 134 479 136 143 137 138 139 140 196 141 142 144 145 146 147 148 149 150 151 152 153 154 155 160 156 157 158 161 162 163 164 165 166 167 168 169 170 171 172 173 174 175 176 177 178 179 180 181 182 183 184 185 186 187 195 188 189 190 191 192 193 197 198 199 200 201 202 203 204 205 206 207 208 209 210 211 212 213 214 215 217 218 219 220 221 222 223 224 225 226 227 228 229 230 231 232 233 234 235 237 238 239 240 241 242 243 244 245 246 247 256 249 250 251 252 253 257 258 259 260 261 262 263 264 265 266 267 268 269 270 272 273 274 277 278 279 280 281 282 283 284 285 287 288 289 290 291 292 293 297 298 299 300 301 302 303 305 306 309 310 311 312 313 316 317 318 319 321 322 323 324 325 326 327 331 332 335 336 337 338 340 341 342 345 346 347 349 350 354 355 356 357 358 359 365 366 367 371 372 373 376 377 378 380 381 388 389 390 393 394 397 398 404 406 407 413 414 418 419 422 423 431 432 445 449 
178 160 196 256 135 120 140 239 101 195 104 218 87 136 203 188 309 82 118 94 179 95 202 299 155 55 57 156 111 159 161 217 278 46 141 143 197 263 129 249 365 42 41 68 67 176 33 51 122 121 240 47 145 262 356 25 102 26 105 219 62 162 60 167 222 277 336 44 43 88 204 84 89 108 198 137 257 322 83 189 310 413 17 78 71 119 237 12 69 72 96 181 180 300 19 21 90 144 207 321 406 8 56 157 10 58 163 279 73 112 223 28 109 166 228 282 335 389 18 85 5 49 48 142 264 258 199 316 377 38 131 130 250 366 449 4 13 75 177 297 6 34 123 35 97 52 150 242 241 357 146 206 267 376 445 24 27 103 220 29 1 30 61 106 224 337 113 63 170 283 168 227 288 340 388 432 45 138 0 20 92 91 205 323 317 259 371 423 15 79 191 190 311 414 470 9 2 36 74 126 238 354 22 14 70 182 151 98 212 302 301 407 208 266 326 422 468 31 11 59 158 280 64 110 164 284 390 171 114 231 341 229 287 346 393 431 461 86 200 7 50 148 147 265 378 372 318 418 456 39 132 252 251 367 450 479 3 76 125 185 298 404 53 37 124 243 213 152 272 359 358 446 268 325 381 455 478 65 32 107 221 338 115 169 225 342 433 232 172 291 394 289 345 398 435 460 477 139 260 23 93 210 209 324 424 419 373 452 475 16 80 192 313 312 415 471 127 184 246 355 443 99 77 183 303 273 214 331 409 408 469 327 380 427 474 116 66 165 281 391 173 230 285 395 462 292 233 349 436 347 397 439 463 476 201 319 54 149 270 269 379 457 453 420 472 40 133 253 369 368 451 186 245 306 405 467 153 128 244 360 332 274 385 448 447 382 426 459 174 117 226 339 434 234 290 343 437 350 293 401 464 399 438 466 261 374 100 211 329 328 425 473 454 81 193 314 417 416 247 305 363 444 215 187 304 410 386 333 429 428 458 235 175 286 392 294 348 396 402 351 441 440 465 320 421 154 271 384 383 134 254 370 307 362 412 275 248 361 430 387 295 236 344 352 400 442 403 375 216 330 194 315 364 411 334 308 353 296 276 255 
87 136 195 203 140 46 135 141 143 196 159 197 178 160 256 202 263 95 44 43 88 82 188 204 84 89 108 198 60 104 167 137 257 120 239 101 218 309 145 262 322 47 51 19 18 85 5 41 49 48 142 42 129 249 264 72 144 73 166 258 28 109 111 161 228 199 316 118 94 179 299 155 55 57 156 217 278 365 96 207 321 377 21 90 24 45 138 0 20 25 83 92 91 205 68 17 78 102 189 310 323 35 97 206 29 113 227 317 26 61 168 62 162 105 222 288 259 371 67 176 33 122 121 240 356 219 277 336 413 52 150 146 267 376 423 6 1 31 86 200 4 7 50 8 56 38 131 148 147 265 130 157 250 366 378 71 74 151 266 10 13 63 112 171 287 372 58 30 110 229 223 163 282 346 318 418 119 237 12 69 181 180 300 406 279 335 389 449 22 98 212 208 326 422 456 2 9 11 27 65 139 260 15 3 23 93 103 79 191 210 209 324 190 220 311 414 424 75 36 125 213 325 114 170 232 345 419 106 64 169 289 283 224 340 398 373 452 177 297 34 123 242 241 357 445 337 388 432 470 53 152 272 268 381 455 475 14 32 59 116 201 319 39 16 54 149 158 132 252 270 269 379 251 280 367 450 457 126 76 184 273 380 172 231 292 397 453 164 115 230 347 341 284 393 439 420 472 238 354 70 182 302 301 407 468 390 431 461 479 37 99 214 331 327 427 474 66 107 174 261 374 80 40 100 211 221 192 313 329 328 425 312 338 415 471 185 127 245 332 426 233 291 350 438 473 225 173 290 399 394 342 435 466 454 298 404 124 243 359 358 446 478 433 460 477 77 153 274 385 382 459 117 165 235 320 421 133 81 154 271 281 253 369 384 383 368 391 451 246 186 305 386 458 293 349 402 465 285 234 348 440 436 395 463 355 443 183 303 409 408 469 462 476 128 215 333 429 428 175 226 295 375 193 134 216 330 339 314 417 416 434 306 247 362 430 351 401 442 343 294 400 464 437 405 467 244 360 448 447 187 275 387 236 286 353 254 194 276 392 370 363 307 411 403 441 396 352 444 304 410 248 334 296 344 315 255 412 364 361 308 
137 203 167 257 198 85 109 199 202 197 256 263 166 161 228 258 316 144 88 45 138 61 168 259 141 145 239 262 188 218 309 204 322 113 227 105 222 288 206 317 371 90 97 48 49 142 20 31 86 91 200 30 110 229 318 96 207 179 299 321 129 249 217 278 365 264 377 112 74 171 287 162 58 156 163 223 282 346 151 266 372 418 52 146 83 92 205 7 50 27 65 139 147 260 63 11 64 106 169 289 373 122 150 267 121 240 356 376 102 189 310 176 277 219 336 413 323 423 75 170 36 125 114 232 345 224 283 340 398 98 213 208 325 419 452 22 38 131 148 265 3 23 93 56 59 32 116 201 209 319 115 164 230 347 420 119 181 212 326 78 69 180 237 300 406 422 157 130 250 366 335 279 389 449 378 456 126 231 14 76 184 172 292 397 284 341 393 439 53 152 273 268 380 453 472 34 15 79 103 191 210 324 16 39 54 149 107 66 174 261 269 374 173 225 290 399 454 177 123 242 272 381 241 297 357 445 455 220 190 311 414 388 337 432 470 424 475 185 291 37 127 245 233 350 438 342 394 435 466 99 214 332 327 426 473 136 70 132 158 252 270 379 40 80 100 211 165 117 235 320 328 421 234 285 348 440 84 238 182 302 331 427 301 354 407 468 474 280 251 367 450 431 390 461 479 457 196 246 349 77 186 305 293 402 465 395 436 463 159 124 153 274 386 382 458 143 192 221 313 329 425 81 133 154 271 226 175 295 375 383 44 294 343 400 60 298 243 359 385 459 358 404 446 478 140 338 312 415 471 460 433 477 195 87 306 401 128 247 362 351 442 108 437 464 104 183 215 333 430 428 89 253 281 369 384 46 134 193 216 330 286 236 353 18 19 352 396 28 355 303 409 429 95 408 443 469 178 391 368 451 135 476 462 160 363 441 187 307 411 403 73 57 111 244 275 387 72 47 314 339 417 43 194 254 276 5 344 296 24 10 26 405 360 448 51 447 467 120 434 416 82 155 101 412 62 248 364 35 29 304 334 21 370 392 41 255 315 0 8 1 444 410 94 68 118 55 42 71 308 13 361 6 17 25 9 4 67 33 2 12 
197 144 166 258 137 203 167 257 90 198 97 206 109 113 227 199 317 85 202 256 263 161 228 316 145 48 52 146 96 74 151 207 266 61 168 112 171 287 138 259 372 88 45 141 239 262 188 218 309 204 322 105 222 288 371 20 91 22 98 208 122 150 36 125 213 267 325 30 31 110 229 63 162 75 170 114 232 345 86 200 318 419 49 142 179 299 321 129 249 217 278 365 264 377 58 156 163 223 282 346 418 7 50 147 34 53 152 268 119 181 212 14 76 126 184 273 326 380 11 64 27 65 106 169 289 231 172 292 397 92 139 205 260 373 453 83 121 240 356 376 102 189 310 176 277 219 336 413 323 423 224 283 340 398 452 3 23 93 209 69 15 70 37 99 214 327 177 123 242 272 127 185 245 332 381 426 32 115 56 59 116 164 230 347 291 233 350 438 131 148 201 265 319 420 473 38 78 180 237 300 406 422 157 130 250 366 335 279 389 449 378 456 284 341 393 439 472 16 39 54 149 269 124 77 153 274 382 238 182 302 331 186 246 305 386 427 458 66 173 103 107 174 225 290 399 349 293 402 465 191 210 261 324 374 454 143 79 241 297 357 445 455 220 190 311 414 388 337 432 470 424 475 342 394 435 466 136 40 80 100 211 328 183 128 215 333 428 298 243 359 385 247 306 362 430 459 89 117 234 158 165 235 285 348 440 401 351 442 108 132 252 270 320 379 421 84 301 354 407 468 474 280 251 367 450 431 390 461 479 457 196 395 436 463 159 81 133 154 271 383 244 187 275 387 47 355 303 409 429 307 363 411 72 95 175 294 221 226 295 343 400 60 441 403 73 192 313 329 375 425 44 358 404 446 478 140 338 312 415 471 460 433 477 195 87 437 464 104 134 193 216 330 19 304 248 334 21 405 360 448 51 364 412 35 236 352 281 286 353 396 28 62 29 253 369 384 18 46 408 443 469 178 391 368 451 135 476 462 160 57 111 194 254 276 5 361 308 6 444 410 94 13 71 296 10 339 344 24 26 314 417 43 447 467 120 434 416 82 155 101 255 315 0 12 2 67 33 1 392 8 370 41 68 118 55 42 9 4 25 17 
257 138 168 259 258 263 228 316 91 199 86 200 227 110 229 317 318 206 204 309 322 222 288 371 142 146 50 147 92 65 139 205 260 171 287 106 169 289 266 372 373 207 151 262 249 264 299 278 365 321 377 223 282 346 418 98 208 23 93 209 131 148 32 116 201 265 319 114 125 232 345 64 163 59 164 115 230 347 213 325 419 420 150 267 189 310 323 240 356 219 336 413 376 423 170 277 283 224 340 398 452 53 152 268 39 54 149 269 103 191 210 16 66 107 174 261 324 374 76 172 126 184 231 292 397 225 173 290 399 212 273 326 380 453 454 181 130 250 366 378 237 300 406 157 279 335 389 449 422 456 341 284 393 439 472 37 99 214 327 79 70 80 40 100 211 328 158 132 252 270 117 165 235 320 379 421 127 233 177 185 245 291 350 438 285 234 348 440 242 272 332 381 426 473 84 123 180 190 220 311 414 424 297 241 357 445 337 388 432 470 455 475 394 342 435 466 136 77 124 153 274 382 133 81 154 271 383 221 192 313 329 175 226 295 375 425 44 186 293 238 246 305 349 402 465 343 294 400 60 302 331 386 427 458 143 137 182 251 280 367 450 457 354 301 407 468 390 431 461 479 474 196 436 395 463 159 197 128 183 215 333 428 193 134 216 330 19 281 253 369 384 236 286 353 18 46 85 247 351 298 306 362 401 442 108 396 352 28 109 243 359 385 430 459 89 198 312 338 415 471 87 404 358 446 478 433 460 477 195 140 203 464 437 104 167 187 244 275 387 47 254 194 276 5 48 339 314 417 43 296 344 24 45 88 307 403 355 363 411 441 73 166 26 10 61 303 409 429 72 95 144 368 391 451 135 141 443 408 469 178 462 476 160 256 202 111 57 161 248 304 334 21 90 315 255 0 20 392 370 41 49 1 8 31 364 29 405 412 35 62 113 58 30 360 448 51 97 145 416 434 82 188 467 447 120 239 101 155 218 162 105 308 361 6 52 4 9 7 25 17 83 11 27 13 63 444 71 74 112 410 94 96 42 55 129 118 68 179 156 217 2 12 22 15 3 56 38 36 67 75 33 122 78 102 176 121 14 34 119 69 
205 259 139 260 147 264 148 265 317 200 229 318 93 116 201 209 319 208 322 310 323 191 210 324 316 266 287 372 288 169 289 371 373 54 149 107 174 261 268 269 374 267 152 321 365 377 356 250 366 376 378 132 252 270 379 213 325 232 345 419 282 346 115 230 347 418 420 40 99 100 211 66 158 164 165 117 235 320 214 327 328 421 212 326 336 413 423 300 406 220 311 414 422 424 80 190 192 221 313 329 425 184 273 380 231 292 397 453 224 340 398 172 173 225 290 399 452 454 77 81 124 153 133 154 271 226 175 295 375 272 274 381 382 383 44 242 335 389 449 456 241 357 445 279 280 251 367 450 455 457 253 281 369 384 46 127 245 332 426 283 185 291 233 350 438 473 284 341 393 439 234 285 348 440 472 84 128 134 182 183 215 193 216 330 286 236 353 18 302 331 333 427 428 19 85 238 297 388 337 432 470 475 301 354 407 468 338 312 415 471 474 87 314 339 417 43 88 186 246 305 386 458 349 293 402 465 143 342 394 435 466 294 343 400 60 136 137 187 194 243 244 275 254 276 5 344 296 24 45 359 385 387 459 47 48 138 298 431 390 461 479 196 358 404 446 478 391 368 451 135 140 141 370 392 41 49 142 247 306 362 430 89 401 351 442 108 198 395 436 463 159 352 396 28 109 197 199 248 255 303 304 334 315 0 20 8 1 31 86 355 409 429 21 95 90 91 460 433 477 195 203 408 443 469 178 434 416 82 188 202 204 17 25 83 92 307 363 411 72 144 441 403 73 166 258 437 464 104 167 10 26 61 168 257 308 9 360 361 6 4 7 50 27 11 65 405 448 51 52 145 146 476 462 160 256 263 447 467 120 239 55 42 129 249 262 38 56 131 364 412 35 97 206 62 29 113 227 57 111 161 228 30 58 110 2 3 410 12 22 15 23 59 32 444 94 96 98 207 155 101 218 309 68 118 179 299 102 78 189 79 103 13 71 74 151 112 63 171 105 162 222 64 106 14 16 33 34 53 39 67 122 150 217 156 278 121 176 240 157 130 36 75 125 170 114 163 223 37 69 70 119 181 277 219 180 237 76 126 123 177 
210 174 260 261 149 252 265 270 117 201 230 235 209 318 319 211 320 100 221 311 313 323 324 329 165 81 173 175 225 289 290 226 295 268 269 371 373 374 154 271 375 133 153 192 280 281 251 366 367 253 369 376 378 379 384 128 134 233 234 236 284 285 345 347 348 286 353 325 214 327 328 372 377 346 418 419 420 421 215 216 330 18 183 193 337 338 339 301 312 413 414 415 314 417 326 406 422 423 424 425 43 186 187 194 291 293 294 296 340 342 343 292 397 398 399 400 344 24 273 380 272 274 381 382 383 452 453 454 44 244 275 254 276 5 45 243 388 390 391 392 357 358 368 389 449 445 450 451 370 41 455 456 457 46 49 245 247 248 255 341 246 349 350 351 352 1 393 394 395 396 438 439 440 28 8 31 332 426 302 331 333 427 428 19 472 473 84 85 303 304 334 315 0 20 86 298 354 431 432 433 434 25 407 404 408 416 470 468 471 82 17 83 474 475 87 88 92 305 306 307 308 9 401 402 403 10 11 435 436 437 26 465 466 60 61 27 65 386 458 359 385 387 459 47 48 136 143 137 138 360 361 6 4 7 50 139 355 460 461 462 55 56 446 443 447 42 479 478 135 129 38 131 140 196 141 142 148 362 363 364 2 3 441 442 29 30 32 463 464 57 58 108 159 109 110 59 116 430 89 409 429 21 95 90 91 197 198 199 200 405 410 12 22 15 23 93 476 477 101 102 103 469 467 68 78 195 178 188 189 79 191 202 203 204 205 411 412 13 14 16 62 73 63 64 66 104 111 105 106 166 167 168 169 107 72 144 448 51 52 145 146 147 257 258 259 444 33 34 53 39 54 155 160 156 157 158 120 118 121 130 256 239 249 250 132 262 263 264 35 71 36 37 40 112 113 114 115 161 162 163 164 227 228 229 97 206 94 96 98 207 208 316 317 67 69 70 99 80 217 218 219 220 179 176 180 190 309 299 310 321 322 74 75 76 77 170 171 172 222 223 224 287 288 151 266 122 150 152 267 119 123 124 277 278 279 240 237 241 365 356 125 126 127 231 232 282 283 213 181 212 177 182 335 336 300 297 184 185 242 238 
141 145 239 262 203 88 188 204 144 202 96 207 256 179 299 263 321 197 48 49 142 129 249 264 90 198 97 206 52 122 150 146 267 218 309 121 240 356 257 322 376 137 167 85 20 91 45 83 92 138 205 102 189 310 323 166 258 74 151 266 22 98 119 181 212 208 326 217 161 278 365 176 78 69 180 237 300 406 228 316 377 422 109 199 7 50 147 31 86 38 131 148 200 265 156 56 157 130 250 366 378 113 227 317 36 125 213 325 34 53 152 75 177 123 242 272 268 381 162 277 105 222 219 336 413 241 297 357 445 168 288 259 371 423 455 61 3 23 93 209 27 65 139 15 79 103 191 210 260 324 220 190 311 414 424 112 171 287 372 14 63 76 126 184 273 380 70 37 99 214 238 182 302 331 327 427 223 335 58 163 282 279 389 449 301 354 407 468 110 229 346 318 418 456 474 30 11 16 39 54 149 269 59 32 116 201 132 158 252 270 319 379 280 251 367 450 457 170 114 232 345 419 127 185 245 332 426 124 77 153 274 298 243 359 385 382 459 283 388 106 224 340 337 432 470 358 404 446 478 169 289 398 373 452 475 140 64 40 80 100 211 328 107 66 174 261 192 221 313 329 374 425 338 312 415 471 87 231 172 292 397 453 186 246 305 386 458 183 128 215 333 355 303 409 429 428 95 341 431 164 284 393 390 461 479 408 443 469 178 115 230 347 439 420 472 196 81 133 154 271 383 165 117 235 320 253 281 369 384 421 46 391 368 451 135 291 233 350 438 473 247 306 362 430 89 244 187 275 387 405 360 448 51 47 394 460 225 342 435 433 477 195 447 467 120 173 290 399 466 454 136 134 193 216 330 19 226 175 295 375 314 339 417 43 44 434 416 82 349 293 402 465 143 307 363 411 72 304 248 334 21 444 410 94 436 476 285 395 463 462 160 68 118 234 348 440 159 84 194 254 276 5 286 236 353 18 370 392 41 55 42 401 351 442 108 364 412 35 361 308 6 67 33 464 155 343 437 104 101 294 400 60 255 315 0 344 296 24 17 25 441 403 73 13 71 12 2 111 396 57 352 28 9 4 8 1 62 29 26 10 
202 197 256 263 141 145 239 262 137 203 167 257 188 218 309 204 322 88 144 96 207 179 299 321 198 85 109 199 166 161 228 258 316 129 249 217 278 365 142 264 377 48 49 90 97 206 52 122 150 146 267 121 240 356 376 45 138 61 168 259 113 227 105 222 288 317 371 102 83 189 310 156 176 162 277 219 336 413 92 205 323 423 20 91 74 151 266 22 98 119 181 212 208 326 78 69 180 237 300 406 422 31 86 200 30 110 229 318 112 171 287 58 163 223 282 346 372 418 56 157 38 131 130 250 366 335 279 389 449 50 148 147 265 378 456 7 36 125 213 325 34 53 152 75 177 123 242 272 268 381 241 297 357 445 455 27 65 139 260 63 11 64 106 169 289 373 170 114 232 345 224 283 340 398 419 452 103 220 15 79 191 190 311 414 388 337 432 470 23 93 210 209 324 424 475 3 14 76 126 184 273 380 70 37 99 214 238 182 302 331 327 427 301 354 407 468 474 59 32 116 201 319 115 164 230 347 420 231 172 292 397 284 341 393 439 453 472 158 280 39 132 252 251 367 450 431 390 461 479 54 149 270 269 379 457 196 16 127 185 245 332 426 124 77 153 274 298 243 359 385 382 459 358 404 446 478 140 107 66 174 261 374 173 225 290 399 454 291 233 350 438 342 394 435 466 473 136 221 338 80 192 313 312 415 471 460 433 477 195 40 100 211 329 328 425 87 186 246 305 386 458 183 128 215 333 355 303 409 429 428 95 408 443 469 178 165 117 235 320 421 234 285 348 440 84 349 293 402 465 395 436 463 159 143 281 391 133 253 369 368 451 135 476 462 160 81 154 271 384 383 46 247 306 362 430 89 244 187 275 387 405 360 448 51 47 447 467 120 226 175 295 375 44 294 343 400 60 401 351 442 108 437 464 104 339 434 193 314 417 416 82 155 101 134 216 330 43 19 307 363 411 72 304 248 334 21 444 410 94 68 118 286 236 353 18 352 396 28 441 403 73 57 111 392 55 254 370 41 42 194 276 5 364 412 35 361 308 6 67 33 344 296 24 10 26 62 29 25 315 17 255 0 13 71 12 2 8 1 4 9 
262 142 249 264 263 207 299 321 138 204 92 205 309 189 310 322 323 257 146 150 267 240 356 376 91 199 86 200 50 131 148 147 265 278 365 130 250 366 316 377 378 258 228 206 98 208 151 181 212 266 326 237 300 406 422 168 259 65 139 260 23 93 103 191 210 209 324 219 222 336 413 157 180 79 190 220 311 414 288 371 423 424 227 317 53 152 268 125 213 123 242 272 325 381 277 177 297 241 357 445 455 110 229 318 32 116 201 319 39 54 149 59 158 132 252 270 269 379 163 279 223 282 335 389 449 251 280 367 450 287 346 372 418 456 457 171 37 99 214 327 126 184 273 70 182 238 302 331 380 427 354 301 407 468 474 106 169 289 373 16 64 66 107 174 261 374 80 40 100 211 221 192 313 329 328 425 224 337 170 283 340 388 432 470 312 338 415 471 232 345 398 419 452 475 87 114 76 77 124 153 274 382 185 127 245 332 243 298 359 385 426 459 404 358 446 478 140 164 115 230 347 420 117 165 235 320 421 133 81 154 271 281 253 369 384 383 46 284 390 231 341 393 431 461 479 368 391 451 135 292 397 439 453 472 196 141 172 128 183 215 333 428 246 186 305 386 303 355 409 429 458 95 443 408 469 178 202 225 173 290 399 454 175 226 295 375 44 193 134 216 330 339 314 417 43 19 88 342 433 291 394 435 460 477 195 416 434 82 188 233 350 438 466 473 136 203 187 244 275 387 47 306 247 362 430 360 405 448 51 89 145 467 447 120 239 285 234 348 440 84 236 286 353 18 85 254 194 276 5 392 370 41 49 48 395 462 349 436 463 476 160 256 42 55 129 293 402 465 159 143 197 248 304 334 21 90 363 307 411 72 410 444 94 96 144 118 68 179 343 294 400 60 137 296 344 24 45 315 255 0 20 25 17 83 437 101 401 464 104 155 218 78 102 351 442 108 167 198 308 361 6 52 412 364 35 97 33 67 122 176 121 396 352 28 109 1 8 31 4 9 7 56 38 57 156 441 111 161 217 403 73 166 2 12 22 71 13 74 69 119 26 10 61 11 27 15 3 105 62 162 29 113 14 34 75 36 58 30 112 63 
147 264 148 265 200 208 93 209 322 205 310 323 139 191 210 260 324 259 267 152 268 54 149 269 321 316 365 377 356 250 366 376 378 116 201 132 252 270 318 319 379 317 229 266 212 326 213 99 214 325 327 40 100 211 328 288 371 336 413 423 300 406 220 311 414 422 424 107 169 174 261 158 80 190 192 221 313 329 289 373 374 425 287 372 242 272 381 184 273 124 153 274 380 382 66 77 81 133 154 271 383 282 346 418 335 389 449 456 241 357 445 279 280 251 367 450 455 457 164 165 115 230 117 235 320 253 281 369 384 345 347 419 420 421 46 232 238 302 331 427 127 245 332 182 183 128 215 333 426 428 134 193 216 330 19 224 340 398 452 297 283 388 337 432 470 475 301 354 407 468 338 312 415 471 474 87 225 226 172 173 290 175 295 375 314 339 417 43 292 397 399 453 454 44 88 231 185 298 243 359 385 459 186 246 305 386 244 187 275 387 458 47 194 254 276 5 48 284 341 393 439 472 431 390 461 479 196 358 404 446 478 391 368 451 135 140 141 285 286 233 234 348 236 353 18 370 392 41 49 350 438 440 473 84 85 142 291 355 303 409 429 95 247 306 362 430 304 248 334 21 89 90 255 315 0 20 91 342 394 435 466 136 460 433 477 195 203 408 443 469 178 434 416 82 188 202 204 343 344 293 294 400 296 24 45 17 25 83 92 349 402 465 60 143 137 138 405 360 448 51 145 307 363 411 72 361 308 6 52 144 146 9 4 7 50 395 436 463 159 197 476 462 160 256 263 447 467 120 239 55 42 129 249 262 396 8 351 352 28 1 31 86 38 56 131 401 442 108 109 198 199 444 410 94 96 207 364 412 35 97 12 2 22 98 206 3 15 23 437 464 104 167 257 155 101 218 309 68 118 179 299 102 78 189 26 27 403 10 61 11 65 79 103 441 73 166 168 258 67 33 122 150 13 71 74 151 34 14 53 16 39 57 111 161 228 217 156 278 121 176 240 157 130 58 59 29 30 110 32 62 113 227 119 69 181 36 75 125 70 37 105 162 222 277 219 180 237 106 63 64 112 171 177 123 76 126 163 223 114 170 
207 258 151 266 146 262 150 267 199 206 227 317 98 125 213 208 325 91 263 299 321 181 212 326 257 138 168 259 228 171 287 316 372 53 152 126 184 273 147 268 380 142 50 204 309 322 249 240 356 264 376 123 242 272 381 86 200 110 229 318 222 288 114 232 345 371 419 37 23 99 214 76 177 170 185 127 245 332 93 209 327 426 92 205 278 365 377 189 310 237 300 406 323 422 70 180 182 238 302 331 427 65 139 260 106 169 289 373 223 282 346 64 172 231 292 397 418 453 16 77 39 54 124 153 274 246 186 305 386 148 149 265 269 382 458 131 219 336 413 423 130 250 366 277 297 241 357 445 378 455 243 298 359 385 459 32 116 201 319 163 59 164 115 230 347 420 283 224 340 398 233 291 350 438 452 473 40 128 79 80 100 183 215 333 306 247 362 430 191 210 211 324 328 428 89 103 157 279 335 389 449 456 190 220 311 414 354 301 407 468 424 474 303 355 409 429 95 66 107 174 261 374 225 173 290 399 454 341 284 393 439 293 349 402 465 472 143 81 187 132 133 154 244 275 387 363 307 411 72 252 270 271 379 383 47 144 158 337 388 432 470 475 251 280 367 450 404 358 446 478 457 140 360 405 448 51 145 117 165 235 320 421 285 234 348 440 84 394 342 435 466 351 401 442 108 136 198 134 248 192 193 216 304 334 21 412 364 35 97 221 313 329 330 425 19 90 390 431 461 479 196 312 338 415 471 443 408 469 178 87 202 410 444 94 96 175 226 295 375 44 343 294 400 60 137 436 395 463 159 403 441 73 166 197 194 308 253 254 276 361 6 52 71 13 74 281 369 384 5 46 48 433 460 477 195 203 368 391 451 135 467 447 120 239 141 33 67 122 236 286 353 18 85 396 352 28 109 464 437 104 167 29 62 113 255 2 314 315 0 12 22 75 36 339 417 43 20 88 462 476 160 256 416 434 82 188 118 68 179 69 119 296 344 24 45 26 10 61 111 57 161 63 112 9 14 370 4 7 34 392 41 49 101 155 218 42 55 129 176 121 1 8 31 58 30 162 105 3 17 15 25 83 156 217 78 102 11 27 38 56 
146 262 150 267 206 91 98 208 263 207 299 321 151 181 212 266 326 258 142 50 147 53 152 268 204 257 309 322 249 240 356 264 376 125 213 123 242 272 317 325 381 199 227 138 92 205 86 23 93 200 209 37 99 214 327 228 316 278 365 377 189 310 237 300 406 323 422 126 171 184 273 177 70 180 182 238 302 331 287 372 380 427 168 259 131 148 265 65 139 39 54 149 260 269 76 16 77 124 153 274 382 222 288 371 219 336 413 423 130 250 366 277 297 241 357 445 378 455 170 185 114 232 127 245 332 243 298 359 385 229 345 318 419 426 459 110 103 191 210 324 32 116 201 79 80 40 100 211 319 328 128 183 215 333 428 223 282 346 418 157 163 279 335 389 449 456 190 220 311 414 354 301 407 468 424 474 231 246 64 172 292 186 305 386 303 355 409 429 169 289 397 373 453 458 95 106 59 158 132 252 270 379 66 107 174 261 133 81 154 271 374 383 187 244 275 387 47 283 224 340 398 452 337 388 432 470 475 251 280 367 450 404 358 446 478 457 140 291 306 115 233 350 247 362 430 360 405 448 51 230 347 438 420 473 89 145 164 221 192 313 329 425 117 165 235 320 193 134 216 330 421 19 248 304 334 21 90 341 284 393 439 472 390 431 461 479 196 312 338 415 471 443 408 469 178 87 202 349 363 173 293 402 307 411 72 410 444 94 96 225 290 399 465 454 143 144 281 253 369 384 46 175 226 295 375 254 194 276 5 44 48 308 361 6 52 394 342 435 466 136 433 460 477 195 203 368 391 451 135 467 447 120 239 141 401 412 234 351 442 364 35 97 33 67 122 285 348 440 108 84 198 339 314 417 43 88 236 286 353 18 315 255 0 20 85 2 12 22 436 395 463 159 197 462 476 160 256 416 434 82 188 118 68 179 441 71 294 403 73 13 74 69 119 343 400 60 166 137 392 370 41 49 296 344 24 45 4 9 7 14 34 464 437 104 167 101 155 218 42 55 129 176 121 62 75 352 29 113 36 396 28 109 25 17 83 1 8 31 15 3 111 57 161 156 217 78 102 112 10 63 26 61 56 38 11 27 162 105 30 58 
267 147 152 268 266 321 212 326 200 208 93 209 213 99 214 325 327 317 264 356 376 242 272 381 205 259 139 260 148 54 149 265 269 184 273 124 153 274 372 380 382 316 287 322 310 323 365 300 406 377 422 238 302 331 427 229 318 116 201 319 191 210 40 100 211 324 328 127 232 245 332 77 182 80 183 128 215 333 345 419 426 428 288 371 250 366 378 336 413 241 357 445 423 455 185 297 298 243 359 385 459 169 289 373 107 174 261 374 132 252 270 66 81 133 154 271 379 383 172 186 231 292 246 305 386 244 187 275 387 346 397 418 453 458 47 282 220 311 414 424 335 389 449 190 301 354 407 468 456 474 355 303 409 429 95 115 230 347 420 158 164 165 117 235 320 421 192 221 313 329 134 193 216 330 425 19 233 247 283 291 350 306 362 430 304 248 334 21 340 398 438 452 473 89 90 224 279 280 251 367 450 457 388 337 432 470 358 404 446 478 475 140 405 360 448 51 145 173 225 290 399 454 226 175 295 375 44 253 281 369 384 194 254 276 5 46 48 293 307 341 349 402 363 411 72 361 308 6 52 393 439 465 472 143 144 146 284 338 312 415 471 87 431 390 461 479 408 443 469 178 196 202 444 410 94 96 207 234 285 348 440 84 286 236 353 18 85 314 339 417 43 255 315 0 20 88 91 351 364 394 401 442 412 35 97 12 2 22 98 342 435 466 108 136 198 206 391 368 451 135 141 460 433 477 195 447 467 120 239 203 262 67 33 122 150 294 343 400 60 137 344 296 24 45 138 370 392 41 49 9 4 7 50 142 403 13 436 441 73 71 74 151 34 14 53 395 463 159 166 197 258 434 416 82 188 204 476 462 160 256 68 118 179 299 263 119 69 181 352 396 28 109 199 8 1 31 86 17 25 83 92 3 15 23 29 36 464 62 113 75 125 70 37 437 104 167 227 257 55 42 129 249 155 101 218 309 121 176 240 177 123 10 26 61 168 27 11 65 38 56 131 16 39 63 76 111 112 171 126 57 161 228 102 78 189 217 156 278 180 237 30 58 110 59 32 79 103 114 162 170 105 222 157 130 277 219 64 106 223 163 
265 268 149 269 260 323 210 324 325 209 214 327 201 100 211 319 328 318 376 366 378 252 270 379 326 372 273 380 272 153 274 381 382 174 261 133 154 271 373 374 383 371 289 377 406 422 413 311 414 423 424 221 313 329 425 345 419 245 332 426 302 331 128 215 333 427 428 117 230 235 320 81 192 183 193 134 216 330 347 420 421 19 346 418 357 445 455 389 449 251 367 450 456 457 165 280 281 253 369 384 46 292 397 453 246 305 386 458 243 359 385 186 187 244 275 387 459 47 173 175 225 290 226 295 375 254 194 276 5 398 399 452 454 44 48 340 354 407 468 474 337 432 470 301 312 338 415 471 475 87 339 314 417 43 88 233 350 438 473 298 291 306 247 362 430 89 303 355 409 429 248 304 334 21 95 90 234 236 284 285 348 286 353 18 315 255 0 20 393 439 440 472 84 85 91 341 388 404 358 446 478 140 390 431 461 479 368 391 451 135 196 141 392 370 41 49 142 293 349 402 465 143 363 307 411 72 144 360 405 448 51 308 361 6 52 145 146 294 296 342 343 400 344 24 45 4 9 7 50 435 466 60 136 137 138 147 394 443 408 469 178 202 433 460 477 195 416 434 82 188 203 204 25 17 83 92 205 351 401 442 108 198 412 364 35 97 206 410 444 94 96 2 12 22 98 207 208 352 1 395 396 28 8 31 86 15 3 23 93 436 463 159 109 197 199 200 467 447 120 239 262 462 476 160 256 42 55 129 249 263 264 56 38 131 148 403 441 73 166 258 71 13 74 151 266 33 67 122 150 14 34 53 152 267 10 11 437 26 61 27 65 139 39 16 54 464 104 167 168 257 259 118 68 179 299 321 101 155 218 309 78 102 189 310 322 103 79 191 29 62 113 227 317 75 36 125 213 69 119 181 212 37 70 99 30 32 57 58 110 59 116 80 40 111 161 228 229 316 176 121 240 356 156 217 278 365 130 157 250 158 132 63 112 171 287 126 76 184 123 177 242 77 124 64 66 105 106 169 107 162 222 288 237 180 300 219 277 336 190 220 114 170 232 185 127 182 238 115 163 164 223 282 297 241 279 335 172 231 224 283 
149 252 265 270 201 100 209 211 221 210 311 313 260 323 324 261 329 174 133 153 154 268 269 271 192 165 280 281 251 366 367 253 369 318 319 376 378 379 235 320 384 117 230 81 183 193 128 214 215 134 216 325 327 328 330 225 226 337 338 339 301 312 413 414 415 314 417 371 289 373 374 377 326 406 422 423 424 425 290 295 375 43 173 175 243 244 254 186 187 272 274 275 194 276 372 273 380 381 382 383 5 284 285 286 388 390 391 392 357 358 368 389 449 445 450 451 370 41 346 418 345 347 419 420 421 455 456 457 46 234 348 236 353 18 49 233 298 303 304 315 245 247 248 302 331 332 333 334 255 0 426 427 428 19 20 340 342 343 344 354 341 431 432 433 434 25 407 404 408 416 470 468 471 82 17 83 398 452 292 397 399 453 454 44 474 475 87 88 293 294 400 296 24 45 92 291 246 355 359 360 361 4 305 306 307 308 385 386 387 6 9 7 458 459 47 48 50 393 394 395 396 8 460 461 462 55 56 446 443 447 42 479 478 135 129 38 131 439 472 350 438 440 473 84 85 140 196 141 142 351 352 28 1 31 86 148 349 405 409 410 12 15 362 363 364 2 429 430 21 22 3 23 89 95 90 91 93 435 436 437 26 27 476 477 101 102 103 469 467 68 78 195 178 188 189 79 191 466 136 402 465 60 143 137 138 202 203 204 205 401 403 10 61 11 65 139 444 448 33 34 39 411 412 13 14 51 72 52 53 16 54 144 145 146 147 463 464 57 58 59 155 160 156 157 158 120 118 121 130 256 239 249 250 132 159 197 442 108 109 198 199 200 262 263 264 441 29 30 110 32 116 67 94 69 70 80 35 71 36 37 96 97 98 99 40 206 207 208 104 111 105 106 107 217 218 219 220 179 176 180 190 309 299 310 167 257 73 166 168 258 259 321 322 62 63 64 169 66 119 122 123 124 74 75 76 77 150 151 152 266 267 161 162 163 164 277 278 279 240 237 241 365 356 228 316 113 227 229 317 112 114 115 177 181 182 125 126 127 212 213 222 223 224 335 336 300 297 288 171 287 170 172 238 242 184 185 282 283 232 231 
270 154 269 271 261 313 324 329 134 211 215 216 319 327 328 320 330 235 253 367 369 378 379 384 193 175 187 194 244 274 275 254 276 373 374 381 382 383 295 375 5 226 290 281 312 314 338 414 415 339 417 423 424 425 43 234 236 247 248 255 303 304 332 333 334 315 0 419 347 420 421 380 422 331 427 426 428 19 348 353 18 20 285 286 358 368 370 390 391 445 450 451 392 41 418 449 456 455 457 46 49 293 294 296 306 307 308 9 359 360 361 305 386 385 387 6 4 7 397 453 398 399 452 454 44 459 458 47 48 343 400 344 24 45 50 342 404 408 416 17 432 433 434 407 468 470 471 82 25 83 475 474 87 88 92 350 351 352 1 355 349 363 362 364 2 3 409 405 410 12 430 429 21 22 15 23 438 473 393 439 440 472 84 85 95 89 90 91 395 396 28 8 31 86 93 394 431 443 446 447 42 38 461 460 462 55 478 479 135 129 56 131 196 140 141 142 148 402 401 403 10 11 412 411 13 14 16 448 444 33 34 72 51 52 53 39 54 465 143 435 466 60 136 137 138 145 144 146 147 437 26 61 27 65 139 149 436 467 469 68 78 79 477 476 101 102 178 195 188 189 103 191 203 202 204 205 210 442 441 29 30 32 71 35 36 37 40 94 67 69 70 97 96 98 99 80 100 108 198 463 159 109 197 199 200 207 206 208 209 464 57 58 110 59 116 201 118 120 121 130 132 160 155 156 157 239 256 249 250 158 252 263 262 264 265 73 62 63 64 66 75 74 76 77 81 122 119 123 124 151 150 152 153 133 166 258 104 167 168 257 259 260 267 266 268 111 105 106 169 107 174 176 179 180 190 192 218 217 219 220 299 309 310 311 221 322 321 323 113 112 114 115 117 126 125 127 128 181 177 182 183 213 212 214 227 317 161 228 229 316 318 326 325 162 163 164 230 165 237 240 241 251 278 277 279 280 356 365 366 377 376 171 170 172 173 185 184 186 242 238 243 273 272 287 372 222 288 289 371 223 224 225 297 300 301 336 335 337 406 413 232 231 233 246 245 302 298 345 282 346 283 284 354 357 389 388 292 291 340 341 
152 242 267 272 213 99 208 214 238 212 300 302 266 321 326 273 331 184 124 54 153 147 268 274 182 185 297 298 241 356 357 243 359 317 325 264 376 381 245 332 385 127 232 77 80 183 40 93 100 128 215 200 209 327 333 231 246 335 354 355 190 301 365 406 407 303 409 316 287 372 380 322 205 310 323 377 422 427 292 305 386 429 172 186 132 133 244 66 81 148 149 154 187 275 259 139 260 265 269 382 387 283 291 306 279 388 404 405 250 251 358 336 413 366 445 446 360 448 288 371 229 345 318 419 426 378 423 455 459 233 350 247 362 430 51 115 158 192 193 304 116 117 134 191 210 201 211 216 248 334 319 324 328 428 21 282 341 349 363 220 224 337 389 431 443 444 311 280 312 408 449 414 468 469 410 94 346 418 169 289 397 373 453 458 424 456 474 95 173 293 402 307 411 72 96 164 107 221 252 253 254 361 174 165 175 194 270 261 271 276 308 6 374 379 383 47 52 340 284 394 401 412 390 432 460 467 67 367 338 368 447 470 450 478 120 33 122 398 452 230 347 438 420 473 89 457 475 140 145 234 351 442 364 35 97 150 225 281 313 314 315 12 235 226 236 255 329 320 330 0 2 22 421 425 19 90 98 393 342 436 441 71 433 461 476 118 119 415 391 416 68 479 471 178 179 69 181 439 472 290 399 465 454 143 144 87 196 202 207 285 294 403 73 13 74 151 339 369 370 4 34 295 286 296 9 384 375 5 7 14 53 44 46 48 146 435 395 464 62 75 462 477 155 176 177 451 434 42 121 195 135 239 240 123 466 136 348 440 108 84 198 206 141 203 262 343 352 29 113 36 125 392 417 17 15 70 353 344 1 3 43 18 20 23 37 85 88 91 463 437 111 112 126 101 160 217 237 82 55 78 180 256 188 299 159 197 400 60 166 137 258 204 263 396 10 63 171 76 25 41 38 39 24 8 11 16 49 45 50 138 142 104 57 162 170 156 218 277 129 102 130 309 249 167 257 28 109 227 199 26 30 114 56 83 79 31 27 32 92 86 161 105 223 219 278 189 157 228 61 168 58 64 103 131 65 59 222 163 110 106 
212 184 266 273 152 242 267 272 127 213 232 245 208 317 325 214 332 99 238 300 302 321 326 331 185 77 172 186 231 287 292 246 305 147 268 316 372 380 153 274 386 124 54 182 297 298 241 356 357 243 359 264 376 381 385 40 128 115 233 247 283 291 229 345 350 306 362 200 93 209 327 259 322 288 371 318 419 426 100 215 333 430 80 183 335 354 355 190 301 365 406 407 303 409 205 310 323 377 422 427 429 66 81 187 164 173 293 307 282 341 349 169 289 346 397 402 363 411 139 260 148 149 265 269 382 418 373 453 458 133 154 244 275 387 72 132 279 388 404 405 250 251 358 336 413 366 445 446 360 448 378 423 455 459 51 116 117 134 248 224 107 225 230 234 351 364 340 284 394 401 347 398 438 442 412 35 201 319 191 210 211 324 328 428 452 420 473 89 192 193 216 304 334 21 97 158 220 337 389 431 443 444 311 280 312 408 449 414 468 469 410 94 424 456 474 95 96 174 165 175 194 308 285 290 294 403 13 393 342 436 441 399 439 465 73 71 74 261 374 252 270 271 379 383 47 472 454 143 144 253 254 276 361 6 52 151 221 390 432 460 467 67 367 338 368 447 470 450 478 120 33 122 457 475 140 145 150 235 226 236 255 2 343 348 352 29 36 435 395 464 62 440 466 108 113 75 125 320 421 313 329 330 425 19 90 136 84 198 206 281 314 315 0 12 22 98 433 461 476 118 119 415 391 416 68 479 471 178 179 69 181 87 196 202 207 295 286 296 9 14 396 400 10 63 76 463 437 111 112 60 159 166 171 126 375 44 369 384 5 46 48 146 197 137 258 339 370 4 7 34 53 462 477 155 176 177 451 434 42 121 195 135 239 240 123 141 203 262 353 344 1 3 37 26 28 30 114 104 57 162 170 109 167 227 18 85 417 43 20 88 91 257 199 392 17 15 23 70 101 160 217 237 82 55 78 180 256 188 299 204 263 24 8 11 16 58 61 64 161 105 223 168 228 45 138 41 49 50 142 25 38 39 156 218 277 129 102 130 309 249 31 27 32 106 110 222 163 86 83 92 56 79 219 278 189 157 65 59 131 103 
272 153 268 274 273 302 326 331 128 214 100 215 325 209 327 332 333 245 243 357 359 376 381 385 183 186 81 187 133 149 154 244 275 372 380 265 269 382 305 386 387 246 292 298 301 303 354 406 407 355 409 377 422 427 429 233 247 117 134 248 192 193 201 211 216 304 334 318 345 419 426 260 323 210 324 319 328 428 350 362 430 21 291 306 251 358 360 388 404 366 445 446 405 448 371 413 423 378 455 459 51 173 293 307 165 175 194 308 252 253 254 174 261 270 271 276 361 6 289 373 346 397 418 453 458 379 374 383 47 349 402 363 411 72 52 341 280 312 408 410 389 431 443 311 414 449 468 469 444 94 456 424 474 95 96 230 234 351 364 221 225 226 235 236 255 2 313 281 314 315 320 329 330 0 12 22 347 420 340 398 438 452 473 89 425 421 19 90 394 401 442 412 35 97 98 284 337 338 367 368 447 33 432 390 460 467 450 470 478 120 67 122 475 457 140 145 150 290 285 294 403 13 286 295 296 9 14 369 339 370 4 375 384 5 7 34 53 399 454 393 439 465 472 143 144 46 44 48 146 436 441 73 71 74 151 152 342 391 415 416 68 69 461 433 476 118 471 479 178 179 119 181 196 87 202 207 212 348 343 352 29 36 344 353 1 3 37 417 392 17 15 18 43 20 23 70 99 440 84 435 466 108 136 198 206 88 85 91 208 395 464 62 113 75 125 213 434 451 42 121 123 477 462 155 176 135 195 239 240 177 242 203 141 262 267 400 396 10 63 76 8 24 11 16 77 41 25 38 39 45 49 50 54 124 60 137 463 159 166 197 258 266 142 138 147 437 111 112 171 126 184 55 82 78 180 182 160 101 217 237 188 256 299 300 238 263 204 321 28 26 30 114 127 27 31 32 40 83 56 79 80 86 92 93 109 199 104 167 227 257 317 205 200 57 162 170 232 185 102 129 130 241 218 156 277 297 249 309 356 322 264 61 58 64 172 59 65 66 131 103 132 139 148 168 259 161 228 287 316 105 223 231 157 189 190 278 219 335 310 365 110 106 115 107 116 191 158 229 222 288 163 283 220 250 336 279 169 164 282 224 
244 274 154 275 187 303 193 304 332 215 327 333 134 211 216 248 334 247 359 358 360 253 254 361 331 305 380 386 381 269 382 385 387 175 194 270 271 276 307 308 6 306 293 355 407 409 404 312 408 405 410 281 314 315 12 350 362 419 426 430 422 427 319 328 428 429 21 235 234 236 255 261 313 324 329 320 330 0 351 364 2 22 349 363 445 446 448 431 443 367 368 447 444 33 226 338 339 369 370 4 34 397 402 411 418 453 458 72 378 455 459 373 374 379 383 47 51 52 290 295 285 294 286 296 9 384 375 5 7 401 403 412 13 14 53 394 449 468 469 94 390 460 467 414 415 391 416 68 67 69 392 417 17 15 70 347 438 442 35 423 398 452 420 473 89 97 424 456 474 95 421 425 19 90 96 98 348 353 342 343 352 344 1 3 43 18 20 23 436 441 29 71 36 37 99 393 432 470 450 478 120 122 433 461 476 118 451 434 42 121 119 123 25 41 38 39 124 399 439 465 73 74 472 454 143 144 151 457 475 140 145 44 46 48 146 150 152 400 24 395 396 10 8 11 16 49 45 50 54 464 62 63 75 76 77 153 435 479 471 178 179 181 462 477 155 176 82 55 78 180 177 182 56 83 79 80 183 440 466 108 113 125 136 84 198 206 213 87 196 202 207 85 88 91 208 212 214 28 31 437 26 30 27 32 40 92 86 93 100 463 111 112 114 126 127 128 195 135 239 240 242 101 160 217 237 129 102 130 241 238 243 103 131 132 133 60 159 166 171 184 197 137 258 266 273 141 203 262 267 138 142 147 268 272 61 65 57 58 64 59 66 81 148 139 149 104 162 170 172 185 186 256 188 299 300 302 156 218 277 297 189 157 190 301 298 158 191 192 109 167 227 232 245 257 199 317 325 204 263 321 326 200 205 209 110 116 105 106 115 107 117 210 201 161 223 231 233 246 309 249 356 357 219 278 335 354 250 220 251 221 252 168 228 287 292 316 259 372 264 322 376 260 265 169 174 163 164 173 165 222 283 291 365 310 406 279 336 388 311 280 229 288 345 371 318 323 377 230 224 225 282 341 413 366 337 389 289 346 284 340 
254 271 275 276 194 314 304 315 320 216 328 330 248 333 334 255 0 236 369 368 370 360 361 4 329 295 374 375 379 382 383 384 5 307 308 385 387 6 296 9 7 286 294 339 415 417 391 408 416 392 17 405 410 12 15 348 353 420 421 18 424 425 426 428 19 43 20 362 351 364 2 386 409 427 429 430 21 22 352 1 3 23 343 344 450 451 41 433 434 446 447 42 25 38 363 443 444 448 33 34 39 399 400 24 452 454 44 45 455 457 46 453 458 459 47 48 49 50 402 411 401 403 412 13 14 51 72 52 53 396 10 8 11 16 54 395 470 471 82 83 460 462 55 468 469 467 68 78 56 79 67 94 69 70 80 438 440 28 31 456 439 472 473 84 85 86 474 475 87 88 89 95 90 91 92 93 442 35 436 441 29 71 36 37 96 97 98 99 437 26 30 27 32 40 100 435 461 479 478 135 129 131 476 477 101 102 120 118 121 130 103 132 119 122 123 124 133 465 466 60 61 65 136 143 137 138 139 140 196 141 142 144 145 146 147 148 149 73 74 464 62 63 75 76 77 150 151 152 153 57 58 64 59 66 81 154 463 195 178 188 189 191 155 160 156 157 179 176 180 190 158 192 177 181 182 183 193 108 159 109 110 116 197 198 199 200 201 202 203 204 205 206 207 208 209 210 211 113 125 111 112 114 126 127 128 212 213 214 215 104 105 106 115 107 117 134 256 239 249 250 252 217 218 219 220 240 237 241 251 221 253 238 242 243 244 166 167 168 169 174 257 258 259 260 261 262 263 264 265 266 267 268 269 270 171 184 162 170 172 185 186 187 272 273 274 161 163 164 173 165 175 309 299 310 311 313 277 278 279 280 300 297 301 312 281 298 302 303 227 228 229 230 235 316 317 318 319 321 322 323 324 325 326 327 232 245 223 231 233 246 247 331 332 222 224 225 234 226 365 356 366 367 335 336 337 338 357 354 358 355 359 287 288 289 290 371 372 373 376 377 378 380 381 292 305 283 291 293 306 282 284 285 413 406 414 388 389 390 407 404 345 346 347 418 419 422 423 350 341 349 340 342 449 445 431 432 397 398 394 393 
156 176 162 277 218 102 105 219 179 217 119 237 161 112 223 278 335 256 78 56 157 58 163 279 121 239 122 240 69 75 177 180 297 167 222 63 170 283 309 336 388 188 203 129 38 130 83 27 103 189 220 61 106 224 337 202 299 96 181 300 34 123 74 126 238 241 354 166 197 228 282 113 30 36 114 171 231 341 263 365 389 431 141 249 15 79 190 49 131 11 59 158 250 280 109 31 110 64 164 284 390 145 262 356 52 150 242 357 14 70 182 97 125 76 185 298 301 404 198 227 137 257 168 288 340 172 232 291 394 204 322 310 413 432 460 88 7 39 132 251 45 92 191 3 32 65 107 221 311 338 169 115 225 342 433 144 207 321 406 22 90 98 151 212 302 407 37 53 124 243 184 127 246 355 358 443 258 287 85 199 316 229 346 393 233 292 349 436 142 264 377 366 449 461 476 48 20 23 16 80 192 312 86 50 148 252 66 116 165 281 367 391 230 173 285 395 462 206 146 267 376 445 152 213 272 359 446 77 99 183 303 245 186 306 405 408 467 317 345 138 259 371 289 398 435 293 350 401 464 205 323 423 414 470 477 155 91 54 40 133 253 368 139 93 210 313 117 174 226 339 415 434 290 234 343 437 101 266 208 326 422 468 214 273 331 409 469 128 153 244 360 305 247 363 444 447 118 372 397 200 318 418 347 439 463 351 402 441 111 147 265 378 456 450 479 160 100 81 193 314 416 201 149 270 369 175 235 286 392 451 55 348 294 396 57 325 268 381 455 478 274 332 385 448 120 187 215 304 410 362 307 412 67 68 419 438 260 373 452 399 466 104 403 442 62 209 324 424 475 471 195 154 134 254 370 42 261 211 329 417 236 295 344 25 82 400 352 26 380 327 427 474 178 333 386 429 94 248 275 361 33 411 364 71 453 465 319 420 472 440 159 29 73 269 379 457 196 135 216 194 315 17 320 271 384 41 296 353 8 28 10 426 382 459 140 387 430 51 308 334 12 35 13 473 108 374 454 136 60 328 425 87 276 255 4 375 330 43 1 24 458 428 95 21 72 2 6 143 421 84 383 46 0 9 18 5 89 47 44 19 
217 256 161 278 156 176 162 277 188 218 203 309 105 167 222 219 336 102 179 119 237 112 223 335 239 129 141 249 202 197 263 299 365 58 163 166 228 282 157 279 389 78 56 121 122 240 69 75 177 180 297 63 170 283 388 83 189 88 204 310 145 262 137 257 322 356 413 61 27 106 224 109 113 198 227 168 288 340 103 220 337 432 38 130 96 181 300 34 123 74 126 238 241 354 30 36 114 171 231 341 431 49 131 250 48 142 264 366 144 207 321 85 199 258 316 377 406 449 31 110 11 59 64 164 284 287 229 346 393 79 158 190 280 390 461 15 52 150 242 357 14 70 182 97 125 76 185 298 301 404 172 232 291 394 460 45 92 191 311 90 20 91 138 205 323 414 206 146 267 376 259 317 371 423 445 470 65 169 3 32 107 115 225 342 345 289 398 435 39 132 221 251 338 433 477 7 22 98 151 212 302 407 37 53 124 243 184 127 246 355 358 443 233 292 349 436 476 86 50 148 252 367 147 200 265 378 450 266 208 326 422 318 372 418 456 468 479 116 230 16 66 165 173 285 395 397 347 439 463 80 192 281 312 391 462 160 23 152 213 272 359 446 77 99 183 303 245 186 306 405 408 467 293 350 401 464 155 139 93 210 313 415 209 260 324 424 471 325 268 381 455 373 419 452 475 478 195 174 290 40 117 226 234 343 437 438 399 466 104 54 133 253 339 368 434 101 214 273 331 409 469 128 153 244 360 305 247 363 444 447 118 351 402 441 111 201 149 270 369 451 269 319 379 457 135 380 327 427 474 420 453 472 196 178 235 348 81 175 286 294 396 57 465 440 159 100 193 314 392 416 55 274 332 385 448 120 187 215 304 410 362 307 412 67 68 403 442 62 261 211 329 417 82 328 374 425 87 426 382 459 140 454 473 136 295 400 134 236 344 352 26 108 60 154 254 370 25 42 333 386 429 94 248 275 361 33 411 364 71 29 73 320 271 384 41 383 421 46 458 428 95 84 143 353 28 194 296 8 10 216 315 17 387 430 51 308 334 12 35 13 375 330 43 19 44 89 47 24 255 1 276 4 21 72 2 6 18 5 9 0 
277 157 163 279 278 237 223 335 189 219 103 220 222 106 224 336 337 309 180 177 297 170 283 388 130 249 131 250 79 59 158 190 280 228 282 64 164 284 365 389 390 299 263 240 123 241 181 126 238 300 354 171 231 341 431 204 310 92 191 311 39 132 65 107 221 251 338 168 257 288 340 110 114 32 115 169 225 342 322 413 432 433 262 356 70 182 301 150 242 76 185 298 357 404 227 125 232 172 291 394 460 142 264 366 50 148 252 367 16 80 192 86 116 66 165 281 312 391 199 229 258 316 287 346 393 173 230 285 395 321 377 406 449 461 462 207 53 124 243 358 151 212 302 37 127 184 246 355 407 443 292 233 349 436 476 138 205 323 414 23 91 93 139 210 313 415 40 54 133 253 174 117 226 339 368 434 259 289 206 317 371 345 398 435 234 290 343 437 267 376 423 445 470 477 101 146 98 99 77 183 303 408 213 152 272 359 186 245 306 405 446 467 350 293 401 464 155 200 147 265 378 450 149 201 270 369 451 81 100 193 314 235 175 286 392 416 55 318 347 266 372 418 397 439 463 294 348 396 57 326 422 456 468 479 160 156 208 153 128 244 360 447 273 214 331 409 247 305 363 444 469 118 402 351 441 111 217 260 209 324 424 471 211 261 329 417 82 134 154 254 370 295 236 344 25 42 102 373 399 325 419 452 438 466 104 352 400 26 105 268 381 455 475 478 195 218 215 187 304 410 68 332 274 385 448 307 362 412 67 120 176 442 403 62 162 319 269 379 457 135 271 320 384 41 129 194 216 315 17 353 296 8 56 78 420 440 380 453 472 465 159 161 10 28 58 327 427 474 196 178 256 275 248 361 33 121 386 333 429 94 364 411 71 119 179 73 29 112 374 328 425 87 188 330 375 43 83 255 276 4 38 24 1 27 454 60 426 473 136 108 167 30 61 382 459 140 203 239 334 308 12 69 430 387 51 122 13 35 75 113 63 421 383 46 141 5 18 49 9 0 15 31 11 84 109 458 143 197 166 428 95 202 6 2 34 72 21 96 36 74 44 19 88 20 45 3 7 137 89 198 47 145 22 14 97 52 85 48 144 90 
190 279 158 280 250 241 132 251 336 220 224 337 191 107 221 311 338 310 297 182 301 80 192 312 335 365 282 389 283 164 284 388 390 148 252 66 165 281 366 367 391 356 264 300 238 354 242 124 243 357 358 54 133 253 368 322 413 288 340 432 231 341 169 225 342 431 433 139 205 210 313 116 40 115 117 174 226 339 323 414 415 434 321 406 185 298 404 212 302 77 183 303 407 408 93 99 100 81 193 314 416 316 377 449 287 346 393 461 172 291 394 229 230 173 285 395 460 462 200 201 147 265 149 270 369 175 235 286 392 376 378 445 450 451 55 267 184 246 355 443 152 272 359 127 128 153 244 360 446 447 154 134 254 370 42 259 371 423 470 232 317 345 289 398 435 477 233 292 349 436 290 234 343 437 476 101 260 261 208 209 324 211 329 417 236 295 344 25 326 422 424 468 471 82 102 266 213 245 186 306 405 467 214 273 331 409 187 215 304 410 469 68 216 194 315 17 78 318 372 418 456 479 397 347 439 463 160 293 350 401 464 348 294 396 57 155 156 319 320 268 269 379 271 384 41 296 353 8 56 381 455 457 478 135 129 157 325 305 247 363 444 118 274 332 385 448 248 275 361 33 120 121 276 255 4 38 130 373 419 452 475 195 438 399 466 104 218 351 402 441 111 400 352 26 105 217 219 374 375 327 328 425 330 43 83 1 24 27 103 380 427 474 87 178 188 189 362 307 412 67 176 333 386 429 94 308 334 12 69 179 180 0 9 15 79 420 453 472 196 256 465 440 159 161 278 403 442 62 162 28 10 58 163 277 421 18 382 383 46 5 49 131 11 31 59 426 459 140 141 239 249 411 364 71 119 237 387 430 51 122 2 6 34 123 240 7 3 39 454 473 136 203 309 108 60 167 222 29 73 112 223 61 30 106 44 45 428 19 88 20 92 32 65 458 95 202 204 299 35 13 75 177 21 72 96 181 14 22 70 23 16 84 143 197 263 166 109 228 63 113 170 110 64 85 86 47 48 142 50 89 145 262 74 36 126 52 97 150 37 53 137 198 257 227 168 114 171 138 90 91 144 207 125 76 98 151 199 258 146 206 
192 165 280 281 252 133 251 253 174 221 225 226 311 337 338 313 339 210 81 183 193 301 312 314 117 201 230 235 173 284 285 175 286 366 367 388 390 391 270 369 392 149 265 100 128 134 153 243 244 154 254 357 358 368 370 260 261 289 290 295 233 234 340 342 343 236 344 413 323 414 415 389 354 341 431 432 433 434 324 329 417 25 209 211 186 187 194 214 215 298 303 304 216 315 406 302 407 404 408 416 17 318 319 320 345 347 348 353 291 293 294 346 393 394 395 396 296 8 377 449 376 378 445 450 451 460 461 462 55 269 379 271 384 41 56 268 245 247 248 255 272 274 275 246 355 359 360 361 276 4 446 443 447 42 38 371 373 374 375 292 372 397 398 399 400 24 349 350 351 352 435 436 437 26 1 27 423 470 326 422 424 468 471 82 476 477 101 102 327 328 425 330 43 83 103 325 273 305 306 307 308 9 331 332 333 334 405 409 410 12 0 15 469 467 68 78 79 418 419 420 421 18 438 439 440 28 31 401 402 403 10 463 464 57 58 11 59 456 479 381 455 457 478 135 129 155 160 156 157 382 383 46 5 49 131 158 380 362 363 364 2 3 385 386 387 6 444 448 33 34 7 39 120 118 121 130 132 452 453 454 44 45 465 466 60 61 65 441 442 29 30 104 111 105 106 32 107 475 195 427 474 87 178 188 189 217 218 219 220 426 428 19 88 20 92 191 411 412 13 14 16 429 430 21 22 67 94 69 70 23 80 179 176 180 190 472 473 84 85 86 108 159 109 110 116 62 73 63 64 161 162 163 164 66 196 256 459 140 141 239 249 250 277 278 279 458 47 48 142 50 148 35 71 36 37 40 51 72 52 53 119 122 123 124 54 240 237 241 136 143 137 138 139 166 167 168 169 112 113 114 115 222 223 224 203 309 95 202 204 299 310 335 336 89 90 91 205 93 74 75 76 77 96 97 98 99 177 181 182 300 297 197 198 199 200 227 228 229 170 171 172 282 283 263 365 145 262 264 356 144 146 147 125 126 127 150 151 152 238 242 257 258 259 287 288 231 232 322 207 321 206 208 184 185 212 213 316 317 267 266 
223 228 278 282 163 170 277 283 168 222 257 288 219 309 336 224 340 106 171 126 231 237 335 341 227 110 199 229 258 263 316 287 346 157 279 299 365 389 164 284 393 64 59 114 125 232 76 177 185 172 291 180 297 388 394 65 169 138 259 289 206 317 204 322 371 345 398 189 103 220 337 249 240 262 356 310 413 432 107 225 342 435 32 115 151 184 292 37 127 181 238 246 233 349 130 123 241 300 354 431 436 86 116 230 91 200 318 347 207 266 372 142 264 321 377 418 397 439 131 250 79 158 190 280 390 406 366 449 461 66 165 173 285 395 463 16 98 213 245 350 70 77 186 150 242 182 298 306 293 401 301 357 404 460 464 92 139 174 290 146 50 147 205 260 373 399 267 208 325 419 323 376 423 452 438 466 191 311 39 132 221 251 338 433 445 414 470 477 40 117 226 234 343 437 104 23 53 152 212 273 305 402 124 99 128 247 302 243 355 363 351 441 358 407 443 476 111 148 93 201 235 348 209 265 319 420 440 326 268 380 453 378 422 456 472 465 159 252 367 80 192 281 312 391 462 468 450 479 160 81 175 286 294 396 57 161 54 214 272 332 362 442 183 153 187 307 359 303 405 412 403 62 408 446 467 155 162 210 149 261 295 400 269 324 374 454 60 381 327 426 473 424 455 475 136 108 167 313 415 133 253 339 368 434 101 478 471 195 218 100 134 236 344 352 26 105 274 331 386 411 73 244 215 248 364 409 360 444 71 29 112 447 469 118 217 270 211 320 353 28 328 379 421 84 109 427 382 458 143 457 474 196 197 166 369 451 193 314 392 416 55 156 178 135 256 154 194 296 8 10 58 333 385 430 35 113 304 275 308 13 448 410 67 75 63 68 120 176 329 271 375 24 61 383 425 44 137 459 428 89 198 87 140 203 417 82 254 370 25 42 102 239 188 216 255 1 27 30 387 429 72 74 361 334 2 36 94 33 119 121 179 384 330 18 31 19 46 85 95 47 144 141 202 41 129 315 17 56 78 276 9 11 21 51 97 12 6 14 122 69 43 5 45 48 88 145 90 83 4 38 0 3 52 96 34 22 49 20 15 7 
163 170 277 283 222 106 219 224 171 223 126 231 278 237 335 282 341 228 64 59 164 157 279 284 114 227 125 232 76 177 185 172 291 309 336 180 297 388 288 340 394 168 257 110 32 115 65 103 107 169 225 189 220 337 342 258 287 151 184 292 37 127 181 238 246 233 349 299 263 365 389 240 130 123 241 300 354 431 316 346 393 436 199 229 16 66 173 86 116 79 158 165 230 285 249 131 250 190 280 390 395 206 317 345 98 213 245 350 70 77 186 150 242 182 298 306 293 401 262 356 204 322 310 413 432 301 357 404 460 259 371 289 398 435 464 138 23 40 117 234 92 139 174 39 132 191 221 226 290 343 311 251 338 433 437 207 266 372 397 53 146 152 212 273 305 402 124 99 128 247 302 243 355 363 351 441 321 406 142 264 377 366 449 461 358 407 443 476 200 318 418 347 439 463 111 91 50 54 80 81 175 294 148 93 201 235 192 252 281 286 348 396 367 312 391 462 57 267 208 325 419 438 214 272 332 362 442 183 153 187 307 359 303 405 412 403 62 376 445 205 323 423 414 470 477 408 446 467 155 260 373 452 399 466 104 162 147 100 133 134 236 352 210 149 261 295 253 313 339 344 400 26 415 368 434 101 105 326 268 380 453 465 274 331 386 411 73 244 215 248 364 409 360 444 71 29 112 422 468 265 378 456 450 479 160 447 469 118 217 209 319 420 472 440 159 161 154 193 194 296 10 270 211 320 353 314 369 392 8 28 58 451 416 55 156 381 327 426 473 108 333 385 430 35 113 304 275 308 13 448 410 67 75 63 455 478 324 424 475 471 195 218 68 120 176 269 374 454 136 60 167 216 254 255 1 30 329 271 375 24 370 417 25 27 61 82 42 102 427 382 458 143 166 387 429 72 74 361 334 2 36 94 33 119 474 178 379 457 196 135 256 121 179 328 421 84 197 109 276 315 9 11 384 330 18 31 17 41 56 129 78 459 428 89 198 21 51 97 12 6 14 122 69 140 239 425 87 203 188 383 44 137 0 4 3 43 5 45 38 83 95 47 144 52 96 34 22 202 46 141 19 85 7 15 49 20 145 90 88 48 
283 164 279 284 282 231 335 341 169 224 107 225 336 220 337 340 342 288 172 185 291 297 388 394 115 229 116 230 66 158 165 173 285 365 389 190 280 390 346 393 395 287 316 232 127 233 184 238 246 292 349 300 354 431 436 259 289 139 174 290 40 117 191 221 226 234 343 310 322 413 432 250 241 132 251 311 338 433 371 398 435 437 317 345 77 186 293 213 245 182 298 306 350 401 356 242 357 301 404 460 464 200 318 347 93 201 235 348 80 81 175 148 252 192 281 286 294 396 264 366 321 377 406 449 461 312 367 391 462 372 418 397 439 463 57 266 99 128 247 351 212 273 305 124 243 302 355 363 402 441 407 358 443 476 111 205 260 373 399 54 147 149 210 261 295 400 133 100 134 236 313 253 339 344 352 26 323 414 267 376 423 445 470 477 368 415 434 101 325 419 452 438 466 104 105 208 152 153 183 187 307 403 272 214 332 362 303 359 405 412 442 62 446 408 467 155 162 265 209 319 420 440 211 270 320 353 28 193 154 194 296 369 314 392 8 10 58 378 450 326 422 456 468 479 160 416 451 55 156 380 453 472 465 159 161 163 268 215 244 248 364 29 331 274 386 411 360 409 444 71 73 112 469 447 118 217 223 324 269 374 454 60 271 329 375 24 61 254 216 255 1 417 370 25 27 30 106 424 471 381 455 475 478 195 218 42 82 102 219 327 426 473 136 108 167 222 275 304 308 13 63 385 333 430 35 410 448 67 75 113 170 120 68 176 277 379 328 421 84 109 330 384 18 31 110 315 276 9 11 41 17 56 59 64 457 135 427 474 196 178 256 278 78 129 157 382 458 143 197 166 228 334 361 2 36 114 429 387 72 74 33 94 119 126 171 179 121 237 425 383 44 137 168 5 43 45 65 4 0 3 32 83 38 103 87 188 459 140 203 239 309 130 189 428 89 198 257 227 6 12 14 76 51 21 97 125 69 122 177 240 180 46 19 85 199 20 49 86 15 7 16 131 79 141 249 95 202 263 299 47 144 258 22 34 37 96 52 151 123 181 88 48 138 50 92 39 23 204 145 262 90 206 53 70 150 98 142 91 207 146 
173 284 165 285 230 233 117 234 340 225 337 342 174 221 226 290 343 289 291 186 293 81 175 294 341 346 389 393 388 280 390 394 395 201 235 192 281 286 347 348 396 345 318 292 246 349 245 128 247 350 351 100 134 236 352 371 398 413 432 435 354 431 311 338 433 436 437 210 260 261 295 252 133 251 253 313 339 344 373 399 400 26 372 397 298 306 401 273 305 183 187 307 402 403 149 153 154 193 194 296 10 377 418 439 406 449 461 463 301 404 460 366 367 312 391 462 464 57 265 270 209 319 211 320 353 314 369 392 8 419 420 438 440 28 58 325 302 355 363 441 214 332 362 243 244 215 248 364 442 29 216 254 255 1 30 323 423 452 466 357 376 445 414 470 477 104 358 407 443 476 415 368 434 101 111 105 324 329 268 269 374 271 375 24 370 417 25 27 380 453 454 465 60 61 106 326 272 359 303 405 412 62 274 331 386 411 304 275 308 13 73 63 276 315 9 11 64 378 422 456 472 159 468 450 479 160 161 408 446 467 155 451 416 55 156 162 163 379 384 327 328 421 330 18 31 17 41 56 59 426 473 84 108 109 110 164 381 409 360 444 71 112 333 385 430 35 361 334 2 36 113 114 0 4 3 32 115 424 455 475 136 167 478 471 195 218 222 447 469 118 217 82 42 102 219 223 224 425 43 382 383 44 5 45 65 38 83 103 107 427 458 143 137 166 168 169 448 410 67 75 170 387 429 72 74 12 6 14 76 171 172 7 15 16 66 457 474 196 197 228 178 135 256 278 282 68 120 176 277 129 78 157 279 283 46 49 428 19 85 20 86 116 79 131 158 459 89 198 199 227 229 94 33 119 126 231 21 51 97 125 34 22 37 127 232 23 39 40 87 140 203 257 288 239 188 309 336 121 179 237 335 189 130 220 88 92 47 48 138 50 139 132 191 95 144 258 259 287 122 69 177 185 52 96 151 184 70 53 77 54 80 141 202 263 316 299 249 365 180 240 297 250 190 142 148 90 91 200 93 145 206 317 181 123 238 98 150 213 124 99 204 262 322 356 310 241 300 205 146 147 207 266 242 182 152 212 264 321 208 267 
175 281 285 286 235 134 234 236 313 226 338 339 290 342 343 295 344 261 193 187 194 293 294 296 253 270 367 369 312 390 391 314 392 347 348 394 395 396 320 353 8 211 319 154 244 254 215 247 248 216 255 350 351 352 1 324 329 414 415 417 358 368 432 433 434 370 25 398 373 399 400 393 349 431 436 435 437 26 374 375 24 27 269 271 303 304 315 274 275 306 307 308 276 9 397 305 402 401 403 10 11 378 379 384 445 450 451 41 404 408 416 449 461 460 462 55 17 56 418 439 419 420 438 440 28 464 463 57 58 328 421 330 18 31 59 327 359 360 361 4 332 333 334 355 363 362 364 2 0 3 442 441 29 30 32 423 424 425 43 407 422 468 470 471 82 83 443 446 447 42 477 476 101 102 38 103 452 466 380 453 454 465 60 61 111 104 105 106 382 383 44 5 45 65 107 381 331 409 405 410 12 15 386 385 387 6 412 411 13 14 7 16 73 62 63 64 66 456 455 457 46 49 478 479 135 129 131 467 469 68 78 160 155 156 157 79 158 472 159 426 473 84 108 109 110 162 161 163 164 428 19 85 20 86 116 165 427 448 444 33 34 39 430 429 21 22 71 35 36 37 23 40 113 112 114 115 117 475 474 87 88 92 178 195 188 189 191 118 120 121 130 218 217 219 220 132 221 136 167 458 143 137 166 168 169 223 222 224 225 459 47 48 138 50 139 174 94 67 69 70 80 72 51 52 53 75 74 76 77 54 81 171 170 172 173 196 140 141 142 148 239 256 249 250 252 176 179 180 190 278 277 279 280 192 197 228 89 198 199 227 229 230 283 282 284 95 90 91 200 93 201 122 119 123 124 133 97 96 98 99 126 125 127 128 100 232 231 233 203 202 204 205 210 299 309 310 311 237 240 241 251 336 335 337 257 288 144 258 259 287 289 341 340 145 146 147 260 149 181 177 182 183 151 150 152 153 185 184 186 292 291 263 262 264 265 356 365 366 297 300 301 389 388 316 346 206 317 318 345 207 208 209 242 238 243 213 212 214 246 245 322 321 323 406 413 354 357 371 266 372 267 268 302 298 273 272 377 376 325 326 
228 171 258 287 168 222 257 288 114 227 125 232 199 206 317 229 345 110 223 278 282 263 316 346 170 64 76 172 126 151 184 231 292 138 259 207 266 372 169 289 397 106 65 163 277 283 219 309 336 224 340 204 322 371 398 32 115 37 127 233 177 185 98 213 245 291 350 91 86 200 318 146 262 150 267 208 325 419 116 230 347 438 59 164 237 335 341 157 279 299 365 389 284 393 142 249 264 321 377 418 439 16 66 173 70 77 186 293 181 238 246 53 152 212 273 305 349 402 50 147 92 139 205 260 373 326 268 380 453 107 174 225 290 399 465 103 180 297 388 394 189 220 337 240 356 310 413 432 342 435 323 376 423 452 466 23 40 117 234 123 39 124 99 128 247 351 242 182 298 306 214 272 332 362 401 442 93 209 131 148 201 265 319 420 381 327 426 473 158 165 235 285 348 440 108 79 130 241 300 354 431 436 250 190 280 390 406 366 449 461 395 463 378 422 456 472 159 54 80 81 175 294 183 153 187 307 403 302 243 355 363 274 331 386 411 441 73 149 269 191 210 261 324 374 454 427 382 458 143 221 226 295 343 400 60 166 132 301 357 404 460 464 311 251 338 433 445 414 470 477 437 104 424 455 475 136 167 100 133 134 236 352 244 215 248 364 29 359 303 405 412 333 385 430 35 62 113 211 328 252 270 320 379 421 84 459 428 89 198 192 281 286 353 396 28 109 358 407 443 476 111 367 312 391 462 468 450 479 160 57 161 457 474 196 197 154 193 194 296 10 304 275 308 13 63 409 360 444 71 387 429 72 74 112 271 383 313 329 375 425 44 137 95 47 144 253 339 344 24 26 61 408 446 467 155 162 415 368 434 101 478 471 195 218 105 87 140 203 216 254 255 1 30 361 334 2 36 448 410 67 75 21 51 97 330 19 369 384 18 46 85 145 90 314 392 8 31 58 447 469 118 217 451 416 55 156 178 135 256 141 202 276 315 9 11 12 6 14 94 33 119 52 96 5 48 417 43 45 88 370 25 27 68 120 176 82 42 102 239 188 0 4 3 34 22 122 69 20 41 49 17 56 121 179 129 78 7 15 83 38 
168 222 257 288 227 110 199 229 223 228 278 282 258 263 316 287 346 171 106 65 169 138 259 289 163 170 277 283 219 309 336 224 340 206 317 204 322 371 232 345 398 114 125 64 59 164 32 86 116 115 230 91 200 318 347 126 231 237 335 341 157 279 299 365 389 284 393 207 151 266 372 262 142 249 264 321 377 418 184 292 397 439 76 172 103 107 225 16 66 92 139 174 173 290 146 50 147 205 260 373 399 177 185 291 180 297 388 394 189 220 337 240 356 310 413 432 342 435 150 267 98 213 208 325 419 323 376 423 452 127 245 233 350 438 466 37 79 158 165 285 23 40 117 131 148 93 201 235 234 348 209 265 319 420 440 181 238 246 349 130 123 241 300 354 431 436 250 190 280 390 406 366 449 461 395 463 212 326 53 152 273 268 380 453 378 422 456 472 77 186 305 293 402 465 159 70 39 132 191 221 226 343 54 80 81 175 210 149 261 295 294 400 269 324 374 454 60 242 182 298 306 401 301 357 404 460 464 311 251 338 433 445 414 470 477 437 104 272 381 99 214 332 327 426 473 424 455 475 136 128 247 362 351 442 108 167 124 192 252 281 286 396 100 133 134 236 270 211 320 353 352 28 328 379 421 84 109 302 243 355 363 441 358 407 443 476 111 367 312 391 462 468 450 479 160 57 161 331 427 153 274 386 382 458 143 457 474 196 197 183 187 307 411 403 73 166 253 313 339 344 26 154 193 194 296 329 271 375 24 10 61 383 425 44 137 359 303 405 412 62 408 446 467 155 162 415 368 434 101 478 471 195 218 105 385 459 215 333 430 428 89 198 87 140 203 244 248 364 35 29 113 314 369 392 8 58 216 254 255 1 384 330 18 31 30 19 46 85 409 360 444 71 112 447 469 118 217 451 416 55 156 178 135 256 429 95 275 387 72 47 144 141 202 304 308 13 74 63 370 417 25 27 276 315 9 11 43 5 45 48 88 448 410 67 75 68 120 176 82 42 102 239 188 51 145 334 21 97 90 361 2 36 17 41 56 0 4 3 49 20 94 33 119 121 179 129 78 96 6 52 12 14 38 83 7 15 122 69 22 34 
288 169 259 289 287 282 316 346 115 229 116 230 317 200 318 345 347 232 224 336 340 322 371 398 164 172 66 173 107 139 174 225 290 266 372 205 260 373 292 397 399 231 184 283 279 284 335 365 389 341 393 321 377 418 439 127 233 40 117 234 158 165 93 201 235 285 348 208 213 325 419 147 264 148 265 209 319 420 245 350 438 440 185 291 220 337 342 297 388 310 413 432 394 435 267 356 376 323 423 452 466 77 186 293 80 81 175 294 191 221 226 54 149 210 261 295 343 400 152 268 212 273 326 380 453 324 269 374 454 246 305 349 402 465 60 238 190 280 390 395 300 354 431 250 366 406 449 461 436 463 422 378 456 472 159 99 128 247 351 132 124 133 100 134 236 352 252 192 281 286 211 270 320 353 396 28 214 327 242 272 332 381 426 473 379 328 421 84 298 306 362 401 442 108 109 182 241 251 311 338 433 437 357 301 404 460 414 445 470 477 464 104 455 424 475 136 167 153 183 187 307 403 193 154 194 296 10 313 253 339 344 271 329 375 24 26 61 274 382 302 331 386 427 458 143 425 383 44 137 355 363 411 441 73 166 168 243 312 367 391 462 57 407 358 443 476 450 468 479 160 111 161 474 457 196 197 228 215 244 248 364 29 254 216 255 1 30 369 314 392 8 330 384 18 31 58 110 333 428 359 385 430 459 89 198 46 19 85 199 303 405 412 35 62 113 227 368 415 434 101 105 446 408 467 155 471 478 195 218 162 222 140 87 203 257 275 304 308 13 63 315 276 9 11 64 417 370 25 27 5 43 45 65 106 387 47 409 429 72 95 144 258 88 48 138 360 444 71 74 112 171 416 451 55 156 163 469 447 118 217 135 178 256 278 223 202 141 263 334 361 2 36 114 4 0 3 32 41 17 56 59 20 49 86 21 90 448 51 97 145 206 142 91 410 67 75 125 170 42 82 102 219 120 68 176 277 188 239 309 262 204 6 12 14 76 15 7 16 83 38 103 50 92 52 146 94 96 151 207 33 119 126 78 129 157 179 121 237 249 299 22 34 37 39 23 131 79 98 122 150 69 177 130 189 240 180 53 70 181 123 
225 289 174 290 173 284 165 285 345 230 318 347 117 201 235 234 348 233 340 337 342 221 226 343 346 292 372 397 371 260 373 398 399 81 175 210 261 295 293 294 400 291 186 341 389 393 388 280 390 394 395 192 281 286 396 245 350 325 419 438 377 418 209 319 420 439 440 100 128 134 236 149 252 265 270 211 320 353 247 351 352 28 246 349 413 432 435 354 431 311 338 433 436 437 133 251 253 313 339 344 26 273 305 402 326 380 453 465 323 423 452 268 269 324 374 454 466 60 153 154 183 187 193 194 296 329 271 375 24 306 307 401 403 10 61 298 406 449 461 463 301 404 460 366 367 312 391 462 464 57 314 369 392 8 58 214 332 362 442 376 272 381 327 426 473 108 378 422 456 472 328 379 421 84 159 109 215 216 243 244 248 254 255 1 384 330 18 31 355 363 364 441 29 30 110 302 357 445 414 470 477 104 358 407 443 476 415 368 434 101 111 105 370 417 25 27 106 274 331 386 411 73 427 382 458 143 166 424 455 475 136 383 425 44 137 167 168 275 276 303 304 308 315 9 11 43 5 45 65 405 412 13 62 63 64 169 359 468 450 479 160 161 408 446 467 155 451 416 55 156 162 163 17 41 56 59 164 333 385 430 35 113 459 428 89 198 227 457 474 196 197 19 46 85 199 228 229 334 0 360 361 2 4 3 32 49 20 86 116 409 444 71 36 112 114 115 478 471 195 218 222 447 469 118 217 82 42 102 219 223 224 38 83 103 107 387 429 72 74 171 95 47 144 258 287 87 140 203 257 48 88 138 259 288 6 7 410 12 14 15 16 66 92 50 139 448 67 75 76 170 172 178 135 256 278 282 68 120 176 277 129 78 157 279 283 79 131 158 21 51 97 125 232 145 90 206 317 141 202 263 316 91 142 200 22 23 33 34 37 39 40 148 93 94 119 126 127 231 239 188 309 336 121 179 237 335 189 130 220 132 191 52 96 151 184 207 146 266 204 262 322 147 205 53 54 69 70 77 80 122 177 185 299 249 365 180 240 297 250 190 98 150 213 267 208 264 321 99 123 124 181 238 356 310 241 300 152 212 182 242 
172 283 185 291 232 115 127 233 282 231 335 341 184 238 246 292 349 287 164 66 173 77 186 293 224 288 336 340 279 297 388 284 394 213 245 182 298 306 345 350 401 229 317 169 107 225 116 40 117 230 234 99 128 247 351 316 346 365 389 393 220 337 300 354 431 342 436 212 266 273 305 242 124 241 243 302 355 363 372 397 402 441 259 289 158 165 285 139 174 80 81 175 290 294 152 54 153 183 187 307 403 322 371 398 310 413 432 435 190 280 390 356 357 301 404 460 395 464 267 272 208 325 214 332 362 303 359 405 412 318 419 347 438 442 62 200 191 221 226 343 93 201 235 132 133 100 134 236 348 352 215 244 248 364 29 321 377 418 439 250 264 366 406 449 461 463 251 311 338 433 407 358 443 476 437 111 326 331 147 268 380 274 386 411 360 409 444 71 260 373 453 399 465 73 112 205 148 252 192 281 286 396 149 210 261 295 193 154 194 296 400 10 275 304 308 13 63 376 323 423 452 466 414 445 470 477 104 312 367 391 462 446 408 467 155 57 162 381 385 209 327 426 333 430 35 410 448 67 75 319 420 473 440 108 113 170 265 313 253 339 344 26 211 270 320 353 254 216 255 1 28 30 334 361 2 36 114 422 378 456 472 159 450 468 479 160 161 368 415 434 101 469 447 118 217 105 223 427 429 269 382 458 387 72 74 33 94 119 126 324 374 454 143 60 166 171 369 314 392 8 58 271 329 375 24 315 276 9 11 61 64 6 12 14 76 455 424 475 136 167 471 478 195 218 222 416 451 55 156 120 68 176 277 163 459 51 328 428 89 21 97 125 69 122 177 379 421 84 198 109 227 417 370 25 27 106 330 384 18 31 4 0 3 32 110 22 34 37 474 457 196 197 228 135 178 256 278 42 82 102 219 179 121 237 95 96 383 47 144 52 151 123 181 425 44 137 258 168 41 17 56 59 5 43 45 65 15 7 16 53 70 140 87 203 257 188 239 309 78 129 157 240 180 145 150 19 90 206 98 46 85 199 83 38 103 20 49 86 39 23 202 141 263 249 299 130 189 207 48 146 88 138 131 79 50 92 262 204 91 142 
231 287 184 292 172 283 185 291 229 232 317 345 127 213 245 233 350 115 282 335 341 238 246 349 288 169 259 289 316 266 372 346 397 77 186 212 273 305 173 293 402 164 66 224 336 340 279 297 388 284 394 182 298 306 401 116 230 200 318 347 322 371 208 325 419 398 438 99 40 128 247 152 242 267 272 214 332 362 117 234 351 442 107 225 365 389 393 220 337 300 354 431 342 436 124 241 243 302 355 363 441 139 174 290 205 260 373 399 321 377 418 147 268 326 380 453 439 465 54 153 80 81 183 187 307 331 274 386 411 165 175 285 294 403 73 158 310 413 432 435 190 280 390 356 357 301 404 460 395 464 303 359 405 412 62 93 201 235 348 264 148 265 209 319 420 440 376 323 423 452 327 381 426 473 466 108 100 215 132 133 134 244 248 364 385 333 430 35 221 226 236 343 352 29 113 191 250 366 406 449 461 463 251 311 338 433 407 358 443 476 437 111 360 409 444 71 112 149 210 261 295 400 324 269 374 454 60 422 378 456 472 382 427 458 143 159 166 154 275 192 193 194 304 308 13 429 387 72 74 281 286 296 396 10 63 171 252 414 445 470 477 104 312 367 391 462 446 408 467 155 57 162 410 448 67 75 170 211 270 320 353 28 379 328 421 84 109 455 424 475 136 428 459 89 198 167 227 216 334 253 254 255 361 2 36 51 21 97 125 313 339 344 1 26 30 114 450 468 479 160 161 368 415 434 101 469 447 118 217 105 223 33 94 119 126 271 329 375 24 61 425 383 44 137 168 474 457 196 197 47 95 144 258 228 276 6 314 315 9 12 14 76 96 52 151 369 392 8 11 58 64 471 478 195 218 222 416 451 55 156 120 68 176 277 163 69 122 177 330 384 18 31 110 46 19 85 199 140 87 203 257 90 145 206 0 22 370 4 3 34 37 150 98 417 25 27 32 106 135 178 256 278 42 82 102 219 179 121 237 123 181 5 43 45 65 88 48 138 202 141 263 146 207 7 53 17 15 16 70 41 56 59 188 239 309 78 129 157 240 180 20 49 86 142 91 262 204 23 38 39 83 103 249 299 130 189 50 92 79 131 
291 173 186 293 292 341 246 349 230 233 117 234 245 128 247 350 351 345 284 388 394 298 306 401 225 289 174 290 165 81 175 285 294 273 305 183 187 307 397 402 403 346 372 340 337 342 389 354 431 393 436 302 355 363 441 318 347 201 235 348 221 226 100 134 236 343 352 214 325 332 362 153 243 133 244 215 248 364 419 438 442 29 371 398 280 390 395 413 432 301 404 460 435 464 272 357 359 303 405 412 62 260 373 399 210 261 295 400 192 281 286 149 154 193 194 296 396 10 268 274 326 380 331 386 411 304 275 308 13 418 453 439 465 73 63 377 311 338 433 437 406 449 461 251 358 407 443 476 463 111 409 360 444 71 112 209 319 420 440 252 265 270 211 320 353 28 253 313 339 344 216 254 255 1 26 30 327 333 376 381 426 385 430 35 361 334 2 36 423 452 473 466 108 113 114 323 366 367 312 391 462 57 445 414 470 477 408 446 467 155 104 162 448 410 67 75 170 269 324 374 454 60 329 271 375 24 61 314 369 392 8 276 315 9 11 58 64 382 387 422 427 458 429 72 74 12 6 14 76 456 472 143 159 166 171 172 378 415 368 434 101 105 468 450 479 160 447 469 118 217 161 223 94 33 119 126 231 328 379 421 84 109 384 330 18 31 110 370 417 25 27 0 4 3 32 106 115 428 21 455 459 89 51 97 125 34 22 37 127 424 475 136 198 167 227 232 451 416 55 156 163 478 471 195 218 68 120 176 277 222 283 122 69 177 185 383 425 44 137 168 43 5 45 65 169 17 41 56 59 7 15 16 66 164 47 52 474 95 144 96 151 184 70 53 77 457 196 197 258 228 287 82 42 102 219 224 178 135 256 278 121 179 237 335 282 181 123 238 19 46 85 199 229 49 20 86 116 38 83 103 107 23 39 40 90 98 140 145 206 150 213 124 99 87 203 257 317 288 129 78 157 279 239 188 309 336 180 240 297 242 182 48 88 138 259 92 50 139 79 131 158 54 80 146 152 202 207 266 212 141 263 316 189 130 220 299 249 365 241 300 91 142 200 148 93 132 191 208 262 267 204 322 250 190 356 310 147 205 321 264 
285 293 175 294 290 342 226 343 350 234 247 351 235 134 236 348 352 347 394 390 395 281 286 396 349 397 305 402 306 187 307 401 403 261 295 193 194 296 399 400 10 398 373 393 431 436 432 338 433 435 437 313 339 344 26 419 438 332 362 442 355 363 215 248 364 441 29 211 319 320 353 154 253 244 254 216 255 1 420 440 28 30 418 439 404 460 464 449 461 312 391 462 463 57 270 367 369 314 392 8 58 380 453 465 331 386 411 73 303 405 412 274 275 304 308 13 62 63 269 271 324 374 329 375 24 315 276 9 11 452 454 466 60 61 64 423 407 443 476 111 414 470 477 358 368 415 434 101 104 105 417 370 25 27 106 327 426 473 108 359 381 385 333 430 35 113 360 409 444 71 334 361 2 36 112 114 328 330 378 379 421 384 18 31 4 0 3 32 456 472 84 159 109 110 115 422 445 446 408 467 155 162 450 468 479 160 416 451 55 156 161 163 41 17 56 59 164 382 427 458 143 166 429 387 72 74 171 410 448 67 75 6 12 14 76 170 172 383 5 424 425 44 43 45 65 15 7 16 66 475 136 137 167 168 169 173 455 469 447 118 217 223 471 478 195 218 42 82 102 219 222 224 83 38 103 107 225 428 459 89 198 227 51 21 97 125 232 33 94 119 126 22 34 37 127 231 233 19 20 457 46 85 49 86 116 39 23 40 117 474 196 197 199 228 229 230 120 68 176 277 283 135 178 256 278 78 129 157 279 282 284 131 79 158 165 47 95 144 258 287 96 52 151 184 292 69 122 177 185 53 70 77 186 291 48 50 87 88 138 92 139 174 80 54 81 140 203 257 259 288 289 179 121 237 335 341 188 239 309 336 130 189 220 337 340 191 132 221 90 145 206 317 345 150 98 213 245 123 181 238 246 99 124 128 91 93 141 142 200 148 201 133 100 202 263 316 318 346 240 180 297 388 249 299 365 389 190 250 280 252 192 146 207 266 372 212 152 273 182 242 298 153 183 147 149 204 205 260 210 262 322 371 300 241 354 310 356 413 251 311 208 267 325 272 214 243 302 209 264 265 321 377 357 301 366 406 268 326 323 376 
226 261 290 295 175 281 285 286 211 235 319 320 234 347 348 236 353 134 313 338 339 342 343 344 270 154 269 271 324 373 374 329 375 293 294 398 399 400 194 296 24 193 187 253 367 369 312 390 391 314 392 394 395 396 8 215 216 327 328 330 378 379 419 420 421 384 18 350 247 351 352 397 393 418 439 438 440 28 248 255 1 31 244 254 414 415 417 358 368 432 433 434 370 25 349 431 436 435 437 26 27 274 275 276 381 382 383 5 423 424 425 380 453 452 454 44 43 45 305 402 306 307 401 403 10 466 465 60 61 304 308 315 9 11 65 303 445 450 451 41 404 408 416 449 461 460 462 55 17 56 464 463 57 58 59 332 333 334 0 422 331 427 426 428 19 20 456 455 457 46 473 472 84 85 49 86 362 442 355 363 364 441 29 30 159 108 109 110 360 361 2 4 3 32 116 359 407 468 470 471 82 83 443 446 447 42 477 476 101 102 38 103 111 104 105 106 107 386 385 387 6 7 459 458 47 48 50 475 474 87 88 143 136 137 138 92 139 411 73 405 412 13 62 63 64 167 166 168 169 410 12 14 15 16 66 174 409 478 479 135 129 131 467 469 68 78 160 155 156 157 79 158 162 161 163 164 165 430 429 21 22 23 95 89 90 91 93 196 140 141 142 198 197 199 200 148 201 35 113 444 71 36 112 114 115 228 227 229 230 448 33 34 37 39 40 117 178 195 188 189 191 118 120 121 130 218 217 219 220 132 221 223 222 224 225 72 51 52 53 54 145 144 146 147 149 203 202 204 205 258 257 259 260 210 74 171 67 75 76 170 172 173 288 287 289 94 69 70 77 80 81 239 256 249 250 252 176 179 180 190 278 277 279 280 192 283 282 284 97 96 98 99 100 207 206 208 209 263 262 264 265 317 316 318 125 232 119 126 127 231 233 346 345 122 123 124 128 133 299 309 310 311 237 240 241 251 336 335 337 341 340 151 150 152 153 267 266 268 322 321 323 372 371 184 292 177 185 186 291 181 182 183 356 365 366 297 300 301 389 388 213 212 214 326 325 377 376 245 238 246 242 243 406 413 354 357 273 272 298 302 
286 194 294 296 295 339 343 344 216 236 248 255 348 351 352 353 1 320 314 391 392 395 396 8 254 271 275 276 304 307 308 315 9 399 400 401 403 10 375 24 11 329 374 369 368 370 415 433 434 417 25 435 437 26 27 328 330 333 334 0 360 361 362 364 2 4 3 438 420 440 28 402 436 363 441 442 29 30 421 18 31 32 379 384 408 416 17 450 451 460 462 55 41 56 439 461 463 464 57 58 59 382 383 5 385 387 6 7 405 410 12 386 411 412 13 14 15 16 453 465 452 454 466 60 61 62 73 63 64 425 44 43 45 65 66 424 446 447 42 38 470 471 82 443 476 477 101 102 83 103 104 111 105 106 107 426 428 19 20 409 427 429 430 21 22 23 444 448 33 34 35 71 36 37 39 40 473 108 456 472 84 159 109 110 112 113 114 115 457 46 85 49 86 116 117 455 468 469 467 68 78 79 479 478 135 129 155 160 156 157 131 158 161 162 163 164 165 458 459 47 48 50 51 72 52 53 54 67 94 69 70 74 75 76 77 80 81 143 166 475 136 137 167 168 169 170 171 172 173 87 88 138 92 139 174 175 474 120 118 121 130 132 195 178 188 189 217 218 219 220 191 221 222 223 224 225 226 89 95 90 91 93 96 97 98 99 100 119 122 123 124 125 126 127 128 133 134 198 227 196 197 199 228 229 230 231 232 233 234 140 141 142 200 148 201 235 179 176 180 190 192 256 239 249 250 277 278 279 280 252 281 282 283 284 285 144 145 146 147 149 150 151 152 153 154 177 181 182 183 184 185 186 187 193 258 287 203 257 259 288 289 290 291 292 293 202 204 205 260 210 261 240 237 241 251 253 309 299 310 311 335 336 337 338 313 340 341 342 206 207 208 209 211 212 213 214 215 238 242 243 244 245 246 247 317 345 263 316 318 346 347 349 350 262 264 265 319 270 300 297 301 312 365 356 366 367 388 389 390 393 394 266 267 268 269 272 273 274 298 302 303 305 306 372 397 322 371 373 398 321 323 324 357 354 358 413 406 414 431 432 325 326 327 331 332 355 359 419 377 418 376 378 407 404 449 445 380 381 423 422 
180 277 177 297 240 130 123 241 278 237 223 335 181 126 238 300 354 299 157 79 190 70 182 301 219 309 222 336 163 170 283 279 388 150 242 76 185 298 356 357 404 249 262 189 103 220 131 39 132 250 251 53 124 243 358 263 365 228 282 389 106 224 171 231 341 337 431 151 207 212 302 125 37 114 127 184 246 355 321 406 407 443 204 310 59 158 280 92 191 16 80 192 311 312 98 23 99 77 183 303 408 257 322 413 168 288 340 432 64 164 284 227 232 172 291 394 390 460 206 213 146 267 152 272 359 186 245 306 405 264 376 366 445 446 467 142 65 107 221 338 50 148 252 32 40 54 133 253 367 368 153 128 244 360 447 258 316 377 449 110 199 229 287 346 393 461 115 169 225 342 292 233 349 436 433 476 266 273 91 208 326 214 331 409 247 305 363 444 205 323 422 414 468 469 118 138 86 116 66 165 281 391 93 139 210 313 81 100 193 314 415 416 215 187 304 410 68 317 259 371 423 470 289 345 398 435 477 173 230 285 395 350 293 401 464 462 155 325 332 147 268 381 274 385 448 307 362 412 67 265 378 455 450 478 120 176 200 174 117 226 339 434 149 201 270 369 134 154 254 370 451 42 275 248 361 33 121 372 318 418 456 479 347 397 439 463 160 234 290 343 437 402 351 441 111 101 217 380 386 209 327 427 333 429 94 364 411 71 119 260 324 424 474 471 178 179 235 175 286 392 55 211 261 329 417 194 216 315 17 82 78 334 308 12 69 419 373 452 475 195 399 438 466 104 218 294 348 396 57 442 403 62 162 156 426 430 269 382 459 387 51 122 13 35 75 319 379 457 140 135 239 295 236 344 25 102 271 320 384 41 255 276 4 38 129 6 2 34 453 420 472 196 256 440 465 159 161 352 400 26 105 73 29 112 458 72 328 428 95 21 96 36 74 374 425 87 202 188 353 296 8 56 330 375 43 83 9 0 15 22 14 473 454 136 203 60 108 167 10 28 58 113 63 89 97 383 47 145 52 421 46 141 24 1 27 5 18 49 3 7 143 84 197 109 166 30 61 144 19 90 44 88 31 11 20 45 198 137 48 85 
182 185 297 298 242 124 241 243 184 238 231 246 300 335 354 302 355 212 77 80 183 190 301 303 127 213 232 245 172 283 291 186 306 356 357 279 388 404 272 359 405 152 267 99 40 128 54 132 133 153 244 250 251 358 360 266 273 287 292 305 115 233 282 341 349 247 363 365 321 406 407 336 220 224 337 389 431 443 326 331 409 444 208 214 66 81 187 93 100 158 192 193 215 304 310 191 311 280 312 408 410 317 325 332 229 345 350 362 164 173 293 288 340 284 394 401 307 412 322 413 264 376 366 445 446 390 432 460 467 268 381 274 385 448 67 147 116 117 134 248 148 149 154 107 221 252 253 254 275 361 367 338 368 447 33 316 372 380 386 169 259 289 346 397 402 411 225 230 234 351 393 342 436 441 364 71 377 449 205 323 422 414 468 469 433 461 476 118 209 327 427 333 429 94 119 200 139 174 165 175 194 308 210 201 211 216 281 313 314 315 334 12 415 391 416 68 69 371 318 419 426 430 347 398 438 442 35 285 290 294 403 435 395 464 62 13 75 423 470 265 378 455 450 478 120 462 477 155 176 269 382 459 387 51 122 177 260 235 226 236 255 2 270 261 271 276 339 369 370 4 6 34 451 434 42 121 123 418 373 453 458 72 399 439 465 73 74 343 348 352 29 463 437 111 112 36 126 456 479 324 424 474 471 178 179 101 160 217 237 319 328 428 95 21 96 181 295 286 296 9 14 329 320 330 0 392 417 17 15 22 70 82 55 78 180 452 420 473 89 97 440 466 108 113 125 396 400 10 63 104 57 162 170 76 475 195 379 457 140 135 239 240 156 218 277 374 383 47 145 52 150 353 344 1 3 37 384 375 5 7 25 41 38 39 53 129 102 130 472 454 143 144 151 60 159 166 171 26 28 30 114 161 105 223 196 256 425 87 202 188 299 219 278 421 19 90 207 98 24 8 11 16 43 18 20 23 56 83 79 189 157 136 84 198 206 109 167 227 58 61 64 222 163 203 309 46 141 262 249 44 48 146 31 27 32 49 45 50 103 131 197 137 258 168 228 106 110 263 88 204 85 91 65 59 92 86 257 199 142 138 
256 179 202 299 188 218 203 309 121 239 122 240 141 145 262 249 356 129 217 161 278 197 263 365 176 78 69 180 119 96 181 237 300 88 204 144 207 321 189 310 406 102 83 156 162 277 105 167 222 219 336 137 257 322 413 38 130 34 123 241 75 177 52 150 242 297 357 48 49 142 264 90 198 97 206 146 267 376 131 250 366 445 56 157 112 223 335 58 163 166 228 282 279 389 85 109 199 258 316 377 449 15 79 190 14 70 182 301 74 126 238 22 98 151 212 302 354 407 20 91 45 92 138 205 323 266 208 326 422 103 191 220 311 414 468 27 63 170 283 388 61 106 224 113 227 168 288 340 337 432 259 317 371 423 470 7 39 132 251 36 3 37 53 124 243 358 125 76 185 298 152 213 272 359 404 446 50 147 31 86 148 200 265 378 325 268 381 455 59 158 252 280 367 450 478 11 30 114 171 231 341 431 110 64 164 284 287 229 346 393 390 461 318 372 418 456 479 23 16 80 192 312 77 99 183 303 408 184 127 246 355 214 273 331 409 443 469 93 209 65 139 210 260 324 424 380 327 427 474 107 221 313 338 415 471 178 32 172 232 291 394 460 169 115 225 342 345 289 398 435 433 477 373 419 452 475 195 54 40 133 253 368 128 153 244 360 447 245 186 306 405 274 332 385 448 467 120 149 269 116 201 270 319 379 457 426 382 459 140 66 165 281 369 391 451 135 233 292 349 436 476 230 173 285 395 397 347 439 463 462 160 420 453 472 196 100 81 193 314 416 187 215 304 410 68 305 247 363 444 333 386 429 94 118 211 328 174 261 329 374 425 87 458 428 95 117 226 339 417 434 82 293 350 401 464 155 290 234 343 437 438 399 466 104 101 454 473 136 154 134 254 370 42 248 275 361 33 362 307 412 67 387 430 51 271 383 235 320 384 421 46 89 47 175 286 392 41 55 351 402 441 111 348 294 396 57 465 440 159 84 143 216 194 315 17 308 334 12 411 364 71 21 72 330 19 295 375 43 44 236 344 25 403 442 62 400 352 26 108 60 276 255 4 2 6 35 13 5 353 18 296 8 29 73 28 10 0 9 24 1 
237 299 181 300 180 277 177 297 249 240 262 356 123 150 242 241 357 130 278 223 335 126 238 354 309 189 204 310 263 207 321 365 406 70 182 151 212 302 190 301 407 157 79 219 222 336 163 170 283 279 388 76 185 298 404 131 250 142 264 366 257 322 146 267 376 413 445 53 39 124 243 98 125 206 213 152 272 359 132 251 358 446 103 220 228 282 389 106 224 171 231 341 337 431 37 114 127 184 246 355 443 92 191 311 138 205 323 414 258 316 377 91 208 266 326 422 449 468 23 99 16 80 77 183 303 273 214 331 409 158 192 280 312 408 469 59 168 288 340 432 64 164 284 227 232 172 291 394 390 460 186 245 306 405 467 50 148 252 367 199 86 200 147 265 378 450 317 259 371 423 268 325 381 455 470 478 54 153 32 40 133 128 244 360 332 274 385 448 107 221 253 338 368 447 120 65 110 229 287 346 393 461 115 169 225 342 292 233 349 436 433 476 247 305 363 444 118 93 139 210 313 415 260 209 324 424 471 372 318 418 456 327 380 427 474 479 178 100 215 66 81 193 187 304 410 386 333 429 94 165 281 314 391 416 68 179 116 289 345 398 435 477 173 230 285 395 350 293 401 464 462 155 307 362 412 67 176 149 201 270 369 451 319 269 379 457 135 419 373 452 475 382 426 459 140 195 239 154 275 117 134 254 248 361 33 430 387 51 122 174 226 339 370 434 42 121 347 397 439 463 160 234 290 343 437 402 351 441 111 101 217 364 411 71 119 211 261 329 417 82 374 328 425 87 188 453 420 472 196 428 458 95 202 256 216 334 175 194 315 308 12 69 72 21 96 235 286 392 17 55 78 399 438 466 104 218 294 348 396 57 442 403 62 162 156 13 35 75 271 320 384 41 129 421 383 46 141 473 454 136 203 47 89 145 276 6 236 255 4 2 34 97 52 295 344 25 38 102 440 465 159 161 352 400 26 105 73 29 112 36 74 330 375 43 83 44 19 88 143 84 197 90 144 0 22 296 9 15 14 353 8 56 60 108 167 10 28 58 113 63 5 18 49 85 48 198 137 7 1 3 24 27 109 166 30 61 20 45 11 31 
297 190 182 301 300 335 238 354 250 241 132 251 242 124 243 357 358 356 279 283 388 185 298 404 220 310 191 311 158 80 192 280 312 212 302 77 183 303 406 407 408 365 321 336 224 337 282 231 341 389 431 184 246 355 443 264 366 148 252 367 107 221 54 133 253 338 368 152 267 272 359 99 127 40 128 153 244 360 376 445 446 447 322 413 164 284 390 288 340 172 291 394 432 460 213 232 245 186 306 405 467 205 323 414 139 210 313 415 66 165 281 93 100 81 193 314 391 416 208 214 266 326 273 331 409 187 215 304 410 377 422 449 468 469 68 316 169 225 342 433 287 346 393 115 233 292 349 436 461 476 305 247 363 444 118 147 265 378 450 116 200 201 149 270 369 451 117 174 226 339 154 134 254 370 434 42 268 274 317 325 381 332 385 448 248 275 361 33 371 423 455 470 478 120 121 259 229 230 173 285 395 462 345 289 398 435 293 350 401 464 477 155 362 307 412 67 176 209 260 324 424 471 261 211 329 417 82 175 235 286 392 216 194 315 17 55 78 327 333 372 380 427 386 429 94 308 334 12 69 418 456 474 479 178 179 180 318 290 234 343 437 101 397 347 439 463 351 402 441 111 160 217 411 364 71 119 237 269 319 379 457 135 320 271 384 41 129 236 295 344 25 276 255 4 38 102 130 382 387 419 426 459 430 51 122 2 6 34 123 373 452 475 140 195 239 240 348 294 396 57 156 438 399 466 104 403 442 62 162 218 277 35 13 75 177 328 374 425 87 188 375 330 43 83 189 296 353 8 56 0 9 15 79 157 428 21 453 458 95 72 96 181 14 22 70 420 472 196 202 256 299 400 352 26 105 219 465 440 159 161 29 73 112 223 278 74 36 126 383 421 46 141 249 18 5 49 131 1 24 27 103 7 3 39 47 52 473 89 145 97 150 37 53 454 136 203 262 309 28 10 58 163 108 60 167 222 63 113 170 125 76 19 44 88 204 45 20 92 11 31 59 23 16 90 98 143 144 207 151 84 197 263 61 30 106 166 109 228 114 171 48 85 142 86 50 32 65 146 198 206 137 257 110 64 227 168 91 138 258 199 
238 212 300 302 182 185 297 298 152 242 267 272 241 356 357 243 359 124 184 231 246 335 354 355 213 99 208 214 266 321 326 273 331 190 301 365 406 407 183 303 409 77 80 127 232 245 172 283 291 186 306 279 388 404 405 54 153 147 268 274 317 325 264 376 381 332 385 250 132 251 358 310 336 322 413 366 445 446 133 244 360 448 40 128 287 292 305 115 233 282 341 349 247 363 220 224 337 389 431 443 444 93 100 215 200 209 327 333 316 372 380 205 323 377 422 427 386 429 191 311 158 192 280 312 408 449 414 468 469 81 193 187 304 410 94 66 229 345 350 362 164 173 293 288 340 284 394 401 307 412 390 432 460 467 67 148 149 154 275 259 139 260 265 269 382 387 371 318 419 426 378 423 455 459 430 51 252 367 107 221 253 338 368 447 470 450 478 120 117 134 254 248 361 33 122 116 169 289 346 397 402 411 225 230 234 351 393 342 436 441 364 71 433 461 476 118 119 210 201 211 216 334 319 324 328 428 21 418 373 453 458 424 456 474 95 72 96 313 415 165 281 314 391 416 68 479 471 178 179 175 194 315 308 12 69 181 174 347 398 438 442 35 285 290 294 403 435 395 464 62 13 75 462 477 155 176 177 270 261 271 276 6 374 379 383 47 52 452 420 473 89 457 475 140 145 97 150 369 451 226 339 370 434 42 121 195 135 239 240 235 236 255 4 2 34 123 399 439 465 73 74 343 348 352 29 463 437 111 112 36 126 101 160 217 237 329 320 330 0 22 421 425 19 90 98 472 454 143 144 87 196 202 207 151 417 82 286 392 17 55 78 180 256 188 299 295 296 9 15 14 70 440 466 108 113 125 396 400 10 63 104 57 162 170 76 156 218 277 384 375 5 7 53 44 46 48 146 136 84 198 206 141 203 262 41 129 344 25 38 102 130 309 249 353 1 3 39 37 60 159 166 171 26 28 30 114 161 105 223 219 278 43 18 20 23 85 88 91 197 137 258 204 263 83 189 8 56 79 157 24 11 16 109 167 227 58 61 64 222 163 49 45 50 138 142 257 199 131 27 103 31 32 168 228 106 110 92 86 59 65 
298 183 301 303 302 246 354 355 153 243 133 244 357 251 358 359 360 272 186 291 306 388 404 405 128 214 100 215 81 192 193 187 304 406 407 280 312 408 331 409 410 273 326 245 233 247 292 341 349 305 363 389 431 443 444 268 274 149 154 275 117 134 252 253 254 248 361 366 376 445 446 311 337 221 338 367 368 447 381 385 448 33 325 332 173 293 307 345 350 284 394 401 362 412 413 340 432 390 460 467 67 209 327 333 201 211 216 334 165 175 194 210 313 281 314 315 308 12 323 414 377 422 449 468 469 391 415 416 68 380 427 386 429 94 69 372 230 234 351 364 346 397 402 225 342 393 436 441 411 71 461 433 476 118 119 265 269 382 387 174 260 261 270 271 276 6 226 235 236 255 369 339 370 4 2 34 378 450 371 423 455 470 478 120 434 451 42 121 419 426 459 430 51 122 123 318 289 290 285 294 403 13 398 347 438 442 395 435 464 62 35 75 477 462 155 176 177 324 319 328 428 21 320 329 330 0 22 286 295 296 9 417 392 17 15 14 70 424 471 418 456 474 479 178 179 55 82 78 180 453 458 95 72 96 181 182 373 348 343 352 29 36 439 399 465 73 437 463 111 112 74 126 160 101 217 237 238 379 374 383 47 52 375 384 5 7 53 344 353 1 3 41 25 38 39 37 124 457 135 452 475 140 195 239 240 102 129 130 241 420 473 89 145 97 150 242 400 396 10 63 76 466 440 108 113 57 104 162 170 125 185 218 156 277 297 425 421 19 90 98 18 43 20 23 99 8 24 11 16 83 56 79 80 77 87 188 472 196 202 256 299 300 157 189 190 454 143 144 207 151 212 28 26 30 114 127 159 60 166 171 105 161 223 231 184 278 219 335 46 44 48 146 152 45 49 50 54 27 31 32 40 131 103 132 141 249 136 203 262 309 356 220 250 84 198 206 267 213 61 58 64 172 167 109 227 232 163 222 283 336 279 88 85 91 208 86 92 93 59 65 66 191 158 204 310 197 263 321 365 137 258 266 110 106 115 228 168 287 224 282 142 138 147 139 148 107 116 264 257 322 199 317 169 164 288 229 205 200 316 259 
187 303 193 304 215 247 134 248 359 244 358 360 154 253 254 275 361 274 306 293 307 175 194 308 355 331 407 409 404 312 408 405 410 211 216 281 314 315 333 334 12 332 327 305 349 363 350 234 351 362 364 235 236 255 2 381 385 445 446 448 431 443 367 368 447 444 33 270 269 271 276 313 226 338 339 369 370 4 382 387 6 34 380 386 394 401 412 397 402 285 294 403 411 13 261 290 295 286 296 9 14 422 427 429 449 468 469 94 390 460 467 414 415 391 416 68 67 69 324 329 319 328 320 330 0 392 417 17 15 426 428 430 21 22 70 419 393 436 441 71 347 438 442 342 343 348 352 29 35 36 353 344 1 3 37 378 455 459 51 432 423 470 450 478 120 122 433 461 476 118 451 434 42 121 119 123 379 384 373 374 383 375 5 7 25 41 38 39 453 458 47 72 52 53 124 418 398 435 395 464 62 75 399 439 465 73 396 400 10 63 74 76 24 8 11 16 77 424 456 474 95 96 479 471 178 179 181 462 477 155 176 82 55 78 180 177 182 425 43 420 421 19 18 20 23 56 83 79 80 473 89 90 97 98 99 183 452 463 437 111 112 126 440 466 108 113 26 28 30 114 125 127 31 27 32 40 128 457 475 140 145 150 195 135 239 240 242 101 160 217 237 129 102 130 241 238 243 46 49 454 44 48 45 50 54 103 131 132 133 472 143 144 146 151 152 153 104 57 162 170 185 60 159 166 171 58 61 64 172 184 186 65 59 66 81 87 196 202 207 212 256 188 299 300 302 156 218 277 297 189 157 190 301 298 88 92 84 85 91 86 93 100 158 191 192 136 198 206 208 213 214 161 105 223 231 246 109 167 227 232 106 110 115 233 245 116 107 117 141 203 262 267 272 309 249 356 357 219 278 335 354 250 220 251 142 148 137 138 147 139 149 221 252 197 258 266 268 273 222 163 283 291 168 228 287 292 164 169 173 174 165 204 263 321 326 365 310 406 279 336 388 311 280 205 210 199 200 209 201 257 317 325 282 224 341 229 288 345 225 230 264 322 376 413 366 337 389 265 259 260 316 372 340 284 289 346 323 377 318 371 
246 273 292 305 186 298 291 306 214 245 325 332 233 345 350 247 362 128 302 354 355 341 349 363 272 153 268 274 326 372 380 331 386 173 293 346 397 402 187 307 411 183 81 243 357 359 301 388 404 303 405 284 394 401 412 100 215 209 327 333 376 381 318 419 426 385 430 230 117 234 351 289 340 371 398 347 438 442 134 248 364 35 133 244 406 407 409 251 358 389 431 443 360 444 225 337 342 393 436 441 71 149 154 275 265 269 382 387 377 422 427 260 373 418 453 458 429 72 174 290 165 175 285 294 403 439 399 465 73 193 194 304 308 13 74 192 366 445 446 448 280 312 408 413 432 390 460 467 410 67 395 435 464 62 75 201 211 216 334 323 210 324 319 328 428 21 423 378 455 459 420 452 473 89 51 97 235 348 221 226 236 343 352 29 466 440 108 113 253 254 255 361 2 36 125 252 311 414 449 468 469 94 338 367 368 447 461 433 476 118 33 119 437 463 111 112 126 261 270 271 276 6 379 374 383 47 52 456 424 474 95 454 472 143 144 96 151 295 400 281 286 296 396 10 63 159 60 166 171 314 315 9 12 14 76 184 313 450 470 478 120 122 391 415 416 68 477 462 155 176 69 177 57 104 162 170 185 320 329 330 0 22 425 421 19 90 98 475 457 140 145 84 136 198 206 150 213 353 28 339 344 1 26 30 114 167 109 227 232 369 370 4 3 34 37 127 471 479 178 179 181 434 451 42 121 160 101 217 237 123 238 105 161 223 231 375 384 5 7 53 46 44 48 146 152 196 87 202 207 137 197 258 266 212 24 61 392 8 11 58 64 172 228 168 287 417 17 15 16 70 77 135 195 239 240 242 55 82 78 180 218 156 277 297 182 163 222 283 18 43 20 23 99 88 85 91 208 203 141 262 267 199 257 317 31 110 25 27 32 106 115 288 229 41 38 39 40 124 188 256 299 300 102 129 130 241 278 219 335 224 282 45 49 50 54 142 138 147 263 204 321 259 316 65 169 56 59 66 164 83 79 80 249 309 356 157 189 190 336 279 86 92 93 205 200 322 264 116 103 107 131 132 310 365 220 250 139 148 158 191 
186 298 291 306 245 128 233 247 302 246 354 355 292 341 349 305 363 273 183 81 187 173 293 307 243 272 357 359 301 388 404 303 405 345 350 284 394 401 332 362 412 214 325 153 133 244 100 117 134 215 248 230 234 351 364 326 331 406 407 409 251 358 389 431 443 360 444 346 372 397 402 340 225 337 342 393 436 441 380 386 411 71 268 274 192 193 304 149 154 165 175 194 275 308 289 174 290 285 294 403 13 376 381 385 366 445 446 448 280 312 408 413 432 390 460 467 410 67 371 398 318 419 347 438 442 395 435 464 62 327 426 333 430 35 75 209 252 253 254 361 201 211 216 221 226 235 236 255 334 2 348 343 352 29 36 377 422 427 429 311 323 414 449 468 469 94 338 367 368 447 461 433 476 118 33 119 418 439 260 373 453 399 465 73 437 463 111 112 269 382 458 387 72 74 126 265 210 313 281 314 315 12 261 270 271 276 286 295 296 9 6 14 400 396 10 63 76 423 378 455 459 51 450 470 478 120 122 391 415 416 68 477 462 155 176 69 177 452 466 319 420 473 440 108 113 57 104 162 170 328 428 89 21 97 125 185 324 369 339 370 4 34 320 329 330 0 344 353 1 3 22 37 28 26 30 114 127 456 424 474 95 96 471 479 178 179 181 434 451 42 121 160 101 217 237 123 238 472 159 374 454 143 60 166 171 105 161 223 231 379 383 47 144 52 151 184 417 392 17 15 70 375 384 5 7 8 24 11 16 53 77 61 58 64 172 475 457 140 145 150 135 195 239 240 242 55 82 78 180 218 156 277 297 182 136 167 421 84 198 109 227 232 163 222 283 425 19 90 206 98 213 41 25 38 39 124 18 43 20 23 27 31 32 40 99 110 106 115 196 87 202 207 212 188 256 299 300 102 129 130 241 278 219 335 197 228 44 137 258 168 287 224 282 46 48 146 266 152 83 56 79 80 45 49 50 54 59 65 66 169 164 203 141 262 267 249 309 356 157 189 190 336 279 257 288 85 199 317 229 88 91 208 131 103 132 86 92 93 107 116 263 204 321 310 365 220 250 316 138 259 142 147 191 158 139 148 322 264 200 205 
306 187 293 307 305 355 349 363 215 247 134 248 350 234 351 362 364 332 303 404 405 394 401 412 244 274 154 275 193 175 194 304 308 397 402 285 294 403 386 411 13 331 380 359 358 360 407 431 443 409 444 393 436 441 71 327 333 211 216 334 253 254 235 236 255 361 2 347 419 438 442 290 342 226 343 348 352 29 426 430 35 36 381 385 312 408 410 445 446 390 460 467 448 67 398 432 435 395 464 62 75 269 382 387 270 271 276 6 281 314 315 261 295 286 296 9 12 14 373 399 418 453 439 465 73 396 400 10 63 427 458 429 72 74 76 422 367 368 447 33 449 468 469 338 433 461 476 118 94 119 463 437 111 112 126 319 328 428 21 313 324 329 320 330 0 22 339 369 370 4 353 344 1 3 34 37 420 440 423 452 473 466 108 113 26 28 30 114 455 459 89 51 97 125 127 378 414 415 391 416 68 69 470 450 478 120 462 477 155 176 122 177 104 57 162 170 185 374 379 383 47 52 384 375 5 7 53 392 417 17 15 24 8 11 16 70 77 454 60 456 472 143 159 166 171 58 61 64 172 474 95 144 96 151 184 186 424 451 434 42 121 123 479 471 178 179 101 160 217 237 181 238 161 105 223 231 246 421 425 19 90 98 43 18 20 23 99 25 41 38 39 31 27 32 40 124 128 84 109 475 136 198 167 227 232 106 110 115 233 457 140 145 206 150 213 245 82 55 78 180 182 195 135 239 240 156 218 277 297 242 298 222 163 283 291 44 46 48 146 152 49 45 50 54 153 56 83 79 80 65 59 66 81 183 137 168 196 197 258 228 287 292 164 169 173 87 202 207 266 212 273 129 102 130 241 243 256 188 299 300 219 278 335 354 302 282 224 341 85 88 91 208 214 92 86 93 100 103 131 132 133 116 107 117 199 229 203 257 317 288 345 225 230 141 262 267 325 272 189 157 190 301 309 249 356 357 279 336 388 340 284 138 142 147 268 148 139 149 158 191 192 174 165 259 289 263 316 372 346 204 321 326 250 220 251 365 310 406 337 389 200 205 209 210 201 221 252 318 322 371 264 376 311 280 413 366 260 265 377 323 
304 307 194 308 275 360 254 361 362 248 351 364 216 236 255 334 2 333 405 408 410 314 315 12 363 386 402 411 401 294 403 412 13 271 276 286 296 9 387 6 14 385 382 409 443 444 446 368 447 448 33 369 370 4 34 426 430 438 442 35 436 441 348 352 29 71 36 320 328 330 0 295 339 343 344 353 1 3 428 21 22 37 427 429 460 467 67 468 469 391 416 68 94 69 329 415 417 392 17 15 70 453 458 72 439 465 73 74 395 464 62 399 400 396 10 63 75 76 374 375 379 383 384 5 7 8 24 11 16 459 47 51 52 53 77 455 461 476 118 119 450 478 120 433 434 451 42 121 122 123 41 25 38 39 124 420 473 89 97 435 452 466 440 108 113 125 437 463 111 112 28 26 30 114 126 127 421 18 424 425 19 43 20 23 27 31 32 40 474 95 90 96 98 99 128 456 470 477 462 155 176 177 471 479 178 179 55 82 78 180 181 182 83 56 79 80 183 454 472 143 144 151 159 60 166 171 184 57 104 162 170 61 58 64 172 185 186 44 45 457 46 48 49 50 54 59 65 66 81 140 145 146 150 152 153 187 475 160 101 217 237 238 135 195 239 240 102 129 130 241 242 243 131 103 132 133 244 84 136 198 206 213 167 109 227 232 245 105 161 223 231 110 106 115 233 246 247 85 86 87 88 91 92 93 100 107 116 117 134 196 202 207 208 212 214 215 218 156 277 297 298 188 256 299 300 157 189 190 301 302 303 191 158 192 193 137 197 258 266 273 228 168 287 292 305 163 222 283 291 169 164 173 293 306 138 139 141 142 147 148 149 154 165 174 175 203 262 267 268 272 274 278 219 335 354 355 249 309 356 357 220 250 251 358 359 252 221 253 199 257 317 325 332 288 229 345 350 224 282 341 349 230 225 234 200 201 204 205 209 210 211 226 235 263 321 326 327 331 336 279 388 404 310 365 406 407 280 311 312 313 281 259 316 372 380 346 289 397 284 340 394 290 285 260 261 264 265 269 270 322 376 381 389 337 431 366 413 445 338 367 318 371 419 398 347 342 393 319 323 324 377 422 432 390 414 449 373 418 378 423 
309 189 204 310 299 278 263 365 130 249 131 250 262 142 264 356 366 240 219 222 336 257 322 413 157 180 79 190 103 92 191 220 311 207 321 138 205 323 300 406 414 237 181 277 163 279 223 228 282 335 389 258 316 377 449 123 241 39 132 251 59 158 50 148 252 280 367 146 150 267 376 91 199 86 200 147 265 378 242 357 445 450 177 297 106 224 337 170 283 168 288 340 388 432 206 227 317 259 371 423 470 70 182 301 16 80 192 312 65 107 221 23 93 139 210 313 338 415 98 208 151 212 266 326 422 260 209 324 424 238 302 354 407 468 471 126 64 164 284 390 171 231 341 110 229 287 346 393 431 461 372 318 418 456 479 53 124 243 358 32 37 40 54 133 253 368 116 66 165 281 149 201 270 369 391 451 152 268 125 213 272 325 381 455 319 269 379 457 185 298 359 404 446 478 135 76 114 115 169 225 342 433 232 172 291 394 289 345 398 435 460 477 419 373 452 475 195 99 77 183 303 408 81 100 193 314 416 174 117 226 339 211 261 329 417 434 82 214 327 184 273 331 380 427 474 374 328 425 87 246 355 409 443 469 178 188 127 173 230 285 395 462 292 233 349 436 347 397 439 463 476 160 453 420 472 196 256 153 128 244 360 447 134 154 254 370 42 235 175 286 392 271 320 384 41 55 129 274 382 245 332 385 426 459 140 421 383 46 141 186 306 405 448 467 120 239 234 290 343 437 101 350 293 401 464 399 438 466 104 155 218 473 454 136 203 215 187 304 410 68 194 216 315 17 78 295 236 344 25 330 375 43 83 102 333 428 305 386 429 458 95 202 44 19 88 247 363 444 94 118 179 294 348 396 57 156 402 351 441 111 440 465 159 161 217 143 84 197 275 248 361 33 121 255 276 4 38 353 296 8 56 5 18 49 387 47 362 430 51 89 145 85 48 307 412 67 122 176 352 400 26 105 442 403 62 162 60 108 167 198 137 334 308 12 69 9 0 15 24 1 27 20 45 21 90 411 72 96 144 364 71 119 10 28 58 73 29 112 109 166 6 2 34 3 7 31 11 52 35 97 13 75 30 61 113 63 22 14 74 36 
220 310 191 311 190 279 158 280 356 250 264 366 132 148 252 251 367 241 336 224 337 107 221 338 365 300 321 406 322 205 323 413 414 80 192 139 210 313 301 312 415 297 182 335 282 389 283 164 284 388 390 66 165 281 391 242 357 267 376 445 316 377 147 265 378 449 450 54 124 133 253 93 116 200 201 149 270 369 243 358 368 451 238 354 288 340 432 231 341 169 225 342 431 433 40 115 117 174 226 339 434 212 302 407 266 326 422 468 259 371 423 208 209 260 324 424 470 471 99 100 77 183 81 193 314 261 211 329 417 298 303 404 408 416 82 185 287 346 393 461 172 291 394 229 230 173 285 395 460 462 175 235 286 392 55 152 272 359 446 317 213 325 268 381 455 478 318 372 418 456 269 319 379 457 479 135 153 154 127 128 244 134 254 370 320 271 384 41 246 355 360 443 447 42 129 184 232 345 289 398 435 477 233 292 349 436 290 234 343 437 476 101 236 295 344 25 102 214 273 331 409 469 380 327 427 474 178 373 419 452 475 328 374 425 87 195 188 215 216 186 187 304 194 315 17 375 330 43 83 306 405 410 467 68 78 189 245 397 347 439 463 160 293 350 401 464 348 294 396 57 155 156 296 353 8 56 157 274 332 385 448 120 426 382 459 140 239 420 453 472 196 383 421 46 141 256 249 275 276 247 248 361 255 4 38 18 5 49 131 305 363 444 33 118 121 130 438 399 466 104 218 351 402 441 111 400 352 26 105 217 219 1 24 27 103 333 386 429 94 179 458 428 95 202 299 454 473 136 203 19 44 88 204 309 334 0 307 308 12 9 15 79 45 20 92 362 412 67 69 176 180 465 440 159 161 278 403 442 62 162 28 10 58 163 277 11 31 59 387 430 51 122 240 89 47 145 262 84 143 197 263 48 85 142 6 7 364 2 34 3 39 86 50 411 71 119 123 237 108 60 167 222 29 73 112 223 61 30 106 32 65 21 72 96 181 144 90 207 137 198 257 91 138 22 23 13 14 70 16 35 75 177 166 109 228 63 113 170 110 64 52 97 150 206 146 199 258 53 36 37 74 126 227 168 114 171 98 151 76 125 
280 301 192 312 311 337 221 338 357 251 243 358 252 133 253 367 368 366 388 284 390 165 281 391 354 406 302 407 298 183 303 404 408 210 313 81 193 314 414 415 416 413 323 389 341 431 340 225 342 432 433 174 226 339 434 376 445 272 359 446 246 355 153 244 360 443 447 149 265 270 369 100 117 128 134 154 254 370 378 450 451 42 377 449 291 394 460 346 393 173 285 395 461 462 201 230 235 175 286 392 55 326 422 468 273 331 409 469 186 306 405 214 215 187 304 410 467 68 209 211 260 324 261 329 417 194 216 315 17 423 424 470 471 82 78 371 292 349 436 476 289 398 435 233 234 290 343 437 477 101 295 236 344 25 102 268 381 455 478 245 325 332 274 385 448 120 247 305 363 444 275 248 361 33 118 121 269 271 318 319 379 320 384 41 255 276 4 38 418 456 457 479 135 129 130 372 345 350 293 401 464 155 347 397 439 463 294 348 396 57 160 156 353 296 8 56 157 327 380 427 474 178 386 333 429 94 179 307 362 412 67 334 308 12 69 176 180 328 330 373 374 425 375 43 83 9 0 15 79 452 475 87 195 188 189 190 419 402 351 441 111 217 399 438 466 104 352 400 26 105 218 219 24 1 27 103 220 382 426 459 140 239 430 387 51 122 240 364 411 71 119 6 2 34 123 237 241 383 5 420 421 46 18 49 131 3 7 39 132 453 472 196 141 256 249 250 442 403 62 162 277 440 465 159 161 10 28 58 163 278 279 31 11 59 158 428 458 95 202 299 72 21 96 181 300 13 35 75 177 22 14 70 182 297 19 20 454 44 88 45 92 191 16 23 80 473 136 203 204 309 310 73 29 112 223 335 60 108 167 222 30 61 106 224 336 65 32 107 47 89 145 262 356 97 52 150 242 36 74 126 238 53 37 124 48 50 84 85 142 86 148 40 54 143 197 263 264 365 113 63 170 283 109 166 228 282 64 110 164 116 66 90 144 207 321 151 98 212 76 125 185 99 77 91 93 137 138 205 139 198 257 322 171 114 231 168 227 288 115 169 146 206 267 213 152 127 184 147 199 200 258 316 232 172 229 287 208 266 259 317 
221 210 311 313 192 165 280 281 149 252 265 270 251 366 367 253 369 133 174 225 226 337 338 339 201 100 209 211 260 323 324 261 329 301 312 413 414 415 193 314 417 81 183 117 230 235 173 284 285 175 286 388 390 391 392 153 154 268 269 271 318 319 376 378 379 320 384 357 243 358 368 406 389 377 449 445 450 451 244 254 370 41 128 134 289 290 295 233 234 340 342 343 236 344 354 341 431 432 433 434 25 214 215 216 325 327 328 330 371 373 374 326 422 423 424 425 375 43 302 407 298 303 404 408 416 470 468 471 82 187 304 194 315 17 83 186 345 347 348 353 291 293 294 346 393 394 395 396 296 8 460 461 462 55 56 272 274 275 276 372 273 380 381 382 383 5 418 419 420 421 455 456 457 46 18 49 359 446 246 355 360 443 447 42 479 478 135 129 247 248 361 255 4 38 131 245 292 397 398 399 400 24 349 350 351 352 435 436 437 26 1 27 476 477 101 102 103 331 332 333 334 0 426 427 428 19 20 452 453 454 44 474 475 87 88 45 92 409 469 306 405 410 467 68 78 195 178 188 189 307 308 12 9 15 79 191 305 438 439 440 28 31 401 402 403 10 463 464 57 58 11 59 155 160 156 157 158 385 386 387 6 7 458 459 47 48 50 472 473 84 85 140 196 141 142 86 148 448 120 363 444 33 118 121 130 256 239 249 250 362 364 2 34 3 39 132 465 466 60 61 65 441 442 29 30 104 111 105 106 32 107 217 218 219 220 429 430 21 22 23 89 95 90 91 93 136 143 137 138 202 203 204 205 139 94 179 412 67 69 176 180 190 309 299 310 411 13 14 70 16 80 108 159 109 110 116 62 73 63 64 161 162 163 164 66 277 278 279 51 72 52 53 54 144 145 146 147 197 198 199 200 262 263 264 122 240 71 119 123 237 241 365 356 35 36 37 124 40 166 167 168 169 112 113 114 115 222 223 224 335 336 96 97 98 99 206 207 208 257 258 259 321 322 181 300 75 177 182 297 74 76 77 227 228 229 170 171 172 282 283 150 151 152 266 267 316 317 242 126 238 125 127 287 288 231 232 212 213 185 184 
281 193 312 314 313 226 338 339 154 253 244 254 367 358 368 369 370 270 175 285 286 390 391 392 134 211 215 216 187 303 304 194 315 414 415 404 408 416 329 417 17 261 324 235 234 236 290 342 343 295 344 432 433 434 25 269 271 274 275 276 247 248 359 360 361 255 4 445 378 450 451 407 431 355 443 446 447 42 379 384 41 38 319 320 293 294 296 347 348 394 395 396 353 8 449 393 461 460 462 55 56 327 328 330 332 333 334 0 306 307 308 331 409 405 410 12 9 15 422 468 423 424 470 471 82 467 469 68 78 374 425 375 43 83 79 373 350 351 352 1 398 399 400 349 436 435 437 26 24 27 477 476 101 102 103 381 382 383 5 305 380 386 385 387 6 7 363 362 364 2 448 444 33 34 3 39 455 478 418 456 457 479 135 129 118 120 121 130 420 421 46 18 49 131 132 419 397 402 401 403 10 11 439 438 440 28 464 463 57 58 31 59 160 155 156 157 158 427 426 428 19 20 430 429 21 22 23 412 411 13 14 94 67 69 70 16 80 474 178 452 475 87 195 188 189 176 179 180 190 454 44 88 45 92 191 192 453 442 441 29 30 32 466 465 60 61 111 104 105 106 65 107 218 217 219 220 221 459 458 47 48 50 72 51 52 53 54 71 35 36 37 122 119 123 124 40 133 140 239 472 196 141 256 249 250 237 240 241 251 473 84 85 142 86 148 252 73 62 63 64 66 159 108 109 110 162 161 163 164 116 165 278 277 279 280 95 89 90 91 93 97 96 98 99 100 75 74 76 77 181 177 182 183 81 202 299 136 203 204 309 310 311 297 300 301 143 137 138 205 139 210 113 112 114 115 117 167 166 168 169 223 222 224 225 174 336 335 337 145 144 146 147 149 151 150 152 153 126 125 127 128 242 238 243 262 356 197 263 264 365 366 354 357 198 199 200 265 201 171 170 172 173 228 227 229 230 283 282 284 389 388 207 206 208 209 213 212 214 185 184 186 302 298 321 406 257 322 323 413 258 259 260 232 231 233 288 287 289 341 340 267 266 268 273 272 246 245 376 316 377 317 318 292 291 346 345 326 325 371 372 
194 314 304 315 216 236 248 255 369 254 368 370 275 360 361 276 4 271 286 294 296 307 308 9 339 329 415 417 391 408 416 392 17 333 334 405 410 12 330 0 15 320 328 295 343 344 348 351 352 353 1 362 364 2 3 379 384 450 451 41 433 434 446 447 42 25 38 385 382 387 6 409 363 443 444 448 33 34 383 5 7 39 374 375 395 396 8 399 400 401 403 10 24 11 386 402 411 412 13 14 16 424 425 43 470 471 82 83 460 462 55 468 469 467 68 78 56 79 427 429 426 428 430 21 22 67 94 69 70 421 19 18 20 23 80 420 435 437 26 27 438 440 28 436 441 442 29 30 31 32 35 71 36 37 40 455 457 46 49 461 456 479 478 135 129 131 476 477 101 102 120 118 121 130 103 132 459 51 453 458 47 72 52 53 119 122 123 124 454 44 48 45 50 54 133 452 439 463 464 57 58 59 465 466 60 61 62 73 63 64 65 66 74 75 76 77 81 474 475 87 88 92 195 178 188 189 191 155 160 156 157 179 176 180 190 158 192 95 96 473 89 90 97 98 99 177 181 182 183 84 85 91 86 93 100 193 472 104 111 105 106 107 108 159 109 110 112 113 114 115 116 117 125 126 127 128 134 140 196 141 142 148 256 239 249 250 252 217 218 219 220 240 237 241 251 221 253 145 150 143 144 146 151 152 153 238 242 243 244 136 137 138 147 139 149 154 161 162 163 164 165 166 167 168 169 170 171 172 173 174 175 184 185 186 187 202 203 204 205 210 309 299 310 311 313 277 278 279 280 300 297 301 312 281 207 212 198 206 208 213 214 215 298 302 303 197 199 200 209 201 211 222 223 224 225 226 227 228 229 230 231 232 233 234 235 245 246 247 262 263 264 265 270 365 356 366 367 335 336 337 338 357 354 358 267 272 258 266 268 273 274 355 359 257 259 260 269 261 282 283 284 285 287 288 289 290 291 292 293 305 306 321 322 323 324 413 406 414 388 389 390 407 404 326 331 317 325 327 332 316 318 319 340 341 342 345 346 347 349 350 376 377 378 449 445 431 432 381 372 380 371 373 393 394 397 398 422 423 419 418 
315 296 308 9 276 370 361 4 353 255 352 1 334 364 2 0 3 330 392 416 17 410 12 15 344 375 400 24 396 403 10 8 11 387 6 412 13 14 5 7 16 384 383 417 434 25 451 447 42 41 38 448 33 34 39 421 18 440 28 31 437 26 442 29 30 27 32 430 428 21 22 411 444 441 71 35 36 37 19 20 23 40 425 43 462 55 56 471 82 467 68 78 83 79 429 469 94 67 69 70 80 454 44 45 466 60 61 65 464 57 58 465 73 62 63 64 59 66 458 72 459 47 51 52 53 75 74 76 77 46 48 49 50 54 81 457 477 101 102 103 478 135 129 476 118 120 121 130 131 132 122 119 123 124 133 473 84 85 86 463 472 159 108 109 110 116 111 104 105 106 113 112 114 115 107 117 89 97 474 95 90 96 98 99 126 125 127 128 87 88 91 92 93 100 134 475 479 160 155 156 157 158 178 195 188 189 176 179 180 190 191 192 181 177 182 183 193 143 136 137 138 139 167 166 168 169 174 162 161 163 164 171 170 172 173 165 175 144 151 140 145 146 150 152 153 185 184 186 187 141 142 147 148 149 154 194 196 218 217 219 220 221 239 256 249 250 237 240 241 251 252 253 242 238 243 244 254 198 197 199 200 201 228 227 229 230 235 223 222 224 225 232 231 233 234 226 236 206 213 202 207 208 212 214 215 246 245 247 248 203 204 205 209 210 211 216 278 277 279 280 281 299 309 310 311 297 300 301 312 313 314 302 298 303 304 258 257 259 260 261 288 287 289 290 295 283 282 284 285 292 291 293 294 286 266 273 262 267 268 272 274 275 306 305 307 263 264 265 269 270 271 336 335 337 338 339 356 365 366 367 354 357 358 368 369 359 355 360 317 316 318 319 320 346 345 347 348 341 340 342 343 350 349 351 325 332 321 326 327 331 333 363 362 322 323 324 328 329 389 388 390 391 406 413 414 415 404 407 408 409 405 372 371 373 374 398 397 399 394 393 395 402 401 380 386 376 381 382 385 377 378 379 432 431 433 445 449 450 443 446 419 418 420 439 438 436 435 426 422 427 423 424 461 460 468 470 453 452 455 456 
188 218 203 309 239 129 141 249 217 256 161 278 202 197 263 299 365 179 102 83 189 88 204 310 156 176 162 277 105 167 222 219 336 145 262 137 257 322 240 356 413 121 122 78 56 157 38 49 131 130 250 48 142 264 366 119 237 112 223 335 58 163 166 228 282 279 389 144 96 207 321 198 85 109 199 258 316 377 181 300 406 449 69 180 27 103 220 15 79 45 92 191 190 311 90 20 91 138 205 323 414 75 177 297 63 170 283 388 61 106 224 113 227 168 288 340 337 432 97 206 52 150 146 267 376 259 317 371 423 123 242 241 357 445 470 34 11 59 158 280 7 39 132 31 86 50 148 252 251 367 147 200 265 378 450 74 126 238 354 30 36 114 171 231 341 431 110 64 164 284 287 229 346 393 390 461 151 266 22 98 212 208 326 422 318 372 418 456 70 182 302 301 407 468 479 14 3 32 65 107 221 338 23 16 80 192 139 93 210 313 312 415 209 260 324 424 471 125 76 185 298 404 172 232 291 394 460 169 115 225 342 345 289 398 435 433 477 213 325 53 152 272 268 381 455 373 419 452 475 124 243 359 358 446 478 195 37 66 116 165 281 391 54 40 133 253 201 149 270 369 368 451 269 319 379 457 135 184 127 246 355 443 233 292 349 436 476 230 173 285 395 397 347 439 463 462 160 273 380 99 214 331 327 427 474 420 453 472 196 77 183 303 409 408 469 178 117 174 226 339 434 100 81 193 314 261 211 329 417 416 82 328 374 425 87 245 186 306 405 467 293 350 401 464 155 290 234 343 437 438 399 466 104 101 332 426 153 274 385 382 459 140 454 473 136 128 244 360 448 447 120 175 235 286 392 55 154 134 254 370 320 271 384 41 42 383 421 46 305 247 363 444 118 351 402 441 111 348 294 396 57 465 440 159 386 458 215 333 429 428 95 84 143 187 304 410 94 68 236 295 344 25 216 194 315 17 375 330 43 19 44 362 307 412 67 403 442 62 400 352 26 108 60 430 89 275 387 51 47 248 361 33 296 353 8 276 255 4 18 5 411 364 71 29 73 28 10 72 334 21 308 12 1 24 0 9 35 13 6 2 
258 263 228 316 199 206 227 317 204 257 309 322 168 222 288 259 371 138 207 151 266 171 287 372 262 142 249 264 299 278 365 321 377 110 229 223 282 346 200 318 418 91 86 146 150 267 98 125 213 208 325 114 232 345 419 92 205 189 310 323 240 356 219 336 413 376 423 106 65 169 289 163 170 277 283 224 340 398 139 260 373 452 50 147 181 212 326 53 152 126 184 273 268 380 64 76 172 231 292 397 453 131 148 265 130 250 366 378 237 300 406 157 279 335 389 449 422 456 59 164 32 116 115 230 347 341 284 393 439 93 201 209 319 420 472 23 123 242 272 381 37 99 214 177 185 127 245 332 327 426 233 291 350 438 473 103 191 210 324 180 79 190 220 311 414 424 297 241 357 445 337 388 432 470 455 475 107 225 16 66 174 173 290 399 394 342 435 466 54 149 261 269 374 454 136 39 70 182 238 302 331 427 77 124 153 274 246 186 305 386 382 458 293 349 402 465 143 158 132 252 270 379 251 280 367 450 457 354 301 407 468 390 431 461 479 474 196 165 285 40 117 235 234 348 440 436 395 463 159 100 211 320 328 421 84 197 80 243 298 359 385 459 128 183 215 333 306 247 362 430 428 89 351 401 442 108 198 221 192 313 329 425 312 338 415 471 87 404 358 446 478 433 460 477 195 140 203 226 343 81 175 295 294 400 60 464 437 104 167 133 154 271 375 383 44 137 303 355 409 429 95 187 244 275 387 363 307 411 72 47 144 403 441 73 166 281 253 369 384 46 368 391 451 135 141 443 408 469 178 462 476 160 256 202 286 396 134 236 353 352 28 109 111 57 161 193 216 330 18 19 85 360 405 448 51 145 248 304 334 21 412 364 35 97 90 29 62 113 339 314 417 43 88 416 434 82 188 467 447 120 239 101 155 218 344 26 194 296 24 10 61 162 105 254 276 5 45 48 410 444 94 96 308 361 6 52 71 13 74 63 112 392 370 41 49 42 55 129 118 68 179 156 217 8 58 255 1 31 30 315 0 20 33 67 122 2 12 22 75 36 25 17 83 78 102 176 121 27 9 11 4 7 69 119 14 34 56 38 3 15 
199 206 227 317 257 138 168 259 207 258 151 266 228 171 287 316 372 263 91 86 200 110 229 318 146 262 150 267 98 125 213 208 325 222 288 114 232 345 322 371 419 204 309 142 50 147 92 65 139 205 260 106 169 289 373 299 321 181 212 326 53 152 126 184 273 268 380 223 278 282 346 170 64 76 172 231 292 397 365 377 418 453 249 264 23 93 209 131 148 32 116 201 265 319 163 59 164 115 230 347 420 240 356 376 123 242 272 381 37 99 214 177 185 127 245 332 327 426 277 283 219 336 224 340 398 233 291 350 438 310 413 323 423 452 473 189 39 54 149 269 103 191 210 16 66 107 174 261 324 374 225 173 290 399 454 237 300 406 422 70 180 182 238 302 331 427 77 124 153 274 246 186 305 386 382 458 335 341 157 279 389 284 393 439 293 349 402 465 250 366 449 378 456 472 143 130 79 80 40 100 211 328 158 132 252 270 117 165 235 320 379 421 285 234 348 440 84 297 241 357 445 455 243 298 359 385 459 128 183 215 333 306 247 362 430 428 89 388 394 220 337 432 342 435 466 351 401 442 108 311 414 470 424 475 136 198 190 133 81 154 271 383 221 192 313 329 175 226 295 375 425 44 343 294 400 60 137 354 301 407 468 474 303 355 409 429 95 187 244 275 387 363 307 411 72 47 144 431 436 280 390 461 395 463 159 403 441 73 166 251 367 450 479 457 196 197 193 134 216 330 19 281 253 369 384 236 286 353 18 46 85 396 352 28 109 404 358 446 478 140 360 405 448 51 145 248 304 334 21 412 364 35 97 90 460 464 338 433 477 437 104 167 29 62 113 312 415 471 195 87 203 254 194 276 5 48 339 314 417 43 296 344 24 45 88 26 10 61 443 408 469 178 202 410 444 94 96 308 361 6 52 71 13 74 476 111 391 462 160 57 161 63 112 368 451 135 256 141 315 255 0 20 392 370 41 49 1 8 31 58 30 467 447 120 239 33 67 122 2 12 22 75 36 155 162 434 101 218 105 416 82 188 4 9 7 25 17 83 11 27 118 68 179 69 119 14 34 217 55 156 42 129 15 3 56 38 176 121 102 78 
317 200 229 318 316 266 287 372 205 259 139 260 288 169 289 371 373 322 208 213 325 232 345 419 147 264 148 265 93 116 201 209 319 282 346 115 230 347 377 418 420 321 365 267 152 268 212 184 273 326 380 231 292 397 453 310 323 191 210 324 54 149 107 174 261 269 374 224 336 340 398 164 172 66 173 225 290 399 413 423 452 454 356 376 99 214 327 242 272 127 245 332 381 426 283 185 291 233 350 438 473 250 366 378 132 252 270 379 40 100 211 158 165 117 235 320 328 421 279 284 335 389 341 393 439 234 285 348 440 406 449 422 456 472 84 300 124 153 274 382 238 302 331 77 186 246 305 386 427 458 349 293 402 465 143 220 311 414 424 80 190 192 221 313 329 425 81 133 154 271 226 175 295 375 383 44 337 342 297 388 432 394 435 466 294 343 400 60 357 445 470 455 475 136 137 241 182 183 128 215 333 428 298 243 359 385 247 306 362 430 459 89 401 351 442 108 198 280 251 367 450 457 253 281 369 384 46 134 193 216 330 286 236 353 18 19 85 390 395 354 431 461 436 463 159 352 396 28 109 407 468 479 474 196 197 199 301 244 187 275 387 47 355 303 409 429 307 363 411 72 95 144 441 403 73 166 258 338 312 415 471 87 314 339 417 43 88 194 254 276 5 344 296 24 45 48 138 433 437 404 460 477 464 104 167 10 26 61 168 358 446 478 195 140 203 257 304 248 334 21 90 405 360 448 51 364 412 35 97 145 206 62 29 113 227 391 368 451 135 141 370 392 41 49 142 255 315 0 20 8 1 31 86 91 462 57 443 476 160 111 161 228 30 58 110 408 469 178 256 202 263 361 308 6 52 146 444 410 94 96 13 71 74 151 207 112 63 171 434 416 82 188 204 17 25 83 92 9 4 7 50 27 11 65 101 105 467 155 218 162 222 64 106 447 120 239 309 262 12 2 22 98 67 33 122 150 36 75 125 170 114 55 42 129 249 38 56 131 3 15 23 59 32 156 163 118 217 278 223 68 179 299 34 14 53 119 69 181 76 126 102 78 189 79 103 16 39 219 176 277 121 240 70 37 177 123 157 130 237 180 
209 318 201 319 265 268 149 269 371 260 289 373 210 174 261 324 374 323 325 214 327 100 211 328 372 377 346 418 345 230 347 419 420 252 270 117 235 320 378 379 421 376 366 326 273 380 272 153 274 381 382 133 154 271 383 413 423 340 398 452 292 397 225 290 399 453 454 221 311 313 329 165 81 173 175 226 295 375 414 424 425 44 406 422 245 332 426 302 331 128 215 333 427 428 192 183 193 134 216 330 19 389 449 456 341 393 439 472 233 350 438 284 285 234 348 440 473 84 280 281 251 367 253 369 384 236 286 353 18 445 450 455 457 46 85 357 246 305 386 458 243 359 385 186 187 244 275 387 459 47 254 194 276 5 48 337 432 470 475 291 388 394 342 435 466 136 293 349 402 465 343 294 400 60 143 137 338 339 301 312 415 314 417 43 296 344 24 45 407 468 471 474 87 88 138 354 298 306 247 362 430 89 303 355 409 429 248 304 334 21 95 90 315 255 0 20 91 390 431 461 479 196 436 395 463 159 197 351 401 442 108 396 352 28 109 198 199 391 392 358 368 451 370 41 49 1 8 31 86 446 478 135 140 141 142 200 404 363 307 411 72 144 360 405 448 51 308 361 6 52 145 146 4 9 7 50 147 433 460 477 195 203 464 437 104 167 257 403 441 73 166 26 10 61 168 258 259 434 25 408 416 82 17 83 92 11 27 65 139 443 469 178 188 202 204 205 412 364 35 97 206 410 444 94 96 2 12 22 98 207 208 15 3 23 93 462 476 160 256 263 111 57 161 228 316 29 62 113 227 58 30 110 229 317 55 56 447 42 129 38 131 148 32 59 116 467 120 239 249 262 264 71 13 74 151 266 33 67 122 150 14 34 53 152 267 39 16 54 101 155 218 309 322 162 105 222 288 63 112 171 287 106 64 169 102 103 68 78 189 79 191 66 107 118 179 299 310 321 75 36 125 213 69 119 181 212 37 70 99 80 40 156 217 278 365 223 163 282 114 170 232 164 115 157 158 121 130 250 132 176 240 356 126 76 184 123 177 242 77 124 219 277 336 283 224 172 231 220 180 190 237 300 185 127 182 238 279 335 241 297 
211 235 319 320 270 154 269 271 226 261 290 295 324 373 374 329 375 313 134 215 216 327 328 330 175 281 285 286 234 347 348 236 353 378 379 419 420 421 369 384 18 253 367 193 187 194 244 274 275 254 276 381 382 383 5 338 339 342 343 344 293 294 398 399 400 296 24 423 414 424 425 418 380 397 453 452 454 44 415 417 43 45 312 314 247 248 255 303 304 332 333 334 315 0 422 331 427 426 428 19 20 390 391 392 394 395 396 8 350 351 352 393 439 438 440 28 1 31 449 456 445 450 455 457 46 473 472 84 85 368 451 370 41 49 86 358 306 307 308 9 359 360 361 305 386 385 387 6 4 7 459 458 47 48 50 432 433 434 25 349 431 436 435 437 26 27 402 401 403 10 466 465 60 61 11 65 470 475 407 468 471 474 87 88 143 136 137 138 408 416 82 17 83 92 139 404 355 363 362 364 2 3 409 405 410 12 430 429 21 22 15 23 95 89 90 91 93 461 460 462 55 56 464 463 57 58 59 442 441 29 30 159 108 109 110 32 116 479 196 446 478 135 140 141 142 198 197 199 200 447 42 129 38 131 148 201 443 412 411 13 14 16 448 444 33 34 72 51 52 53 39 54 145 144 146 147 149 477 476 101 102 103 111 104 105 106 107 73 62 63 64 167 166 168 169 66 174 195 203 469 178 188 202 204 205 258 257 259 260 467 68 78 189 79 191 210 71 35 36 37 40 94 67 69 70 97 96 98 99 80 100 207 206 208 209 160 155 156 157 158 162 161 163 164 165 113 112 114 115 228 227 229 230 117 256 263 120 239 249 262 264 265 317 316 318 118 121 130 250 132 252 75 74 76 77 81 122 119 123 124 151 150 152 153 133 267 266 268 218 217 219 220 221 223 222 224 225 171 170 172 173 288 287 289 309 322 179 299 310 321 323 372 371 176 180 190 311 192 126 125 127 128 181 177 182 183 213 212 214 326 325 278 277 279 280 283 282 284 232 231 233 346 345 365 377 240 356 366 376 237 241 251 185 184 186 242 238 243 273 272 336 335 337 341 340 292 291 413 300 406 297 301 246 245 302 298 389 388 357 354 
263 207 299 321 204 257 309 322 146 262 150 267 249 240 356 264 376 142 258 228 316 278 365 377 206 91 98 208 151 181 212 266 326 189 310 237 300 406 205 323 422 138 92 199 227 317 168 222 288 259 371 219 336 413 423 50 147 53 152 268 125 213 123 242 272 325 381 130 131 250 366 180 277 177 297 241 357 445 148 265 378 455 86 200 171 287 372 110 229 223 282 346 318 418 157 163 279 335 389 449 456 23 93 209 37 99 214 327 126 184 273 70 182 238 302 331 380 427 79 190 103 191 220 311 414 354 301 407 468 139 210 260 324 424 474 65 114 232 345 419 106 169 289 170 283 224 340 398 373 452 337 388 432 470 475 39 54 149 269 76 16 77 124 153 274 382 185 127 245 332 243 298 359 385 426 459 132 251 59 158 252 280 367 450 404 358 446 478 116 201 270 319 379 457 140 32 64 172 231 292 397 453 164 115 230 347 341 284 393 439 420 472 390 431 461 479 196 80 40 100 211 328 128 183 215 333 428 246 186 305 386 303 355 409 429 458 95 192 312 107 221 313 338 415 471 443 408 469 178 174 261 329 374 425 87 202 66 233 291 350 438 473 225 173 290 399 394 342 435 466 454 136 433 460 477 195 203 133 81 154 271 383 187 244 275 387 47 306 247 362 430 360 405 448 51 89 145 253 368 165 281 369 391 451 135 467 447 120 239 117 235 320 384 421 46 141 293 349 402 465 143 285 234 348 440 436 395 463 159 84 197 462 476 160 256 193 134 216 330 19 248 304 334 21 90 363 307 411 72 410 444 94 96 144 314 416 226 339 417 434 82 188 118 68 179 175 295 375 43 44 88 351 401 442 108 198 343 294 400 60 464 437 104 167 137 101 155 218 254 194 276 5 48 308 361 6 52 412 364 35 97 33 67 122 370 42 286 392 41 55 129 176 121 236 353 18 49 85 403 441 73 166 396 352 28 109 111 57 161 156 217 315 255 0 20 2 12 22 71 13 74 69 119 17 78 344 25 83 102 296 24 45 29 62 113 26 10 61 162 105 4 9 7 14 34 75 36 38 8 56 1 31 63 112 58 30 15 3 27 11 
204 257 309 322 262 142 249 264 258 263 228 316 299 278 365 321 377 207 138 92 205 189 310 323 199 206 227 317 168 222 288 259 371 240 356 219 336 413 267 376 423 146 150 91 86 200 50 131 148 147 265 130 250 366 378 151 266 171 287 372 110 229 223 282 346 318 418 237 181 300 406 277 157 163 279 335 389 449 212 326 422 456 98 208 65 139 260 23 93 103 191 210 209 324 180 79 190 220 311 414 424 125 213 325 114 232 345 419 106 169 289 170 283 224 340 398 373 452 177 297 123 242 241 357 445 337 388 432 470 152 272 268 381 455 475 53 32 116 201 319 39 54 149 59 158 132 252 270 269 379 251 280 367 450 457 126 184 273 380 64 76 172 231 292 397 453 164 115 230 347 341 284 393 439 420 472 238 354 70 182 302 301 407 468 390 431 461 479 99 214 331 327 427 474 196 37 16 66 107 174 261 374 80 40 100 211 221 192 313 329 328 425 312 338 415 471 87 185 127 245 332 426 233 291 350 438 473 225 173 290 399 394 342 435 466 454 136 298 404 124 243 359 358 446 478 433 460 477 195 153 274 385 382 459 140 203 77 117 165 235 320 421 133 81 154 271 281 253 369 384 383 46 368 391 451 135 141 246 186 305 386 458 293 349 402 465 143 285 234 348 440 436 395 463 159 84 197 355 443 183 303 409 408 469 178 462 476 160 256 128 215 333 429 428 95 202 175 226 295 375 44 193 134 216 330 339 314 417 43 19 88 416 434 82 188 306 247 362 430 89 351 401 442 108 198 343 294 400 60 464 437 104 167 137 405 467 244 360 448 447 120 239 101 155 218 187 275 387 51 47 145 236 286 353 18 85 254 194 276 5 392 370 41 49 48 42 55 129 363 307 411 72 144 403 441 73 166 396 352 28 109 111 57 161 444 118 304 410 94 68 179 156 217 248 334 21 96 90 296 344 24 45 315 255 0 20 25 17 83 78 102 412 364 35 97 29 62 113 26 10 61 162 105 67 176 361 33 122 121 308 6 52 1 8 31 4 9 7 56 38 71 13 74 63 112 58 30 119 12 69 2 22 11 27 15 3 75 36 34 14 
322 205 310 323 321 316 365 377 147 264 148 265 356 250 366 376 378 267 259 288 371 336 413 423 200 208 93 209 139 191 210 260 324 300 406 220 311 414 326 422 424 266 212 317 229 318 287 282 346 372 418 335 389 449 456 152 268 54 149 269 116 201 132 252 270 319 379 241 242 357 445 190 279 158 280 251 367 450 272 381 455 457 213 325 169 289 373 232 345 224 340 398 419 452 297 283 388 337 432 470 475 99 214 327 40 100 211 328 107 174 261 80 192 221 313 329 374 425 182 301 238 302 354 407 468 338 312 415 471 273 331 380 427 474 87 184 115 230 347 420 231 292 397 164 284 341 393 439 453 472 431 390 461 479 196 124 153 274 382 66 77 81 133 154 271 383 165 117 235 320 253 281 369 384 421 46 243 358 185 298 359 404 446 478 391 368 451 135 245 332 385 426 459 140 141 127 172 173 225 290 399 454 291 233 350 438 342 394 435 466 473 136 460 433 477 195 203 183 128 215 333 428 134 193 216 330 19 226 175 295 375 314 339 417 43 44 88 303 408 246 355 409 443 469 178 434 416 82 188 305 386 429 458 95 202 204 186 234 285 348 440 84 349 293 402 465 395 436 463 159 143 197 476 462 160 256 263 244 187 275 387 47 194 254 276 5 48 286 236 353 18 370 392 41 49 85 142 360 447 306 405 448 467 120 239 55 42 129 249 247 362 430 51 89 145 262 294 343 400 60 137 401 351 442 108 437 464 104 167 198 257 155 101 218 309 304 248 334 21 90 255 315 0 20 91 344 296 24 45 17 25 83 92 138 410 68 363 444 94 118 179 299 102 78 189 307 411 72 96 144 207 352 396 28 109 199 441 403 73 166 57 111 161 228 258 217 156 278 361 308 6 52 146 9 4 7 50 8 1 31 86 38 56 131 33 121 412 67 122 176 240 157 130 364 35 97 150 206 10 26 61 168 62 29 113 227 105 162 222 277 219 12 2 22 98 3 15 23 27 11 65 79 103 69 180 71 119 181 237 13 74 151 30 58 110 112 63 171 163 223 34 14 53 16 39 59 32 123 75 177 36 125 64 106 170 114 70 37 126 76 
260 323 210 324 209 318 201 319 376 265 366 378 149 252 270 269 379 268 371 289 373 174 261 374 377 326 406 422 413 311 414 423 424 100 211 221 313 329 327 328 425 325 214 372 346 418 345 230 347 419 420 117 235 320 421 272 381 357 445 455 389 449 251 367 450 456 457 133 153 154 271 192 165 280 281 253 369 384 274 382 383 46 273 380 340 398 452 292 397 225 290 399 453 454 81 173 175 226 295 375 44 302 331 427 354 407 468 474 337 432 470 301 312 338 415 471 475 87 183 193 128 215 134 216 330 339 314 417 43 332 333 426 428 19 88 245 341 393 439 472 233 350 438 284 285 234 348 440 473 84 236 286 353 18 85 243 359 385 459 388 298 404 358 446 478 140 390 431 461 479 368 391 451 135 196 141 244 254 186 187 275 194 276 5 392 370 41 49 305 386 387 458 47 48 142 246 291 394 342 435 466 136 293 349 402 465 343 294 400 60 143 137 296 344 24 45 138 303 355 409 429 95 443 408 469 178 202 433 460 477 195 416 434 82 188 203 204 304 315 247 248 334 255 0 20 25 17 83 92 362 430 21 89 90 91 205 306 436 395 463 159 197 351 401 442 108 396 352 28 109 198 199 1 8 31 86 200 360 405 448 51 145 467 447 120 239 262 462 476 160 256 42 55 129 249 263 264 361 4 307 308 6 9 7 50 56 38 131 148 363 411 72 52 144 146 147 464 437 104 167 257 403 441 73 166 26 10 61 168 258 259 11 27 65 139 410 444 94 96 207 118 68 179 299 321 101 155 218 309 78 102 189 310 322 12 15 364 2 22 3 23 93 103 79 191 412 35 97 98 206 208 111 57 161 228 316 29 62 113 227 58 30 110 229 317 32 59 116 33 67 122 150 267 176 121 240 356 156 217 278 365 130 157 250 34 39 13 14 53 16 54 158 132 71 74 151 152 266 162 105 222 288 63 112 171 287 106 64 169 66 107 69 119 181 212 237 180 300 219 277 336 190 220 70 80 36 37 99 40 75 125 213 223 163 282 114 170 232 164 115 123 177 242 297 241 279 335 124 76 77 126 184 283 224 172 231 182 238 127 185 
208 317 213 325 267 147 152 268 316 266 287 372 212 184 273 326 380 321 200 93 209 99 214 327 259 322 288 371 229 232 345 318 419 242 272 127 245 332 376 381 426 264 356 205 139 260 148 54 149 265 269 124 153 274 382 365 377 282 346 418 169 289 231 292 397 373 453 238 300 302 331 185 77 172 186 246 305 386 406 422 427 458 310 323 116 201 319 191 210 40 100 211 324 328 182 80 183 128 215 333 428 336 413 423 224 340 398 452 115 230 347 283 291 233 350 438 420 473 297 298 241 357 243 359 385 247 306 362 430 366 445 378 455 459 89 250 107 174 261 374 132 252 270 66 81 133 154 271 379 383 244 187 275 387 47 335 389 449 456 164 279 284 341 393 439 472 173 225 290 399 349 293 402 465 454 143 354 355 190 301 407 303 409 429 307 363 411 72 311 414 468 424 474 95 144 220 158 165 117 235 320 421 192 221 313 329 134 193 216 330 425 19 304 248 334 21 90 388 337 432 470 475 342 394 435 466 136 234 285 348 440 401 351 442 108 84 198 404 405 251 358 446 360 448 51 364 412 35 97 367 450 478 457 140 145 206 280 226 175 295 375 44 253 281 369 384 194 254 276 5 46 48 361 308 6 52 146 431 390 461 479 196 395 436 463 159 197 294 343 400 60 441 403 73 166 137 258 443 444 312 408 469 410 94 96 13 71 74 151 338 415 471 178 87 202 207 286 236 353 18 85 314 339 417 43 255 315 0 20 88 91 12 2 22 98 460 433 477 195 203 437 464 104 167 257 352 396 28 109 62 29 113 227 199 467 67 368 447 120 33 122 150 36 75 125 391 451 135 239 141 262 344 296 24 45 138 370 392 41 49 9 4 7 50 142 34 14 53 476 462 160 256 263 57 111 161 228 10 26 61 168 112 63 171 118 119 416 68 179 69 181 76 126 434 82 188 299 204 8 1 31 86 17 25 83 92 3 15 23 70 37 155 101 218 309 105 162 222 30 58 110 170 114 176 177 42 121 240 123 55 129 249 27 11 65 38 56 131 16 39 217 156 278 163 223 64 106 237 78 180 102 189 59 32 79 103 277 219 130 157 
266 321 212 326 208 317 213 325 264 267 356 376 152 242 272 268 381 147 316 287 372 184 273 380 322 205 310 323 365 300 406 377 422 99 214 238 302 331 209 327 427 200 93 259 288 371 229 232 345 318 419 127 245 332 426 148 265 250 366 378 336 413 241 357 445 423 455 124 54 153 274 182 185 297 298 243 359 385 149 269 382 459 139 260 282 346 418 169 289 231 292 397 373 453 77 172 186 246 305 386 458 191 210 324 220 311 414 424 335 389 449 190 301 354 407 468 456 474 80 183 40 100 128 215 333 355 303 409 429 201 211 319 328 428 95 116 224 340 398 452 115 230 347 283 291 233 350 438 420 473 247 306 362 430 89 132 252 270 379 279 158 280 251 367 450 457 388 337 432 470 358 404 446 478 475 140 133 244 66 81 154 187 275 387 405 360 448 51 174 261 271 374 383 47 145 107 164 284 341 393 439 472 173 225 290 399 349 293 402 465 454 143 307 363 411 72 144 192 221 313 329 425 338 312 415 471 87 431 390 461 479 408 443 469 178 196 202 193 304 117 134 216 248 334 21 444 410 94 96 235 320 330 421 19 90 207 165 342 394 435 466 136 234 285 348 440 401 351 442 108 84 198 364 412 35 97 206 253 281 369 384 46 391 368 451 135 141 460 433 477 195 447 467 120 239 203 262 254 361 175 194 276 308 6 52 67 33 122 150 226 295 375 5 44 48 146 395 436 463 159 197 294 343 400 60 441 403 73 166 137 258 13 71 74 151 314 339 417 43 88 434 416 82 188 204 476 462 160 256 68 118 179 299 263 315 12 236 255 0 2 22 98 119 69 181 286 353 18 20 85 91 437 464 104 167 257 352 396 28 109 62 29 113 227 199 36 75 125 370 392 41 49 142 55 42 129 249 155 101 218 309 121 176 240 4 34 296 9 7 14 53 177 123 344 24 45 50 138 57 111 161 228 10 26 61 168 112 63 171 76 126 17 25 83 92 102 78 189 217 156 278 180 237 15 70 1 3 23 37 8 31 86 105 162 222 30 58 110 170 114 38 56 131 157 130 277 219 39 11 16 27 65 163 223 64 106 79 103 32 59 
325 209 214 327 326 372 273 380 265 268 149 269 272 153 274 381 382 376 318 345 419 245 332 426 260 323 210 324 201 100 211 319 328 302 331 128 215 333 422 427 428 377 406 371 289 373 346 292 397 418 453 246 305 386 458 366 378 252 270 379 174 261 133 154 271 374 383 243 357 359 385 183 186 81 187 244 275 387 445 455 459 47 413 423 230 347 420 340 398 233 350 438 452 473 298 291 306 247 362 430 89 311 414 424 221 313 329 425 117 235 320 192 193 134 216 330 421 19 301 303 354 407 355 409 429 248 304 334 21 449 468 456 474 95 90 389 225 290 399 454 341 393 439 173 293 349 402 465 472 143 363 307 411 72 144 251 367 450 457 165 280 281 253 369 384 46 175 226 295 375 254 194 276 5 44 48 358 360 388 404 446 405 448 51 308 361 6 52 432 470 478 475 140 145 146 337 284 285 234 348 440 84 394 342 435 466 351 401 442 108 136 198 412 364 35 97 206 312 338 415 471 87 339 314 417 43 88 236 286 353 18 315 255 0 20 85 91 408 410 431 443 469 444 94 96 2 12 22 98 461 479 178 196 202 207 208 390 343 294 400 60 137 436 395 463 159 403 441 73 166 197 258 71 13 74 151 266 368 391 451 135 141 392 370 41 49 142 296 344 24 45 4 9 7 50 138 147 447 33 460 467 120 67 122 150 14 34 53 152 433 477 195 239 203 262 267 396 352 28 109 199 464 437 104 167 29 62 113 227 257 317 75 36 125 213 416 434 82 188 204 25 17 83 92 205 1 8 31 86 15 3 23 93 200 68 69 476 118 179 119 181 212 37 70 99 462 160 256 299 263 321 26 10 61 168 259 111 57 161 228 63 112 171 287 316 126 76 184 42 55 129 249 264 56 38 131 148 11 27 65 139 39 16 54 121 123 155 176 240 177 242 77 124 101 218 309 356 322 58 30 110 229 162 105 222 288 114 170 232 185 127 78 102 189 310 103 79 191 32 59 116 80 40 180 182 217 237 300 238 156 278 365 106 64 169 223 163 282 172 231 130 157 250 158 132 66 107 241 277 297 219 336 164 115 283 224 190 220 335 279 
319 327 211 328 324 373 261 374 381 269 274 382 270 154 271 379 383 378 419 347 420 235 320 421 380 422 331 427 332 215 333 426 428 313 329 134 216 330 424 425 19 423 414 418 397 453 398 290 399 452 454 226 295 375 44 445 455 359 385 459 305 386 244 275 387 458 47 253 367 369 384 193 175 187 194 254 276 5 450 457 46 48 449 456 350 438 473 393 439 234 348 440 472 84 281 285 286 236 353 18 85 407 468 474 355 409 429 95 247 362 430 303 304 248 334 21 89 90 312 314 338 415 339 417 43 255 315 0 20 470 471 475 87 88 91 432 349 402 465 143 342 435 466 293 294 343 400 60 136 137 344 296 24 45 138 358 446 478 140 306 404 405 360 448 51 145 307 363 411 72 361 308 6 52 144 146 368 370 390 391 451 392 41 49 9 4 7 50 461 479 135 196 141 142 147 431 394 401 351 442 108 198 395 436 463 159 352 396 28 109 197 199 8 1 31 86 200 408 443 469 178 202 444 410 94 96 207 364 412 35 97 12 2 22 98 206 208 416 17 433 434 82 25 83 92 3 15 23 93 477 195 188 203 204 205 209 460 441 403 73 166 258 437 464 104 167 10 26 61 168 257 259 27 11 65 139 260 447 467 120 239 262 67 33 122 150 267 13 71 74 151 34 14 53 152 266 268 42 38 462 55 129 56 131 148 16 39 54 149 476 160 256 249 263 264 265 62 29 113 227 317 57 111 161 228 30 58 110 229 316 318 59 32 116 201 68 118 179 299 321 119 69 181 212 326 36 75 125 213 70 37 99 214 325 78 79 101 102 189 103 191 210 40 80 100 155 218 309 310 322 323 112 63 171 287 372 105 162 222 288 64 106 169 289 371 107 66 174 121 176 240 356 376 177 123 242 272 76 126 184 273 124 77 153 130 132 156 157 250 158 252 81 133 217 278 365 366 377 170 114 232 345 163 223 282 346 115 164 230 165 117 180 237 300 406 238 182 302 127 185 245 183 128 190 192 219 220 311 221 277 336 413 231 172 292 224 283 340 173 225 241 297 357 298 243 186 246 251 279 280 335 389 291 233 284 341 301 354 337 388 
261 313 324 329 211 235 319 320 253 270 367 369 269 378 379 271 384 154 226 290 295 373 374 375 281 193 312 314 338 414 415 339 417 327 328 423 424 425 216 330 43 134 215 175 285 286 234 347 348 236 353 419 420 421 18 244 254 358 368 370 390 391 445 450 451 392 41 381 274 382 383 422 418 449 456 455 457 46 275 276 5 49 187 194 342 343 344 293 294 398 399 400 296 24 380 397 453 452 454 44 45 303 304 315 404 408 416 17 432 433 434 407 468 470 471 82 25 83 331 427 332 333 426 428 19 475 474 87 88 248 334 255 0 20 92 247 394 395 396 8 350 351 352 393 439 438 440 28 1 31 473 472 84 85 86 359 360 361 4 431 355 443 446 447 42 38 461 460 462 55 478 479 135 129 56 131 385 459 305 386 387 458 47 48 196 140 141 142 307 308 6 9 7 50 148 306 349 436 435 437 26 27 402 401 403 10 466 465 60 61 11 65 143 136 137 138 139 409 405 410 12 15 467 469 68 78 79 477 476 101 102 178 195 188 189 103 191 429 95 362 430 21 89 90 91 203 202 204 205 364 2 22 3 23 93 210 363 464 463 57 58 59 442 441 29 30 159 108 109 110 32 116 198 197 199 200 201 448 444 33 34 39 118 120 121 130 132 160 155 156 157 239 256 249 250 158 252 51 145 411 72 52 144 146 147 263 262 264 265 412 13 14 53 16 54 149 111 104 105 106 107 73 62 63 64 167 166 168 169 66 174 258 257 259 260 94 67 69 70 80 176 179 180 190 192 218 217 219 220 299 309 310 311 221 96 207 35 97 98 206 208 209 322 321 323 71 36 37 99 40 100 162 161 163 164 165 113 112 114 115 228 227 229 230 117 317 316 318 122 119 123 124 133 237 240 241 251 278 277 279 280 356 365 366 150 267 74 151 152 266 268 377 376 75 76 77 153 81 223 222 224 225 171 170 172 173 288 287 289 372 371 181 177 182 183 297 300 301 336 335 337 406 413 212 326 125 213 214 325 126 127 128 283 282 284 232 231 233 346 345 242 238 243 354 357 389 388 272 184 273 185 186 341 340 292 291 302 298 245 246 
320 216 328 330 329 295 374 375 254 271 275 276 379 382 383 384 5 369 236 348 353 420 421 18 194 314 304 315 248 333 334 255 0 424 425 426 428 19 417 43 20 339 415 286 294 296 343 399 400 344 24 452 454 44 45 368 370 360 361 4 307 308 385 387 6 9 7 455 450 457 46 427 453 386 458 459 47 48 451 41 49 50 391 392 351 352 1 395 396 438 440 28 8 31 456 439 472 473 84 85 86 408 416 17 405 410 12 15 362 364 2 409 429 430 21 22 3 23 468 474 470 471 475 87 88 89 95 90 91 434 82 25 83 92 93 433 401 403 10 11 435 437 26 402 465 466 60 61 27 65 136 143 137 138 139 446 447 42 38 363 443 444 448 33 34 39 411 412 13 14 51 72 52 53 16 54 478 140 461 479 135 196 141 142 144 145 146 147 462 55 129 56 131 148 149 460 436 441 442 29 30 32 463 464 57 58 108 159 109 110 59 116 197 198 199 200 201 469 467 68 78 79 67 94 69 70 80 35 71 36 37 96 97 98 99 40 100 178 202 477 195 188 203 204 205 206 207 208 209 101 102 189 103 191 210 211 476 62 73 63 64 66 104 111 105 106 166 167 168 169 107 174 257 258 259 260 261 120 118 121 130 132 119 122 123 124 133 74 75 76 77 150 151 152 153 81 154 239 262 160 256 249 263 264 265 266 267 268 269 155 156 157 250 158 252 270 112 113 114 115 117 161 162 163 164 227 228 229 230 165 235 316 317 318 319 179 176 180 190 192 177 181 182 183 193 125 126 127 128 212 213 214 215 134 299 321 218 309 310 322 323 324 325 326 327 217 219 220 311 221 313 170 171 172 173 175 222 223 224 225 287 288 289 290 226 371 372 373 240 237 241 251 253 238 242 243 244 184 185 186 187 272 273 274 356 376 278 365 366 377 378 380 381 277 279 280 367 281 231 232 233 234 282 283 284 285 345 346 347 418 419 300 297 301 312 298 302 303 245 246 247 331 332 406 422 336 413 414 423 335 337 338 291 292 293 340 341 342 397 398 357 354 358 355 359 305 306 445 389 449 388 390 349 350 393 394 407 404 432 431 
273 302 326 331 214 245 325 332 243 272 357 359 268 376 381 274 385 153 246 292 305 372 380 386 298 183 301 303 354 406 407 355 409 209 327 377 422 427 215 333 429 128 100 186 291 306 233 345 350 247 362 318 419 426 430 133 244 251 358 360 388 404 366 445 446 405 448 265 149 269 382 323 371 413 423 378 455 459 154 275 387 51 81 187 341 349 363 173 293 346 397 402 307 411 260 289 373 418 453 458 72 192 193 304 280 312 408 410 389 431 443 311 414 449 468 469 444 94 210 324 201 211 319 328 428 456 424 474 95 134 216 248 334 21 96 117 284 394 401 412 230 234 351 340 398 347 438 442 364 35 420 452 473 89 97 252 253 254 361 337 221 338 367 368 447 33 432 390 460 467 450 470 478 120 67 122 270 379 174 261 271 374 383 47 475 457 140 145 175 194 276 308 6 52 150 165 225 342 393 436 441 71 290 285 294 403 439 399 465 73 13 74 454 472 143 144 151 313 281 314 315 12 391 415 416 68 69 461 433 476 118 471 479 178 179 119 181 329 425 235 320 330 421 19 90 196 87 202 207 236 255 0 2 22 98 212 226 395 435 464 62 75 348 343 352 29 466 440 108 113 36 125 84 136 198 206 213 369 339 370 4 34 434 451 42 121 123 477 462 155 176 135 195 239 240 177 242 384 46 295 375 5 44 48 146 203 141 262 267 286 296 9 7 14 53 152 437 463 111 112 126 400 396 10 63 159 60 166 171 76 184 137 197 258 266 417 392 17 15 70 55 82 78 180 182 160 101 217 237 188 256 299 300 238 43 88 353 18 20 85 91 208 263 204 321 344 1 3 23 37 99 57 104 162 170 185 28 26 30 114 167 109 227 232 127 199 257 317 41 25 38 39 124 102 129 130 241 218 156 277 297 249 309 356 49 142 24 45 50 138 147 322 264 8 11 16 54 77 105 161 223 231 61 58 64 172 228 168 287 259 316 83 56 79 80 157 189 190 278 219 335 310 365 92 205 31 86 93 200 27 32 40 163 222 283 110 106 115 288 229 131 103 132 220 250 336 279 148 65 139 59 66 224 282 169 164 191 158 116 107 
214 245 325 332 272 153 268 274 246 273 292 305 326 372 380 331 386 302 128 100 215 209 327 333 186 298 291 306 233 345 350 247 362 376 381 318 419 426 359 385 430 243 357 183 81 187 133 149 154 244 275 265 269 382 387 354 355 341 349 363 173 293 346 397 402 307 411 377 406 422 427 371 260 289 373 418 453 458 407 409 429 72 301 303 117 134 248 192 193 201 211 216 304 334 323 210 324 319 328 428 21 388 404 405 284 394 401 412 230 234 351 340 398 347 438 442 364 35 413 423 366 445 378 455 459 420 452 473 89 358 446 360 448 51 97 251 165 175 194 308 252 253 254 174 261 270 271 276 361 6 379 374 383 47 52 389 431 443 444 225 337 342 393 436 441 71 290 285 294 403 439 399 465 73 13 74 449 456 311 414 468 424 474 95 454 472 143 144 312 408 469 410 94 96 151 280 221 226 235 236 255 2 313 281 314 315 320 329 330 0 12 22 425 421 19 90 98 432 390 460 467 67 395 435 464 62 75 348 343 352 29 466 440 108 113 36 125 470 475 367 450 478 457 140 145 84 136 198 206 368 447 120 33 122 150 213 338 286 295 296 9 14 369 339 370 4 375 384 5 7 34 53 46 44 48 146 152 461 433 476 118 119 437 463 111 112 126 400 396 10 63 159 60 166 171 76 184 479 196 415 471 178 87 202 207 137 197 258 266 391 416 68 179 69 181 212 344 353 1 3 37 417 392 17 15 18 43 20 23 70 99 88 85 91 208 477 462 155 176 177 57 104 162 170 185 28 26 30 114 167 109 227 232 127 195 203 451 135 239 141 262 267 199 257 317 434 42 121 240 123 242 8 24 11 16 77 41 25 38 39 45 49 50 54 124 142 138 147 160 101 217 237 238 105 161 223 231 61 58 64 172 228 168 287 256 263 82 188 299 204 321 259 316 55 78 180 300 182 27 31 32 40 83 56 79 80 86 92 93 205 200 218 156 277 297 163 222 283 110 106 115 288 229 309 322 129 249 356 264 102 130 241 59 65 66 131 103 132 139 148 278 219 335 224 282 169 164 365 189 310 157 190 107 116 191 158 336 279 250 220 
332 215 327 333 331 305 380 386 244 274 154 275 381 269 382 385 387 359 247 350 362 419 426 430 187 303 193 304 134 211 216 248 334 422 427 319 328 428 409 429 21 355 407 306 293 307 349 397 402 363 411 418 453 458 72 358 360 253 254 361 175 194 270 271 276 308 6 378 445 455 459 324 373 261 374 379 383 47 446 448 51 52 404 405 234 351 364 394 401 347 438 442 412 35 423 398 452 420 473 89 97 312 408 410 281 314 315 12 235 236 255 313 329 320 330 0 2 22 414 424 449 468 456 474 95 421 425 19 90 443 469 444 94 96 98 431 285 294 403 13 393 436 441 290 399 439 465 73 71 74 472 454 143 144 151 367 368 447 33 226 338 339 369 370 4 34 295 286 296 9 384 375 5 7 14 53 450 457 432 470 478 475 140 145 44 46 48 146 460 467 120 67 122 150 152 390 342 343 348 352 29 36 435 395 464 62 440 466 108 113 75 125 136 84 198 206 213 415 391 416 68 69 392 417 17 15 70 353 344 1 3 43 18 20 23 37 99 471 87 461 479 178 196 202 207 85 88 91 208 476 118 179 119 181 212 214 433 396 400 10 63 76 463 437 111 112 60 159 166 171 126 184 197 137 258 266 273 451 434 42 121 123 25 41 38 39 124 24 8 11 16 49 45 50 54 77 153 135 141 477 195 239 203 262 267 138 142 147 268 462 155 176 240 177 242 272 26 28 30 114 127 104 57 162 170 109 167 227 232 185 245 257 199 317 325 82 55 78 180 182 56 83 79 80 183 31 27 32 40 92 86 93 100 128 188 204 160 256 299 263 321 326 200 205 209 101 217 237 300 238 302 58 61 64 172 186 161 105 223 231 168 228 287 292 246 316 259 372 129 102 130 241 243 103 131 132 133 65 59 66 81 148 139 149 249 264 218 309 356 322 376 260 265 156 277 297 357 298 106 110 115 233 222 163 283 291 229 288 345 371 318 189 157 190 301 158 191 192 116 107 117 210 201 310 323 278 365 406 377 219 335 354 164 169 173 282 224 341 289 346 250 220 251 221 252 174 165 366 336 413 279 388 225 230 340 284 311 280 389 337 
248 333 216 334 304 307 194 308 385 275 382 387 254 271 276 361 6 360 362 351 364 236 255 2 386 409 427 429 426 328 428 430 21 314 315 320 330 0 410 12 22 405 408 363 402 411 401 294 403 412 13 286 296 9 14 446 448 455 459 51 453 458 379 383 47 72 52 369 368 370 4 329 295 374 375 384 5 7 447 33 34 53 443 444 438 442 35 436 441 348 352 29 71 36 339 343 344 353 1 3 37 468 469 94 456 474 95 96 420 473 89 424 425 421 19 90 97 98 415 417 391 416 392 17 15 18 43 20 23 467 68 67 69 70 99 460 439 465 73 74 395 464 62 399 400 396 10 63 75 76 8 24 11 16 77 450 478 120 122 452 470 475 457 140 145 150 454 472 143 144 46 44 48 146 151 152 451 41 433 434 42 25 38 39 45 49 50 54 476 118 121 119 123 124 153 461 435 466 440 108 113 125 437 463 111 112 28 26 30 114 126 127 27 31 32 40 128 471 479 178 179 181 196 87 202 207 212 84 136 198 206 88 85 91 208 213 214 82 83 462 55 78 56 79 80 86 92 93 100 155 176 180 177 182 183 215 477 159 60 166 171 184 57 104 162 170 61 58 64 172 185 186 59 65 66 81 187 135 195 239 240 242 203 141 262 267 272 137 197 258 266 142 138 147 268 273 274 129 131 101 102 130 103 132 133 139 148 149 154 160 217 237 241 238 243 244 167 109 227 232 245 105 161 223 231 110 106 115 233 246 247 107 116 117 134 188 256 299 300 302 263 204 321 326 331 199 257 317 325 205 200 209 327 332 189 191 156 157 190 158 192 193 201 210 211 218 277 297 301 298 303 228 168 287 292 305 163 222 283 291 169 164 173 293 306 165 174 175 249 309 356 357 359 322 264 376 381 259 316 372 380 265 260 269 250 252 219 220 251 221 253 261 270 278 335 354 358 355 288 229 345 350 224 282 341 349 230 225 234 226 235 310 365 406 407 377 323 422 318 371 419 324 319 311 313 279 280 312 281 336 388 404 346 289 397 284 340 394 290 285 366 413 445 423 378 373 418 367 337 338 389 431 398 347 342 393 414 449 390 432 
255 330 334 0 315 296 308 9 384 276 383 5 361 387 6 4 7 370 353 352 1 364 2 3 375 417 425 43 421 428 19 18 20 410 12 430 21 22 17 15 23 392 416 344 400 24 396 403 10 8 11 412 13 14 16 451 41 457 46 49 454 44 459 47 48 45 50 448 447 33 34 429 411 458 72 51 52 53 42 38 39 54 434 25 440 28 31 437 26 442 29 30 27 32 444 441 71 35 36 37 40 471 82 83 475 87 88 92 473 84 85 474 95 89 90 91 86 93 469 94 467 68 67 69 70 97 96 98 99 55 78 56 79 80 100 462 466 60 61 65 464 57 58 465 73 62 63 64 59 66 75 74 76 77 81 478 135 129 131 472 479 196 140 141 142 148 143 136 137 138 145 144 146 147 139 149 120 122 476 118 121 119 123 124 151 150 152 153 101 102 130 103 132 133 154 477 463 159 108 109 110 116 111 104 105 106 113 112 114 115 107 117 126 125 127 128 134 178 195 188 189 191 203 202 204 205 210 198 197 199 200 207 206 208 209 201 211 179 181 155 176 180 177 182 183 213 212 214 215 156 157 190 158 192 193 216 160 167 166 168 169 174 162 161 163 164 171 170 172 173 165 175 185 184 186 187 194 239 256 249 250 252 263 262 264 265 270 258 257 259 260 267 266 268 269 261 271 240 242 217 237 241 238 243 244 273 272 274 275 218 219 220 251 221 253 254 228 227 229 230 235 223 222 224 225 232 231 233 234 226 236 246 245 247 248 299 309 310 311 313 322 321 323 324 329 317 316 318 319 326 325 327 328 320 300 302 277 297 301 298 303 304 332 331 333 278 279 280 312 281 314 288 287 289 290 295 283 282 284 285 292 291 293 294 286 306 305 307 356 365 366 367 369 377 376 378 379 372 371 373 374 381 380 382 357 359 335 354 358 355 360 386 385 336 337 338 368 339 346 345 347 348 341 340 342 343 350 349 351 363 362 406 413 414 415 423 422 424 419 418 420 427 426 407 409 388 404 408 405 389 390 391 398 397 399 394 393 395 402 401 445 449 450 456 455 453 452 446 431 443 432 433 439 438 436 435 468 470 460 461 
278 237 223 335 219 309 222 336 180 277 177 297 163 170 283 279 388 157 299 263 365 228 282 389 240 130 123 241 181 126 238 300 354 106 224 171 231 341 220 337 431 189 103 249 262 356 204 257 322 310 413 168 288 340 432 79 190 70 182 301 150 242 76 185 298 357 404 64 59 164 284 114 227 125 232 172 291 394 158 280 390 460 131 250 207 321 406 142 264 258 316 377 366 449 110 199 229 287 346 393 461 39 132 251 53 124 243 358 151 212 302 37 127 184 246 355 407 443 32 115 65 107 169 225 342 292 233 349 436 191 221 311 338 433 476 92 146 267 376 445 138 205 323 206 317 259 371 423 414 470 289 345 398 435 477 16 80 192 312 98 23 99 77 183 303 408 213 152 272 359 186 245 306 405 446 467 66 173 86 116 165 230 285 395 350 293 401 464 148 252 281 367 391 462 155 50 91 208 266 326 422 468 200 147 265 378 372 318 418 456 450 479 347 397 439 463 160 40 54 133 253 368 153 128 244 360 447 273 214 331 409 247 305 363 444 469 118 117 234 139 174 226 290 343 437 402 351 441 111 210 313 339 415 434 101 217 93 268 325 381 455 478 260 209 324 424 419 373 452 475 471 195 399 438 466 104 218 81 100 193 314 416 215 187 304 410 68 332 274 385 448 307 362 412 67 120 176 175 294 201 235 286 348 396 57 442 403 62 162 149 270 369 392 451 55 156 327 380 427 474 178 319 269 379 457 453 420 472 196 135 256 440 465 159 161 134 154 254 370 42 275 248 361 33 121 386 333 429 94 364 411 71 119 179 236 352 261 295 344 400 26 105 73 29 112 211 329 417 25 82 102 382 426 459 140 239 374 328 425 87 473 454 136 203 188 60 108 167 194 216 315 17 78 334 308 12 69 430 387 51 122 13 35 75 296 10 320 353 8 28 58 113 63 271 384 41 56 129 428 458 95 202 421 383 46 141 143 84 197 109 166 255 276 4 38 6 2 34 72 21 96 36 74 1 30 375 24 27 61 330 43 83 47 89 145 44 19 88 198 137 9 0 15 22 14 97 52 11 18 31 5 49 90 144 85 48 3 7 45 20 
219 309 222 336 277 157 163 279 299 278 263 365 223 228 282 335 389 237 189 103 220 106 224 337 249 240 262 356 204 257 322 310 413 170 283 168 288 340 297 388 432 180 177 130 131 250 79 59 158 190 280 64 164 284 390 181 300 207 321 406 142 264 258 316 377 366 449 171 126 231 341 227 110 199 229 287 346 393 238 354 431 461 123 241 92 191 311 39 132 65 107 221 251 338 114 32 115 169 225 342 433 150 242 357 146 267 376 445 138 205 323 206 317 259 371 423 414 470 125 232 76 185 172 291 394 289 345 398 435 182 298 301 404 460 477 70 50 148 252 367 16 80 192 86 116 66 165 281 312 391 173 230 285 395 462 151 212 302 407 91 98 208 266 326 422 468 200 147 265 378 372 318 418 456 450 479 184 292 37 127 246 233 349 436 347 397 439 463 124 243 355 358 443 476 160 53 23 93 139 210 313 415 40 54 133 253 174 117 226 339 368 434 234 290 343 437 101 213 152 272 359 446 268 325 381 455 478 260 209 324 424 419 373 452 475 471 195 245 350 77 186 306 293 401 464 399 438 466 104 183 303 405 408 467 155 218 99 149 201 270 369 451 81 100 193 314 235 175 286 392 416 55 294 348 396 57 156 273 214 331 409 469 327 380 427 474 178 319 269 379 457 453 420 472 196 135 256 305 402 128 247 363 351 441 111 440 465 159 161 153 244 360 444 447 118 217 211 261 329 417 82 134 154 254 370 295 236 344 25 42 102 352 400 26 105 332 274 385 448 120 382 426 459 140 239 374 328 425 87 473 454 136 203 188 362 442 187 307 412 403 62 162 60 108 167 215 304 410 67 68 176 271 320 384 41 129 194 216 315 17 353 296 8 56 78 10 28 58 386 333 429 94 179 428 458 95 202 421 383 46 141 143 84 197 411 73 248 364 71 29 112 109 166 275 361 33 119 121 330 375 43 83 255 276 4 38 24 1 27 30 61 430 387 51 122 47 89 145 44 19 88 198 137 35 113 308 13 75 63 334 12 69 5 18 49 9 0 15 31 11 72 21 96 90 144 85 48 74 2 36 6 34 20 45 3 7 97 52 14 22 
336 220 224 337 335 365 282 389 190 279 158 280 283 164 284 388 390 297 310 322 413 288 340 432 250 241 132 251 191 107 221 311 338 231 341 169 225 342 354 431 433 300 238 356 264 366 321 316 377 406 449 287 346 393 461 182 301 80 192 312 148 252 66 165 281 367 391 172 185 291 394 115 229 116 230 173 285 395 298 404 460 462 242 357 205 323 414 267 376 259 371 423 445 470 232 317 345 289 398 435 477 124 243 358 54 133 253 368 139 210 313 40 117 174 226 339 415 434 127 233 184 246 292 349 436 290 234 343 437 302 355 407 443 476 101 212 147 265 378 450 266 326 422 200 318 372 418 456 468 479 397 347 439 463 160 77 183 303 408 93 99 100 81 193 314 416 201 149 270 369 175 235 286 392 451 55 186 293 213 245 306 350 401 464 348 294 396 57 272 359 405 446 467 155 156 152 208 209 260 324 424 471 325 268 381 455 373 419 452 475 478 195 438 399 466 104 218 128 153 244 360 447 154 134 254 370 42 261 211 329 417 236 295 344 25 82 102 247 351 273 305 363 402 441 111 400 352 26 105 331 409 444 469 118 217 219 214 269 319 379 457 135 380 327 427 474 420 453 472 196 178 256 465 440 159 161 278 187 215 304 410 68 216 194 315 17 78 320 271 384 41 296 353 8 56 129 157 307 403 332 362 412 442 62 162 28 10 58 163 274 385 448 67 120 176 277 328 374 425 87 188 426 382 459 140 454 473 136 203 239 309 108 60 167 222 248 275 361 33 121 276 255 4 38 130 375 330 43 83 1 24 27 103 189 364 29 386 411 71 73 112 223 61 30 106 333 429 94 119 179 237 383 421 46 141 249 458 428 95 202 84 143 197 263 299 166 109 228 308 334 12 69 180 0 9 15 79 18 5 49 131 11 31 59 13 63 430 35 75 113 170 110 64 387 51 122 177 240 19 44 88 204 89 47 145 262 137 198 257 227 168 2 6 34 123 7 3 39 45 20 92 32 65 36 114 72 74 126 171 21 96 181 48 85 142 144 90 207 199 258 14 22 70 23 16 86 50 76 97 125 52 150 91 138 206 146 37 53 151 98 
311 337 221 338 251 366 252 367 388 280 284 390 192 165 281 312 391 301 413 323 414 210 313 415 389 354 341 431 340 225 342 432 433 133 253 174 226 339 358 368 434 357 243 406 377 449 376 265 378 445 450 149 270 369 451 298 404 291 394 460 346 393 173 285 395 461 462 81 183 193 314 117 201 230 235 175 286 392 303 408 416 55 302 407 371 423 470 326 422 260 324 424 468 471 100 209 211 261 329 417 82 246 355 443 292 349 436 476 289 398 435 233 234 290 343 437 477 101 128 134 153 244 154 254 370 295 236 344 25 359 360 446 447 42 102 272 372 418 456 479 268 381 455 318 319 269 379 457 478 135 271 320 384 41 129 186 306 405 467 345 245 350 293 401 464 155 347 397 439 463 294 348 396 57 160 156 187 194 214 215 304 216 315 17 353 296 8 56 331 409 410 469 68 78 157 273 325 419 373 452 475 195 327 380 427 474 374 328 425 87 178 188 330 375 43 83 189 247 305 363 444 118 402 351 441 111 217 399 438 466 104 352 400 26 105 218 219 248 255 274 275 361 276 4 38 24 1 27 103 385 448 33 120 121 130 220 332 453 420 472 196 256 382 426 459 140 421 383 46 141 239 249 5 18 49 131 250 307 362 412 67 176 442 403 62 162 277 440 465 159 161 10 28 58 163 278 279 308 9 333 334 12 0 15 79 31 11 59 158 386 429 94 69 179 180 190 473 454 136 203 309 428 458 95 202 44 19 88 204 299 310 20 45 92 191 364 411 71 119 237 73 29 112 223 335 60 108 167 222 30 61 106 224 336 2 3 387 6 34 7 39 132 65 32 107 430 51 122 123 240 241 143 84 197 263 365 47 89 145 262 85 48 142 264 356 50 86 148 13 35 75 177 297 113 63 170 283 109 166 228 282 64 110 164 14 16 21 22 70 23 80 116 66 72 96 181 182 300 198 137 257 322 90 144 207 321 138 91 205 93 139 36 74 126 238 171 114 231 168 227 288 115 169 37 40 52 53 124 54 97 150 242 258 199 316 146 206 267 200 147 76 125 185 232 172 229 287 77 98 99 151 212 317 259 208 266 127 184 152 213 
313 226 338 339 253 270 367 369 175 281 285 286 312 390 391 314 392 193 261 324 329 414 415 417 235 134 234 236 290 342 343 295 344 358 368 432 433 434 254 370 25 154 244 211 319 320 269 378 379 271 384 445 450 451 41 187 194 293 294 296 347 348 394 395 396 353 8 404 303 408 416 431 449 393 461 460 462 55 304 315 17 56 215 216 373 374 375 327 328 423 424 425 330 43 407 422 468 470 471 82 83 247 248 255 350 351 352 1 398 399 400 349 436 435 437 26 24 27 355 443 359 360 446 447 42 477 476 101 102 275 361 276 4 38 103 274 419 420 421 18 381 382 383 418 456 455 457 46 5 49 478 479 135 129 131 306 307 308 9 397 305 402 401 403 10 11 439 438 440 28 464 463 57 58 31 59 405 467 331 409 410 469 68 78 160 155 156 157 333 334 12 0 15 79 158 332 380 453 452 454 44 45 427 426 428 19 475 474 87 88 20 92 178 195 188 189 191 363 362 364 2 3 442 441 29 30 32 466 465 60 61 111 104 105 106 65 107 444 118 385 448 33 120 121 130 218 217 219 220 387 6 34 7 39 132 221 386 473 472 84 85 86 459 458 47 48 196 140 141 142 50 148 239 256 249 250 252 412 411 13 14 16 73 62 63 64 66 159 108 109 110 162 161 163 164 116 165 67 176 429 94 69 179 180 190 278 277 279 280 430 21 22 70 23 80 192 143 136 137 138 139 95 89 90 91 203 202 204 205 93 210 299 309 310 311 71 35 36 37 40 113 112 114 115 117 167 166 168 169 223 222 224 225 174 119 237 51 122 123 240 241 251 336 335 337 72 52 53 124 54 133 198 197 199 200 201 145 144 146 147 263 262 264 265 149 356 365 366 75 74 76 77 81 171 170 172 173 228 227 229 230 283 282 284 177 297 96 181 182 300 301 389 388 97 98 99 183 100 258 257 259 260 207 206 208 209 322 321 323 406 413 126 125 127 128 232 231 233 288 287 289 341 340 238 354 150 242 243 357 151 152 153 317 316 318 267 266 268 377 376 185 184 186 292 291 346 345 298 212 302 213 214 372 371 326 325 246 245 272 273 
224 288 336 340 283 164 279 284 287 282 316 346 335 365 389 341 393 231 169 107 225 220 337 342 229 232 317 345 259 322 371 289 398 297 388 310 413 432 291 394 435 172 185 115 116 230 66 158 165 173 285 190 280 390 395 184 292 266 372 397 200 318 321 377 418 347 439 300 238 354 431 356 250 264 366 406 449 461 246 349 436 463 127 233 139 174 290 40 117 191 221 226 234 343 241 132 251 311 338 433 437 213 245 350 208 325 419 438 205 260 373 267 376 323 423 452 399 466 242 357 182 298 301 404 460 414 445 470 477 186 306 293 401 464 104 77 93 201 235 348 80 81 175 148 252 192 281 286 294 396 312 367 391 462 57 212 273 305 402 147 152 268 326 380 453 465 265 209 319 420 422 378 456 472 440 159 302 407 124 243 355 358 443 476 450 468 479 160 128 247 363 351 441 111 161 99 54 149 210 261 295 400 133 100 134 236 313 253 339 344 352 26 368 415 434 101 105 272 214 332 362 442 327 381 426 473 108 324 269 374 454 455 424 475 136 60 167 359 446 183 303 405 408 467 155 471 478 195 218 187 307 412 403 62 162 222 153 211 270 320 353 28 193 154 194 296 369 314 392 8 10 58 416 451 55 156 163 331 274 386 411 73 382 427 458 143 166 379 328 421 84 474 457 196 197 109 228 409 469 244 360 444 447 118 217 135 178 256 278 215 248 364 71 29 112 223 271 329 375 24 61 254 216 255 1 417 370 25 27 30 106 42 82 102 219 385 333 430 35 113 428 459 89 198 227 425 383 44 137 140 87 203 257 168 448 120 304 410 67 68 176 277 188 239 309 275 308 13 75 63 170 330 384 18 31 110 315 276 9 11 41 17 56 59 64 78 129 157 429 387 72 74 171 47 95 144 258 46 19 85 199 202 141 263 94 179 361 33 119 121 237 249 299 334 2 36 126 114 5 43 45 65 4 0 3 32 83 38 103 130 189 51 21 97 125 90 145 206 88 48 138 262 204 122 240 12 69 177 180 6 14 76 20 49 86 15 7 16 131 79 96 52 151 146 207 142 91 181 34 123 22 37 50 92 39 23 150 98 70 53 
282 231 335 341 224 288 336 340 172 283 185 291 279 297 388 284 394 164 287 316 346 365 389 393 232 115 127 233 184 238 246 292 349 220 337 300 354 431 225 342 436 169 107 229 317 345 259 322 371 289 398 310 413 432 435 66 173 77 186 293 213 245 182 298 306 350 401 190 158 280 390 241 356 242 357 301 404 460 165 285 395 464 116 230 266 372 397 200 318 321 377 418 347 439 250 264 366 406 449 461 463 40 117 234 99 128 247 351 212 273 305 124 243 302 355 363 402 441 132 251 191 221 311 338 433 407 358 443 476 174 226 290 343 437 111 139 208 325 419 438 205 260 373 267 376 323 423 452 399 466 414 445 470 477 104 80 81 175 294 152 54 153 183 187 307 403 272 214 332 362 303 359 405 412 442 62 192 312 148 252 281 367 391 462 446 408 467 155 201 235 286 348 396 57 162 93 147 268 326 380 453 465 265 209 319 420 422 378 456 472 440 159 450 468 479 160 161 133 100 134 236 352 215 244 248 364 29 331 274 386 411 360 409 444 71 73 112 253 368 210 313 339 415 434 101 469 447 118 217 261 295 344 400 26 105 223 149 327 381 426 473 108 324 269 374 454 455 424 475 136 60 167 471 478 195 218 222 193 154 194 296 10 275 304 308 13 63 385 333 430 35 410 448 67 75 113 170 314 416 270 369 392 451 55 156 120 68 176 277 211 320 353 8 28 58 163 382 427 458 143 166 379 328 421 84 474 457 196 197 109 228 135 178 256 278 254 216 255 1 30 334 361 2 36 114 429 387 72 74 33 94 119 126 171 370 42 329 417 25 82 102 219 179 121 237 271 375 24 27 61 106 428 459 89 198 227 425 383 44 137 140 87 203 257 168 188 239 309 315 276 9 11 64 6 12 14 76 51 21 97 125 69 122 177 17 78 384 41 56 129 157 240 180 330 18 31 59 110 47 95 144 258 46 19 85 199 202 141 263 249 299 4 0 3 32 22 34 37 96 52 151 123 181 38 130 43 83 103 189 5 45 65 90 145 206 88 48 138 262 204 15 7 16 53 70 150 98 79 49 131 20 86 146 207 142 91 39 23 92 50 
340 225 337 342 341 346 389 393 173 284 165 285 388 280 390 394 395 291 289 371 398 413 432 435 230 233 117 234 174 221 226 290 343 354 431 311 338 433 349 436 437 292 246 345 318 347 372 377 418 397 439 406 449 461 463 186 293 81 175 294 201 235 192 281 286 348 396 301 298 404 460 251 366 252 367 312 391 462 306 401 464 57 245 350 260 373 399 325 419 323 423 452 438 466 357 376 445 414 470 477 104 128 247 351 100 134 236 352 210 261 295 133 253 313 339 344 400 26 243 358 302 355 407 443 476 415 368 434 101 305 363 402 441 111 105 273 209 319 420 440 326 380 453 265 378 422 456 472 465 159 468 450 479 160 161 183 187 307 403 149 153 154 193 194 296 10 270 211 320 353 314 369 392 8 28 58 303 408 272 359 405 446 467 155 451 416 55 156 332 362 412 442 62 162 163 214 268 269 324 374 454 60 381 327 426 473 424 455 475 136 108 167 478 471 195 218 222 244 215 248 364 29 216 254 255 1 30 329 271 375 24 370 417 25 27 61 106 360 447 331 409 444 469 118 217 82 42 102 219 386 411 71 73 112 223 224 274 328 379 421 84 109 427 382 458 143 457 474 196 197 166 228 178 135 256 278 282 304 275 308 13 63 276 315 9 11 64 384 330 18 31 17 41 56 59 110 164 410 68 385 448 67 120 176 277 129 78 157 279 333 430 35 75 113 170 283 383 425 44 137 168 459 428 89 198 87 140 203 257 227 288 239 188 309 336 361 334 2 36 114 0 4 3 32 115 43 5 45 65 38 83 103 107 169 33 121 429 94 119 179 237 335 189 130 220 387 72 74 126 171 231 19 46 85 199 229 95 47 144 258 141 202 263 316 287 299 249 365 12 6 14 76 172 7 15 16 66 49 20 86 116 79 131 158 69 180 51 122 177 240 297 250 190 21 97 125 185 232 48 88 138 259 145 90 206 317 204 262 322 356 310 34 22 37 127 23 39 40 92 50 139 132 191 123 241 96 181 238 300 52 151 184 91 142 200 207 146 266 264 321 70 53 77 54 80 148 93 182 150 242 98 213 147 205 267 208 124 99 212 152 
290 342 226 343 234 347 235 348 394 285 390 395 175 281 286 294 396 293 398 373 399 261 295 400 393 349 431 436 432 338 433 435 437 134 236 313 339 344 351 352 26 350 247 397 418 439 419 319 420 438 440 211 320 353 28 306 401 404 460 464 449 461 312 391 462 463 57 193 187 194 296 253 270 367 369 314 392 8 307 403 10 58 305 402 423 452 466 380 453 324 374 454 465 60 154 269 271 329 375 24 61 355 363 441 407 443 476 111 414 470 477 358 368 415 434 101 104 105 244 254 215 248 216 255 1 417 370 25 27 362 364 442 29 30 106 332 422 456 472 159 327 426 473 378 379 328 421 84 108 109 330 384 18 31 110 303 405 412 62 445 359 446 408 467 155 162 450 468 479 160 416 451 55 156 161 163 304 315 274 275 308 276 9 11 41 17 56 59 386 411 13 73 63 64 164 331 381 455 424 475 136 167 382 427 458 143 425 383 44 137 166 168 5 43 45 65 169 360 409 444 71 112 469 447 118 217 223 471 478 195 218 42 82 102 219 222 224 361 4 333 334 2 0 3 32 83 38 103 107 430 35 36 113 114 115 225 385 474 457 196 197 228 428 459 89 198 46 19 85 199 227 229 20 49 86 116 230 410 448 67 75 170 120 68 176 277 283 135 178 256 278 78 129 157 279 282 284 12 15 387 6 14 7 16 66 131 79 158 165 429 72 74 76 171 172 173 140 87 203 257 288 47 95 144 258 88 48 138 259 287 289 50 92 139 174 33 94 119 126 231 179 121 237 335 341 188 239 309 336 130 189 220 337 340 34 39 21 22 37 23 40 117 191 132 221 51 97 125 127 232 233 202 141 263 316 346 90 145 206 317 142 91 200 318 345 93 148 201 69 122 177 185 291 240 180 297 388 249 299 365 389 190 250 280 70 80 52 53 77 54 81 252 192 96 151 184 186 292 262 204 322 371 146 207 266 372 205 147 260 149 210 123 181 238 246 300 241 354 310 356 413 251 311 124 133 98 99 128 100 150 213 245 321 264 377 208 267 325 265 209 182 242 298 357 301 366 406 183 152 153 212 273 376 323 268 326 243 302 214 272 
295 339 343 344 236 320 348 353 314 286 391 392 294 395 396 296 8 194 329 374 375 399 400 24 369 254 368 370 415 433 434 417 25 351 352 435 437 26 255 1 27 216 248 271 379 384 328 420 421 330 18 438 440 28 31 304 315 408 416 17 450 451 460 462 55 41 56 401 307 403 10 436 439 461 463 464 57 58 308 9 11 59 275 276 424 425 43 382 383 452 454 44 5 45 402 453 465 466 60 61 65 360 361 4 446 447 42 38 470 471 82 443 476 477 101 102 83 103 363 441 362 364 442 29 30 104 111 105 106 334 2 0 3 32 107 333 455 457 46 49 426 428 19 456 472 473 84 85 20 86 108 159 109 110 116 405 410 12 15 468 409 469 467 68 78 79 479 478 135 129 155 160 156 157 131 158 412 62 386 411 13 73 63 64 161 162 163 164 387 6 14 7 16 66 165 385 427 474 475 87 88 92 458 459 47 48 136 143 137 138 50 139 166 167 168 169 174 444 448 33 34 39 120 118 121 130 132 195 178 188 189 217 218 219 220 191 221 71 112 430 35 36 113 114 115 222 223 224 225 21 22 37 23 40 117 226 429 140 196 141 142 148 89 95 90 91 197 198 199 200 93 201 227 228 229 230 235 67 94 69 70 80 179 176 180 190 192 256 239 249 250 277 278 279 280 252 281 75 170 72 74 76 171 172 173 282 283 284 285 51 52 53 77 54 81 175 202 203 204 205 210 144 145 146 147 257 258 259 260 149 261 287 288 289 290 119 122 123 124 133 240 237 241 251 253 309 299 310 311 335 336 337 338 313 126 231 97 125 127 232 233 234 340 341 342 96 98 99 128 100 134 262 263 264 265 270 206 207 208 209 316 317 318 319 211 345 346 347 177 181 182 183 193 300 297 301 312 365 356 366 367 388 389 390 185 291 151 184 186 292 293 393 394 150 152 153 187 154 321 322 323 324 266 267 268 269 371 372 373 397 398 238 242 243 244 357 354 358 413 406 414 431 432 246 349 213 245 247 350 212 214 215 376 377 378 325 326 327 418 419 298 302 303 407 404 449 445 306 273 305 272 274 422 423 380 381 355 359 332 331 
229 232 317 345 288 169 259 289 231 287 184 292 316 266 372 346 397 282 115 116 230 200 318 347 172 283 185 291 127 213 245 233 350 322 371 208 325 419 340 398 438 224 336 164 66 173 107 139 174 225 290 205 260 373 399 335 341 238 246 349 77 186 212 273 305 293 402 321 365 377 418 267 147 152 268 326 380 453 389 393 439 465 279 284 40 117 234 158 165 93 201 235 285 348 264 148 265 209 319 420 440 297 388 394 182 298 306 401 99 128 247 242 272 214 332 362 351 442 356 376 310 413 323 423 452 327 381 426 473 337 432 342 435 466 108 220 80 81 175 294 191 221 226 54 149 210 261 295 343 400 324 269 374 454 60 300 354 431 436 124 241 243 302 355 363 441 153 183 187 307 331 274 386 411 403 73 406 422 250 366 449 378 456 472 382 427 458 143 280 390 461 395 463 159 166 190 132 133 100 134 236 352 252 192 281 286 211 270 320 353 396 28 379 328 421 84 109 357 301 404 460 464 303 359 405 412 62 215 244 248 364 385 333 430 35 29 113 445 455 311 414 470 424 475 136 428 459 89 198 338 433 477 437 104 167 227 251 193 154 194 296 10 313 253 339 344 271 329 375 24 26 61 425 383 44 137 168 407 358 443 476 111 360 409 444 71 112 275 304 308 13 429 387 72 74 63 171 468 474 367 450 479 457 196 197 47 95 144 258 312 391 462 160 57 161 228 254 216 255 1 30 369 314 392 8 330 384 18 31 58 110 46 19 85 199 446 408 467 155 162 410 448 67 75 170 334 361 2 36 51 21 97 125 114 478 140 415 471 195 87 203 257 90 145 206 368 434 101 218 105 222 315 276 9 11 64 417 370 25 27 5 43 45 65 106 88 48 138 469 447 118 217 223 33 94 119 126 6 12 14 76 96 52 151 178 202 451 135 256 141 263 146 207 416 55 156 278 163 4 0 3 32 41 17 56 59 20 49 86 142 91 120 68 176 277 69 122 177 22 34 37 150 98 239 262 82 188 309 204 42 102 219 15 7 16 83 38 103 50 92 179 121 237 123 181 53 70 299 129 249 78 157 39 23 131 79 240 180 189 130 
287 282 316 346 229 232 317 345 224 288 336 340 259 322 371 289 398 169 231 184 292 266 372 397 283 164 279 284 335 365 389 341 393 200 318 321 377 418 230 347 439 115 116 172 185 291 127 213 245 233 350 208 325 419 438 107 225 220 337 342 297 388 310 413 432 394 435 205 139 260 373 264 267 356 376 323 423 452 174 290 399 466 66 173 238 246 349 77 186 212 273 305 293 402 147 152 268 326 380 453 465 158 165 285 190 280 390 395 300 354 431 250 366 406 449 461 436 463 148 265 93 201 209 319 420 422 378 456 472 117 235 234 348 440 159 40 182 298 306 401 99 128 247 242 272 214 332 362 351 442 327 381 426 473 108 191 221 226 343 241 132 251 311 338 433 437 357 301 404 460 414 445 470 477 464 104 210 324 54 149 261 269 374 454 455 424 475 136 81 175 295 294 400 60 167 80 124 243 302 355 363 441 153 183 187 307 331 274 386 411 403 73 382 427 458 143 166 252 192 281 286 396 312 367 391 462 57 407 358 443 476 450 468 479 160 111 161 270 379 100 211 320 328 421 84 474 457 196 197 134 236 353 352 28 109 228 133 303 359 405 412 62 215 244 248 364 385 333 430 35 29 113 428 459 89 198 227 313 253 339 344 26 368 415 434 101 105 446 408 467 155 471 478 195 218 162 222 329 425 154 271 375 383 44 137 140 87 203 257 193 194 296 24 10 61 168 360 409 444 71 112 275 304 308 13 429 387 72 74 63 171 47 95 144 258 369 314 392 8 58 416 451 55 156 163 469 447 118 217 135 178 256 278 223 384 46 216 330 18 19 85 199 202 141 263 254 255 1 31 30 110 410 448 67 75 170 334 361 2 36 51 21 97 125 114 90 145 206 417 370 25 27 106 42 82 102 219 120 68 176 277 188 239 309 43 88 276 5 45 48 138 262 204 315 9 11 65 64 33 94 119 126 6 12 14 76 96 52 151 146 207 41 17 56 59 78 129 157 179 121 237 249 299 49 142 0 20 86 91 4 3 32 69 122 177 22 34 37 150 98 83 38 103 130 189 240 180 92 7 50 15 16 123 181 53 70 131 79 23 39 
345 230 318 347 346 292 372 397 225 289 174 290 371 260 373 398 399 340 233 245 350 325 419 438 173 284 165 285 117 201 235 234 348 377 418 209 319 420 393 439 440 341 389 291 186 293 246 273 305 349 402 326 380 453 465 337 342 221 226 343 81 175 210 261 295 294 400 323 413 423 452 265 268 149 269 324 374 454 432 435 466 60 388 394 128 247 351 298 306 214 332 362 401 442 376 272 381 327 426 473 108 280 390 395 192 281 286 396 100 134 236 252 270 211 320 353 352 28 366 378 406 449 422 456 472 328 379 421 84 431 461 436 463 159 109 354 183 187 307 403 302 355 363 153 274 331 386 411 441 73 427 382 458 143 166 311 338 433 437 133 251 253 313 339 344 26 154 193 194 296 329 271 375 24 10 61 414 424 357 445 470 455 475 136 383 425 44 137 404 460 477 464 104 167 168 301 243 244 215 248 364 29 359 303 405 412 333 385 430 35 62 113 459 428 89 198 227 367 312 391 462 57 314 369 392 8 58 216 254 255 1 384 330 18 31 30 110 450 457 407 468 479 474 196 197 19 46 85 199 443 476 160 111 161 228 229 358 304 275 308 13 63 409 360 444 71 387 429 72 74 112 171 95 47 144 258 287 415 368 434 101 105 370 417 25 27 106 276 315 9 11 43 5 45 65 64 169 471 87 446 478 195 140 203 257 48 88 138 259 408 467 155 218 162 222 288 361 334 2 36 114 448 410 67 75 21 51 97 125 170 232 145 90 206 317 451 416 55 156 163 17 41 56 59 164 0 4 3 32 49 20 86 116 115 135 141 469 178 256 202 263 316 91 142 200 447 118 217 278 223 282 12 6 14 76 172 94 33 119 126 52 96 151 184 231 207 146 266 82 42 102 219 224 38 83 103 107 7 15 16 66 92 50 139 188 204 120 239 309 262 322 147 205 68 176 277 336 283 34 22 37 127 122 69 177 185 98 150 213 267 208 129 78 157 279 79 131 158 23 39 40 148 93 249 264 179 299 365 321 121 237 335 70 53 77 181 123 238 152 212 189 130 220 132 191 54 80 310 240 356 180 297 124 99 242 182 250 190 300 241 
234 347 235 348 285 293 175 294 398 290 373 399 226 261 295 343 400 342 350 247 351 134 236 352 397 393 418 439 419 319 420 438 440 281 286 211 320 353 395 396 28 394 390 349 305 402 306 187 307 401 403 193 194 296 10 432 435 423 452 466 380 453 324 374 454 465 60 313 338 339 344 270 154 269 271 329 375 24 433 437 26 61 431 436 332 362 442 355 363 215 248 364 441 29 253 244 254 216 255 1 30 449 461 463 422 456 472 159 327 426 473 378 379 328 421 84 108 109 367 369 312 391 314 392 8 330 384 18 31 460 462 464 57 58 110 404 331 386 411 73 303 405 412 274 275 304 308 13 62 63 315 276 9 11 64 414 470 477 104 381 445 455 424 475 136 167 382 427 458 143 425 383 44 137 166 168 415 417 358 368 434 370 25 27 5 43 45 65 443 476 101 111 105 106 169 407 359 385 333 430 35 113 360 409 444 71 334 361 2 36 112 114 4 0 3 32 115 450 468 479 160 161 474 457 196 197 228 428 459 89 198 46 19 85 199 227 229 451 41 408 416 55 17 56 59 20 49 86 116 467 155 156 162 163 164 230 446 429 387 72 74 171 410 448 67 75 6 12 14 76 170 172 15 7 16 66 173 471 478 195 218 222 140 87 203 257 288 47 95 144 258 88 48 138 259 287 289 82 83 447 42 102 38 103 107 50 92 139 174 469 118 217 219 223 224 225 51 21 97 125 232 33 94 119 126 22 34 37 127 231 233 39 23 40 117 135 178 256 278 282 202 141 263 316 346 90 145 206 317 142 91 200 318 345 129 131 68 78 157 79 158 165 93 148 201 120 176 277 279 283 284 96 52 151 184 292 69 122 177 185 53 70 77 186 291 80 54 81 188 239 309 336 340 262 204 322 371 146 207 266 372 205 147 260 189 191 121 130 220 132 221 149 210 179 237 335 337 341 150 98 213 245 123 181 238 246 99 124 128 133 100 249 299 365 389 321 264 377 208 267 325 265 209 250 252 180 190 280 192 240 297 388 212 152 273 182 242 298 153 183 310 356 413 376 323 268 326 311 241 251 300 354 272 214 243 302 366 406 301 357 
292 341 246 349 233 345 245 350 284 291 388 394 186 298 306 293 401 173 346 372 397 273 305 402 340 225 337 342 389 354 431 393 436 128 247 302 355 363 234 351 441 230 117 289 371 398 318 325 419 347 438 214 332 362 442 165 285 280 390 395 413 432 301 404 460 435 464 183 81 187 307 243 272 357 359 303 405 412 175 294 403 62 174 290 377 418 439 260 373 326 380 453 399 465 153 268 274 331 386 411 73 221 226 343 311 338 433 437 406 449 461 251 358 407 443 476 463 111 133 244 100 134 215 248 364 409 360 444 71 235 236 348 352 29 112 201 323 423 452 466 209 319 420 376 381 327 426 473 440 108 333 385 430 35 113 192 281 286 396 366 252 367 312 391 462 57 445 414 470 477 408 446 467 155 104 162 193 304 149 154 194 275 308 13 448 410 67 75 261 295 296 400 10 63 170 210 265 378 422 456 472 159 269 324 374 454 427 382 458 143 60 166 387 429 72 74 171 253 313 339 344 26 415 368 434 101 105 468 450 479 160 447 469 118 217 161 223 254 361 211 216 255 334 2 36 94 33 119 126 320 353 1 28 30 114 231 270 424 455 475 136 167 328 379 421 84 459 428 89 198 109 227 21 51 97 125 232 314 369 392 8 58 451 416 55 156 163 478 471 195 218 68 120 176 277 222 283 315 12 271 276 9 6 14 76 122 69 177 185 329 375 24 11 61 64 172 457 474 196 197 228 383 425 44 137 95 47 144 258 168 287 52 96 151 184 370 417 25 27 106 82 42 102 219 224 178 135 256 278 121 179 237 335 282 4 34 330 0 3 22 37 127 181 123 238 384 18 31 32 110 115 87 140 203 257 288 19 46 85 199 145 90 206 317 229 98 150 213 17 41 56 59 164 129 78 157 279 239 188 309 336 180 240 297 15 70 5 7 16 53 77 242 182 43 45 65 66 169 141 202 263 316 48 88 138 259 207 146 266 152 212 38 83 103 107 189 130 220 299 249 365 241 300 39 124 20 23 40 99 49 86 116 204 262 322 91 142 200 267 208 79 131 158 250 190 356 310 80 50 54 92 139 264 321 147 205 132 191 93 148 
233 345 245 350 291 173 186 293 346 292 372 397 246 273 305 349 402 341 230 117 234 128 247 351 289 340 371 398 318 325 419 347 438 298 306 214 332 362 394 401 442 284 388 225 174 290 165 81 175 285 294 183 187 307 403 389 393 377 418 439 260 373 326 380 453 399 465 302 354 355 363 272 153 268 274 331 386 411 431 436 441 73 337 342 201 235 348 221 226 100 134 236 343 352 243 133 244 215 248 364 29 413 432 435 323 423 452 466 209 319 420 376 381 327 426 473 440 108 357 359 301 404 303 405 412 333 385 430 35 390 460 395 464 62 113 280 210 261 295 400 192 281 286 149 154 193 194 296 396 10 304 275 308 13 63 406 449 461 463 265 366 378 422 456 472 159 269 324 374 454 427 382 458 143 60 166 407 409 251 358 443 360 444 71 387 429 72 74 338 433 476 437 111 112 171 311 252 270 211 320 353 28 253 313 339 344 216 254 255 1 26 30 361 334 2 36 114 445 414 470 477 104 424 455 475 136 167 328 379 421 84 459 428 89 198 109 227 446 448 312 408 467 410 67 75 21 51 97 125 391 462 155 57 162 170 232 367 329 271 375 24 61 314 369 392 8 276 315 9 11 58 64 12 6 14 76 172 468 450 479 160 161 457 474 196 197 228 383 425 44 137 95 47 144 258 168 287 469 94 368 447 118 33 119 126 52 96 151 184 415 434 101 217 105 223 231 384 330 18 31 110 370 417 25 27 0 4 3 32 106 115 34 22 37 127 478 471 195 218 222 87 140 203 257 288 19 46 85 199 145 90 206 317 229 120 122 416 68 176 69 177 185 98 150 213 451 55 156 277 163 283 43 5 45 65 169 17 41 56 59 7 15 16 66 164 70 53 77 178 135 256 278 282 141 202 263 316 48 88 138 259 207 146 266 179 181 42 121 237 123 238 152 212 82 102 219 335 224 49 20 86 116 38 83 103 107 23 39 40 124 99 239 188 309 336 204 262 322 91 142 200 267 208 240 242 78 180 297 182 129 157 279 92 50 139 79 131 158 54 80 299 249 365 264 321 147 205 300 130 241 189 220 148 93 132 191 356 310 190 250 
350 234 247 351 349 397 305 402 285 293 175 294 306 187 307 401 403 394 347 419 438 332 362 442 290 342 226 343 235 134 236 348 352 355 363 215 248 364 436 441 29 393 431 398 373 399 418 380 453 439 465 331 386 411 73 390 395 281 286 396 261 295 193 194 296 400 10 303 404 405 412 244 274 154 275 304 308 13 460 464 62 63 432 435 319 420 440 423 452 327 426 473 466 108 359 381 385 333 430 35 113 338 433 437 313 339 344 26 211 320 353 253 254 216 255 1 28 30 358 360 407 443 409 444 71 334 361 2 36 461 476 463 111 112 114 449 324 374 454 60 422 456 472 269 382 427 458 143 159 166 429 387 72 74 171 312 391 462 57 270 367 369 314 392 8 58 271 329 375 24 315 276 9 11 61 64 408 410 445 446 467 448 67 75 6 12 14 76 470 477 155 104 162 170 172 414 378 379 328 421 84 109 455 424 475 136 428 459 89 198 167 227 51 21 97 125 232 368 415 434 101 105 417 370 25 27 106 330 384 18 31 4 0 3 32 110 115 447 33 468 469 118 94 119 126 22 34 37 127 479 160 217 161 223 231 233 450 425 383 44 137 168 474 457 196 197 47 95 144 258 228 287 96 52 151 184 292 416 451 55 156 163 41 17 56 59 164 5 43 45 65 15 7 16 66 169 173 68 69 478 120 176 122 177 185 53 70 77 186 471 195 218 277 222 283 291 46 19 85 199 229 140 87 203 257 90 145 206 317 288 345 150 98 213 245 42 82 102 219 224 83 38 103 107 225 20 49 86 116 39 23 40 117 230 121 123 178 179 237 181 238 246 99 124 128 135 256 278 335 282 341 88 48 138 259 289 202 141 263 316 146 207 266 372 346 212 152 273 78 129 157 279 284 131 79 158 165 50 92 139 174 80 54 81 180 182 239 240 297 242 298 153 183 188 309 336 388 340 142 91 200 318 262 204 322 371 208 267 325 272 214 130 189 220 337 191 132 221 93 148 201 133 100 241 243 299 300 354 302 249 365 389 205 147 260 321 264 377 268 326 190 250 280 252 192 149 210 301 356 357 310 413 265 209 376 323 251 311 406 366 
348 351 236 352 343 399 295 400 401 294 307 403 286 194 296 396 10 395 438 420 440 320 353 28 402 436 363 441 362 248 364 442 29 339 344 216 255 1 437 26 30 435 433 439 453 465 452 374 454 466 60 329 375 24 61 460 464 405 412 62 386 411 304 308 13 73 63 314 391 392 8 254 271 275 276 315 9 11 462 57 58 64 461 463 426 473 108 456 472 328 421 84 159 109 369 379 384 330 18 31 110 443 476 111 409 444 71 112 333 430 35 360 361 334 2 36 113 114 368 370 415 434 417 25 27 0 4 3 32 477 101 104 105 106 115 470 427 458 143 166 424 475 136 382 383 425 44 137 167 168 43 5 45 65 169 408 467 155 162 385 446 448 410 67 75 170 387 429 72 74 12 6 14 76 171 172 416 17 450 451 55 41 56 59 7 15 16 66 479 160 156 161 163 164 173 468 455 459 428 89 198 227 457 474 196 197 19 46 85 199 228 229 49 20 86 116 230 447 469 118 217 223 94 33 119 126 231 21 51 97 125 34 22 37 127 232 233 42 38 471 82 102 83 103 107 23 39 40 117 195 218 219 222 224 225 234 478 95 47 144 258 287 87 140 203 257 48 88 138 259 288 289 92 50 139 174 290 68 120 176 277 283 122 69 177 185 291 52 96 151 184 70 53 77 186 292 293 78 79 135 129 157 131 158 165 54 80 81 175 178 256 278 279 282 284 285 145 90 206 317 345 141 202 263 316 91 142 200 318 346 347 148 93 201 235 121 179 237 335 341 181 123 238 246 349 98 150 213 245 124 99 128 247 350 130 132 188 189 220 191 221 226 100 133 134 239 309 336 337 340 342 207 146 266 372 397 204 262 322 371 147 205 260 373 398 210 149 261 180 240 297 388 394 242 182 298 306 152 212 273 305 183 153 187 190 192 249 250 280 252 281 154 193 299 365 389 390 393 267 208 325 419 264 321 377 418 209 265 319 270 211 241 300 354 431 302 243 355 214 272 332 244 215 251 253 310 311 338 313 356 413 432 326 268 380 323 376 423 269 324 301 357 404 359 303 274 331 312 366 367 406 449 381 327 378 422 358 407 414 445 
236 320 348 353 286 194 294 296 329 295 374 375 343 399 400 344 24 339 216 248 255 351 352 1 271 369 379 384 328 420 421 330 18 395 396 438 440 28 392 8 31 314 391 254 275 276 304 307 308 315 9 401 403 10 11 415 417 424 425 43 382 383 452 454 44 5 45 435 433 437 26 439 402 453 465 466 60 61 434 25 27 65 368 370 333 334 0 360 361 362 364 2 4 3 436 363 441 442 29 30 32 450 451 41 455 457 46 49 426 428 19 456 472 473 84 85 20 86 461 463 460 462 464 57 58 108 159 109 110 416 55 17 56 59 116 408 385 387 6 7 405 410 12 386 411 412 13 14 15 16 62 73 63 64 66 470 471 82 83 427 468 474 475 87 88 92 458 459 47 48 136 143 137 138 50 139 477 104 443 476 101 111 105 106 166 167 168 169 447 42 102 38 103 107 174 446 409 429 430 21 22 23 444 448 33 34 35 71 36 37 39 40 112 113 114 115 117 479 478 135 129 131 140 196 141 142 148 89 95 90 91 197 198 199 200 93 201 160 161 467 155 156 162 163 164 227 228 229 230 68 78 157 79 158 165 235 469 51 72 52 53 54 67 94 69 70 74 75 76 77 80 81 170 171 172 173 175 195 178 188 189 191 202 203 204 205 210 144 145 146 147 257 258 259 260 149 261 218 222 118 217 219 223 224 225 287 288 289 290 120 121 130 220 132 221 226 96 97 98 99 100 119 122 123 124 125 126 127 128 133 134 231 232 233 234 256 239 249 250 252 262 263 264 265 270 206 207 208 209 316 317 318 319 211 278 282 176 277 279 283 284 285 345 346 347 179 180 190 280 192 281 150 151 152 153 154 177 181 182 183 184 185 186 187 193 291 292 293 309 299 310 311 313 321 322 323 324 266 267 268 269 371 372 373 336 340 237 335 337 341 342 397 398 240 241 251 338 253 212 213 214 215 238 242 243 244 245 246 247 349 350 365 356 366 367 376 377 378 325 326 327 418 419 389 393 297 388 390 394 300 301 312 272 273 274 298 302 303 305 306 413 406 414 422 423 380 381 432 354 431 357 358 331 332 355 359 449 445 404 407 
353 255 352 1 344 375 400 24 315 296 308 9 396 403 10 8 11 392 330 421 18 440 28 31 276 370 361 4 334 364 2 0 3 437 26 442 29 30 25 27 32 417 434 384 383 5 425 454 44 43 45 466 60 61 65 416 17 410 12 15 387 6 412 13 14 7 16 464 462 57 58 441 465 411 73 62 63 64 55 56 59 66 451 41 428 19 20 457 46 473 84 85 49 86 463 472 159 108 109 110 116 447 42 38 448 33 34 39 430 21 22 444 71 35 36 37 23 40 476 111 477 101 104 105 106 113 112 114 115 82 102 83 103 107 117 471 459 47 48 50 475 87 88 458 143 136 137 138 92 139 167 166 168 169 174 467 68 78 79 429 469 94 67 69 70 80 72 51 52 53 75 74 76 77 54 81 155 162 479 160 156 161 163 164 171 170 172 173 135 129 157 131 158 165 175 478 474 95 89 90 91 93 196 140 141 142 198 197 199 200 148 201 228 227 229 230 235 118 120 121 130 132 122 119 123 124 133 97 96 98 99 126 125 127 128 100 134 217 223 195 218 219 222 224 225 232 231 233 234 188 189 220 191 221 226 236 178 145 144 146 147 149 203 202 204 205 258 257 259 260 210 261 288 287 289 290 295 176 179 180 190 192 181 177 182 183 193 151 150 152 153 185 184 186 187 154 194 277 283 256 278 279 282 284 285 292 291 293 294 239 249 250 280 252 281 286 207 206 208 209 211 263 262 264 265 317 316 318 319 270 320 346 345 347 348 237 240 241 251 253 242 238 243 244 254 213 212 214 215 246 245 247 248 216 335 341 309 336 337 340 342 343 350 349 351 299 310 311 338 313 339 267 266 268 269 271 322 321 323 324 372 371 373 374 329 398 397 399 297 300 301 312 314 302 298 303 304 273 272 274 275 306 305 307 388 394 365 389 390 393 395 402 401 356 366 367 391 369 326 325 327 328 377 376 378 379 419 418 420 439 438 354 357 358 368 359 355 360 332 331 333 363 362 431 436 413 432 433 435 406 414 415 381 380 382 423 422 424 453 452 404 407 408 409 405 386 385 460 449 461 445 450 427 426 456 455 443 446 470 468 
300 335 238 354 241 356 242 357 279 297 283 388 182 185 298 301 404 190 365 321 406 212 302 407 336 220 224 337 282 231 341 389 431 124 243 184 246 355 251 358 443 250 132 310 322 413 264 267 376 366 445 152 272 359 446 158 280 164 284 390 288 340 172 291 394 432 460 77 80 183 303 127 213 232 245 186 306 405 192 312 408 467 191 311 316 377 449 205 323 266 326 422 414 468 99 208 214 273 331 409 469 107 221 338 169 225 342 433 287 346 393 115 233 292 349 436 461 476 40 128 54 133 153 244 360 305 247 363 444 252 253 367 368 447 118 148 259 371 423 470 147 265 378 317 325 268 381 455 450 478 274 332 385 448 120 66 165 281 391 229 116 230 173 285 395 462 345 289 398 435 293 350 401 464 477 155 81 187 93 100 193 215 304 410 362 307 412 67 210 313 314 415 416 68 176 139 200 318 372 418 456 479 209 260 324 424 380 327 427 474 471 178 333 386 429 94 179 117 174 226 339 434 290 234 343 437 101 397 347 439 463 351 402 441 111 160 217 134 248 149 154 254 275 361 33 411 364 71 119 270 369 370 451 42 121 237 201 373 419 452 475 195 269 319 379 457 426 382 459 140 135 239 387 430 51 122 240 175 235 286 392 55 348 294 396 57 156 438 399 466 104 403 442 62 162 218 277 194 308 211 216 315 334 12 69 35 13 75 177 261 329 417 17 82 78 180 420 453 472 196 256 328 374 425 87 458 428 95 202 188 299 21 72 96 181 236 295 344 25 102 400 352 26 105 219 465 440 159 161 29 73 112 223 278 255 2 271 276 4 6 34 123 74 36 126 320 384 41 38 129 130 454 473 136 203 309 383 421 46 141 89 47 145 262 249 52 97 150 296 353 8 56 157 28 10 58 163 108 60 167 222 63 113 170 9 14 330 0 15 22 70 125 76 375 43 83 79 189 84 143 197 263 19 44 88 204 144 90 207 98 151 1 24 27 103 61 30 106 166 109 228 114 171 3 37 5 7 39 53 18 49 131 137 198 257 48 85 142 206 146 11 31 59 110 64 227 168 16 20 23 45 92 199 258 91 138 32 65 50 86 
302 246 354 355 243 272 357 359 186 298 291 306 301 388 404 303 405 183 273 326 331 406 407 409 245 128 233 247 292 341 349 305 363 251 358 389 431 443 244 360 444 153 133 214 325 332 268 376 381 274 385 366 445 446 448 81 187 173 293 307 345 350 284 394 401 362 412 280 192 312 408 337 413 340 432 390 460 467 193 304 410 67 100 215 372 380 386 209 327 377 422 427 333 429 311 323 414 449 468 469 94 117 134 248 230 234 351 364 346 397 402 225 342 393 436 441 411 71 221 338 252 253 367 368 447 461 433 476 118 154 254 275 361 33 119 149 318 419 426 430 265 269 382 371 423 378 455 459 387 51 450 470 478 120 122 165 175 194 308 289 174 290 285 294 403 13 398 347 438 442 395 435 464 62 35 75 281 391 210 313 314 415 416 68 477 462 155 176 211 216 315 334 12 69 177 201 260 373 418 453 458 72 324 319 328 428 456 424 474 95 21 96 471 479 178 179 181 226 235 236 255 2 348 343 352 29 36 439 399 465 73 437 463 111 112 74 126 339 434 270 369 370 451 42 121 160 101 217 237 271 276 4 6 34 123 238 261 420 452 473 89 97 379 374 383 47 475 457 140 145 52 150 135 195 239 240 242 286 295 296 9 14 400 396 10 63 76 466 440 108 113 57 104 162 170 125 185 392 55 329 417 17 82 78 180 218 156 277 297 320 330 0 15 22 70 182 454 472 143 144 151 425 421 19 90 196 87 202 207 98 212 188 256 299 300 344 353 1 3 37 28 26 30 114 127 159 60 166 171 105 161 223 231 184 25 102 384 41 38 129 130 241 278 219 335 375 5 7 39 53 124 84 136 198 206 213 46 44 48 146 203 141 262 267 152 249 309 356 8 24 11 16 77 61 58 64 172 167 109 227 232 163 222 283 56 157 43 83 79 189 190 336 279 18 20 23 80 99 137 197 258 266 88 85 91 208 263 204 321 310 365 27 31 32 40 110 106 115 228 168 287 224 282 103 220 49 131 132 250 45 50 54 199 257 317 142 138 147 322 264 59 65 66 169 164 288 229 158 92 191 86 93 259 316 205 200 107 116 148 139 
249 240 262 356 309 189 204 310 237 299 181 300 263 207 321 365 406 278 130 131 250 142 264 366 180 277 177 297 123 150 242 241 357 257 322 146 267 376 336 413 445 219 222 157 79 190 103 92 191 220 311 138 205 323 414 223 335 126 238 354 70 182 151 212 302 301 407 258 228 316 377 206 91 98 208 266 326 422 282 389 449 468 163 279 39 132 251 59 158 50 148 252 280 367 199 86 200 147 265 378 450 170 283 388 76 185 298 404 53 124 243 125 213 152 272 359 358 446 227 317 168 288 259 371 423 268 325 381 455 224 340 337 432 470 478 106 16 80 192 312 65 107 221 23 93 139 210 313 338 415 260 209 324 424 471 171 231 341 431 37 114 127 184 246 355 443 99 77 183 303 273 214 331 409 408 469 287 372 110 229 346 318 418 456 327 380 427 474 164 284 393 390 461 479 178 64 32 40 54 133 253 368 116 66 165 281 149 201 270 369 391 451 319 269 379 457 135 232 172 291 394 460 186 245 306 405 467 153 128 244 360 332 274 385 448 447 120 345 419 169 289 398 373 452 475 382 426 459 140 225 342 435 433 477 195 239 115 81 100 193 314 416 174 117 226 339 211 261 329 417 434 82 374 328 425 87 188 292 233 349 436 476 247 305 363 444 118 215 187 304 410 386 333 429 94 68 179 397 453 230 347 439 420 472 196 428 458 95 202 173 285 395 463 462 160 256 134 154 254 370 42 235 175 286 392 271 320 384 41 55 129 421 383 46 141 350 293 401 464 155 307 362 412 67 176 275 248 361 33 430 387 51 122 121 438 473 290 399 466 454 136 203 47 89 145 234 343 437 104 101 218 194 216 315 17 78 295 236 344 25 330 375 43 83 102 44 19 88 402 351 441 111 217 364 411 71 119 334 308 12 69 72 21 96 465 143 348 440 159 84 197 90 144 294 396 57 161 156 255 276 4 38 353 296 8 56 5 18 49 85 48 442 403 62 162 13 35 75 6 2 34 97 52 108 198 400 60 167 137 352 26 105 9 0 15 24 1 27 20 45 73 29 112 36 74 22 14 166 28 109 10 58 3 7 31 11 113 63 61 30 
241 356 242 357 297 190 182 301 365 300 321 406 238 212 302 354 407 335 250 132 251 124 243 358 310 336 322 413 264 267 376 366 445 185 298 152 272 359 388 404 446 279 283 220 191 311 158 80 192 280 312 77 183 303 408 282 389 316 377 449 205 323 266 326 422 414 468 184 231 246 355 213 99 208 214 273 331 409 341 431 443 469 224 337 148 252 367 107 221 54 133 253 338 368 127 40 128 153 244 360 447 288 340 432 259 371 423 470 147 265 378 317 325 268 381 455 450 478 232 245 172 291 186 306 405 274 332 385 448 284 394 390 460 467 120 164 139 210 313 415 66 165 281 93 100 81 193 314 391 416 187 215 304 410 68 287 346 393 461 200 229 318 372 418 456 479 209 260 324 424 380 327 427 474 471 178 292 305 115 233 349 247 363 444 333 386 429 94 225 342 436 433 476 118 179 169 116 201 149 270 369 451 117 174 226 339 154 134 254 370 434 42 248 275 361 33 121 345 289 398 435 477 373 419 452 475 195 269 319 379 457 426 382 459 140 135 239 350 362 173 293 401 307 412 67 387 430 51 122 285 395 464 462 155 176 240 230 261 211 329 417 82 175 235 286 392 216 194 315 17 55 78 308 334 12 69 180 397 347 439 463 160 420 453 472 196 256 328 374 425 87 458 428 95 202 188 299 402 411 234 351 441 364 71 119 21 72 96 181 290 343 437 111 101 217 237 320 271 384 41 129 236 295 344 25 276 255 4 38 102 130 2 6 34 123 438 399 466 104 218 454 473 136 203 309 383 421 46 141 89 47 145 262 249 442 35 294 403 62 13 75 177 52 97 150 348 396 57 162 156 277 375 330 43 83 189 296 353 8 56 0 9 15 79 157 14 22 70 465 440 159 161 278 84 143 197 263 19 44 88 204 144 90 207 73 74 352 29 112 36 126 98 151 400 26 105 223 219 18 5 49 131 1 24 27 103 7 3 39 37 53 108 60 167 222 137 198 257 48 85 142 206 146 113 125 10 63 170 76 28 58 163 45 20 92 11 31 59 23 16 166 109 228 199 258 91 138 171 30 114 61 106 86 50 32 65 227 168 64 110 
357 251 243 358 354 406 302 407 280 301 192 312 298 183 303 404 408 388 366 376 445 272 359 446 311 337 221 338 252 133 253 367 368 246 355 153 244 360 431 443 447 389 341 413 323 414 377 326 422 449 468 273 331 409 469 284 390 165 281 391 210 313 81 193 314 415 416 186 291 306 405 128 214 100 215 187 304 410 394 460 467 68 340 432 265 378 450 371 423 268 381 455 470 478 245 325 332 274 385 448 120 225 342 433 174 226 339 434 149 270 369 117 134 154 254 370 451 42 233 247 292 349 305 363 444 275 248 361 33 393 436 461 476 118 121 346 260 324 424 471 372 418 456 209 327 380 427 474 479 178 386 333 429 94 179 173 285 395 462 201 230 235 175 286 392 55 211 261 329 417 194 216 315 17 82 78 293 307 345 350 401 362 412 67 334 308 12 69 398 435 464 477 155 176 180 289 318 319 269 379 457 135 419 373 452 475 382 426 459 140 195 239 430 387 51 122 240 234 290 343 437 101 295 236 344 25 102 271 320 384 41 255 276 4 38 129 130 351 364 397 402 441 411 71 119 6 2 34 123 439 463 111 160 217 237 241 347 374 328 425 87 188 453 420 472 196 428 458 95 202 256 299 72 21 96 181 300 294 348 396 57 156 353 296 8 56 157 330 375 43 83 9 0 15 79 189 190 403 13 438 442 62 35 75 177 22 14 70 182 399 466 104 162 218 277 297 421 383 46 141 249 473 454 136 203 47 89 145 262 309 356 97 52 150 242 352 400 26 105 219 24 1 27 103 220 5 18 49 131 3 7 39 132 250 29 36 465 73 112 74 126 238 53 37 124 440 159 161 223 278 335 44 19 88 204 310 143 84 197 263 90 144 207 321 365 151 98 212 10 28 58 163 279 31 11 59 158 20 45 92 191 16 23 80 63 76 108 113 170 125 185 99 77 60 167 222 283 336 85 48 142 264 198 137 257 322 146 206 267 213 152 30 61 106 224 65 32 107 50 86 148 40 54 114 127 166 171 231 184 109 228 282 138 91 205 258 199 316 208 266 64 110 164 116 66 93 139 172 227 232 168 288 200 147 317 259 115 169 287 229 
243 272 357 359 298 183 301 303 273 302 326 331 354 406 407 355 409 246 153 133 244 251 358 360 214 245 325 332 268 376 381 274 385 388 404 366 445 446 306 405 448 186 291 128 100 215 81 192 193 187 304 280 312 408 410 292 305 372 380 386 209 327 377 422 427 333 429 389 341 431 443 413 311 323 414 449 468 469 349 363 444 94 233 247 149 154 275 117 134 252 253 254 248 361 337 221 338 367 368 447 33 345 350 362 318 419 426 430 265 269 382 371 423 378 455 459 387 51 340 432 284 394 390 460 467 450 470 478 120 293 401 307 412 67 122 173 201 211 216 334 165 175 194 210 313 281 314 315 308 12 391 415 416 68 69 346 397 402 411 260 289 373 418 453 458 72 324 319 328 428 456 424 474 95 21 96 393 461 225 342 436 433 476 118 471 479 178 179 234 351 441 364 71 119 181 230 174 261 270 271 276 6 226 235 236 255 369 339 370 4 2 34 434 451 42 121 123 398 347 438 442 35 420 452 473 89 97 379 374 383 47 475 457 140 145 52 150 435 477 285 395 464 462 155 176 135 195 239 240 294 403 62 13 75 177 242 290 320 329 330 0 22 286 295 296 9 417 392 17 15 14 70 55 82 78 180 182 439 399 465 73 74 454 472 143 144 151 425 421 19 90 196 87 202 207 98 212 463 160 343 437 111 101 217 237 188 256 299 300 348 352 29 112 36 126 238 375 384 5 7 53 344 353 1 3 41 25 38 39 37 124 102 129 130 241 466 440 108 113 125 84 136 198 206 213 46 44 48 146 203 141 262 267 152 104 218 396 57 162 156 277 297 249 309 356 400 10 63 170 76 185 18 43 20 23 99 8 24 11 16 83 56 79 80 77 157 189 190 159 60 166 171 184 137 197 258 266 88 85 91 208 263 204 321 161 278 26 105 223 219 335 310 365 28 30 114 231 127 45 49 50 54 27 31 32 40 131 103 132 220 250 167 109 227 232 199 257 317 142 138 147 322 264 222 336 58 163 283 279 61 64 172 86 92 93 59 65 66 191 158 228 168 287 259 316 205 200 282 106 224 110 115 139 148 107 116 288 229 164 169 
359 244 358 360 355 331 407 409 187 303 193 304 404 312 408 405 410 306 274 381 385 445 446 448 215 247 134 248 154 253 254 275 361 431 443 367 368 447 363 444 33 305 349 332 327 333 380 422 427 386 429 449 468 469 94 293 307 175 194 308 211 216 281 314 315 334 12 390 394 460 467 338 414 313 415 391 416 68 401 412 67 69 350 362 269 382 387 419 426 378 455 459 430 51 432 423 470 450 478 120 122 234 351 364 235 236 255 2 270 271 276 226 339 369 370 4 6 34 342 433 393 436 461 476 118 451 434 42 121 402 441 411 71 119 123 397 319 328 428 21 418 453 458 324 424 456 474 95 72 96 479 471 178 179 181 285 294 403 13 261 290 295 286 296 9 14 329 320 330 0 392 417 17 15 22 70 395 462 398 435 464 477 155 176 82 55 78 180 438 442 62 35 75 177 182 347 373 374 379 383 47 52 452 420 473 89 457 475 140 145 97 150 195 135 239 240 242 343 348 352 29 36 353 344 1 3 37 384 375 5 7 25 41 38 39 53 124 437 101 439 463 111 160 217 237 129 102 130 241 465 73 112 74 126 238 243 399 421 425 19 90 98 472 454 143 144 87 196 202 207 151 212 256 188 299 300 302 396 400 10 63 76 24 8 11 16 77 43 18 20 23 56 83 79 80 99 183 57 156 466 104 162 218 277 297 189 157 190 301 440 108 113 170 125 185 298 44 46 48 146 152 136 84 198 206 141 203 262 267 213 272 309 249 356 357 26 28 30 114 127 31 27 32 40 128 49 45 50 54 103 131 132 133 153 105 219 159 161 223 278 335 354 250 220 251 60 166 171 231 184 246 85 88 91 208 214 197 137 258 266 204 263 321 326 273 365 310 406 58 61 64 172 186 65 59 66 81 92 86 93 100 158 191 192 163 279 167 222 283 336 388 311 280 109 227 232 291 245 138 142 147 268 257 199 317 325 264 322 376 413 366 106 110 115 233 116 107 117 148 139 149 221 252 224 337 228 282 341 389 168 287 292 200 205 209 316 259 372 323 377 164 169 173 174 165 210 201 284 288 340 229 345 260 265 371 318 225 230 346 289 
275 360 254 361 248 333 216 334 405 304 408 410 194 314 315 308 12 307 385 382 387 271 276 6 409 363 443 444 446 368 447 448 33 236 255 369 370 4 364 2 34 362 351 386 427 429 426 328 428 430 21 320 330 0 22 401 412 460 467 67 468 469 391 416 68 94 69 286 294 296 9 339 329 415 417 392 17 15 403 13 14 70 402 411 455 459 51 453 458 379 383 47 72 52 295 374 375 384 5 7 53 436 441 71 461 476 118 119 450 478 120 433 434 451 42 121 122 123 343 344 348 352 353 1 3 41 25 38 39 442 29 35 36 37 124 438 456 474 95 96 420 473 89 424 425 421 19 90 97 98 18 43 20 23 99 395 464 62 75 470 435 477 462 155 176 177 471 479 178 179 55 82 78 180 181 182 396 8 399 400 10 24 11 16 83 56 79 80 465 73 63 74 76 77 183 439 452 475 457 140 145 150 454 472 143 144 46 44 48 146 151 152 45 49 50 54 153 437 463 111 112 126 160 101 217 237 238 135 195 239 240 102 129 130 241 242 243 26 27 440 28 30 31 32 40 131 103 132 133 108 113 114 125 127 128 244 466 196 87 202 207 212 84 136 198 206 88 85 91 208 213 214 86 92 93 100 215 57 104 162 170 185 218 156 277 297 298 188 256 299 300 157 189 190 301 302 303 58 59 60 61 64 65 66 81 191 158 192 193 159 166 171 172 184 186 187 203 141 262 267 272 137 197 258 266 142 138 147 268 273 274 139 148 149 154 105 161 223 231 246 278 219 335 354 355 249 309 356 357 220 250 251 358 359 106 107 109 110 115 116 117 134 252 221 253 167 227 232 233 245 247 263 204 321 326 331 199 257 317 325 205 200 209 327 332 201 210 211 163 222 283 291 306 336 279 388 404 310 365 406 407 280 311 312 164 165 168 169 173 174 175 313 281 228 287 292 293 305 322 264 376 381 259 316 372 380 265 260 269 261 270 224 282 341 349 389 337 431 366 413 445 338 367 225 226 229 230 234 235 288 345 350 377 323 422 318 371 419 324 319 284 340 394 432 390 414 449 285 289 290 346 397 423 378 373 418 342 393 347 398 
247 332 350 362 306 187 293 307 331 305 380 386 349 397 402 363 411 355 215 134 248 234 351 364 274 359 381 385 327 419 426 333 430 394 401 347 438 442 405 412 35 303 404 244 154 275 193 175 194 304 308 285 294 403 13 407 409 422 427 429 269 382 418 453 458 387 72 393 431 436 441 398 290 373 399 439 465 73 443 444 71 74 358 360 211 216 334 253 254 235 236 255 361 2 342 226 343 348 352 29 36 445 446 448 378 455 459 51 319 328 428 423 452 420 473 89 21 97 432 435 390 460 395 464 62 440 466 108 113 408 467 410 67 75 125 312 270 271 276 6 281 314 315 261 295 286 296 9 12 14 396 400 10 63 76 449 468 469 94 324 414 424 456 474 95 96 374 379 383 47 472 454 143 144 52 151 461 463 338 433 476 437 111 112 60 159 166 171 368 447 118 33 119 126 184 367 313 329 320 330 0 22 339 369 370 4 353 344 1 3 34 37 26 28 30 114 127 470 450 478 120 122 457 475 140 145 150 421 425 19 90 136 84 198 206 98 213 477 104 391 462 155 57 162 170 109 167 227 232 416 68 176 69 177 185 245 415 384 375 5 7 53 392 417 17 15 24 8 11 16 70 77 58 61 64 172 186 479 471 178 179 181 87 196 202 207 212 44 46 48 146 197 137 258 266 152 273 160 161 434 101 217 105 223 231 168 228 287 292 451 42 121 237 123 238 246 43 18 20 23 99 25 41 38 39 31 27 32 40 124 128 106 110 115 233 195 135 239 240 242 141 203 262 267 272 85 88 91 208 257 199 317 325 214 218 222 55 156 277 163 283 291 229 288 345 82 78 180 297 182 298 49 45 50 54 153 56 83 79 80 65 59 66 81 183 164 169 173 256 188 299 300 302 204 263 321 326 138 142 147 268 316 259 372 278 282 102 219 335 224 341 289 346 129 130 241 354 243 92 86 93 100 103 131 132 133 116 107 117 225 230 309 249 356 357 264 322 376 200 205 209 371 318 336 340 157 279 388 284 189 190 301 148 139 149 158 191 192 174 165 365 310 406 323 377 260 265 389 220 337 250 251 210 201 221 252 413 366 280 311 
305 355 349 363 247 332 350 362 303 306 404 405 293 394 401 307 412 187 331 380 386 397 402 411 359 244 358 360 407 431 443 409 444 234 351 393 436 441 248 364 71 215 134 274 381 385 327 419 426 333 430 347 438 442 35 193 304 312 408 410 445 446 390 460 467 448 67 285 175 294 403 342 398 432 435 395 464 62 194 308 13 75 154 275 422 427 429 269 382 418 453 458 387 72 290 373 399 439 465 73 74 253 254 361 367 368 447 33 449 468 469 338 433 461 476 118 94 119 226 343 235 236 348 352 29 463 437 111 112 216 255 334 2 36 126 211 378 455 459 51 319 328 428 423 452 420 473 89 21 97 440 466 108 113 125 281 314 315 12 414 313 415 391 416 68 69 470 450 478 120 462 477 155 176 122 177 286 396 261 295 296 400 10 63 104 57 162 170 271 276 9 6 14 76 185 270 324 424 456 474 95 96 374 379 383 47 472 454 143 144 52 151 60 159 166 171 184 339 369 370 4 34 451 434 42 121 123 479 471 178 179 101 160 217 237 181 238 344 26 320 353 1 28 30 114 161 105 223 231 330 0 3 22 37 127 246 329 457 475 140 145 150 421 425 19 90 136 84 198 206 98 213 109 167 227 232 245 392 417 17 15 70 82 55 78 180 182 195 135 239 240 156 218 277 297 242 298 8 58 375 24 11 61 64 172 222 163 283 291 384 5 7 16 53 77 186 87 196 202 207 212 44 46 48 146 197 137 258 266 152 273 168 228 287 292 25 41 38 39 124 129 102 130 241 243 256 188 299 300 219 278 335 354 302 27 106 18 31 32 110 115 233 282 224 341 43 20 23 40 99 128 141 203 262 267 272 85 88 91 208 257 199 317 325 214 229 288 345 56 83 79 80 183 189 157 190 301 309 249 356 357 279 336 388 59 164 45 65 66 169 173 340 284 49 50 54 81 153 204 263 321 326 138 142 147 268 316 259 372 289 346 103 131 132 133 250 220 251 365 310 406 337 389 107 225 86 116 117 230 92 93 100 264 322 376 200 205 209 371 318 158 191 192 311 280 413 366 165 139 174 148 149 323 377 260 265 221 252 201 210 
362 248 351 364 363 386 402 411 304 307 194 308 401 294 403 412 13 405 333 426 430 438 442 35 275 360 254 361 216 236 255 334 2 436 441 348 352 29 444 71 36 409 443 385 382 387 427 453 458 429 72 439 465 73 74 408 410 314 315 12 271 276 286 296 9 6 14 395 460 464 62 343 399 295 400 396 10 63 467 67 75 76 446 448 328 428 21 455 459 420 473 89 51 97 435 452 466 440 108 113 125 368 447 33 369 370 4 34 320 330 0 339 344 353 1 3 22 37 433 437 461 476 463 111 112 28 26 30 114 469 118 94 119 126 127 468 379 383 47 52 456 474 95 374 454 472 143 144 96 151 159 60 166 171 184 391 416 68 69 329 415 417 392 17 15 70 375 384 5 7 8 24 11 16 53 77 462 57 470 477 155 104 162 170 61 58 64 172 478 120 176 122 177 185 186 450 424 425 421 19 90 98 475 457 140 145 84 136 198 206 150 213 167 109 227 232 245 434 451 42 121 123 41 25 38 39 124 18 43 20 23 27 31 32 40 99 128 101 105 479 160 217 161 223 231 110 106 115 233 178 179 237 181 238 246 247 471 46 44 48 146 152 196 87 202 207 137 197 258 266 212 273 228 168 287 292 305 55 82 78 180 182 83 56 79 80 183 45 49 50 54 59 65 66 81 153 187 156 163 195 218 277 222 283 291 169 164 173 293 135 239 240 297 242 298 306 88 85 91 208 214 203 141 262 267 199 257 317 325 272 332 288 229 345 350 102 129 130 241 243 131 103 132 133 244 86 92 93 100 107 116 117 134 215 219 224 256 278 335 282 341 349 230 225 234 188 299 300 354 302 355 142 138 147 268 274 263 204 321 326 259 316 372 380 331 346 289 397 157 189 190 301 303 191 158 192 193 139 148 149 154 165 174 175 279 284 309 336 388 340 394 290 285 249 356 357 404 359 205 200 209 327 322 264 376 381 318 371 419 398 347 220 250 251 358 252 221 253 201 210 211 226 235 337 342 365 389 431 393 310 406 407 265 260 269 377 323 422 373 418 280 311 312 313 281 261 270 390 413 432 366 445 324 319 423 378 338 367 449 414 
334 364 255 2 361 387 276 6 412 308 403 13 315 296 9 12 14 410 430 428 21 330 0 22 411 444 441 71 442 352 29 35 36 370 4 353 1 3 33 34 37 448 447 429 458 72 459 383 47 51 52 384 5 7 53 467 67 464 62 75 465 73 396 10 63 74 76 392 416 17 15 344 375 400 24 8 11 16 68 69 70 77 469 94 473 89 97 474 95 421 19 90 96 98 417 425 43 18 20 23 99 476 118 119 463 111 112 126 440 108 113 437 26 28 30 114 125 127 434 25 451 42 41 38 39 31 27 32 40 120 121 122 123 124 128 478 472 143 144 151 457 140 145 454 44 46 48 146 150 152 49 45 50 54 153 462 155 176 177 466 477 104 57 162 170 185 60 159 166 171 58 61 64 172 184 186 55 56 471 82 78 83 79 80 65 59 66 81 178 179 180 181 182 183 187 479 475 136 84 198 206 213 87 196 202 207 85 88 91 208 212 214 92 86 93 100 215 101 160 217 237 238 161 105 223 231 246 109 167 227 232 106 110 115 233 245 247 102 103 135 129 130 131 132 133 116 107 117 134 239 240 241 242 243 244 248 195 197 137 258 266 273 141 203 262 267 138 142 147 268 272 274 148 139 149 154 275 156 218 277 297 298 222 163 283 291 306 168 228 287 292 164 169 173 293 305 307 157 158 188 189 190 191 192 193 174 165 175 194 256 299 300 301 302 303 304 257 199 317 325 332 204 263 321 326 200 205 209 327 331 333 210 201 211 216 219 278 335 354 355 282 224 341 349 363 229 288 345 350 225 230 234 351 362 220 221 249 250 251 252 253 254 235 226 236 309 356 357 358 359 360 316 259 372 380 386 264 322 376 381 260 265 269 382 385 270 261 271 279 336 388 404 405 340 284 394 401 289 346 397 402 285 290 294 280 281 310 311 312 313 314 295 286 365 406 407 408 409 371 318 419 426 323 377 422 427 319 324 328 329 320 337 389 431 443 393 342 436 347 398 438 343 348 338 339 366 367 368 369 413 445 446 418 373 453 378 423 455 374 379 390 432 460 435 395 399 439 391 414 415 449 468 452 420 424 456 433 461 450 470 
299 278 263 365 249 240 262 356 219 309 222 336 204 257 322 310 413 189 237 181 300 207 321 406 277 157 163 279 223 228 282 335 389 142 264 258 316 377 250 366 449 130 131 180 177 297 123 150 242 241 357 146 267 376 445 103 220 106 224 337 170 283 168 288 340 388 432 138 92 205 323 199 206 227 317 259 371 423 191 311 414 470 79 190 126 238 354 70 182 151 212 302 301 407 91 98 208 266 326 422 468 59 158 280 64 164 284 390 171 231 341 110 229 287 346 393 431 461 86 200 50 148 147 265 378 372 318 418 456 132 252 251 367 450 479 39 76 185 298 404 53 124 243 125 213 152 272 359 358 446 268 325 381 455 478 65 107 221 338 114 32 115 169 225 342 433 232 172 291 394 289 345 398 435 460 477 139 260 23 93 210 209 324 424 419 373 452 475 80 192 313 312 415 471 195 16 37 127 184 246 355 443 99 77 183 303 273 214 331 409 408 469 327 380 427 474 178 116 66 165 281 391 173 230 285 395 462 292 233 349 436 347 397 439 463 476 160 201 319 54 149 270 269 379 457 453 420 472 196 133 253 369 368 451 135 256 40 186 245 306 405 467 153 128 244 360 332 274 385 448 447 120 382 426 459 140 239 174 117 226 339 434 234 290 343 437 101 350 293 401 464 399 438 466 104 155 218 261 374 100 211 329 328 425 87 473 454 136 203 81 193 314 417 416 82 188 247 305 363 444 118 215 187 304 410 386 333 429 94 68 179 428 458 95 202 235 175 286 392 55 294 348 396 57 156 402 351 441 111 440 465 159 161 217 320 421 154 271 384 383 46 141 143 84 197 134 254 370 41 42 129 307 362 412 67 176 275 248 361 33 430 387 51 122 121 47 89 145 295 236 344 25 102 352 400 26 105 442 403 62 162 60 108 167 375 44 216 330 43 19 88 198 137 194 315 17 83 78 364 411 71 119 334 308 12 69 72 21 96 90 144 353 296 8 56 10 28 58 73 29 112 109 166 18 85 276 5 49 48 255 4 38 13 35 75 6 2 34 97 52 24 1 27 30 61 113 63 45 0 20 9 15 36 74 22 14 31 11 7 3 
356 250 264 366 365 300 321 406 220 310 191 311 322 205 323 413 414 336 241 242 357 267 376 445 190 279 158 280 132 148 252 251 367 316 377 147 265 378 389 449 450 335 282 297 182 301 238 212 302 354 407 266 326 422 468 224 337 107 221 338 80 192 139 210 313 312 415 259 288 371 423 200 208 93 209 260 324 424 340 432 470 471 283 388 124 243 358 185 298 152 272 359 404 446 317 213 325 268 381 455 478 164 284 390 66 165 281 391 54 133 253 116 201 149 270 369 368 451 229 318 287 346 372 418 456 269 319 379 457 341 393 431 461 479 135 231 77 183 303 408 184 246 355 99 214 273 331 409 443 469 380 327 427 474 178 169 225 342 433 40 115 117 174 226 339 434 100 81 193 314 261 211 329 417 416 82 289 373 232 345 398 419 452 475 328 374 425 87 291 394 435 460 477 195 188 172 127 128 153 244 360 447 245 186 306 405 274 332 385 448 467 120 426 382 459 140 239 230 173 285 395 462 175 235 286 392 55 154 134 254 370 320 271 384 41 42 129 347 420 292 397 439 453 472 196 383 421 46 141 349 436 463 476 160 256 249 233 187 215 304 410 68 305 247 363 444 333 386 429 94 118 179 458 428 95 202 299 290 234 343 437 101 236 295 344 25 102 216 194 315 17 375 330 43 83 78 189 399 454 350 438 466 473 136 203 19 44 88 204 293 401 464 104 155 218 309 248 275 361 33 121 362 307 412 67 387 430 51 122 176 240 89 47 145 262 348 294 396 57 156 296 353 8 56 157 276 255 4 38 18 5 49 131 130 440 84 402 465 159 143 197 263 48 85 142 351 441 111 161 217 278 308 334 12 69 180 411 364 71 119 21 72 96 181 237 144 90 207 400 352 26 105 219 1 24 27 103 0 9 15 79 45 20 92 60 137 442 108 167 198 257 91 138 403 62 162 222 277 2 6 34 123 35 13 75 177 52 97 150 206 146 28 10 58 163 11 31 59 7 3 39 86 50 109 199 73 166 228 258 29 112 223 14 22 70 74 36 126 98 151 61 30 106 32 65 23 16 168 113 227 63 170 37 53 125 76 110 64 171 114 
251 366 252 367 280 301 192 312 413 311 323 414 221 210 313 338 415 337 357 243 358 133 253 368 406 389 377 449 376 265 378 445 450 165 281 149 270 369 390 391 451 388 284 354 302 407 298 183 303 404 408 81 193 314 416 340 432 371 423 470 326 422 260 324 424 468 471 174 225 226 339 201 100 209 211 261 329 417 342 433 434 82 341 431 272 359 446 246 355 153 244 360 443 447 117 128 134 154 254 370 42 346 393 461 372 418 456 479 268 381 455 318 319 269 379 457 478 135 230 235 173 285 175 286 392 271 320 384 41 394 395 460 462 55 129 291 273 331 409 469 186 306 405 214 215 187 304 410 467 68 194 216 315 17 78 289 398 435 477 325 345 419 373 452 475 195 327 380 427 474 374 328 425 87 178 188 290 295 233 234 343 236 344 25 330 375 43 83 349 436 437 476 101 102 189 292 245 332 274 385 448 120 247 305 363 444 275 248 361 33 118 121 255 276 4 38 130 347 397 439 463 160 453 420 472 196 256 382 426 459 140 421 383 46 141 239 249 348 353 293 294 396 296 8 56 5 18 49 131 401 464 57 155 156 157 250 350 386 333 429 94 179 307 362 412 67 334 308 12 69 176 180 9 0 15 79 190 399 438 466 104 218 473 454 136 203 309 428 458 95 202 44 19 88 204 299 310 400 24 351 352 26 1 27 103 20 45 92 191 402 441 111 105 217 219 220 430 387 51 122 240 364 411 71 119 6 2 34 123 237 241 3 7 39 132 440 465 159 161 278 143 84 197 263 365 47 89 145 262 85 48 142 264 356 28 31 403 10 58 11 59 158 50 86 148 442 62 162 163 277 279 72 21 96 181 300 13 35 75 177 22 14 70 182 297 16 23 80 60 108 167 222 336 198 137 257 322 90 144 207 321 138 91 205 61 65 29 30 106 32 107 93 139 73 112 223 224 335 97 52 150 242 36 74 126 238 53 37 124 40 54 109 166 228 282 258 199 316 146 206 267 200 147 110 116 63 64 164 66 113 170 283 151 98 212 76 125 185 99 77 168 227 288 317 259 208 266 169 114 115 171 231 213 152 127 184 229 287 172 232 
367 358 253 368 338 414 313 415 404 312 303 408 281 193 314 391 416 390 445 378 450 270 369 451 407 431 355 443 359 244 360 446 447 226 339 154 254 370 433 434 42 432 342 449 422 468 423 324 424 470 471 261 329 417 82 394 460 306 405 467 331 409 187 304 410 469 68 175 285 286 392 134 211 215 216 194 315 17 395 462 55 78 393 461 381 455 478 418 456 269 379 457 479 135 235 319 320 271 384 41 129 349 436 476 305 363 444 118 274 385 448 247 248 275 361 33 120 121 234 236 290 343 295 344 25 276 255 4 38 435 437 477 101 102 130 398 380 427 474 178 373 452 475 327 328 374 425 87 195 188 375 330 43 83 189 293 401 464 155 332 350 362 307 412 67 176 333 386 429 94 308 334 12 69 179 180 294 296 347 348 396 353 8 56 0 9 15 79 439 463 57 160 156 157 190 397 419 426 382 459 140 239 420 453 472 196 383 421 46 141 256 249 18 5 49 131 250 351 402 441 111 217 411 364 71 119 237 387 430 51 122 2 6 34 123 240 241 352 1 399 400 26 24 27 103 7 3 39 132 466 104 105 218 219 220 251 438 458 428 95 202 299 454 473 136 203 19 44 88 204 309 310 45 20 92 191 311 403 442 62 162 277 35 13 75 177 297 21 72 96 181 14 22 70 182 300 301 10 11 440 28 58 31 59 158 23 16 80 192 465 159 161 163 278 279 280 89 47 145 262 356 84 143 197 263 48 85 142 264 365 366 86 50 148 252 29 73 112 223 335 74 36 126 238 354 52 97 150 242 37 53 124 243 357 30 32 60 61 106 65 107 221 54 40 133 108 167 222 224 336 337 144 90 207 321 406 137 198 257 322 91 138 205 323 413 139 93 210 63 113 170 283 388 125 76 185 298 98 151 212 302 77 99 183 64 66 109 110 164 116 165 100 81 166 228 282 284 389 206 146 267 376 199 258 316 377 147 200 265 201 149 114 171 231 341 184 127 246 152 213 272 128 153 115 117 168 169 225 174 227 288 340 266 208 326 259 317 371 209 260 172 232 291 245 186 214 273 173 229 230 287 346 325 268 318 372 233 292 289 345 
253 270 367 369 281 193 312 314 261 313 324 329 338 414 415 339 417 226 154 244 254 358 368 370 211 235 319 320 269 378 379 271 384 390 391 445 450 451 286 392 41 175 285 134 215 216 187 303 304 194 315 404 408 416 17 290 295 373 374 375 327 328 423 424 425 330 43 432 342 433 434 449 407 422 468 470 471 82 343 344 25 83 234 236 274 275 276 247 248 359 360 361 255 4 431 355 443 446 447 42 38 347 348 353 419 420 421 18 381 382 383 418 456 455 457 46 5 49 393 461 394 395 460 462 55 478 479 135 129 294 396 296 8 56 131 293 332 333 334 0 306 307 308 331 409 405 410 12 9 15 467 469 68 78 79 398 399 400 24 380 397 453 452 454 44 45 427 426 428 19 475 474 87 88 20 92 435 477 349 436 437 476 101 102 178 195 188 189 351 352 26 1 27 103 191 350 305 386 385 387 6 7 363 362 364 2 448 444 33 34 3 39 118 120 121 130 132 439 438 440 28 31 473 472 84 85 86 459 458 47 48 196 140 141 142 50 148 463 160 401 464 57 155 156 157 239 256 249 250 403 10 58 11 59 158 252 402 430 429 21 22 23 412 411 13 14 94 67 69 70 16 80 176 179 180 190 192 466 465 60 61 65 143 136 137 138 139 95 89 90 91 203 202 204 205 93 210 104 218 441 111 105 217 219 220 299 309 310 311 442 29 30 106 32 107 221 72 51 52 53 54 71 35 36 37 122 119 123 124 40 133 237 240 241 251 159 108 109 110 116 198 197 199 200 201 145 144 146 147 263 262 264 265 149 161 278 62 162 163 277 279 280 356 365 366 73 63 64 164 66 165 97 96 98 99 100 75 74 76 77 181 177 182 183 81 297 300 301 167 166 168 169 174 258 257 259 260 207 206 208 209 322 321 323 222 336 112 223 224 335 337 406 413 113 114 115 225 117 151 150 152 153 126 125 127 128 242 238 243 354 357 228 227 229 230 317 316 318 267 266 268 377 376 282 389 170 283 284 388 171 172 173 213 212 214 185 184 186 302 298 288 287 289 372 371 326 325 340 231 341 232 233 273 272 246 245 346 345 291 292 
369 254 368 370 339 329 415 417 194 314 304 315 391 408 416 392 17 286 271 379 384 450 451 41 216 236 248 255 275 360 361 276 4 433 434 446 447 42 344 25 38 295 343 320 328 330 374 424 425 375 43 470 471 82 83 294 296 307 308 9 333 334 405 410 12 0 15 460 395 462 55 443 468 409 469 467 68 78 396 8 56 79 348 353 382 383 5 420 421 455 457 46 18 49 461 456 479 478 135 129 131 351 352 1 362 364 2 3 385 387 6 363 444 448 33 34 7 39 436 476 435 437 477 101 102 120 118 121 130 400 26 24 27 103 132 399 426 428 19 20 452 454 44 427 474 475 87 88 45 92 195 178 188 189 191 401 403 10 11 386 402 411 412 13 14 16 429 430 21 22 67 94 69 70 23 80 464 155 439 463 57 160 156 157 179 176 180 190 440 28 58 31 59 158 192 438 453 458 459 47 48 50 472 473 84 85 140 196 141 142 86 148 256 239 249 250 252 441 442 29 30 32 35 71 36 37 40 51 72 52 53 119 122 123 124 54 133 111 217 466 104 105 218 219 220 240 237 241 251 60 61 106 65 107 221 253 465 89 95 90 91 93 136 143 137 138 202 203 204 205 139 210 309 299 310 311 313 62 73 63 64 66 74 75 76 77 81 96 97 98 99 177 181 182 183 100 193 162 277 159 161 163 278 279 280 300 297 301 312 108 109 110 164 116 165 281 144 145 146 147 149 197 198 199 200 262 263 264 265 201 270 365 356 366 367 112 113 114 115 117 125 126 127 128 134 150 151 152 153 238 242 243 244 154 223 335 167 222 224 336 337 338 357 354 358 166 168 169 225 174 226 206 207 208 209 211 257 258 259 260 321 322 323 324 261 413 406 414 170 171 172 173 175 184 185 186 187 212 213 214 215 298 302 303 283 388 228 282 284 389 390 407 404 227 229 230 285 235 266 267 268 269 316 317 318 319 376 377 378 449 445 231 232 233 234 245 246 247 272 273 274 355 359 341 431 288 340 342 432 287 289 290 325 326 327 371 372 373 422 423 291 292 293 305 306 331 332 394 346 393 345 347 380 381 418 419 349 350 398 397 
276 370 361 4 255 330 334 0 392 315 416 17 308 410 12 9 15 296 384 383 5 387 6 7 417 344 434 25 451 447 42 41 38 364 2 448 33 34 1 3 39 353 352 375 425 43 421 428 19 18 20 430 21 22 23 396 8 462 55 56 471 82 467 68 78 83 79 412 403 13 14 444 429 469 94 67 69 70 10 11 16 80 400 24 457 46 49 454 44 459 47 48 45 50 411 458 72 51 52 53 54 437 26 27 477 101 102 103 478 135 129 476 118 120 121 130 131 132 441 71 442 29 35 36 37 122 119 123 124 28 30 31 32 40 133 440 475 87 88 92 473 84 85 474 95 89 90 91 86 93 97 96 98 99 100 464 57 58 59 479 463 160 155 156 157 158 178 195 188 189 176 179 180 190 191 192 62 75 465 73 63 74 76 77 181 177 182 183 60 61 64 65 66 81 193 466 472 196 140 141 142 148 143 136 137 138 145 144 146 147 139 149 151 150 152 153 154 111 104 105 106 107 218 217 219 220 221 239 256 249 250 237 240 241 251 252 253 112 126 108 113 114 125 127 128 242 238 243 244 109 110 115 116 117 134 254 159 203 202 204 205 210 198 197 199 200 207 206 208 209 201 211 213 212 214 215 216 162 161 163 164 165 278 277 279 280 281 299 309 310 311 297 300 301 312 313 314 170 185 166 171 172 184 186 187 302 298 303 304 167 168 169 173 174 175 194 263 262 264 265 270 258 257 259 260 267 266 268 269 261 271 273 272 274 275 223 222 224 225 226 336 335 337 338 339 356 365 366 367 354 357 358 368 369 231 246 227 232 233 245 247 248 359 355 360 228 229 230 234 235 236 322 321 323 324 329 317 316 318 319 326 325 327 328 320 332 331 333 283 282 284 285 286 389 388 390 391 406 413 414 415 404 407 408 291 306 287 292 293 305 307 409 405 288 289 290 294 295 377 376 378 379 372 371 373 374 381 380 382 386 385 341 340 342 343 432 431 433 445 449 450 443 446 349 363 345 350 351 362 346 347 348 423 422 424 419 418 420 427 426 394 393 395 461 460 468 470 401 397 402 398 399 456 455 453 452 436 435 438 439 
259 322 288 371 317 200 229 318 321 316 365 377 287 282 346 372 418 266 205 139 260 169 289 373 264 267 356 376 310 336 413 323 423 232 345 224 340 398 325 419 452 208 213 147 148 265 93 116 201 209 319 115 230 347 420 212 326 300 406 422 250 366 335 389 449 378 456 231 184 292 397 283 164 279 284 341 393 439 273 380 453 472 152 268 191 210 324 54 149 107 174 261 269 374 172 66 173 225 290 399 454 242 272 381 241 357 445 455 220 311 414 297 388 337 432 470 424 475 185 291 127 245 233 350 438 342 394 435 466 214 332 327 426 473 136 99 132 252 270 379 40 100 211 158 165 117 235 320 328 421 234 285 348 440 84 238 302 331 427 190 182 301 354 407 468 474 280 251 367 450 431 390 461 479 457 196 246 349 77 186 305 293 402 465 395 436 463 159 153 274 386 382 458 143 197 124 80 192 221 313 329 425 81 133 154 271 226 175 295 375 383 44 294 343 400 60 137 298 243 359 385 459 358 404 446 478 140 338 312 415 471 460 433 477 195 87 203 306 401 128 247 362 351 442 108 437 464 104 167 215 333 430 428 89 198 257 183 253 281 369 384 46 134 193 216 330 286 236 353 18 19 85 352 396 28 109 199 355 303 409 429 95 408 443 469 178 202 391 368 451 135 476 462 160 256 141 263 363 441 187 307 411 403 73 166 57 111 161 228 244 275 387 72 47 144 258 314 339 417 43 88 194 254 276 5 344 296 24 45 48 138 10 26 61 168 405 360 448 51 145 447 467 120 239 262 434 416 82 188 155 101 218 309 204 412 62 248 364 35 29 113 227 105 162 222 304 334 21 97 90 206 370 392 41 49 142 255 315 0 20 8 1 31 86 91 30 58 110 444 410 94 96 207 68 118 179 299 55 42 129 249 217 156 278 71 112 308 13 74 63 171 163 223 361 6 52 151 146 17 25 83 92 9 4 7 50 27 11 65 64 106 67 33 122 150 121 176 240 102 78 189 277 219 75 170 2 36 125 114 12 22 98 38 56 131 3 15 23 59 32 119 69 181 180 237 157 130 126 14 76 34 53 79 103 16 39 177 123 37 70 
316 266 287 372 259 322 288 371 208 317 213 325 229 232 345 318 419 200 321 365 377 282 346 418 267 147 152 268 212 184 273 326 380 169 289 231 292 397 260 373 453 205 139 264 356 376 310 336 413 323 423 224 340 398 452 93 209 99 214 327 242 272 127 245 332 381 426 115 116 230 347 172 283 185 291 233 350 438 201 319 420 473 148 265 300 406 422 250 366 335 389 449 378 456 164 279 284 341 393 439 472 54 149 269 124 153 274 382 238 302 331 77 186 246 305 386 427 458 66 173 107 174 225 290 399 349 293 402 465 210 261 324 374 454 143 191 241 357 445 455 220 311 414 297 388 337 432 470 424 475 342 394 435 466 136 40 100 211 328 182 80 183 128 215 333 428 298 243 359 385 247 306 362 430 459 89 117 234 158 165 235 285 348 440 401 351 442 108 252 270 320 379 421 84 198 132 190 301 354 407 468 474 280 251 367 450 431 390 461 479 457 196 395 436 463 159 197 81 133 154 271 383 244 187 275 387 47 355 303 409 429 307 363 411 72 95 144 175 294 221 226 295 343 400 60 441 403 73 166 313 329 375 425 44 137 258 192 358 404 446 478 140 338 312 415 471 460 433 477 195 87 203 437 464 104 167 257 134 193 216 330 19 304 248 334 21 90 405 360 448 51 364 412 35 97 145 206 236 352 281 286 353 396 28 109 62 29 113 227 253 369 384 18 46 85 199 408 443 469 178 202 391 368 451 135 476 462 160 256 141 263 57 111 161 228 194 254 276 5 48 361 308 6 52 146 444 410 94 96 13 71 74 151 207 296 10 339 344 24 26 61 168 112 63 171 314 417 43 45 88 138 447 467 120 239 262 434 416 82 188 155 101 218 309 204 105 162 222 255 315 0 20 91 12 2 22 98 67 33 122 150 36 75 125 1 30 392 8 31 58 110 170 114 370 41 49 86 142 68 118 179 299 55 42 129 249 217 156 278 163 223 9 4 7 50 34 14 53 119 69 181 76 126 11 64 25 27 65 106 17 83 92 121 176 240 102 78 189 277 219 3 15 23 70 37 177 123 32 56 59 38 131 180 237 157 130 16 39 103 79 
371 260 289 373 372 377 346 418 209 318 201 319 345 230 347 419 420 325 323 413 423 340 398 452 265 268 149 269 210 174 261 324 374 292 397 225 290 399 380 453 454 326 273 376 366 378 406 389 449 422 456 341 393 439 472 214 327 100 211 328 252 270 117 235 320 379 421 233 245 350 438 173 284 165 285 234 348 440 332 426 473 84 272 381 311 414 424 357 445 337 432 470 455 475 291 388 394 342 435 466 136 153 274 382 133 154 271 383 221 313 329 81 175 226 295 375 425 44 186 293 246 305 349 402 465 343 294 400 60 331 386 427 458 143 137 302 251 367 450 457 354 407 468 280 390 431 461 479 474 196 436 395 463 159 197 128 215 333 428 192 183 193 134 216 330 19 281 253 369 384 236 286 353 18 46 85 247 351 298 306 362 401 442 108 396 352 28 109 359 385 430 459 89 198 199 243 301 312 338 415 471 87 404 358 446 478 433 460 477 195 140 203 464 437 104 167 257 187 244 275 387 47 254 194 276 5 48 339 314 417 43 296 344 24 45 88 138 307 403 355 363 411 441 73 166 26 10 61 168 409 429 72 95 144 258 259 303 368 391 451 135 141 443 408 469 178 462 476 160 256 202 263 111 57 161 228 316 248 304 334 21 90 315 255 0 20 91 392 370 41 49 1 8 31 86 142 200 364 29 405 412 35 62 113 227 58 30 110 229 360 448 51 97 145 206 317 416 434 82 188 204 467 447 120 239 101 155 218 309 262 322 162 105 222 288 308 361 6 52 146 4 9 7 50 147 25 17 83 92 11 27 65 139 205 13 63 444 71 74 112 171 287 106 64 169 410 94 96 151 207 266 42 55 129 249 264 118 68 179 299 156 217 278 365 321 223 163 282 2 12 22 98 208 15 3 23 93 56 38 131 148 32 59 116 36 114 67 75 125 170 232 164 115 33 122 150 213 267 78 102 189 310 176 121 240 356 219 277 336 283 224 14 34 53 152 39 16 54 103 79 191 66 107 76 172 119 126 184 231 69 181 212 130 157 250 237 180 300 279 335 37 70 99 80 40 158 132 127 177 185 123 242 190 220 297 241 77 124 238 182 
324 373 261 374 269 378 270 379 419 319 347 420 211 235 320 328 421 327 423 414 424 313 329 425 418 380 397 453 398 290 399 452 454 154 271 226 295 375 382 383 44 381 274 422 449 456 445 367 450 455 457 253 369 384 46 332 426 350 438 473 393 439 234 348 440 472 84 134 215 216 330 175 281 285 286 236 353 18 333 428 19 85 331 427 432 470 475 407 468 338 415 471 474 87 193 312 314 339 417 43 88 305 386 458 349 402 465 143 342 435 466 293 294 343 400 60 136 137 187 194 244 275 254 276 5 344 296 24 45 385 387 459 47 48 138 359 431 461 479 196 358 446 478 390 391 368 451 135 140 141 370 392 41 49 142 247 362 430 89 394 306 401 351 442 108 198 395 436 463 159 352 396 28 109 197 199 248 255 303 304 334 315 0 20 8 1 31 86 409 429 21 95 90 91 200 355 404 460 433 477 195 203 408 443 469 178 434 416 82 188 202 204 17 25 83 92 205 307 363 411 72 144 441 403 73 166 258 437 464 104 167 10 26 61 168 257 259 308 9 360 361 6 4 7 50 27 11 65 139 448 51 52 145 146 147 260 405 476 462 160 256 263 447 467 120 239 55 42 129 249 262 264 38 56 131 148 265 364 412 35 97 206 62 29 113 227 317 57 111 161 228 30 58 110 229 316 318 2 3 410 12 22 15 23 93 59 32 116 201 444 94 96 98 207 208 209 155 101 218 309 322 68 118 179 299 102 78 189 310 321 323 79 103 191 210 13 71 74 151 266 112 63 171 287 372 105 162 222 288 64 106 169 289 371 14 16 33 34 53 39 54 149 107 66 174 67 122 150 152 267 268 217 156 278 365 377 121 176 240 356 157 130 250 366 376 132 158 252 36 75 125 213 325 170 114 232 345 163 223 282 346 115 164 230 37 40 69 70 99 80 100 165 117 119 181 212 214 326 277 219 336 413 180 237 300 406 220 190 311 192 221 76 126 184 273 231 172 292 224 283 340 173 225 77 81 123 124 153 133 177 242 272 335 279 389 241 297 357 280 251 127 185 245 291 233 284 341 128 182 183 238 302 388 337 301 354 186 246 243 298 
329 295 374 375 271 369 379 384 236 320 348 353 328 420 421 330 18 216 339 415 417 424 425 43 286 194 294 296 343 399 400 344 24 382 383 452 454 44 276 5 45 254 275 314 391 392 368 450 451 370 41 455 457 46 49 248 255 351 352 1 395 396 438 440 28 8 31 426 333 428 19 453 456 439 472 473 84 85 334 0 20 86 304 315 433 434 25 408 416 470 471 82 17 83 427 468 474 475 87 88 92 307 308 9 401 403 10 11 435 437 26 402 465 466 60 61 27 65 386 458 385 387 459 47 48 136 143 137 138 361 6 4 7 50 139 360 460 462 55 56 446 447 42 461 479 478 135 129 38 131 140 196 141 142 148 362 364 2 3 436 363 441 442 29 30 32 463 464 57 58 108 159 109 110 59 116 430 89 409 429 21 95 90 91 197 198 199 200 410 12 22 15 23 93 201 405 443 476 477 101 102 103 469 467 68 78 195 178 188 189 79 191 202 203 204 205 210 411 412 13 14 16 62 73 63 64 66 104 111 105 106 166 167 168 169 107 174 72 144 448 51 52 145 146 147 257 258 259 260 33 34 53 39 54 149 261 444 155 160 156 157 158 120 118 121 130 256 239 249 250 132 252 262 263 264 265 270 35 71 36 37 40 112 113 114 115 117 161 162 163 164 227 228 229 230 165 235 97 206 94 96 98 207 208 209 316 317 318 319 67 69 70 99 80 100 211 217 218 219 220 221 179 176 180 190 309 299 310 311 192 313 321 322 323 324 74 75 76 77 81 170 171 172 173 175 222 223 224 225 287 288 289 290 226 151 266 122 150 152 267 268 269 371 372 373 119 123 124 153 133 154 277 278 279 280 281 240 237 241 251 365 356 366 367 253 376 377 378 125 126 127 128 134 231 232 233 234 282 283 284 285 345 346 347 213 325 181 212 214 326 327 418 419 177 182 183 215 193 335 336 337 338 300 297 301 312 413 406 414 422 423 184 185 186 187 291 292 293 340 341 342 397 398 273 380 242 272 274 381 238 243 244 388 389 390 357 354 358 449 445 245 246 247 349 350 393 394 332 302 331 298 303 431 432 407 404 305 306 359 355 
264 267 356 376 322 205 310 323 266 321 212 326 365 300 406 377 422 316 147 148 265 250 366 378 208 317 213 325 152 242 272 268 381 336 413 241 357 445 371 423 455 259 288 200 93 209 139 191 210 260 324 220 311 414 424 287 372 184 273 380 99 214 238 302 331 327 427 335 282 389 449 297 190 182 301 354 407 468 346 418 456 474 229 318 54 149 269 116 201 132 252 270 319 379 279 158 280 251 367 450 457 232 345 419 127 245 332 426 124 153 274 185 298 243 359 385 382 459 283 388 224 340 337 432 470 358 404 446 478 289 398 373 452 475 140 169 40 100 211 328 107 174 261 80 192 221 313 329 374 425 338 312 415 471 87 231 292 397 453 77 172 186 246 305 386 458 183 128 215 333 355 303 409 429 428 95 341 431 164 284 393 390 461 479 408 443 469 178 230 347 439 420 472 196 202 115 66 81 133 154 271 383 165 117 235 320 253 281 369 384 421 46 391 368 451 135 141 291 233 350 438 473 247 306 362 430 89 244 187 275 387 405 360 448 51 47 145 394 460 225 342 435 433 477 195 447 467 120 239 290 399 466 454 136 203 262 173 134 193 216 330 19 226 175 295 375 314 339 417 43 44 88 434 416 82 188 204 349 293 402 465 143 307 363 411 72 144 304 248 334 21 444 410 94 96 90 207 436 476 285 395 463 462 160 256 68 118 179 299 234 348 440 159 84 197 263 194 254 276 5 48 286 236 353 18 370 392 41 49 85 142 55 42 129 249 401 351 442 108 198 364 412 35 97 206 361 308 6 52 67 33 122 150 146 464 155 343 437 104 101 218 309 121 176 240 294 400 60 167 137 257 255 315 0 20 91 344 296 24 45 17 25 83 92 138 102 78 189 441 403 73 166 258 13 71 74 151 12 2 22 98 119 69 181 111 217 396 57 161 156 278 180 237 352 28 109 228 199 9 4 7 50 8 1 31 86 38 56 131 157 130 62 29 113 227 36 75 125 34 14 53 177 123 162 277 26 105 222 219 10 61 168 3 15 23 27 11 65 79 103 112 63 171 76 126 70 37 223 58 163 30 110 16 39 59 32 170 114 106 64 
321 316 365 377 264 267 356 376 259 322 288 371 310 336 413 323 423 205 266 212 326 300 406 422 317 200 229 318 287 282 346 372 418 250 366 335 389 449 265 378 456 147 148 208 213 325 152 242 272 268 381 241 357 445 455 139 260 169 289 373 232 345 224 340 398 419 452 220 191 311 414 279 297 283 388 337 432 470 210 324 424 475 93 209 184 273 380 99 214 238 302 331 327 427 190 182 301 354 407 468 474 116 201 319 115 230 347 420 231 292 397 164 284 341 393 439 453 472 158 280 132 252 251 367 450 431 390 461 479 149 270 269 379 457 196 54 127 245 332 426 124 153 274 185 298 243 359 385 382 459 358 404 446 478 140 107 174 261 374 172 66 173 225 290 399 454 291 233 350 438 342 394 435 466 473 136 221 338 80 192 313 312 415 471 460 433 477 195 100 211 329 328 425 87 203 40 77 186 246 305 386 458 183 128 215 333 355 303 409 429 428 95 408 443 469 178 202 165 117 235 320 421 234 285 348 440 84 349 293 402 465 395 436 463 159 143 197 281 391 133 253 369 368 451 135 476 462 160 256 154 271 384 383 46 141 263 81 247 306 362 430 89 244 187 275 387 405 360 448 51 47 145 447 467 120 239 262 226 175 295 375 44 294 343 400 60 137 401 351 442 108 437 464 104 167 198 257 339 434 193 314 417 416 82 188 155 101 218 309 134 216 330 43 19 88 204 307 363 411 72 144 304 248 334 21 444 410 94 96 90 207 68 118 179 299 286 236 353 18 85 352 396 28 109 199 441 403 73 166 57 111 161 228 258 392 55 254 370 41 42 129 249 217 156 278 194 276 5 49 48 142 364 412 35 97 206 361 308 6 52 67 33 122 150 146 121 176 240 344 296 24 45 138 10 26 61 168 62 29 113 227 105 162 222 25 102 315 17 83 78 189 277 219 255 0 20 92 91 13 71 74 151 12 2 22 98 119 69 181 180 237 8 1 31 86 30 58 110 112 63 171 163 223 56 157 4 38 131 130 9 7 50 36 75 125 34 14 53 177 123 27 11 65 64 106 170 114 103 15 79 3 23 76 126 70 37 59 32 39 16 
376 265 366 378 377 326 406 422 260 323 210 324 413 311 414 423 424 371 268 272 381 357 445 455 209 318 201 319 149 252 270 269 379 389 449 251 367 450 418 456 457 372 346 325 214 327 273 302 331 380 427 354 407 468 474 289 373 174 261 374 100 211 221 313 329 328 425 337 340 432 470 280 301 192 312 338 415 471 398 452 475 87 345 419 153 274 382 245 332 243 359 385 426 459 388 298 404 358 446 478 140 230 347 420 117 235 320 421 133 154 271 165 281 253 369 384 383 46 284 390 341 393 431 461 479 368 391 451 135 397 439 453 472 196 141 292 128 215 333 428 246 305 386 183 303 355 409 429 458 95 443 408 469 178 202 225 290 399 454 81 173 175 226 295 375 44 193 134 216 330 339 314 417 43 19 88 342 433 291 394 435 460 477 195 416 434 82 188 350 438 466 473 136 203 204 233 186 187 244 275 387 47 306 247 362 430 360 405 448 51 89 145 467 447 120 239 262 285 234 348 440 84 236 286 353 18 85 254 194 276 5 392 370 41 49 48 142 395 462 349 436 463 476 160 256 42 55 129 249 402 465 159 143 197 263 264 293 248 304 334 21 90 363 307 411 72 410 444 94 96 144 207 118 68 179 299 321 343 294 400 60 137 296 344 24 45 138 315 255 0 20 25 17 83 92 91 205 437 101 401 464 104 155 218 309 78 102 189 310 351 442 108 167 198 257 322 308 361 6 52 146 412 364 35 97 33 67 122 150 206 267 176 121 240 356 396 352 28 109 199 1 8 31 86 200 4 9 7 50 56 38 131 148 147 57 156 441 111 161 217 278 365 130 157 250 403 73 166 228 258 316 2 12 22 98 208 71 13 74 151 69 119 181 212 266 237 180 300 26 10 61 168 259 11 27 65 139 15 3 23 93 103 79 191 105 219 62 162 222 277 336 190 220 29 113 227 288 317 14 34 53 152 75 36 125 213 123 177 242 297 241 58 30 110 229 32 59 116 39 16 54 158 132 163 279 112 223 282 335 63 171 287 37 70 99 126 76 184 182 238 106 64 169 66 107 80 40 224 170 283 114 232 77 124 185 127 164 115 231 172 
269 378 270 379 319 327 211 328 423 324 414 424 261 313 329 374 425 373 381 274 382 154 271 383 422 418 449 456 445 367 450 455 457 235 320 253 369 384 420 421 46 419 347 380 331 427 332 215 333 426 428 134 216 330 19 398 452 432 470 475 407 468 338 415 471 474 87 226 290 295 375 281 193 312 314 339 417 43 399 454 44 88 397 453 359 385 459 305 386 244 275 387 458 47 175 187 194 254 276 5 48 393 439 472 431 461 479 196 358 446 478 390 391 368 451 135 140 141 285 286 234 348 236 353 18 370 392 41 49 438 440 473 84 85 142 350 355 409 429 95 247 362 430 303 304 248 334 21 89 90 255 315 0 20 91 342 435 466 136 404 394 460 433 477 195 203 408 443 469 178 434 416 82 188 202 204 343 344 293 294 400 296 24 45 17 25 83 92 402 465 60 143 137 138 205 349 306 405 360 448 51 145 307 363 411 72 361 308 6 52 144 146 9 4 7 50 147 395 436 463 159 197 476 462 160 256 263 447 467 120 239 55 42 129 249 262 264 396 8 351 352 28 1 31 86 38 56 131 148 442 108 109 198 199 200 265 401 444 410 94 96 207 364 412 35 97 12 2 22 98 206 208 3 15 23 93 209 437 464 104 167 257 155 101 218 309 322 68 118 179 299 102 78 189 310 321 323 26 27 403 10 61 11 65 139 79 103 191 210 441 73 166 168 258 259 260 67 33 122 150 267 13 71 74 151 34 14 53 152 266 268 16 39 54 149 57 111 161 228 316 217 156 278 365 377 121 176 240 356 157 130 250 366 376 58 59 29 30 110 32 116 201 132 158 252 62 113 227 229 317 318 119 69 181 212 326 36 75 125 213 70 37 99 214 325 40 80 100 105 162 222 288 371 277 219 336 413 180 237 300 406 220 190 311 106 107 63 64 169 66 174 192 221 112 171 287 289 372 177 123 242 272 76 126 184 273 124 77 153 81 133 163 223 282 346 335 279 389 241 297 357 280 251 164 165 114 115 230 117 170 232 345 238 182 302 127 185 245 183 128 224 283 340 388 337 301 354 225 172 173 231 292 298 243 186 246 284 341 233 291 
326 372 273 380 268 376 272 381 318 325 345 419 214 245 332 327 426 209 377 406 422 302 331 427 371 260 289 373 346 292 397 418 453 153 274 246 305 386 269 382 458 265 149 323 413 423 366 357 445 378 455 243 359 385 459 201 319 230 347 420 340 398 233 350 438 452 473 128 100 215 333 186 298 291 306 247 362 430 211 328 428 89 210 324 389 449 456 311 414 354 407 468 424 474 183 301 303 355 409 429 95 174 261 374 225 290 399 454 341 393 439 173 293 349 402 465 472 143 81 187 133 154 244 275 387 363 307 411 72 270 271 379 383 47 144 252 337 432 470 475 251 367 450 388 404 358 446 478 457 140 360 405 448 51 145 117 235 320 421 284 165 285 234 348 440 84 394 342 435 466 351 401 442 108 136 198 134 248 192 193 216 304 334 21 412 364 35 97 313 329 330 425 19 90 206 221 280 390 431 461 479 196 312 338 415 471 443 408 469 178 87 202 410 444 94 96 207 175 226 295 375 44 343 294 400 60 137 436 395 463 159 403 441 73 166 197 258 194 308 253 254 276 361 6 52 71 13 74 151 369 384 5 46 48 146 266 281 433 460 477 195 203 368 391 451 135 467 447 120 239 141 262 33 67 122 150 267 236 286 353 18 85 396 352 28 109 199 464 437 104 167 29 62 113 227 257 317 255 2 314 315 0 12 22 98 75 36 125 213 339 417 43 20 88 91 208 462 476 160 256 263 416 434 82 188 118 68 179 299 204 321 69 119 181 212 296 344 24 45 138 26 10 61 168 259 111 57 161 228 63 112 171 287 316 9 14 370 4 7 34 53 152 126 76 184 392 41 49 50 142 147 101 155 218 309 322 42 55 129 249 176 121 240 356 264 123 177 242 1 8 31 86 200 58 30 110 229 162 105 222 288 114 170 232 3 37 17 15 23 70 99 185 127 25 83 92 93 205 156 217 278 365 78 102 189 310 237 180 300 182 238 11 27 65 139 106 64 169 223 163 282 172 231 16 77 38 39 54 124 56 131 148 219 277 336 130 157 250 297 241 32 59 116 164 115 283 224 40 79 80 103 191 279 335 190 220 66 107 132 158 
268 376 272 381 325 209 214 327 377 326 406 422 273 302 331 380 427 372 265 149 269 153 274 382 323 371 413 423 366 357 445 378 455 245 332 243 359 385 419 426 459 318 345 260 210 324 201 100 211 319 328 128 215 333 428 346 418 389 449 456 311 414 354 407 468 424 474 246 292 305 386 298 183 301 303 355 409 429 397 453 458 95 289 373 252 270 379 174 261 133 154 271 374 383 186 81 187 244 275 387 47 340 398 452 337 432 470 475 251 367 450 388 404 358 446 478 457 140 291 306 233 350 247 362 430 360 405 448 51 347 438 420 473 89 145 230 221 313 329 425 117 235 320 192 193 134 216 330 421 19 248 304 334 21 90 341 393 439 472 280 284 390 431 461 479 196 312 338 415 471 443 408 469 178 87 202 349 363 173 293 402 307 411 72 410 444 94 96 290 399 465 454 143 144 207 225 165 281 253 369 384 46 175 226 295 375 254 194 276 5 44 48 308 361 6 52 146 394 342 435 466 136 433 460 477 195 203 368 391 451 135 467 447 120 239 141 262 401 412 234 351 442 364 35 97 33 67 122 150 348 440 108 84 198 206 267 285 339 314 417 43 88 236 286 353 18 315 255 0 20 85 91 2 12 22 98 208 436 395 463 159 197 462 476 160 256 263 416 434 82 188 118 68 179 299 204 321 441 71 294 403 73 13 74 151 69 119 181 212 343 400 60 166 137 258 266 392 370 41 49 142 296 344 24 45 4 9 7 50 138 147 14 34 53 152 464 437 104 167 257 101 155 218 309 322 42 55 129 249 176 121 240 356 264 62 75 352 29 113 36 125 213 123 177 242 396 28 109 227 199 317 25 17 83 92 205 1 8 31 86 15 3 23 93 200 37 70 99 111 57 161 228 316 156 217 278 365 78 102 189 310 237 180 300 112 126 10 63 171 76 184 182 238 26 61 168 287 259 56 38 131 148 11 27 65 139 39 16 54 77 124 162 105 222 288 219 277 336 130 157 250 297 241 170 185 30 114 232 127 58 110 229 103 79 191 32 59 116 80 40 223 163 282 279 335 190 220 231 64 172 106 169 158 132 66 107 283 224 115 164 
381 269 274 382 380 422 331 427 319 327 211 328 332 215 333 426 428 419 378 445 455 359 385 459 324 373 261 374 270 154 271 379 383 305 386 244 275 387 453 458 47 418 397 423 414 424 449 407 468 456 474 355 409 429 95 347 420 235 320 421 313 329 134 216 330 425 19 247 350 362 430 187 303 193 304 248 334 21 438 473 89 90 398 452 367 450 457 432 470 358 446 478 475 140 306 404 405 360 448 51 145 290 399 454 226 295 375 44 253 369 384 175 194 254 276 5 46 48 293 307 349 402 363 411 72 361 308 6 52 439 465 472 143 144 146 393 338 415 471 87 431 461 479 312 408 443 469 178 196 202 444 410 94 96 207 234 348 440 84 281 285 286 236 353 18 85 314 339 417 43 255 315 0 20 88 91 351 364 394 401 442 412 35 97 12 2 22 98 435 466 108 136 198 206 208 342 390 391 368 451 135 141 460 433 477 195 447 467 120 239 203 262 67 33 122 150 267 294 343 400 60 137 344 296 24 45 138 370 392 41 49 9 4 7 50 142 147 403 13 436 441 73 71 74 151 34 14 53 152 463 159 166 197 258 266 268 395 434 416 82 188 204 476 462 160 256 68 118 179 299 263 321 119 69 181 212 326 352 396 28 109 199 8 1 31 86 200 17 25 83 92 3 15 23 93 205 209 29 36 464 62 113 75 125 213 70 37 99 214 437 104 167 227 257 317 325 55 42 129 249 264 155 101 218 309 121 176 240 356 322 376 177 123 242 272 10 26 61 168 259 27 11 65 139 260 38 56 131 148 16 39 54 149 265 63 76 111 112 171 126 184 273 124 77 153 57 161 228 287 316 372 102 78 189 310 323 217 156 278 365 180 237 300 406 377 238 182 302 30 58 110 229 318 59 32 116 201 79 103 191 210 40 80 100 114 127 162 170 232 185 245 183 128 105 222 288 345 371 157 130 250 366 277 219 336 413 241 297 357 298 243 64 106 169 289 107 66 174 132 158 252 81 133 172 186 223 231 292 246 163 282 346 220 190 311 335 279 389 301 354 115 164 230 165 117 192 221 233 283 291 224 340 280 251 388 337 173 225 341 284 
379 382 271 383 374 424 329 425 426 328 333 428 320 216 330 421 19 420 455 450 457 369 384 46 427 453 386 458 385 275 387 459 47 295 375 254 276 5 454 44 48 452 399 456 468 474 470 415 471 475 87 339 417 43 88 438 473 362 430 89 409 429 248 334 21 95 90 236 348 353 18 194 314 304 315 255 0 20 440 84 85 91 439 472 446 478 140 461 479 368 451 135 196 141 286 391 392 370 41 49 142 402 465 143 363 411 72 144 360 448 51 307 308 361 6 52 145 146 294 296 343 400 344 24 45 4 9 7 50 466 60 136 137 138 147 435 443 469 178 202 433 477 195 408 416 434 82 188 203 204 25 17 83 92 205 351 442 108 198 405 401 412 364 35 97 206 410 444 94 96 2 12 22 98 207 208 352 1 395 396 28 8 31 86 15 3 23 93 463 159 109 197 199 200 209 436 460 467 447 120 239 262 462 476 160 256 42 55 129 249 263 264 56 38 131 148 265 403 441 73 166 258 71 13 74 151 266 33 67 122 150 14 34 53 152 267 268 10 11 437 26 61 27 65 139 39 16 54 149 104 167 168 257 259 260 269 464 118 68 179 299 321 101 155 218 309 78 102 189 310 322 323 103 79 191 210 324 29 62 113 227 317 75 36 125 213 325 69 119 181 212 37 70 99 214 326 327 30 32 57 58 110 59 116 201 80 40 100 211 111 161 228 229 316 318 319 176 121 240 356 376 156 217 278 365 130 157 250 366 377 378 158 132 252 270 63 112 171 287 372 126 76 184 273 380 123 177 242 272 77 124 153 274 381 64 66 105 106 169 107 174 261 133 81 154 162 222 288 289 371 373 237 180 300 406 422 219 277 336 413 190 220 311 414 423 221 192 313 114 170 232 345 419 185 127 245 332 182 238 302 331 128 183 215 115 117 163 164 230 165 235 193 134 223 282 346 347 418 297 241 357 445 279 335 389 449 251 280 367 281 253 172 231 292 397 246 186 305 243 298 359 187 244 173 175 224 225 290 226 283 340 398 354 301 407 337 388 432 312 338 233 291 350 306 247 303 355 234 284 285 341 393 404 358 390 431 293 349 342 394 
271 369 379 384 320 216 328 330 339 329 415 417 374 424 425 375 43 295 254 275 276 382 383 5 314 286 391 392 368 450 451 370 41 420 421 455 457 46 353 18 49 236 348 194 304 315 248 333 334 255 0 426 428 19 20 343 344 433 434 25 408 416 470 471 82 17 83 452 399 454 44 456 427 468 474 475 87 88 400 24 45 92 294 296 360 361 4 307 308 385 387 6 9 7 453 386 458 459 47 48 50 395 396 8 460 462 55 56 446 447 42 461 479 478 135 129 38 131 439 472 438 440 473 84 85 140 196 141 142 352 28 1 31 86 148 351 405 410 12 15 362 364 2 409 429 430 21 22 3 23 89 95 90 91 93 435 437 26 27 443 436 476 477 101 102 103 469 467 68 78 195 178 188 189 79 191 466 136 402 465 60 143 137 138 202 203 204 205 403 10 61 11 65 139 210 401 363 444 448 33 34 39 411 412 13 14 51 72 52 53 16 54 144 145 146 147 149 463 464 57 58 59 155 160 156 157 158 120 118 121 130 256 239 249 250 132 252 159 197 442 108 109 198 199 200 262 263 264 265 29 30 110 32 116 201 270 441 67 94 69 70 80 35 71 36 37 96 97 98 99 40 100 206 207 208 209 211 104 111 105 106 107 217 218 219 220 221 179 176 180 190 309 299 310 311 192 313 167 257 73 166 168 258 259 260 321 322 323 324 62 63 64 169 66 174 261 119 122 123 124 133 74 75 76 77 150 151 152 153 81 154 266 267 268 269 161 162 163 164 165 277 278 279 280 281 240 237 241 251 365 356 366 367 253 228 316 113 227 229 317 318 319 376 377 378 112 114 115 230 117 235 177 181 182 183 193 125 126 127 128 212 213 214 215 134 325 326 327 222 223 224 225 226 335 336 337 338 300 297 301 312 413 406 414 288 371 171 287 289 372 373 422 423 170 172 173 290 175 238 242 243 244 184 185 186 187 272 273 274 380 381 282 283 284 285 388 389 390 357 354 358 449 445 346 418 232 345 347 419 231 233 234 298 302 303 245 246 247 331 332 340 341 342 431 432 407 404 398 292 397 291 293 355 359 305 306 393 394 350 349 
384 276 383 5 375 417 425 43 255 330 334 0 421 428 19 18 20 353 370 451 41 457 46 49 315 296 308 9 361 387 6 4 7 454 44 459 47 48 24 45 50 344 400 392 416 17 434 471 82 25 83 475 87 88 92 352 1 364 2 3 410 12 430 21 22 15 23 473 440 84 85 458 474 429 95 89 90 91 28 31 86 93 396 8 447 42 38 462 55 478 135 129 56 131 472 479 196 140 141 142 148 403 10 11 412 13 14 16 448 33 34 411 72 51 52 53 39 54 465 143 466 60 136 137 138 145 144 146 147 26 61 27 65 139 149 437 467 68 78 79 477 101 102 469 178 195 188 189 103 191 203 202 204 205 210 442 29 30 32 444 441 71 35 36 37 40 94 67 69 70 97 96 98 99 80 100 108 198 463 159 109 197 199 200 207 206 208 209 57 58 110 59 116 201 211 464 476 118 120 121 130 132 160 155 156 157 239 256 249 250 158 252 263 262 264 265 270 73 62 63 64 66 75 74 76 77 81 122 119 123 124 151 150 152 153 133 154 166 258 104 167 168 257 259 260 267 266 268 269 105 106 169 107 174 261 271 111 176 179 180 190 192 218 217 219 220 299 309 310 311 221 313 322 321 323 324 329 113 112 114 115 117 126 125 127 128 134 181 177 182 183 213 212 214 215 193 216 227 317 161 228 229 316 318 319 326 325 327 328 162 163 164 230 165 235 320 237 240 241 251 253 278 277 279 280 356 365 366 367 281 369 377 376 378 379 171 170 172 173 175 185 184 186 187 194 242 238 243 244 273 272 274 275 254 287 372 222 288 289 371 373 374 381 380 382 223 224 225 290 226 295 297 300 301 312 314 336 335 337 338 406 413 414 415 339 423 422 424 232 231 233 234 236 246 245 247 248 302 298 303 304 332 331 333 345 419 282 346 347 418 420 427 426 283 284 285 348 286 354 357 358 368 389 388 390 391 445 449 450 456 455 292 291 293 294 306 305 307 359 355 360 386 385 397 453 340 398 399 452 341 342 343 404 407 408 432 431 433 468 470 350 349 351 363 362 409 405 438 393 439 394 395 443 446 461 460 402 401 435 436 
274 359 381 385 332 215 327 333 355 331 407 409 380 422 427 386 429 305 244 154 275 269 382 387 303 306 404 405 358 445 446 360 448 419 426 378 455 459 362 430 51 247 350 187 193 304 134 211 216 248 334 319 328 428 21 349 363 431 443 444 312 408 449 468 469 410 94 418 397 453 458 423 324 414 424 456 474 95 402 411 72 96 293 307 253 254 361 175 194 270 271 276 308 6 373 261 374 379 383 47 52 394 401 412 390 460 467 67 367 368 447 432 470 450 478 120 33 122 398 452 347 438 420 473 89 457 475 140 145 351 442 364 35 97 150 234 281 314 315 12 235 236 255 313 329 320 330 0 2 22 421 425 19 90 98 393 436 441 71 338 342 433 461 476 118 119 415 391 416 68 479 471 178 179 69 181 439 472 290 399 465 454 143 144 87 196 202 207 294 403 73 13 74 151 212 285 226 339 369 370 4 34 295 286 296 9 384 375 5 7 14 53 44 46 48 146 152 435 395 464 62 75 462 477 155 176 177 451 434 42 121 195 135 239 240 123 242 466 136 348 440 108 84 198 206 141 203 262 267 352 29 113 36 125 213 272 343 392 417 17 15 70 353 344 1 3 43 18 20 23 37 99 85 88 91 208 214 463 437 111 112 126 101 160 217 237 238 82 55 78 180 256 188 299 300 182 302 159 197 400 60 166 137 258 266 204 263 321 326 396 10 63 171 76 184 273 25 41 38 39 124 24 8 11 16 49 45 50 54 77 153 138 142 147 268 104 57 162 170 185 156 218 277 297 298 129 102 130 241 309 249 356 357 243 167 257 28 109 227 199 317 325 264 322 376 26 30 114 232 127 245 56 83 79 80 183 31 27 32 40 92 86 93 100 128 200 205 209 161 105 223 231 246 219 278 335 354 189 157 190 301 365 310 406 228 316 61 168 287 259 372 323 377 58 64 172 292 186 103 131 132 133 65 59 66 81 148 139 149 260 265 222 163 283 291 279 336 388 250 220 251 413 366 288 371 110 229 345 318 106 115 233 158 191 192 116 107 117 210 201 282 224 341 337 389 311 280 346 169 289 164 173 221 252 174 165 340 284 230 225 
331 305 380 386 274 359 381 385 247 332 350 362 327 419 426 333 430 215 355 407 409 422 427 429 306 187 293 307 349 397 402 363 411 269 382 418 453 458 275 387 72 244 154 303 404 405 358 445 446 360 448 378 455 459 51 134 248 234 351 364 394 401 347 438 442 412 35 319 211 328 428 373 423 398 452 420 473 89 216 334 21 97 193 304 431 443 444 312 408 449 468 469 410 94 324 414 424 456 474 95 96 175 194 308 285 294 403 13 393 436 441 290 399 439 465 73 71 74 261 374 270 271 379 383 47 472 454 143 144 254 276 361 6 52 151 253 390 460 467 67 367 368 447 432 470 450 478 120 33 122 457 475 140 145 150 235 236 255 2 342 226 343 348 352 29 36 435 395 464 62 440 466 108 113 75 125 320 421 313 329 330 425 19 90 136 84 198 206 314 315 0 12 22 98 213 281 338 433 461 476 118 119 415 391 416 68 479 471 178 179 69 181 87 196 202 207 212 295 286 296 9 14 396 400 10 63 76 463 437 111 112 60 159 166 171 126 184 375 44 369 384 5 46 48 146 197 137 258 266 370 4 7 34 53 152 273 339 462 477 155 176 177 451 434 42 121 195 135 239 240 123 242 141 203 262 267 272 353 344 1 3 37 26 28 30 114 127 104 57 162 170 109 167 227 232 185 245 18 85 417 43 20 88 91 208 257 199 317 325 392 17 15 23 70 99 214 101 160 217 237 238 82 55 78 180 256 188 299 300 182 302 204 263 321 326 24 8 11 16 77 58 61 64 172 186 161 105 223 231 168 228 287 292 246 45 138 41 49 50 142 147 268 316 259 372 25 38 39 54 124 153 156 218 277 297 298 129 102 130 241 309 249 356 357 243 264 322 376 31 27 32 40 128 106 110 115 233 222 163 283 291 229 288 345 86 200 83 92 93 205 209 371 318 56 79 80 100 183 219 278 335 354 189 157 190 301 365 310 406 323 377 65 59 66 81 164 169 173 282 224 341 289 346 139 260 131 148 149 265 103 132 133 279 336 388 250 220 251 413 366 116 107 117 225 230 340 284 201 191 210 158 192 337 389 311 280 174 165 252 221 
385 275 382 387 386 409 427 429 248 333 216 334 426 328 428 430 21 362 360 446 448 455 459 51 304 307 194 308 254 271 276 361 6 453 458 379 383 47 411 72 52 363 402 405 408 410 443 468 469 444 94 456 474 95 96 351 364 236 255 2 314 315 320 330 0 12 22 420 438 473 89 374 424 329 425 421 19 90 442 35 97 98 401 412 368 447 33 460 467 450 478 120 67 122 452 470 475 457 140 145 150 294 403 13 286 296 9 14 369 370 4 295 375 384 5 7 34 53 399 454 439 465 472 143 144 46 44 48 146 441 73 71 74 151 152 436 391 416 68 69 461 476 118 415 471 479 178 179 119 181 196 87 202 207 212 348 352 29 36 339 343 344 353 1 3 37 417 392 17 15 18 43 20 23 70 99 440 84 435 466 108 136 198 206 88 85 91 208 464 62 113 75 125 213 214 395 433 434 451 42 121 123 477 462 155 176 135 195 239 240 177 242 203 141 262 267 272 400 396 10 63 76 8 24 11 16 77 41 25 38 39 45 49 50 54 124 153 60 137 463 159 166 197 258 266 142 138 147 268 111 112 171 126 184 273 274 437 55 82 78 180 182 160 101 217 237 188 256 299 300 238 302 263 204 321 326 331 28 26 30 114 127 27 31 32 40 128 83 56 79 80 86 92 93 100 183 215 109 199 104 167 227 257 317 325 205 200 209 327 57 162 170 232 185 245 332 102 129 130 241 243 218 156 277 297 249 309 356 357 298 359 322 264 376 381 61 58 64 172 186 59 65 66 81 187 131 103 132 133 139 148 149 154 244 168 259 161 228 287 316 372 380 265 260 269 105 223 231 292 246 305 157 189 190 301 303 278 219 335 354 310 365 406 407 355 377 323 422 110 106 115 233 247 107 116 117 134 191 158 192 193 201 210 211 229 318 222 288 345 371 419 324 319 163 283 291 350 306 220 250 251 358 336 279 388 404 366 413 445 423 378 169 164 173 293 165 174 175 252 221 253 261 270 289 373 282 346 397 418 224 341 349 280 311 312 389 337 431 414 449 230 225 234 226 235 313 281 347 340 398 284 394 338 367 432 390 290 285 393 342 
361 387 276 6 308 410 315 12 430 334 428 21 255 330 0 2 22 364 448 447 33 370 4 34 429 411 458 72 459 383 47 51 52 296 9 384 5 7 13 14 53 412 403 444 469 94 467 416 68 67 69 392 17 15 70 442 35 473 89 97 474 95 421 19 90 96 98 353 352 1 3 375 417 425 43 18 20 23 29 36 37 99 441 71 478 120 122 476 118 451 42 121 119 123 344 434 25 41 38 39 124 465 73 74 472 143 144 151 457 140 145 454 44 46 48 146 150 152 400 24 396 10 8 11 16 49 45 50 54 62 63 75 76 77 153 464 479 178 179 181 462 155 176 471 82 55 78 180 177 182 56 83 79 80 183 440 108 113 125 475 466 136 84 198 206 213 87 196 202 207 85 88 91 208 212 214 28 31 437 26 30 27 32 40 92 86 93 100 111 112 114 126 127 128 215 463 477 195 135 239 240 242 101 160 217 237 129 102 130 241 238 243 103 131 132 133 244 60 159 166 171 184 197 137 258 266 273 141 203 262 267 138 142 147 268 272 274 61 65 57 58 64 59 66 81 148 139 149 154 162 170 172 185 186 187 275 104 256 188 299 300 302 156 218 277 297 189 157 190 301 298 303 158 191 192 193 304 109 167 227 232 245 257 199 317 325 332 204 263 321 326 200 205 209 327 331 333 110 116 105 106 115 107 117 134 210 201 211 216 161 223 231 233 246 247 248 309 249 356 357 359 219 278 335 354 250 220 251 358 355 360 221 252 253 254 168 228 287 292 305 316 259 372 380 386 264 322 376 381 260 265 269 382 385 169 174 163 164 173 165 175 194 270 261 271 222 283 291 293 306 307 365 310 406 407 409 279 336 388 404 311 280 312 408 405 281 313 314 229 288 345 350 362 371 318 419 426 323 377 422 427 319 324 328 230 235 224 225 234 226 236 329 320 282 341 349 351 363 413 366 445 446 337 389 431 443 367 338 368 339 369 289 346 397 402 418 373 453 378 423 455 374 379 290 295 284 285 294 286 340 394 401 449 414 468 390 432 460 415 391 347 398 438 452 420 424 456 348 342 343 393 436 470 450 433 461 399 439 395 435 
279 297 283 388 336 220 224 337 300 335 238 354 282 231 341 389 431 365 190 158 280 164 284 390 241 356 242 357 182 185 298 301 404 288 340 172 291 394 413 432 460 310 322 250 132 251 191 107 221 311 338 169 225 342 433 321 406 212 302 407 124 243 184 246 355 358 443 287 316 346 393 232 115 127 233 292 349 436 377 449 461 476 264 366 80 192 312 148 252 66 165 281 367 391 229 116 230 173 285 395 462 267 376 445 152 272 359 446 77 183 303 213 245 186 306 405 408 467 317 345 259 371 289 398 435 293 350 401 464 323 423 414 470 477 155 205 54 133 253 368 139 210 313 40 117 174 226 339 415 434 290 234 343 437 101 266 326 422 468 99 208 214 273 331 409 469 128 153 244 360 305 247 363 444 447 118 372 397 200 318 418 347 439 463 351 402 441 111 265 378 456 450 479 160 217 147 93 100 81 193 314 416 201 149 270 369 175 235 286 392 451 55 348 294 396 57 156 325 268 381 455 478 274 332 385 448 120 187 215 304 410 362 307 412 67 68 176 419 438 260 373 452 399 466 104 403 442 62 162 324 424 475 471 195 218 277 209 154 134 254 370 42 261 211 329 417 236 295 344 25 82 102 400 352 26 105 219 380 327 427 474 178 333 386 429 94 179 248 275 361 33 411 364 71 119 121 237 453 465 319 420 472 440 159 161 29 73 112 223 269 379 457 196 135 256 278 216 194 315 17 78 320 271 384 41 296 353 8 56 129 157 28 10 58 163 426 382 459 140 239 387 430 51 122 240 308 334 12 69 35 13 75 177 180 473 108 374 454 136 60 167 222 63 113 170 328 425 87 203 188 309 276 255 4 38 130 375 330 43 83 1 24 27 103 189 61 30 106 458 428 95 202 299 21 72 96 181 2 6 34 123 74 36 126 143 166 421 84 197 109 228 114 171 383 46 141 263 249 0 9 15 79 18 5 49 131 11 31 59 110 64 89 47 145 262 52 97 150 14 22 70 125 76 198 227 44 137 257 168 19 88 204 7 3 39 45 20 92 32 65 144 90 207 98 151 37 53 258 85 199 48 142 23 16 86 50 206 146 138 91 
335 365 282 389 279 297 283 388 310 336 322 413 224 288 340 337 432 220 300 238 354 231 341 431 356 250 264 366 321 316 377 406 449 164 284 287 346 393 280 390 461 190 158 241 242 357 182 185 298 301 404 172 291 394 460 191 311 205 323 414 267 376 259 371 423 445 470 169 107 225 342 229 232 317 345 289 398 435 221 338 433 477 132 251 212 302 407 124 243 184 246 355 358 443 115 127 233 292 349 436 476 148 252 367 147 265 378 450 266 326 422 200 318 372 418 456 468 479 116 230 66 165 173 285 395 397 347 439 463 192 281 312 391 462 160 80 152 272 359 446 77 183 303 213 245 186 306 405 408 467 293 350 401 464 155 139 210 313 415 208 93 209 260 324 424 471 325 268 381 455 373 419 452 475 478 195 174 290 40 117 226 234 343 437 438 399 466 104 133 253 339 368 434 101 218 54 99 214 273 331 409 469 128 153 244 360 305 247 363 444 447 118 351 402 441 111 217 201 149 270 369 451 269 319 379 457 135 380 327 427 474 420 453 472 196 178 256 235 348 81 175 286 294 396 57 465 440 159 161 193 314 392 416 55 156 278 100 274 332 385 448 120 187 215 304 410 362 307 412 67 68 176 403 442 62 162 277 261 211 329 417 82 328 374 425 87 188 426 382 459 140 454 473 136 203 239 309 295 400 134 236 344 352 26 105 108 60 167 222 154 254 370 25 42 102 219 333 386 429 94 179 248 275 361 33 411 364 71 119 121 237 29 73 112 223 320 271 384 41 129 383 421 46 141 249 458 428 95 202 84 143 197 263 299 353 28 194 296 8 10 58 163 166 109 228 216 315 17 56 78 157 387 430 51 122 240 308 334 12 69 35 13 75 177 180 63 113 170 375 330 43 83 189 19 44 88 204 89 47 145 262 137 198 257 24 61 255 1 27 30 106 227 168 276 4 38 103 130 21 72 96 181 2 6 34 123 74 36 126 114 171 18 5 49 131 48 85 142 144 90 207 199 258 31 110 9 11 59 64 0 15 79 52 97 150 14 22 70 125 76 45 20 92 91 138 206 146 65 3 32 7 39 98 151 37 53 86 50 16 23 
388 280 284 390 389 354 341 431 311 337 221 338 340 225 342 432 433 413 301 298 404 291 394 460 251 366 252 367 192 165 281 312 391 346 393 173 285 395 449 461 462 406 377 357 243 358 302 246 355 407 443 292 349 436 476 323 414 210 313 415 133 253 174 226 339 368 434 289 371 398 435 230 233 117 234 290 343 437 423 470 477 101 376 445 183 303 408 272 359 186 306 405 446 467 345 245 350 293 401 464 155 265 378 450 149 270 369 451 81 193 314 201 235 175 286 392 416 55 318 347 372 418 397 439 463 294 348 396 57 422 456 468 479 160 156 326 153 244 360 447 273 331 409 128 247 305 363 444 469 118 402 351 441 111 217 260 324 424 471 100 209 211 261 329 417 82 134 154 254 370 295 236 344 25 42 102 373 399 325 419 452 438 466 104 352 400 26 105 381 455 475 478 195 218 219 268 214 215 187 304 410 68 332 274 385 448 307 362 412 67 120 176 442 403 62 162 277 319 269 379 457 135 271 320 384 41 129 194 216 315 17 353 296 8 56 78 157 420 440 380 453 472 465 159 161 10 28 58 163 427 474 196 178 256 278 279 327 275 248 361 33 121 386 333 429 94 364 411 71 119 179 237 73 29 112 223 335 374 328 425 87 188 330 375 43 83 189 255 276 4 38 24 1 27 103 130 220 454 60 426 473 136 108 167 222 30 61 106 224 382 459 140 203 239 309 336 334 308 12 69 180 430 387 51 122 13 35 75 177 240 297 113 63 170 283 421 383 46 141 249 5 18 49 131 250 9 0 15 79 31 11 59 158 190 84 109 458 143 197 166 228 282 64 110 164 428 95 202 263 299 365 6 2 34 123 241 72 21 96 181 36 74 126 238 300 171 114 231 44 19 88 204 310 20 45 92 191 3 7 39 132 65 32 107 137 168 89 198 257 227 288 115 169 47 145 262 322 356 22 14 70 182 97 52 150 242 76 125 185 232 172 85 48 142 264 50 86 148 16 23 80 116 66 199 229 144 258 316 287 90 207 321 53 37 124 151 98 212 127 184 138 91 205 93 139 40 54 259 206 317 146 267 99 77 213 152 200 147 266 208 
312 390 281 391 367 358 253 368 432 338 342 433 313 226 339 415 434 414 404 303 408 193 314 416 431 449 393 461 394 285 395 460 462 270 369 175 286 392 450 451 55 445 378 407 355 443 359 244 360 446 447 154 254 370 42 423 470 398 435 477 349 436 290 343 437 476 101 261 324 329 417 235 134 234 236 295 344 25 424 471 82 102 422 468 306 405 467 331 409 187 304 410 469 68 211 215 216 194 315 17 78 418 456 479 397 439 463 160 293 401 464 347 348 294 396 57 155 156 319 320 269 379 271 384 41 296 353 8 56 455 457 478 135 129 157 381 305 363 444 118 274 385 448 247 248 275 361 33 120 121 276 255 4 38 130 373 452 475 195 350 419 438 399 466 104 218 351 402 441 111 400 352 26 105 217 219 374 375 327 328 425 330 43 83 1 24 27 103 427 474 87 178 188 189 220 380 332 362 307 412 67 176 333 386 429 94 308 334 12 69 179 180 0 9 15 79 190 420 453 472 196 256 465 440 159 161 278 403 442 62 162 28 10 58 163 277 279 421 18 382 383 46 5 49 131 11 31 59 158 459 140 141 239 249 250 280 426 411 364 71 119 237 387 430 51 122 2 6 34 123 240 241 7 3 39 132 251 454 473 136 203 309 108 60 167 222 336 29 73 112 223 61 30 106 224 335 337 44 45 428 19 88 20 92 191 32 65 107 221 458 95 202 204 299 310 311 35 13 75 177 297 21 72 96 181 14 22 70 182 300 301 23 16 80 192 84 143 197 263 365 166 109 228 282 389 63 113 170 283 110 64 164 284 388 85 86 47 48 142 50 148 252 66 116 165 89 145 262 264 356 366 74 36 126 238 354 52 97 150 242 37 53 124 243 357 54 40 133 137 198 257 322 413 227 168 288 340 114 171 231 341 169 115 225 138 139 90 91 205 93 210 117 174 144 207 321 323 406 125 76 185 298 98 151 212 302 77 99 183 100 81 199 258 316 377 287 229 346 172 232 291 230 173 200 201 146 147 265 149 206 267 376 184 127 246 152 213 272 128 153 259 317 371 345 289 233 292 260 208 209 266 326 245 186 214 273 318 372 268 325 
314 286 391 392 369 254 368 370 295 339 343 344 415 433 434 417 25 329 194 304 315 408 416 17 236 320 348 353 294 395 396 296 8 450 451 460 462 55 384 41 56 271 379 216 248 255 275 360 361 276 4 446 447 42 38 374 375 399 400 24 351 352 435 437 26 1 27 470 424 471 82 461 443 436 476 477 101 102 425 43 83 103 328 330 307 308 9 333 334 405 410 12 0 15 468 409 469 467 68 78 79 420 421 18 438 440 28 31 401 403 10 439 463 464 57 58 11 59 456 479 455 457 478 135 129 155 160 156 157 383 46 5 49 131 158 382 362 364 2 3 385 387 6 363 444 448 33 34 7 39 120 118 121 130 132 452 454 44 45 402 453 465 466 60 61 65 441 442 29 30 104 111 105 106 32 107 475 195 427 474 87 178 188 189 217 218 219 220 428 19 88 20 92 191 221 426 386 411 412 13 14 16 429 430 21 22 67 94 69 70 23 80 179 176 180 190 192 472 473 84 85 86 108 159 109 110 116 62 73 63 64 161 162 163 164 66 165 196 256 459 140 141 239 249 250 277 278 279 280 47 48 142 50 148 252 281 458 35 71 36 37 40 51 72 52 53 119 122 123 124 54 133 240 237 241 251 253 136 143 137 138 139 166 167 168 169 174 112 113 114 115 222 223 224 225 117 226 203 309 95 202 204 299 310 311 335 336 337 338 89 90 91 205 93 210 313 74 75 76 77 81 96 97 98 99 177 181 182 183 100 193 300 297 301 312 197 198 199 200 201 227 228 229 230 235 170 171 172 173 282 283 284 285 175 263 365 145 262 264 356 366 367 388 389 390 144 146 147 265 149 270 125 126 127 128 134 150 151 152 153 238 242 243 244 154 357 354 358 257 258 259 260 261 287 288 289 290 231 232 233 234 340 341 342 322 413 207 321 323 406 414 431 432 206 208 209 324 211 184 185 186 187 212 213 214 215 298 302 303 407 404 316 317 318 319 345 346 347 291 292 293 393 394 377 449 267 376 378 445 266 268 269 245 246 247 272 273 274 355 359 371 372 373 397 398 349 350 423 326 422 325 327 305 306 331 332 418 419 381 380 
341 346 389 393 284 291 388 394 289 340 371 398 337 413 432 342 435 225 292 246 349 354 431 436 345 230 318 347 372 377 418 397 439 280 390 406 449 461 285 395 463 173 165 233 245 350 186 298 306 293 401 301 404 460 464 174 290 260 373 399 325 419 323 423 452 438 466 311 221 338 433 366 357 376 445 414 470 477 226 343 437 104 117 234 273 305 402 128 247 302 355 363 351 441 251 243 358 407 443 476 111 201 235 348 209 319 420 440 326 380 453 265 378 422 456 472 465 159 252 367 192 281 312 391 462 468 450 479 160 175 286 294 396 57 161 81 214 332 362 442 183 187 307 272 359 303 405 412 403 62 408 446 467 155 162 210 261 295 400 268 149 269 324 374 454 60 381 327 426 473 424 455 475 136 108 167 313 415 133 253 339 368 434 101 478 471 195 218 134 236 344 352 26 105 222 100 153 274 331 386 411 73 244 215 248 364 409 360 444 71 29 112 447 469 118 217 223 270 211 320 353 28 328 379 421 84 109 427 382 458 143 457 474 196 197 166 228 369 451 193 314 392 416 55 156 178 135 256 278 194 296 8 10 58 163 282 154 333 385 430 35 113 304 275 308 13 448 410 67 75 63 170 68 120 176 277 283 329 271 375 24 61 383 425 44 137 168 459 428 89 198 87 140 203 257 227 288 417 82 254 370 25 42 102 219 239 188 309 336 216 255 1 27 30 106 224 387 429 72 74 171 361 334 2 36 94 33 119 126 114 231 121 179 237 335 384 330 18 31 110 19 46 85 199 229 95 47 144 258 141 202 263 316 287 41 129 315 17 56 78 157 279 299 249 365 276 9 11 59 64 164 21 51 97 125 232 12 6 14 76 122 69 177 185 172 180 240 297 43 5 45 65 169 48 88 138 259 145 90 206 317 204 262 322 83 189 4 38 103 130 220 356 310 0 3 32 107 115 52 96 151 184 34 22 37 127 181 123 238 241 300 49 20 86 116 91 142 200 207 146 266 264 321 131 250 15 79 158 190 7 16 66 98 150 213 70 53 77 242 182 92 50 139 147 205 267 208 191 39 132 23 40 152 212 124 99 148 93 80 54 
284 291 388 394 340 225 337 342 292 341 246 349 389 354 431 393 436 346 173 165 285 280 390 395 233 345 245 350 186 298 306 293 401 413 432 301 404 460 398 435 464 289 371 230 117 234 174 221 226 290 343 311 338 433 437 372 397 273 305 402 128 247 302 355 363 351 441 406 377 449 461 357 251 243 358 407 443 476 418 439 463 111 318 347 81 175 294 201 235 192 281 286 348 396 366 252 367 312 391 462 57 325 419 438 214 332 362 442 183 187 307 272 359 303 405 412 403 62 376 445 323 423 414 470 477 408 446 467 155 373 452 399 466 104 162 260 100 134 236 352 210 261 295 133 253 313 339 344 400 26 415 368 434 101 105 326 380 453 465 153 268 274 331 386 411 73 244 215 248 364 409 360 444 71 29 112 422 468 265 378 456 450 479 160 447 469 118 217 319 420 472 440 159 161 223 209 149 154 193 194 296 10 270 211 320 353 314 369 392 8 28 58 451 416 55 156 163 381 327 426 473 108 333 385 430 35 113 304 275 308 13 448 410 67 75 63 170 455 478 324 424 475 471 195 218 68 120 176 277 374 454 136 60 167 222 283 269 216 254 255 1 30 329 271 375 24 370 417 25 27 61 106 82 42 102 219 224 427 382 458 143 166 387 429 72 74 171 361 334 2 36 94 33 119 126 114 231 474 178 379 457 196 135 256 278 121 179 237 335 328 421 84 197 109 228 282 276 315 9 11 64 384 330 18 31 17 41 56 59 110 164 129 78 157 279 459 428 89 198 227 21 51 97 125 232 12 6 14 76 122 69 177 185 172 140 239 425 87 203 188 309 336 180 240 297 383 44 137 257 168 288 0 4 3 32 115 43 5 45 65 38 83 103 107 169 189 130 220 95 47 144 258 287 52 96 151 184 34 22 37 127 181 123 238 202 299 46 141 263 249 365 241 300 19 85 199 316 229 7 15 16 66 49 20 86 116 79 131 158 250 190 145 90 206 317 98 150 213 70 53 77 242 182 262 356 88 204 322 310 48 138 259 23 39 40 92 50 139 132 191 207 146 266 152 212 124 99 321 142 264 91 200 54 80 148 93 267 208 205 147 
394 285 390 395 393 349 431 436 290 342 226 343 432 338 433 435 437 398 293 306 401 404 460 464 234 347 235 348 175 281 286 294 396 449 461 312 391 462 439 463 57 397 418 350 247 351 305 355 363 402 441 407 443 476 111 373 399 261 295 400 134 236 313 339 344 352 26 414 423 470 477 367 358 253 368 415 434 101 452 466 104 105 419 438 187 307 403 332 362 303 405 412 442 62 445 359 446 408 467 155 162 319 420 440 211 320 353 28 193 194 296 270 369 314 392 8 10 58 378 450 422 456 468 479 160 416 451 55 156 453 472 465 159 161 163 380 215 248 364 29 331 386 411 244 360 409 444 71 73 112 469 447 118 217 223 324 374 454 60 154 269 271 329 375 24 61 254 216 255 1 417 370 25 27 30 106 424 471 381 455 475 478 195 218 42 82 102 219 426 473 136 108 167 222 224 327 274 275 304 308 13 63 385 333 430 35 410 448 67 75 113 170 120 68 176 277 283 379 328 421 84 109 330 384 18 31 110 315 276 9 11 41 17 56 59 64 164 457 135 427 474 196 178 256 278 78 129 157 279 458 143 197 166 228 282 284 382 334 361 2 36 114 429 387 72 74 33 94 119 126 171 231 179 121 237 335 341 425 383 44 137 168 5 43 45 65 169 4 0 3 32 83 38 103 107 115 225 87 188 459 140 203 239 309 336 130 189 220 337 428 89 198 257 227 288 340 6 12 14 76 172 51 21 97 125 69 122 177 185 232 291 240 180 297 388 46 19 85 199 229 20 49 86 116 230 15 7 16 66 131 79 158 165 173 141 249 95 202 263 299 365 389 190 250 280 47 144 258 316 287 346 22 34 37 127 233 96 52 151 184 123 181 238 246 292 300 241 354 88 48 138 259 289 50 92 139 174 39 23 40 117 191 132 221 204 310 145 262 322 356 413 251 311 90 206 317 371 345 53 70 77 186 150 98 213 245 182 242 298 357 301 142 91 200 318 93 148 201 80 54 81 252 192 264 366 207 321 377 406 146 266 372 99 124 128 212 152 273 243 302 205 147 260 149 210 133 100 323 267 376 208 325 153 183 272 214 265 209 326 268 
294 395 286 396 348 351 236 352 435 343 433 437 295 339 344 400 26 399 401 307 403 194 296 10 436 439 461 463 460 391 462 464 57 320 353 314 392 8 440 28 58 438 420 402 363 441 362 248 364 442 29 216 255 1 30 452 466 470 477 104 443 476 415 434 101 111 105 329 374 375 24 369 254 368 370 417 25 27 454 60 61 106 453 465 405 412 62 386 411 304 308 13 73 63 271 275 276 315 9 11 64 456 472 159 468 479 160 161 408 467 155 450 451 416 55 156 162 163 379 384 328 421 330 18 31 17 41 56 59 473 84 108 109 110 164 426 409 444 71 112 333 430 35 360 361 334 2 36 113 114 0 4 3 32 115 424 475 136 167 446 455 478 471 195 218 222 447 469 118 217 82 42 102 219 223 224 425 43 382 383 44 5 45 65 38 83 103 107 458 143 137 166 168 169 225 427 385 448 410 67 75 170 387 429 72 74 12 6 14 76 171 172 7 15 16 66 173 457 474 196 197 228 178 135 256 278 282 68 120 176 277 129 78 157 279 283 284 46 49 428 19 85 20 86 116 79 131 158 165 89 198 199 227 229 230 285 459 94 33 119 126 231 21 51 97 125 34 22 37 127 232 233 23 39 40 117 234 87 140 203 257 288 239 188 309 336 340 121 179 237 335 189 130 220 337 341 342 88 92 47 48 138 50 139 174 132 191 221 226 95 144 258 259 287 289 290 122 69 177 185 291 52 96 151 184 70 53 77 186 292 293 54 80 81 175 141 202 263 316 346 299 249 365 389 393 180 240 297 388 250 190 280 390 394 142 148 90 91 200 93 201 235 192 252 281 145 206 317 318 345 347 181 123 238 246 349 98 150 213 245 124 99 128 247 350 100 133 134 204 262 322 371 398 356 310 413 432 241 300 354 431 311 251 338 205 210 146 147 260 149 261 253 313 207 266 372 373 397 242 182 298 306 152 212 273 305 183 153 187 154 193 264 321 377 418 406 366 449 301 357 404 367 312 265 270 208 209 319 211 267 325 419 302 243 355 214 272 332 244 215 323 376 423 445 414 358 407 324 268 269 326 380 359 303 274 331 378 422 327 381 
296 392 396 8 353 255 352 1 417 344 434 25 400 437 26 24 27 375 315 308 9 403 10 11 370 384 451 41 416 462 55 17 56 440 28 464 57 58 18 31 59 330 421 276 361 4 334 364 2 0 3 442 29 30 32 425 43 471 82 83 447 42 477 101 102 38 103 466 454 60 61 463 441 476 111 104 105 106 44 45 65 107 383 5 410 12 15 387 6 412 13 14 7 16 465 411 73 62 63 64 66 457 46 49 478 135 129 131 467 68 78 479 160 155 156 157 79 158 472 159 473 84 108 109 110 162 161 163 164 19 85 20 86 116 165 428 448 33 34 39 430 21 22 444 71 35 36 37 23 40 113 112 114 115 117 475 87 88 92 469 474 178 195 188 189 191 118 120 121 130 218 217 219 220 132 221 136 167 458 143 137 166 168 169 223 222 224 225 47 48 138 50 139 174 226 459 429 94 67 69 70 80 72 51 52 53 75 74 76 77 54 81 171 170 172 173 175 196 140 141 142 148 239 256 249 250 252 176 179 180 190 278 277 279 280 192 281 197 228 89 198 199 227 229 230 283 282 284 285 90 91 200 93 201 235 286 95 122 119 123 124 133 97 96 98 99 126 125 127 128 100 134 232 231 233 234 236 203 202 204 205 210 299 309 310 311 313 237 240 241 251 336 335 337 338 253 339 257 288 144 258 259 287 289 290 341 340 342 343 145 146 147 260 149 261 295 181 177 182 183 193 151 150 152 153 185 184 186 187 154 194 292 291 293 294 263 262 264 265 270 356 365 366 367 369 297 300 301 312 389 388 390 391 314 316 346 206 317 318 345 347 348 394 393 395 207 208 209 319 211 320 242 238 243 244 254 213 212 214 215 246 245 247 248 216 350 349 351 322 321 323 324 329 406 413 414 415 354 357 358 368 432 431 433 371 398 266 372 373 397 399 436 435 267 268 269 374 271 302 298 303 304 273 272 274 275 306 305 307 402 401 377 376 378 379 445 449 450 404 407 408 461 460 418 439 325 419 420 438 326 327 328 359 355 360 332 331 333 363 362 423 422 424 468 470 443 446 452 380 453 381 382 409 405 386 385 456 455 426 427 
346 292 372 397 289 340 371 398 233 345 245 350 318 325 419 347 438 230 341 389 393 377 418 439 291 173 186 293 246 273 305 349 402 260 373 326 380 453 290 399 465 225 174 284 388 394 337 413 432 342 435 323 423 452 466 117 234 128 247 351 298 306 214 332 362 401 442 209 201 319 420 268 376 272 381 327 426 473 235 348 440 108 165 285 354 431 436 280 390 406 449 461 395 463 265 366 378 422 456 472 159 81 175 294 183 187 307 403 302 355 363 153 274 331 386 411 441 73 149 269 210 261 324 374 454 427 382 458 143 226 295 343 400 60 166 221 301 404 460 464 311 338 433 357 445 414 470 477 437 104 424 455 475 136 167 100 134 236 352 243 133 244 215 248 364 29 359 303 405 412 333 385 430 35 62 113 211 328 252 270 320 379 421 84 459 428 89 198 281 286 353 396 28 109 227 192 251 358 407 443 476 111 367 312 391 462 468 450 479 160 57 161 457 474 196 197 228 154 193 194 296 10 304 275 308 13 63 409 360 444 71 387 429 72 74 112 171 271 383 313 329 375 425 44 137 95 47 144 258 339 344 24 26 61 168 287 253 408 446 467 155 162 415 368 434 101 478 471 195 218 105 222 87 140 203 257 288 216 254 255 1 30 361 334 2 36 114 448 410 67 75 21 51 97 125 170 232 330 19 369 384 18 46 85 199 145 90 206 317 314 392 8 31 58 110 229 447 469 118 217 223 451 416 55 156 178 135 256 278 163 282 141 202 263 316 276 315 9 11 64 12 6 14 76 172 94 33 119 126 52 96 151 184 231 5 48 417 43 45 88 138 259 207 146 266 370 25 27 65 106 169 68 120 176 277 283 82 42 102 219 239 188 309 336 224 204 262 322 0 4 3 32 115 34 22 37 127 122 69 177 185 98 150 213 20 91 41 49 86 142 200 267 208 17 56 59 116 164 121 179 237 335 129 78 157 279 299 249 365 264 321 7 15 16 66 70 53 77 181 123 238 152 212 50 147 83 92 139 205 38 103 107 180 240 297 189 130 220 356 310 23 39 40 124 99 242 182 93 131 148 79 158 241 300 250 190 54 80 191 132 
289 340 371 398 345 230 318 347 341 346 389 393 372 377 418 397 439 292 225 174 290 260 373 399 284 291 388 394 337 413 432 342 435 325 419 323 423 452 350 438 466 233 245 173 165 285 117 201 235 234 348 209 319 420 440 246 349 354 431 436 280 390 406 449 461 395 463 326 273 380 453 376 265 366 378 422 456 472 305 402 465 159 186 293 221 226 343 81 175 210 261 295 294 400 268 149 269 324 374 454 60 298 306 401 301 404 460 464 311 338 433 357 445 414 470 477 437 104 272 381 214 332 327 426 473 424 455 475 136 247 362 351 442 108 167 128 192 281 286 396 100 134 236 252 270 211 320 353 352 28 328 379 421 84 109 302 355 363 441 251 243 358 407 443 476 111 367 312 391 462 468 450 479 160 57 161 331 427 153 274 386 382 458 143 457 474 196 197 187 307 411 403 73 166 228 183 133 253 313 339 344 26 154 193 194 296 329 271 375 24 10 61 383 425 44 137 168 359 303 405 412 62 408 446 467 155 162 415 368 434 101 478 471 195 218 105 222 385 459 215 333 430 428 89 198 87 140 203 257 248 364 35 29 113 227 288 244 314 369 392 8 58 216 254 255 1 384 330 18 31 30 110 19 46 85 199 229 409 360 444 71 112 447 469 118 217 223 451 416 55 156 178 135 256 278 163 282 429 95 275 387 72 47 144 258 141 202 263 316 304 308 13 74 63 171 287 370 417 25 27 106 276 315 9 11 43 5 45 65 64 169 48 88 138 259 448 410 67 75 170 68 120 176 277 283 82 42 102 219 239 188 309 336 224 51 145 334 21 97 90 206 317 204 262 322 361 2 36 125 114 232 17 41 56 59 164 0 4 3 32 49 20 86 116 115 91 142 200 94 33 119 126 231 121 179 237 335 129 78 157 279 299 249 365 96 207 6 52 151 146 266 264 321 12 14 76 184 172 38 83 103 107 7 15 16 66 92 50 139 147 205 122 69 177 185 180 240 297 189 130 220 356 310 150 267 22 98 213 208 34 37 127 79 131 158 23 39 40 148 93 181 123 238 241 300 250 190 212 53 152 70 77 132 191 54 80 242 182 99 124 
398 290 373 399 397 393 418 439 234 347 235 348 419 319 420 438 440 350 342 432 435 423 452 466 285 293 175 294 226 261 295 343 400 380 453 324 374 454 402 465 60 349 305 394 390 395 431 449 461 436 463 422 456 472 159 247 351 134 236 352 281 286 211 320 353 396 28 327 332 426 473 269 378 270 379 328 421 84 362 442 108 109 306 401 338 433 437 404 460 414 470 477 464 104 381 445 455 424 475 136 167 187 307 403 193 194 296 10 313 339 344 154 271 329 375 24 26 61 274 382 331 386 427 458 143 425 383 44 137 363 411 441 73 166 168 355 312 391 462 57 407 443 476 367 450 468 479 160 111 161 474 457 196 197 228 215 248 364 29 253 244 254 216 255 1 30 369 314 392 8 330 384 18 31 58 110 333 428 359 385 430 459 89 198 46 19 85 199 405 412 35 62 113 227 229 303 358 368 415 434 101 105 446 408 467 155 471 478 195 218 162 222 140 87 203 257 288 275 304 308 13 63 315 276 9 11 64 417 370 25 27 5 43 45 65 106 169 387 47 409 429 72 95 144 258 88 48 138 259 444 71 74 112 171 287 289 360 416 451 55 156 163 469 447 118 217 135 178 256 278 223 282 202 141 263 316 346 334 361 2 36 114 4 0 3 32 115 41 17 56 59 20 49 86 116 164 230 21 90 448 51 97 145 206 317 142 91 200 318 410 67 75 125 170 232 345 42 82 102 219 224 120 68 176 277 188 239 309 336 283 340 262 204 322 371 6 12 14 76 172 15 7 16 66 173 83 38 103 107 50 92 139 174 225 52 146 94 96 151 207 266 372 205 147 260 33 119 126 184 231 292 78 129 157 279 284 179 121 237 335 249 299 365 389 341 321 264 377 22 34 37 127 233 39 23 40 117 131 79 158 165 93 148 201 98 208 122 150 213 267 325 265 209 69 177 185 245 291 130 189 220 337 240 180 297 388 310 356 413 376 323 53 70 77 186 80 54 81 191 132 221 149 210 152 268 181 212 273 326 123 238 246 190 250 280 300 241 354 366 406 99 124 128 133 100 252 192 214 242 272 182 298 251 311 357 301 153 183 302 243 
343 399 295 400 294 395 286 396 438 348 420 440 236 320 353 352 28 351 435 433 437 339 344 26 439 402 453 465 452 374 454 466 60 194 296 329 375 24 403 10 61 401 307 436 461 463 460 391 462 464 57 314 392 8 58 362 442 426 473 108 456 472 328 421 84 159 109 216 248 255 1 271 369 379 384 330 18 31 364 29 30 110 363 441 470 477 104 443 476 415 434 101 111 105 254 368 370 417 25 27 106 386 411 73 427 458 143 166 424 475 136 382 383 425 44 137 167 168 275 276 304 308 315 9 11 43 5 45 65 412 13 62 63 64 169 405 468 479 160 161 408 467 155 450 451 416 55 156 162 163 17 41 56 59 164 333 430 35 113 455 385 459 428 89 198 227 457 474 196 197 19 46 85 199 228 229 334 0 360 361 2 4 3 32 49 20 86 116 444 71 36 112 114 115 230 409 446 478 471 195 218 222 447 469 118 217 82 42 102 219 223 224 38 83 103 107 225 387 429 72 74 171 95 47 144 258 287 87 140 203 257 48 88 138 259 288 289 6 7 410 12 14 15 16 66 92 50 139 174 67 75 76 170 172 173 290 448 178 135 256 278 282 68 120 176 277 129 78 157 279 283 284 79 131 158 165 285 21 51 97 125 232 145 90 206 317 345 141 202 263 316 91 142 200 318 346 347 22 23 33 34 37 39 40 117 148 93 201 235 94 119 126 127 231 233 234 239 188 309 336 340 121 179 237 335 189 130 220 337 341 342 132 191 221 226 52 96 151 184 292 207 146 266 372 397 204 262 322 371 147 205 260 373 398 53 54 69 70 77 80 81 175 210 149 261 122 177 185 186 291 293 299 249 365 389 393 180 240 297 388 250 190 280 390 394 192 252 281 98 150 213 245 350 267 208 325 419 264 321 377 418 209 265 319 99 100 123 124 128 133 134 270 211 181 238 246 247 349 356 310 413 432 241 300 354 431 311 251 338 253 313 152 212 273 305 326 268 380 323 376 423 269 324 153 154 182 183 187 193 242 298 306 406 366 449 301 357 404 367 312 214 272 332 381 327 378 422 215 243 244 302 355 445 414 358 407 274 331 303 359 
293 394 306 401 350 234 247 351 393 349 431 436 305 355 363 402 441 397 285 175 294 187 307 403 342 398 432 435 390 404 460 395 464 332 362 303 405 412 438 442 62 347 419 290 226 343 235 134 236 348 352 215 248 364 29 418 439 449 461 463 338 433 407 443 476 437 111 331 380 386 411 359 244 358 360 409 444 71 453 465 73 112 373 399 281 286 396 261 295 193 194 296 400 10 274 154 275 304 308 13 63 423 452 466 414 470 477 104 312 391 462 445 446 408 467 155 57 162 381 385 327 426 333 430 35 410 448 67 75 420 473 440 108 113 170 319 313 339 344 26 211 320 353 253 254 216 255 1 28 30 334 361 2 36 114 422 456 472 159 367 378 450 468 479 160 161 368 415 434 101 469 447 118 217 105 223 427 429 269 382 458 387 72 74 33 94 119 126 374 454 143 60 166 171 231 324 270 369 314 392 8 58 271 329 375 24 315 276 9 11 61 64 6 12 14 76 172 455 424 475 136 167 471 478 195 218 222 416 451 55 156 120 68 176 277 163 283 459 51 328 428 89 21 97 125 69 122 177 185 421 84 198 109 227 232 291 379 417 370 25 27 106 330 384 18 31 4 0 3 32 110 115 22 34 37 127 233 474 457 196 197 228 135 178 256 278 282 42 82 102 219 179 121 237 335 224 341 95 96 383 47 144 52 151 184 123 181 238 246 425 44 137 258 168 287 292 41 17 56 59 164 5 43 45 65 15 7 16 66 169 173 53 70 77 186 140 87 203 257 288 188 239 309 336 340 78 129 157 279 240 180 297 388 284 145 150 19 90 206 98 213 245 182 242 298 46 85 199 317 229 345 83 38 103 107 225 20 49 86 116 39 23 40 117 230 99 124 128 202 141 263 316 346 249 299 365 389 130 189 220 337 300 241 354 207 212 48 146 266 152 273 243 302 88 138 259 372 289 131 79 158 165 50 92 139 174 80 54 81 153 183 262 204 322 371 310 356 413 190 250 280 357 301 267 272 91 208 325 214 142 200 318 191 132 221 93 148 201 133 100 321 264 377 366 406 251 311 326 147 268 205 260 252 192 149 210 376 323 209 265 
349 397 305 402 293 394 306 401 347 350 419 438 247 332 362 351 442 234 393 431 436 355 363 441 398 290 373 399 418 380 453 439 465 187 307 331 386 411 294 403 73 285 175 342 432 435 390 404 460 395 464 303 405 412 62 235 348 319 420 440 423 452 327 426 473 466 108 215 134 248 364 274 359 381 385 333 430 35 236 352 29 113 226 343 449 461 463 338 433 407 443 476 437 111 244 358 360 409 444 71 112 261 295 400 324 374 454 60 422 456 472 269 382 427 458 143 159 166 154 275 193 194 304 308 13 429 387 72 74 286 296 396 10 63 171 281 414 470 477 104 312 391 462 445 446 408 467 155 57 162 410 448 67 75 170 211 320 353 28 378 270 379 328 421 84 109 455 424 475 136 428 459 89 198 167 227 216 334 253 254 255 361 2 36 51 21 97 125 339 344 1 26 30 114 232 313 367 450 468 479 160 161 368 415 434 101 469 447 118 217 105 223 33 94 119 126 231 271 329 375 24 61 425 383 44 137 168 474 457 196 197 47 95 144 258 228 287 276 6 314 315 9 12 14 76 96 52 151 184 392 8 11 58 64 172 292 369 471 478 195 218 222 416 451 55 156 120 68 176 277 163 283 69 122 177 185 291 330 384 18 31 110 46 19 85 199 229 140 87 203 257 90 145 206 317 288 345 0 22 370 4 3 34 37 127 150 98 213 245 417 25 27 32 106 115 233 135 178 256 278 282 42 82 102 219 179 121 237 335 224 341 123 181 238 246 5 43 45 65 169 88 48 138 259 289 202 141 263 316 146 207 266 372 346 7 53 17 15 16 70 77 186 212 152 273 41 56 59 66 164 173 188 239 309 336 340 78 129 157 279 240 180 297 388 284 182 242 298 20 49 86 116 230 142 91 200 318 262 204 322 371 208 267 325 23 99 38 39 40 124 128 272 214 83 103 107 117 225 249 299 365 389 130 189 220 337 300 241 354 243 302 50 92 139 174 205 147 260 321 264 377 268 326 54 153 79 80 81 183 131 158 165 310 356 413 190 250 280 357 301 93 148 201 265 209 376 323 100 132 133 191 221 366 406 251 311 149 210 192 252 
401 294 307 403 402 436 363 441 348 351 236 352 362 248 364 442 29 438 395 460 464 405 412 62 343 399 295 400 286 194 296 396 10 386 411 304 308 13 465 73 63 439 453 435 433 437 461 443 476 463 111 409 444 71 112 420 440 320 353 28 339 344 216 255 1 26 30 333 426 430 35 275 360 254 361 334 2 36 473 108 113 114 452 466 391 462 57 470 477 408 467 155 104 162 385 446 448 410 67 75 170 374 454 60 329 375 24 61 314 392 8 271 276 315 9 11 58 64 382 387 427 458 429 72 74 12 6 14 76 472 143 159 166 171 172 456 415 434 101 105 468 479 160 368 447 469 118 217 161 223 94 33 119 126 231 328 421 84 109 369 379 384 330 18 31 110 370 417 25 27 0 4 3 32 106 115 428 21 455 459 89 51 97 125 34 22 37 127 475 136 198 167 227 232 233 424 450 451 416 55 156 163 478 471 195 218 68 120 176 277 222 283 122 69 177 185 291 383 425 44 137 168 43 5 45 65 169 17 41 56 59 7 15 16 66 164 173 47 52 474 95 144 96 151 184 70 53 77 186 196 197 258 228 287 292 293 457 82 42 102 219 224 178 135 256 278 121 179 237 335 282 341 181 123 238 246 349 19 46 85 199 229 49 20 86 116 230 38 83 103 107 23 39 40 117 225 234 90 98 140 145 206 150 213 245 124 99 128 247 87 203 257 317 288 345 350 129 78 157 279 284 239 188 309 336 180 240 297 388 340 394 242 182 298 306 48 88 138 259 289 92 50 139 174 290 79 131 158 165 54 80 81 175 285 146 152 202 207 266 212 273 305 183 153 187 141 263 316 372 346 397 189 130 220 337 342 299 249 365 389 241 300 354 431 393 302 243 355 91 142 200 318 347 148 93 201 235 132 191 221 226 100 133 134 208 214 262 267 325 272 332 244 215 204 322 371 419 398 250 190 280 390 356 310 413 432 301 357 404 359 303 147 205 260 373 210 149 261 192 252 281 154 193 268 274 321 326 380 331 264 377 418 311 251 338 406 366 449 358 407 209 265 319 270 211 253 313 327 376 381 323 423 367 312 445 414 269 324 422 378 
396 403 296 10 400 437 344 26 442 352 364 29 353 255 1 28 30 440 464 462 57 392 8 58 441 465 411 73 412 308 13 62 63 375 24 315 9 11 60 61 64 466 454 463 476 111 477 434 101 104 105 417 25 27 106 473 108 430 35 113 444 71 334 2 36 112 114 330 421 18 31 276 370 361 4 0 3 32 84 109 110 115 472 159 467 155 162 479 160 416 55 156 161 163 384 451 41 17 56 59 164 458 143 166 429 72 74 171 410 67 75 387 6 12 14 76 170 172 383 5 425 44 43 45 65 15 7 16 66 136 137 167 168 169 173 475 469 118 217 223 471 195 218 447 42 82 102 219 222 224 83 38 103 107 225 428 89 198 227 448 459 51 21 97 125 232 33 94 119 126 22 34 37 127 231 233 19 20 457 46 85 49 86 116 39 23 40 117 196 197 199 228 229 230 234 474 478 120 68 176 277 283 135 178 256 278 78 129 157 279 282 284 131 79 158 165 285 47 95 144 258 287 96 52 151 184 292 69 122 177 185 53 70 77 186 291 293 48 50 87 88 138 92 139 174 80 54 81 175 203 257 259 288 289 290 294 140 179 121 237 335 341 188 239 309 336 130 189 220 337 340 342 191 132 221 226 343 90 145 206 317 345 150 98 213 245 350 123 181 238 246 99 124 128 247 349 351 91 93 141 142 200 148 201 235 133 100 134 236 202 263 316 318 346 347 348 240 180 297 388 394 249 299 365 389 190 250 280 390 393 395 252 192 281 286 146 207 266 372 397 212 152 273 305 402 182 242 298 306 153 183 187 307 401 147 149 204 205 260 210 261 295 193 154 194 262 322 371 373 398 399 300 241 354 431 436 310 356 413 432 251 311 338 433 435 313 253 339 208 267 325 419 438 272 214 332 362 243 302 355 363 215 244 248 209 211 264 265 319 270 320 254 216 321 377 418 420 439 357 301 404 460 366 406 449 461 312 367 391 369 314 268 326 380 453 331 274 386 303 359 405 275 304 269 271 323 324 374 329 376 423 452 407 358 443 414 445 470 368 415 327 381 426 385 333 360 409 328 378 379 422 456 446 408 450 468 382 427 424 455 
344 375 400 24 296 392 396 8 330 353 421 18 352 440 28 1 31 255 417 434 25 437 26 27 384 276 383 5 425 454 44 43 45 403 10 466 60 61 9 11 65 315 308 370 451 41 416 462 55 17 56 464 57 58 59 334 0 428 19 20 457 46 473 84 85 49 86 442 364 29 30 465 463 472 159 108 109 110 2 3 32 116 361 4 471 82 83 447 42 477 101 102 38 103 441 476 111 104 105 106 107 387 6 7 459 47 48 50 475 87 88 458 143 136 137 138 92 139 411 73 412 13 62 63 64 167 166 168 169 12 14 15 16 66 174 410 478 135 129 131 467 68 78 479 160 155 156 157 79 158 162 161 163 164 165 430 21 22 23 474 429 95 89 90 91 93 196 140 141 142 198 197 199 200 148 201 35 113 444 71 36 112 114 115 228 227 229 230 33 34 37 39 40 117 235 448 469 178 195 188 189 191 118 120 121 130 218 217 219 220 132 221 223 222 224 225 226 72 51 52 53 54 145 144 146 147 149 203 202 204 205 258 257 259 260 210 261 74 171 67 75 76 170 172 173 288 287 289 290 69 70 77 80 81 175 295 94 239 256 249 250 252 176 179 180 190 278 277 279 280 192 281 283 282 284 285 286 97 96 98 99 100 207 206 208 209 211 263 262 264 265 317 316 318 319 270 320 125 232 119 126 127 231 233 234 346 345 347 348 122 123 124 128 133 134 236 299 309 310 311 313 237 240 241 251 336 335 337 338 253 339 341 340 342 343 151 150 152 153 154 267 266 268 269 271 322 321 323 324 372 371 373 374 329 184 292 177 185 186 291 293 294 398 397 399 181 182 183 187 193 194 356 365 366 367 369 297 300 301 312 389 388 390 391 314 394 393 395 213 212 214 215 216 326 325 327 328 377 376 378 379 419 418 420 245 350 238 246 247 349 351 439 438 242 243 244 248 254 406 413 414 415 354 357 358 368 432 431 433 436 435 273 272 274 275 381 380 382 423 422 424 453 452 305 402 298 306 307 401 302 303 304 445 449 450 404 407 408 461 460 332 331 333 427 426 456 455 362 355 363 359 360 468 470 443 446 386 385 405 409 
301 388 298 404 357 251 243 358 389 354 341 431 302 246 355 407 443 406 280 192 312 183 303 408 337 413 340 432 284 291 394 390 460 272 359 186 306 405 445 446 467 366 376 311 221 338 252 133 253 367 368 153 244 360 447 377 449 346 393 461 225 342 292 349 436 433 476 273 326 331 409 245 128 233 247 305 363 444 422 468 469 118 323 414 165 281 391 210 313 81 193 314 415 416 214 100 215 187 304 410 68 371 423 470 289 398 435 477 173 285 395 345 350 293 401 464 462 155 325 332 268 381 274 385 448 307 362 412 67 378 455 450 478 120 176 265 174 226 339 434 149 270 369 117 134 154 254 370 451 42 275 248 361 33 121 372 418 456 479 230 318 347 397 439 463 160 234 290 343 437 402 351 441 111 101 217 380 386 209 327 427 333 429 94 364 411 71 119 324 424 474 471 178 179 237 260 201 235 175 286 392 55 211 261 329 417 194 216 315 17 82 78 334 308 12 69 180 419 373 452 475 195 399 438 466 104 218 294 348 396 57 442 403 62 162 156 277 426 430 269 382 459 387 51 122 13 35 75 177 379 457 140 135 239 240 297 319 295 236 344 25 102 271 320 384 41 255 276 4 38 129 130 6 2 34 123 241 453 420 472 196 256 440 465 159 161 278 352 400 26 105 73 29 112 223 219 335 458 72 328 428 95 21 96 181 36 74 126 238 374 425 87 202 188 299 300 353 296 8 56 157 330 375 43 83 9 0 15 79 189 190 22 14 70 182 473 454 136 203 309 60 108 167 222 336 10 28 58 163 113 63 170 283 279 89 97 383 47 145 52 150 242 76 125 185 421 46 141 262 249 356 24 1 27 103 220 5 18 49 131 3 7 39 132 250 53 37 124 143 84 197 263 365 109 166 228 282 30 61 106 224 171 114 231 144 151 19 90 207 98 212 127 184 44 88 204 321 310 31 11 59 158 20 45 92 191 16 23 80 99 77 198 137 257 322 168 227 288 64 110 164 232 172 206 213 48 146 267 152 85 142 264 65 32 107 50 86 148 40 54 258 199 316 229 287 115 169 266 91 208 138 205 116 66 93 139 317 259 147 200 
303 306 404 405 359 244 358 360 305 355 349 363 407 431 443 409 444 331 187 193 304 312 408 410 247 332 350 362 293 394 401 307 412 445 446 390 460 467 385 448 67 274 381 215 134 248 154 253 254 275 361 367 368 447 33 380 386 397 402 411 234 351 393 436 441 364 71 449 422 468 469 432 338 342 433 461 476 118 427 429 94 119 327 333 175 194 308 211 216 281 314 315 334 12 414 313 415 391 416 68 69 419 426 430 347 438 442 35 285 294 403 398 435 395 464 62 13 75 423 470 378 455 450 478 120 462 477 155 176 382 459 387 51 122 177 269 235 236 255 2 270 271 276 226 339 369 370 4 6 34 451 434 42 121 123 418 453 458 72 290 373 399 439 465 73 74 343 348 352 29 463 437 111 112 36 126 456 479 324 424 474 471 178 179 101 160 217 237 328 428 95 21 96 181 238 319 261 295 286 296 9 14 329 320 330 0 392 417 17 15 22 70 82 55 78 180 182 452 420 473 89 97 440 466 108 113 125 396 400 10 63 104 57 162 170 76 185 475 195 379 457 140 135 239 240 156 218 277 297 383 47 145 52 150 242 298 374 353 344 1 3 37 384 375 5 7 25 41 38 39 53 124 129 102 130 241 243 472 454 143 144 151 60 159 166 171 184 26 28 30 114 161 105 223 231 127 246 196 256 425 87 202 188 299 300 219 278 335 354 421 19 90 207 98 212 302 24 8 11 16 77 43 18 20 23 56 83 79 80 99 183 189 157 190 301 136 84 198 206 213 109 167 227 232 245 58 61 64 172 222 163 283 291 186 203 309 46 141 262 249 356 357 279 336 388 44 48 146 267 152 272 31 27 32 40 128 49 45 50 54 103 131 132 133 153 250 220 251 197 137 258 266 273 168 228 287 292 106 110 115 233 282 224 341 263 365 88 204 321 310 406 337 389 85 91 208 326 214 65 59 66 81 92 86 93 100 158 191 192 311 280 257 199 317 325 229 288 345 164 169 173 340 284 322 413 142 264 376 366 138 147 268 116 107 117 148 139 149 221 252 316 259 372 289 346 225 230 377 205 323 200 209 174 165 210 201 371 318 265 260 
365 300 321 406 310 336 322 413 241 356 242 357 264 267 376 366 445 250 335 282 389 316 377 449 297 190 182 301 238 212 302 354 407 205 323 266 326 422 311 414 468 220 191 279 283 388 224 288 340 337 432 259 371 423 470 132 251 124 243 358 185 298 152 272 359 404 446 147 148 265 378 208 317 213 325 268 381 455 252 367 450 478 158 280 231 341 431 164 284 287 346 393 390 461 200 229 318 372 418 456 479 80 192 312 77 183 303 408 184 246 355 99 214 273 331 409 443 469 93 209 139 210 260 324 424 380 327 427 474 221 313 338 415 471 178 107 172 291 394 460 169 225 342 232 345 289 398 435 433 477 373 419 452 475 195 54 133 253 368 127 40 128 153 244 360 447 245 186 306 405 274 332 385 448 467 120 149 269 116 201 270 319 379 457 426 382 459 140 165 281 369 391 451 135 239 66 115 233 292 349 436 476 230 173 285 395 397 347 439 463 462 160 420 453 472 196 256 100 81 193 314 416 187 215 304 410 68 305 247 363 444 333 386 429 94 118 179 211 328 174 261 329 374 425 87 458 428 95 202 226 339 417 434 82 188 299 117 293 350 401 464 155 290 234 343 437 438 399 466 104 101 218 454 473 136 203 309 154 134 254 370 42 248 275 361 33 121 362 307 412 67 387 430 51 122 176 240 271 383 235 320 384 421 46 141 89 47 145 262 175 286 392 41 55 129 249 351 402 441 111 217 348 294 396 57 465 440 159 161 156 278 84 143 197 263 216 194 315 17 78 308 334 12 69 180 411 364 71 119 21 72 96 181 237 330 19 295 375 43 44 88 204 144 90 207 236 344 25 83 102 189 403 442 62 162 277 400 352 26 105 108 60 167 222 219 137 198 257 276 255 4 38 130 2 6 34 123 35 13 75 177 52 97 150 5 48 353 18 49 85 142 206 146 296 8 56 131 157 29 73 112 223 28 10 58 163 166 109 228 199 258 0 9 15 79 14 22 70 74 36 126 98 151 20 91 24 45 92 138 1 27 103 63 113 170 61 30 106 227 168 7 3 39 37 53 125 76 50 31 86 11 59 114 171 110 64 23 16 65 32 
354 406 302 407 301 388 298 404 366 357 376 445 243 272 359 358 446 251 389 341 431 246 355 443 413 311 323 414 377 326 422 449 468 183 303 273 331 409 312 408 469 280 192 337 340 432 284 291 394 390 460 186 306 405 467 252 367 265 378 450 371 423 268 381 455 470 478 153 133 244 360 214 245 325 332 274 385 448 253 368 447 120 221 338 346 393 461 225 342 292 349 436 433 476 128 233 247 305 363 444 118 210 313 415 260 324 424 471 372 418 456 209 327 380 427 474 479 178 100 215 81 193 187 304 410 386 333 429 94 281 314 391 416 68 179 165 289 398 435 477 173 285 395 345 350 293 401 464 462 155 307 362 412 67 176 149 270 369 451 318 201 319 269 379 457 135 419 373 452 475 382 426 459 140 195 239 154 275 117 134 254 248 361 33 430 387 51 122 226 339 370 434 42 121 240 174 230 347 397 439 463 160 234 290 343 437 402 351 441 111 101 217 364 411 71 119 237 211 261 329 417 82 374 328 425 87 188 453 420 472 196 428 458 95 202 256 299 216 334 175 194 315 308 12 69 72 21 96 181 286 392 17 55 78 180 300 235 399 438 466 104 218 294 348 396 57 442 403 62 162 156 277 13 35 75 177 297 271 320 384 41 129 421 383 46 141 249 473 454 136 203 47 89 145 262 309 356 276 6 236 255 4 2 34 123 97 52 150 242 295 344 25 38 102 130 241 440 465 159 161 278 352 400 26 105 73 29 112 223 219 335 36 74 126 238 330 375 43 83 189 44 19 88 204 310 143 84 197 263 90 144 207 321 365 0 22 296 9 15 14 70 182 151 98 212 353 8 56 79 157 190 60 108 167 222 336 10 28 58 163 113 63 170 283 279 76 125 185 5 18 49 131 250 85 48 142 264 198 137 257 322 146 206 267 7 53 1 3 39 37 124 213 152 24 27 103 132 220 109 166 228 282 30 61 106 224 171 114 231 127 184 20 45 92 191 138 91 205 258 199 316 208 266 23 99 11 16 80 77 31 59 158 168 227 288 64 110 164 232 172 50 86 148 200 147 317 259 54 32 40 65 107 229 287 115 169 93 139 66 116 
404 312 303 408 407 431 355 443 367 358 253 368 359 244 360 446 447 445 390 394 460 306 405 467 338 414 313 415 281 193 314 391 416 331 409 187 304 410 468 469 68 449 422 432 342 433 393 349 436 461 476 305 363 444 118 378 450 270 369 451 226 339 154 254 370 434 42 274 381 385 448 215 247 134 248 275 361 33 455 478 120 121 423 470 285 395 462 398 435 293 401 464 477 155 332 350 362 307 412 67 176 324 424 471 261 329 417 82 175 286 392 211 216 194 315 17 55 78 327 333 380 427 386 429 94 308 334 12 69 456 474 479 178 179 180 418 290 343 437 101 397 439 463 234 351 402 441 111 160 217 411 364 71 119 237 269 379 457 135 235 319 320 271 384 41 129 236 295 344 25 276 255 4 38 102 130 382 387 419 426 459 430 51 122 2 6 34 123 452 475 140 195 239 240 241 373 347 348 294 396 57 156 438 399 466 104 403 442 62 162 218 277 35 13 75 177 297 328 374 425 87 188 375 330 43 83 189 296 353 8 56 0 9 15 79 157 190 428 21 453 458 95 72 96 181 14 22 70 182 472 196 202 256 299 300 301 420 400 352 26 105 219 465 440 159 161 29 73 112 223 278 335 74 36 126 238 354 383 421 46 141 249 18 5 49 131 250 1 24 27 103 7 3 39 132 220 251 47 52 473 89 145 97 150 242 37 53 124 243 454 136 203 262 309 356 357 28 10 58 163 279 108 60 167 222 63 113 170 283 336 388 125 76 185 298 19 44 88 204 310 45 20 92 191 311 11 31 59 158 23 16 80 192 280 90 98 143 144 207 151 212 302 77 99 183 84 197 263 321 365 406 61 30 106 224 337 166 109 228 282 114 171 231 341 389 184 127 246 48 85 142 264 366 86 50 148 252 32 65 107 221 54 40 133 146 152 198 206 267 213 272 128 153 137 257 322 376 413 110 64 164 284 227 168 288 340 172 232 291 245 186 91 138 205 323 139 93 210 66 116 165 100 81 208 214 258 266 326 273 199 316 377 169 115 225 287 229 346 233 292 147 200 265 201 149 117 174 268 317 325 259 371 230 173 345 289 209 260 372 318 
355 331 407 409 303 306 404 405 274 359 381 385 358 445 446 360 448 244 305 349 363 431 443 444 332 215 327 333 380 422 427 386 429 312 408 449 468 469 304 410 94 187 193 247 350 362 293 394 401 307 412 390 460 467 67 154 275 269 382 387 419 426 378 455 459 430 51 367 253 368 447 414 432 423 470 450 478 120 254 361 33 122 134 248 397 402 411 234 351 393 436 441 364 71 338 342 433 461 476 118 119 211 216 334 319 328 428 21 418 453 458 324 424 456 474 95 72 96 313 415 281 314 391 416 68 479 471 178 179 194 315 308 12 69 181 175 347 438 442 35 285 294 403 398 435 395 464 62 13 75 462 477 155 176 177 270 271 276 6 373 261 374 379 383 47 52 452 420 473 89 457 475 140 145 97 150 369 451 226 339 370 434 42 121 195 135 239 240 236 255 4 2 34 123 242 235 290 399 439 465 73 74 343 348 352 29 463 437 111 112 36 126 101 160 217 237 238 329 320 330 0 22 421 425 19 90 98 472 454 143 144 87 196 202 207 151 212 417 82 286 392 17 55 78 180 256 188 299 300 296 9 15 14 70 182 302 295 440 466 108 113 125 396 400 10 63 104 57 162 170 76 185 156 218 277 297 298 384 375 5 7 53 44 46 48 146 152 136 84 198 206 141 203 262 267 213 272 41 129 344 25 38 102 130 241 309 249 356 357 353 1 3 39 37 124 243 60 159 166 171 184 26 28 30 114 161 105 223 231 127 246 219 278 335 354 43 18 20 23 99 85 88 91 208 214 197 137 258 266 204 263 321 326 273 83 189 8 56 79 157 190 301 365 310 406 24 11 16 80 77 183 109 167 227 232 245 58 61 64 172 222 163 283 291 186 279 336 388 49 45 50 54 153 138 142 147 268 257 199 317 325 264 322 376 131 250 27 103 132 220 251 413 366 31 32 40 133 128 168 228 287 292 106 110 115 233 282 224 341 337 389 92 86 93 100 200 205 209 316 259 372 323 377 191 311 59 158 192 280 65 66 81 229 288 345 164 169 173 340 284 148 139 149 260 265 371 318 252 107 221 116 117 289 346 225 230 210 201 165 174 
405 304 408 410 409 363 443 444 275 360 254 361 446 368 447 448 33 385 307 401 412 460 467 67 248 333 216 334 194 314 315 308 12 468 469 391 416 68 429 94 69 386 427 362 351 364 402 436 441 411 71 461 476 118 119 382 387 271 276 6 236 255 369 370 4 2 34 450 455 478 120 415 433 339 434 451 42 121 459 51 122 123 426 430 294 403 13 438 442 395 464 62 35 75 470 435 477 462 155 176 177 328 428 21 320 330 0 22 286 296 9 329 417 392 17 15 14 70 424 471 456 474 479 178 179 55 82 78 180 458 95 72 96 181 182 453 348 352 29 36 439 465 73 343 437 463 111 112 74 126 160 101 217 237 238 379 383 47 52 295 374 375 384 5 7 53 344 353 1 3 41 25 38 39 37 124 457 135 452 475 140 195 239 240 102 129 130 241 473 89 145 97 150 242 243 420 399 400 396 10 63 76 466 440 108 113 57 104 162 170 125 185 218 156 277 297 298 425 421 19 90 98 18 43 20 23 99 8 24 11 16 83 56 79 80 77 183 87 188 472 196 202 256 299 300 157 189 190 301 143 144 207 151 212 302 303 454 28 26 30 114 127 159 60 166 171 105 161 223 231 184 246 278 219 335 354 355 46 44 48 146 152 45 49 50 54 153 27 31 32 40 131 103 132 133 128 244 141 249 136 203 262 309 356 357 220 250 251 358 84 198 206 267 213 272 359 61 58 64 172 186 167 109 227 232 163 222 283 291 245 306 336 279 388 404 88 85 91 208 214 86 92 93 100 215 59 65 66 81 191 158 192 193 187 204 310 197 263 321 365 406 407 280 311 312 137 258 266 326 273 331 110 106 115 233 247 228 168 287 292 224 282 341 349 305 389 337 431 142 138 147 268 274 139 148 149 154 107 116 117 134 252 221 253 264 366 257 322 376 413 445 338 367 199 317 325 381 332 169 164 173 293 288 229 345 350 284 340 394 432 390 205 200 209 327 201 210 211 165 174 175 313 281 323 414 316 377 422 449 259 372 380 230 225 234 346 289 397 342 393 265 260 269 261 270 226 235 378 371 423 318 419 290 285 398 347 324 319 418 373 
308 410 315 12 334 364 255 2 448 361 447 33 276 370 4 6 34 387 412 403 13 296 9 14 444 429 469 94 467 416 68 67 69 330 0 392 17 15 21 22 70 430 428 411 441 71 442 352 29 35 36 353 1 3 37 459 51 478 120 122 476 118 451 42 121 119 123 384 383 5 7 417 344 434 25 41 38 39 47 52 53 124 458 72 464 62 75 465 73 396 10 63 74 76 375 400 24 8 11 16 77 474 95 96 479 178 179 181 462 155 176 471 82 55 78 180 177 182 425 43 421 19 18 20 23 56 83 79 80 89 90 97 98 99 183 473 463 111 112 126 440 108 113 437 26 28 30 114 125 127 31 27 32 40 128 457 140 145 150 477 475 195 135 239 240 242 101 160 217 237 129 102 130 241 238 243 46 49 454 44 48 45 50 54 103 131 132 133 143 144 146 151 152 153 244 472 466 104 57 162 170 185 60 159 166 171 58 61 64 172 184 186 65 59 66 81 187 87 196 202 207 212 256 188 299 300 302 156 218 277 297 189 157 190 301 298 303 88 92 84 85 91 86 93 100 158 191 192 193 198 206 208 213 214 215 304 136 161 105 223 231 246 109 167 227 232 106 110 115 233 245 247 116 107 117 134 248 141 203 262 267 272 309 249 356 357 359 219 278 335 354 250 220 251 358 355 360 142 148 137 138 147 139 149 154 221 252 253 254 197 258 266 268 273 274 275 222 163 283 291 306 168 228 287 292 164 169 173 293 305 307 174 165 175 194 204 263 321 326 331 365 310 406 407 409 279 336 388 404 311 280 312 408 405 205 210 199 200 209 201 211 216 281 313 314 257 317 325 327 332 333 282 224 341 349 363 229 288 345 350 225 230 234 351 362 235 226 236 264 322 376 381 385 413 366 445 446 337 389 431 443 367 338 368 265 270 259 260 269 261 271 339 369 316 372 380 382 386 340 284 394 401 289 346 397 402 285 290 294 295 286 323 377 422 427 449 414 468 390 432 460 415 391 324 329 318 319 328 320 371 419 426 393 342 436 347 398 438 343 348 378 423 455 470 450 433 461 379 373 374 418 453 435 395 399 439 424 456 420 452 
363 386 402 411 307 405 401 412 333 362 426 430 351 438 442 364 35 248 409 443 444 436 441 71 385 275 382 387 427 453 458 429 72 294 403 439 465 73 308 13 74 304 194 360 446 448 408 460 467 410 67 395 464 62 75 216 334 328 428 21 455 459 420 473 89 51 97 348 236 352 29 399 435 452 466 440 108 113 255 2 36 125 254 361 468 469 94 368 447 461 476 118 33 119 343 433 437 463 111 112 126 271 276 6 379 383 47 52 456 474 95 374 454 472 143 144 96 151 295 400 286 296 396 10 63 159 60 166 171 315 9 12 14 76 184 314 450 478 120 122 391 416 68 470 477 462 155 176 69 177 57 104 162 170 185 320 330 0 22 424 329 425 421 19 90 98 475 457 140 145 84 136 198 206 150 213 353 28 339 344 1 26 30 114 167 109 227 232 370 4 3 34 37 127 245 369 415 471 479 178 179 181 434 451 42 121 160 101 217 237 123 238 105 161 223 231 246 375 384 5 7 53 46 44 48 146 152 196 87 202 207 137 197 258 266 212 273 24 61 392 8 11 58 64 172 228 168 287 292 17 15 16 70 77 186 305 417 135 195 239 240 242 55 82 78 180 218 156 277 297 182 298 163 222 283 291 306 18 43 20 23 99 88 85 91 208 214 203 141 262 267 199 257 317 325 272 332 31 110 25 27 32 106 115 233 288 229 345 350 41 38 39 40 124 128 247 188 256 299 300 302 102 129 130 241 278 219 335 354 243 355 224 282 341 349 45 49 50 54 153 142 138 147 268 274 263 204 321 326 259 316 372 380 331 65 169 56 59 66 164 173 293 346 289 397 83 79 80 81 183 187 249 309 356 357 359 157 189 190 301 336 279 388 404 303 284 340 394 86 92 93 100 215 205 200 209 327 322 264 376 381 318 371 419 116 230 103 107 117 225 234 398 347 131 132 133 134 244 310 365 406 407 220 250 251 358 389 337 431 342 393 139 148 149 154 265 260 269 377 323 422 373 418 174 290 158 165 175 285 191 192 193 366 413 445 280 311 312 432 390 201 210 211 324 319 423 378 235 221 226 252 253 414 449 338 367 261 270 281 313 
307 405 401 412 362 248 351 364 409 363 443 444 402 436 441 411 71 386 304 194 308 294 403 13 360 385 446 448 408 460 467 410 67 438 442 395 464 62 430 35 75 333 426 275 254 361 216 236 255 334 2 348 352 29 36 427 429 468 469 94 368 447 461 476 118 33 119 439 453 465 73 435 343 433 437 463 111 112 458 72 74 126 382 387 314 315 12 271 276 286 296 9 6 14 399 295 400 396 10 63 76 455 459 51 450 478 120 122 391 416 68 470 477 462 155 176 69 177 452 466 420 473 440 108 113 57 104 162 170 428 89 21 97 125 185 328 369 370 4 34 320 330 0 339 344 353 1 3 22 37 28 26 30 114 127 456 474 95 96 415 424 471 479 178 179 181 434 451 42 121 160 101 217 237 123 238 472 159 374 454 143 60 166 171 105 161 223 231 383 47 144 52 151 184 246 379 329 417 392 17 15 70 375 384 5 7 8 24 11 16 53 77 61 58 64 172 186 475 457 140 145 150 135 195 239 240 242 55 82 78 180 218 156 277 297 182 298 136 167 421 84 198 109 227 232 163 222 283 291 19 90 206 98 213 245 306 425 41 25 38 39 124 18 43 20 23 27 31 32 40 99 128 110 106 115 233 247 196 87 202 207 212 188 256 299 300 302 102 129 130 241 278 219 335 354 243 355 197 228 44 137 258 168 287 292 224 282 341 349 46 48 146 266 152 273 305 83 56 79 80 183 45 49 50 54 59 65 66 81 153 187 169 164 173 293 203 141 262 267 272 249 309 356 357 359 157 189 190 301 336 279 388 404 303 257 288 85 199 317 229 345 350 284 340 394 88 91 208 325 214 332 131 103 132 133 244 86 92 93 100 107 116 117 134 215 230 225 234 263 204 321 326 331 310 365 406 407 220 250 251 358 389 337 431 316 346 138 259 372 289 397 342 393 142 147 268 380 274 191 158 192 193 139 148 149 154 165 174 175 290 285 322 264 376 381 366 413 445 280 311 312 432 390 371 398 200 318 419 347 205 209 327 252 221 253 201 210 211 226 235 377 323 422 414 449 338 367 418 260 373 265 269 313 281 261 270 423 378 319 324 
412 308 403 13 411 444 441 71 334 364 255 2 442 352 29 35 36 430 410 467 67 464 62 75 361 387 276 6 315 296 9 12 14 465 73 396 10 63 72 74 76 429 458 448 447 33 469 476 118 94 119 463 111 112 126 428 21 330 0 22 370 4 353 1 3 34 37 440 473 108 113 400 437 344 26 28 30 114 89 97 125 127 459 51 416 68 69 478 120 462 155 176 122 177 466 477 104 57 162 170 185 383 47 52 384 5 7 53 392 17 15 375 24 8 11 16 70 77 454 60 472 143 159 166 171 58 61 64 172 95 144 96 151 184 186 474 451 42 121 123 479 178 179 434 101 160 217 237 181 238 161 105 223 231 246 421 19 90 98 417 425 43 18 20 23 99 25 41 38 39 31 27 32 40 124 128 84 109 475 136 198 167 227 232 106 110 115 233 140 145 206 150 213 245 247 457 471 82 55 78 180 182 195 135 239 240 156 218 277 297 242 298 222 163 283 291 306 44 46 48 146 152 49 45 50 54 153 56 83 79 80 65 59 66 81 183 187 137 168 196 197 258 228 287 292 164 169 173 293 202 207 266 212 273 305 307 87 129 102 130 241 243 256 188 299 300 219 278 335 354 302 355 282 224 341 349 363 85 88 91 208 214 92 86 93 100 215 103 131 132 133 116 107 117 134 244 248 199 229 203 257 317 288 345 350 225 230 234 351 141 262 267 325 272 332 362 189 157 190 301 303 309 249 356 357 279 336 388 404 359 405 340 284 394 401 138 142 147 268 274 148 139 149 154 275 158 191 192 193 174 165 175 194 304 259 289 263 316 372 346 397 402 285 290 294 204 321 326 380 331 386 250 220 251 358 360 365 310 406 407 337 389 431 443 409 393 342 436 200 205 209 327 333 210 201 211 216 221 252 253 254 235 226 236 318 347 322 371 419 398 438 343 348 264 376 381 426 385 311 280 312 408 413 366 445 446 390 432 460 435 395 260 265 269 382 270 261 271 281 313 314 295 286 373 399 377 418 453 439 323 422 427 367 338 368 449 414 468 433 461 319 324 328 329 320 339 369 420 423 452 378 455 415 391 470 450 374 379 456 424 
310 336 322 413 356 250 264 366 335 365 282 389 321 316 377 406 449 300 220 191 311 205 323 414 279 297 283 388 224 288 340 337 432 267 376 259 371 423 357 445 470 241 242 190 158 280 132 148 252 251 367 147 265 378 450 238 354 231 341 431 164 284 287 346 393 390 461 266 212 326 422 317 200 229 318 372 418 456 302 407 468 479 182 301 107 221 338 80 192 139 210 313 312 415 208 93 209 260 324 424 471 185 298 404 172 291 394 460 169 225 342 232 345 289 398 435 433 477 213 325 152 272 268 381 455 373 419 452 475 243 359 358 446 478 195 124 66 165 281 391 54 133 253 116 201 149 270 369 368 451 269 319 379 457 135 184 246 355 443 115 127 233 292 349 436 476 230 173 285 395 397 347 439 463 462 160 273 380 99 214 331 327 427 474 420 453 472 196 183 303 409 408 469 178 256 77 40 117 174 226 339 434 100 81 193 314 261 211 329 417 416 82 328 374 425 87 188 245 186 306 405 467 293 350 401 464 155 290 234 343 437 438 399 466 104 101 218 332 426 153 274 385 382 459 140 454 473 136 203 244 360 448 447 120 239 309 128 175 235 286 392 55 154 134 254 370 320 271 384 41 42 129 383 421 46 141 249 305 247 363 444 118 351 402 441 111 217 348 294 396 57 465 440 159 161 156 278 386 458 215 333 429 428 95 202 84 143 197 263 187 304 410 94 68 179 299 236 295 344 25 102 216 194 315 17 375 330 43 83 78 189 19 44 88 204 362 307 412 67 176 403 442 62 162 277 400 352 26 105 108 60 167 222 219 430 89 275 387 51 47 145 262 137 198 257 248 361 33 122 121 240 296 353 8 56 157 276 255 4 38 18 5 49 131 130 48 85 142 411 364 71 119 237 29 73 112 223 28 10 58 163 166 109 228 72 144 334 21 96 90 207 199 258 308 12 69 181 180 1 24 27 103 0 9 15 79 45 20 92 91 138 35 13 75 177 63 113 170 61 30 106 227 168 97 206 6 52 150 146 2 34 123 11 31 59 7 3 39 86 50 74 36 126 114 171 110 64 151 22 98 14 70 32 65 23 16 125 76 53 37 
413 311 323 414 406 389 377 449 251 366 252 367 376 265 378 445 450 357 337 340 432 371 423 470 280 301 192 312 221 210 313 338 415 326 422 260 324 424 407 468 471 354 302 388 284 390 341 346 393 431 461 372 418 456 479 243 358 133 253 368 165 281 149 270 369 391 451 268 272 381 455 209 318 201 319 269 379 457 359 446 478 135 298 404 225 342 433 291 394 289 398 435 460 477 325 345 419 373 452 475 195 183 303 408 81 193 314 416 174 226 339 100 211 261 329 417 434 82 214 327 273 331 380 427 474 374 328 425 87 355 409 443 469 178 188 246 173 285 395 462 292 349 436 230 347 397 439 463 476 160 453 420 472 196 256 153 244 360 447 117 128 134 154 254 370 42 235 175 286 392 271 320 384 41 55 129 274 382 245 332 385 426 459 140 421 383 46 141 306 405 448 467 120 239 249 186 233 234 290 343 437 101 350 293 401 464 399 438 466 104 155 218 473 454 136 203 309 215 187 304 410 68 194 216 315 17 78 295 236 344 25 330 375 43 83 102 189 333 428 305 386 429 458 95 202 44 19 88 204 363 444 94 118 179 299 310 247 294 348 396 57 156 402 351 441 111 440 465 159 161 217 278 143 84 197 263 365 275 248 361 33 121 255 276 4 38 130 353 296 8 56 5 18 49 131 157 250 387 47 362 430 51 89 145 262 85 48 142 264 307 412 67 122 176 240 356 352 400 26 105 219 442 403 62 162 60 108 167 222 277 336 198 137 257 322 334 308 12 69 180 9 0 15 79 190 24 1 27 103 20 45 92 191 220 21 90 411 72 96 144 207 321 138 91 205 364 71 119 181 237 300 10 28 58 163 279 73 29 112 223 109 166 228 282 335 258 199 316 6 2 34 123 241 3 7 39 132 31 11 59 158 50 86 148 52 146 35 97 150 206 267 200 147 13 75 177 242 297 30 61 106 224 113 63 170 283 168 227 288 317 259 22 14 70 182 16 23 80 65 32 107 93 139 98 208 74 151 212 266 36 126 238 64 110 164 171 114 231 229 287 53 37 124 40 54 116 66 152 125 213 76 185 115 169 232 172 99 77 184 127 
338 414 313 415 312 390 281 391 445 367 378 450 253 270 369 368 451 358 432 342 433 226 339 434 449 407 422 468 423 324 424 470 471 193 314 261 329 417 408 416 82 404 303 431 393 461 394 285 395 460 462 175 286 392 55 359 446 381 455 478 418 456 269 379 457 479 135 154 244 254 370 211 235 319 320 271 384 41 360 447 42 129 355 443 398 435 477 349 436 290 343 437 476 101 134 234 236 295 344 25 102 331 409 469 380 427 474 178 373 452 475 327 328 374 425 87 195 188 215 216 187 304 194 315 17 375 330 43 83 405 410 467 68 78 189 306 397 439 463 160 293 401 464 347 348 294 396 57 155 156 296 353 8 56 157 274 385 448 120 419 332 426 382 459 140 239 420 453 472 196 383 421 46 141 256 249 275 276 247 248 361 255 4 38 18 5 49 131 363 444 33 118 121 130 250 305 350 438 399 466 104 218 351 402 441 111 400 352 26 105 217 219 1 24 27 103 220 333 386 429 94 179 458 428 95 202 299 454 473 136 203 19 44 88 204 309 310 334 0 307 308 12 9 15 79 45 20 92 191 412 67 69 176 180 190 311 362 465 440 159 161 278 403 442 62 162 28 10 58 163 277 279 11 31 59 158 280 387 430 51 122 240 89 47 145 262 356 84 143 197 263 48 85 142 264 365 366 6 7 364 2 34 3 39 132 86 50 148 252 411 71 119 123 237 241 251 108 60 167 222 336 29 73 112 223 61 30 106 224 335 337 32 65 107 221 21 72 96 181 300 144 90 207 321 406 137 198 257 322 91 138 205 323 413 22 23 13 14 70 16 80 192 139 93 210 35 75 177 182 297 301 166 109 228 282 389 63 113 170 283 110 64 164 284 388 66 116 165 52 97 150 242 357 206 146 267 376 199 258 316 377 147 200 265 53 54 36 37 124 40 133 201 149 74 126 238 243 354 227 168 288 340 114 171 231 341 169 115 225 117 174 98 151 212 302 266 208 326 259 317 371 209 260 99 100 76 77 183 81 125 185 298 287 229 346 172 232 291 230 173 152 213 272 325 268 318 372 153 127 128 184 246 345 289 233 292 214 273 186 245 
391 408 314 416 415 433 339 434 446 368 360 447 369 254 370 451 42 450 460 395 462 286 392 55 443 468 409 469 405 304 410 467 68 329 417 194 315 17 471 82 78 470 424 461 436 476 435 343 437 477 101 295 344 25 102 455 478 385 448 120 363 444 275 361 33 118 121 271 379 384 41 216 236 248 255 276 4 38 457 135 129 130 456 479 401 464 155 439 463 294 396 57 160 156 320 348 353 296 8 56 157 427 474 178 386 429 94 179 307 412 67 333 334 308 12 69 176 180 328 330 374 425 375 43 83 9 0 15 79 475 87 195 188 189 190 452 402 441 111 217 399 466 104 351 352 400 26 105 218 219 24 1 27 103 220 382 459 140 239 362 426 430 387 51 122 240 364 411 71 119 6 2 34 123 237 241 383 5 420 421 46 18 49 131 3 7 39 132 472 196 141 256 249 250 251 453 438 442 403 62 162 277 440 465 159 161 10 28 58 163 278 279 31 11 59 158 280 428 458 95 202 299 72 21 96 181 300 13 35 75 177 22 14 70 182 297 301 19 20 454 44 88 45 92 191 16 23 80 192 136 203 204 309 310 311 312 473 73 29 112 223 335 60 108 167 222 30 61 106 224 336 337 65 32 107 221 338 47 89 145 262 356 97 52 150 242 357 36 74 126 238 53 37 124 243 354 358 48 50 84 85 142 86 148 252 40 54 133 253 143 197 263 264 365 366 367 113 63 170 283 388 109 166 228 282 64 110 164 284 389 390 116 66 165 281 90 144 207 321 406 151 98 212 302 407 76 125 185 298 99 77 183 303 404 91 93 137 138 205 139 210 313 81 100 193 198 257 322 323 413 414 171 114 231 341 431 168 227 288 340 115 169 225 342 432 174 117 226 146 206 267 376 445 213 152 272 359 127 184 246 355 153 128 244 147 149 199 200 265 201 270 134 154 258 316 377 378 449 232 172 291 394 229 287 346 393 173 230 285 235 175 208 266 326 422 273 214 331 186 245 306 215 187 209 211 259 260 324 261 317 371 423 292 233 349 289 345 398 234 290 268 325 381 332 274 247 305 269 318 319 372 418 350 293 347 397 327 380 373 419 
339 329 415 417 314 286 391 392 271 369 379 384 368 450 451 370 41 254 295 343 344 433 434 25 320 216 328 330 374 424 425 375 43 408 416 470 471 82 315 17 83 194 304 236 348 353 294 395 396 296 8 460 462 55 56 275 276 382 383 5 420 421 455 457 46 18 49 446 360 447 42 468 461 456 479 478 135 129 361 4 38 131 248 255 399 400 24 351 352 435 437 26 1 27 443 436 476 477 101 102 103 333 334 0 426 428 19 20 452 454 44 427 474 475 87 88 45 92 409 469 405 410 467 68 78 195 178 188 189 308 12 9 15 79 191 307 438 440 28 31 401 403 10 439 463 464 57 58 11 59 155 160 156 157 158 385 387 6 7 453 386 458 459 47 48 50 472 473 84 85 140 196 141 142 86 148 448 120 363 444 33 118 121 130 256 239 249 250 364 2 34 3 39 132 252 362 402 465 466 60 61 65 441 442 29 30 104 111 105 106 32 107 217 218 219 220 221 429 430 21 22 23 89 95 90 91 93 136 143 137 138 202 203 204 205 139 210 94 179 412 67 69 176 180 190 309 299 310 311 13 14 70 16 80 192 313 411 108 159 109 110 116 62 73 63 64 161 162 163 164 66 165 277 278 279 280 281 51 72 52 53 54 144 145 146 147 149 197 198 199 200 262 263 264 265 201 270 122 240 71 119 123 237 241 251 365 356 366 367 35 36 37 124 40 133 253 166 167 168 169 174 112 113 114 115 222 223 224 225 117 226 335 336 337 338 96 97 98 99 100 206 207 208 209 211 257 258 259 260 321 322 323 324 261 181 300 75 177 182 297 301 312 413 406 414 74 76 77 183 81 193 227 228 229 230 235 170 171 172 173 282 283 284 285 175 388 389 390 150 151 152 153 154 266 267 268 269 316 317 318 319 376 377 378 242 357 126 238 243 354 358 449 445 125 127 128 244 134 287 288 289 290 231 232 233 234 340 341 342 431 432 212 213 214 215 325 326 327 371 372 373 422 423 302 407 185 298 303 404 184 186 187 345 346 347 291 292 293 393 394 272 273 274 380 381 418 419 359 246 355 245 247 397 398 349 350 331 332 306 305 
392 315 416 17 417 344 434 25 276 370 361 4 451 447 42 41 38 384 296 396 8 462 55 56 255 330 334 0 308 410 12 9 15 471 82 467 68 78 43 83 79 375 425 353 352 1 400 437 26 24 27 477 101 102 103 383 5 387 6 7 364 2 448 33 34 3 39 478 457 135 129 469 476 444 118 120 121 130 46 49 131 132 421 18 403 10 11 440 28 464 57 58 31 59 479 463 160 155 156 157 158 428 19 20 430 21 22 23 412 13 14 429 94 67 69 70 16 80 474 178 475 87 195 188 189 176 179 180 190 44 88 45 92 191 192 454 442 29 30 32 466 60 61 441 111 104 105 106 65 107 218 217 219 220 221 459 47 48 50 411 458 72 51 52 53 54 71 35 36 37 122 119 123 124 40 133 140 239 472 196 141 256 249 250 237 240 241 251 84 85 142 86 148 252 253 473 465 73 62 63 64 66 159 108 109 110 162 161 163 164 116 165 278 277 279 280 281 95 89 90 91 93 97 96 98 99 100 75 74 76 77 181 177 182 183 81 193 202 299 136 203 204 309 310 311 297 300 301 312 137 138 205 139 210 313 314 143 113 112 114 115 117 167 166 168 169 223 222 224 225 174 226 336 335 337 338 339 145 144 146 147 149 151 150 152 153 154 126 125 127 128 242 238 243 244 134 254 262 356 197 263 264 365 366 367 354 357 358 368 198 199 200 265 201 270 369 171 170 172 173 175 228 227 229 230 283 282 284 285 235 286 389 388 390 391 207 206 208 209 211 213 212 214 215 216 185 184 186 187 302 298 303 304 194 321 406 257 322 323 413 414 415 404 407 408 258 259 260 324 261 329 232 231 233 234 236 288 287 289 290 341 340 342 343 295 432 431 433 267 266 268 269 271 273 272 274 275 246 245 247 248 359 355 360 376 445 316 377 378 449 450 443 446 317 318 319 379 320 292 291 293 294 346 345 347 348 394 393 395 461 460 326 325 327 328 332 331 333 306 305 307 409 405 422 468 371 423 424 470 372 373 374 350 349 351 398 397 399 436 435 381 380 382 386 385 363 362 455 418 456 419 420 402 401 439 438 427 426 452 453 
372 377 346 418 318 325 345 419 323 371 413 423 289 340 398 373 452 260 326 273 380 292 397 453 376 265 366 378 406 389 449 422 456 230 347 341 393 439 319 420 472 209 201 268 272 381 214 245 332 327 426 233 350 438 473 210 324 311 414 424 357 445 337 432 470 455 475 225 174 290 399 284 291 388 394 342 435 466 261 374 454 136 149 269 302 331 427 153 274 246 305 386 382 458 173 186 293 349 402 465 143 252 270 379 251 367 450 457 354 407 468 280 390 431 461 479 474 196 165 285 117 235 234 348 440 436 395 463 159 211 320 328 421 84 197 100 243 359 385 459 128 215 333 298 306 247 362 430 428 89 351 401 442 108 198 221 313 329 425 301 192 312 338 415 471 87 404 358 446 478 433 460 477 195 140 203 226 343 81 175 295 294 400 60 464 437 104 167 154 271 375 383 44 137 257 133 183 303 355 409 429 95 187 244 275 387 363 307 411 72 47 144 403 441 73 166 258 281 253 369 384 46 368 391 451 135 141 443 408 469 178 462 476 160 256 202 263 286 396 134 236 353 352 28 109 111 57 161 228 216 330 18 19 85 199 316 193 360 405 448 51 145 248 304 334 21 412 364 35 97 90 206 29 62 113 227 317 339 314 417 43 88 416 434 82 188 204 467 447 120 239 101 155 218 309 262 322 344 26 194 296 24 10 61 168 162 105 222 288 254 276 5 45 48 138 259 410 444 94 96 207 308 361 6 52 71 13 74 151 146 266 63 112 171 287 392 370 41 49 142 42 55 129 249 264 118 68 179 299 156 217 278 365 321 8 58 255 1 31 30 110 229 223 163 282 315 0 20 86 91 200 33 67 122 150 267 2 12 22 98 75 36 125 213 208 114 170 232 25 17 83 92 205 78 102 189 310 176 121 240 356 219 277 336 27 106 9 11 65 64 169 283 224 4 7 50 139 147 69 119 181 212 14 34 53 152 126 76 184 172 231 56 38 131 148 130 157 250 237 180 300 279 335 59 164 3 32 116 115 15 23 93 123 177 242 37 70 99 185 127 103 79 191 190 220 297 241 107 16 66 39 54 182 238 77 124 158 132 40 80 
318 325 345 419 371 260 289 373 326 372 273 380 346 292 397 418 453 377 209 201 319 230 347 420 268 376 272 381 214 245 332 327 426 340 398 233 350 438 423 452 473 323 413 265 149 269 210 174 261 324 374 225 290 399 454 406 422 302 331 427 153 274 246 305 386 382 458 341 389 393 439 291 173 186 293 349 402 465 449 456 472 143 366 378 100 211 328 252 270 117 235 320 379 421 284 165 285 234 348 440 84 357 445 455 243 359 385 459 128 215 333 298 306 247 362 430 428 89 388 394 337 432 342 435 466 351 401 442 108 414 470 424 475 136 198 311 133 154 271 383 221 313 329 81 175 226 295 375 425 44 343 294 400 60 137 354 407 468 474 183 301 303 355 409 429 95 187 244 275 387 363 307 411 72 47 144 431 436 280 390 461 395 463 159 403 441 73 166 367 450 479 457 196 197 258 251 192 193 134 216 330 19 281 253 369 384 236 286 353 18 46 85 396 352 28 109 199 404 358 446 478 140 360 405 448 51 145 248 304 334 21 412 364 35 97 90 206 460 464 338 433 477 437 104 167 29 62 113 227 415 471 195 87 203 257 317 312 254 194 276 5 48 339 314 417 43 296 344 24 45 88 138 26 10 61 168 259 443 408 469 178 202 410 444 94 96 207 308 361 6 52 71 13 74 151 146 266 476 111 391 462 160 57 161 228 63 112 171 287 368 451 135 256 141 263 316 315 255 0 20 91 392 370 41 49 1 8 31 86 142 200 58 30 110 229 467 447 120 239 262 33 67 122 150 267 2 12 22 98 75 36 125 213 208 155 162 434 101 218 105 222 288 114 170 232 416 82 188 309 204 322 4 9 7 50 147 25 17 83 92 11 27 65 139 205 106 64 169 118 68 179 299 321 69 119 181 212 14 34 53 152 126 76 184 217 223 55 156 278 163 282 172 231 42 129 249 365 264 15 3 23 93 56 38 131 148 32 59 116 164 115 176 121 240 356 123 177 242 37 70 99 185 127 277 283 102 219 336 224 78 189 310 39 16 54 103 79 191 66 107 237 180 300 182 238 77 124 335 157 279 130 250 80 40 158 132 297 241 220 190 
419 319 347 420 418 380 397 453 324 373 261 374 398 290 399 452 454 423 327 332 426 350 438 473 269 378 270 379 211 235 320 328 421 393 439 234 348 440 456 472 84 422 449 381 274 382 331 305 386 427 458 349 402 465 143 414 424 313 329 425 154 271 226 295 375 383 44 342 432 435 466 285 293 175 294 343 400 60 470 475 136 137 445 455 215 333 428 359 385 247 362 430 459 89 394 306 401 351 442 108 198 367 450 457 253 369 384 46 134 216 330 281 286 236 353 18 19 85 390 395 431 461 436 463 159 352 396 28 109 468 479 474 196 197 199 407 244 275 387 47 355 409 429 187 307 363 411 72 95 144 441 403 73 166 258 338 415 471 87 193 312 314 339 417 43 88 194 254 276 5 344 296 24 45 48 138 433 437 404 460 477 464 104 167 10 26 61 168 446 478 195 140 203 257 259 358 303 304 248 334 21 90 405 360 448 51 364 412 35 97 145 206 62 29 113 227 317 391 368 451 135 141 370 392 41 49 142 255 315 0 20 8 1 31 86 91 200 462 57 443 476 160 111 161 228 30 58 110 229 469 178 256 202 263 316 318 408 361 308 6 52 146 444 410 94 96 13 71 74 151 207 266 112 63 171 287 372 434 416 82 188 204 17 25 83 92 205 9 4 7 50 27 11 65 139 147 260 101 105 467 155 218 162 222 288 64 106 169 289 447 120 239 309 262 322 371 12 2 22 98 208 67 33 122 150 36 75 125 213 267 325 170 114 232 345 55 42 129 249 264 38 56 131 148 265 3 15 23 93 59 32 116 201 209 156 163 118 217 278 223 282 346 115 164 230 68 179 299 365 321 377 34 14 53 152 268 119 69 181 212 76 126 184 273 326 231 172 292 102 78 189 310 323 79 103 191 210 16 39 54 149 107 66 174 219 224 176 277 336 283 340 173 225 121 240 356 413 376 70 37 99 214 177 123 242 272 127 185 245 291 233 157 130 250 366 132 158 252 40 80 100 165 117 279 284 237 335 389 341 180 300 406 124 77 153 238 182 302 186 246 220 190 311 192 221 81 133 337 297 388 241 357 183 128 298 243 280 251 354 301 
328 420 320 421 379 382 271 383 452 374 399 454 329 295 375 425 44 424 426 333 428 216 330 19 453 456 439 472 438 348 440 473 84 369 384 236 353 18 457 46 85 455 450 427 386 458 385 275 387 459 47 254 276 5 48 470 475 435 466 136 402 465 343 400 60 143 137 339 415 417 43 286 194 294 296 344 24 45 471 87 88 138 468 474 362 430 89 409 429 248 334 21 95 90 314 304 315 255 0 20 91 461 479 196 436 463 159 197 351 442 108 395 396 352 28 109 198 199 391 392 368 451 370 41 49 1 8 31 86 478 135 140 141 142 200 446 363 411 72 144 360 448 51 307 308 361 6 52 145 146 4 9 7 50 147 433 477 195 203 401 460 464 437 104 167 257 403 441 73 166 26 10 61 168 258 259 434 25 408 416 82 17 83 92 11 27 65 139 469 178 188 202 204 205 260 443 405 412 364 35 97 206 410 444 94 96 2 12 22 98 207 208 15 3 23 93 209 462 476 160 256 263 111 57 161 228 316 29 62 113 227 58 30 110 229 317 318 55 56 447 42 129 38 131 148 32 59 116 201 120 239 249 262 264 265 319 467 71 13 74 151 266 33 67 122 150 14 34 53 152 267 268 39 16 54 149 269 101 155 218 309 322 162 105 222 288 371 63 112 171 287 106 64 169 289 372 373 102 103 68 78 189 79 191 210 66 107 174 261 118 179 299 310 321 323 324 75 36 125 213 325 69 119 181 212 37 70 99 214 326 327 80 40 100 211 156 217 278 365 377 223 163 282 346 418 114 170 232 345 164 115 230 347 419 157 158 121 130 250 132 252 270 117 165 235 176 240 356 366 376 378 126 76 184 273 380 123 177 242 272 77 124 153 274 381 133 81 154 219 277 336 413 423 283 224 340 398 172 231 292 397 225 173 290 220 221 180 190 311 192 313 175 226 237 300 406 414 422 185 127 245 332 182 238 302 331 128 183 215 193 134 279 335 389 449 341 284 393 233 291 350 285 234 280 281 241 251 367 253 297 357 445 246 186 305 243 298 359 187 244 337 388 432 394 342 293 349 338 301 312 354 407 306 247 303 355 390 431 358 404 
330 353 421 18 384 276 383 5 344 375 400 24 425 454 44 43 45 417 255 334 0 428 19 20 296 392 396 8 352 440 28 1 31 457 46 473 84 85 41 49 86 370 451 315 308 9 361 387 6 4 7 459 47 48 50 434 25 437 26 27 403 10 466 60 61 11 65 475 471 87 88 472 458 465 143 136 137 138 82 83 92 139 416 17 364 2 3 410 12 430 21 22 15 23 474 429 95 89 90 91 93 462 55 56 464 57 58 59 442 29 30 463 159 108 109 110 32 116 479 196 478 135 140 141 142 198 197 199 200 42 129 38 131 148 201 447 412 13 14 16 448 33 34 411 72 51 52 53 39 54 145 144 146 147 149 477 101 102 103 441 476 111 104 105 106 107 73 62 63 64 167 166 168 169 66 174 195 203 469 178 188 202 204 205 258 257 259 260 68 78 189 79 191 210 261 467 444 71 35 36 37 40 94 67 69 70 97 96 98 99 80 100 207 206 208 209 211 160 155 156 157 158 162 161 163 164 165 113 112 114 115 228 227 229 230 117 235 256 263 120 239 249 262 264 265 317 316 318 319 121 130 250 132 252 270 320 118 75 74 76 77 81 122 119 123 124 151 150 152 153 133 154 267 266 268 269 271 218 217 219 220 221 223 222 224 225 226 171 170 172 173 288 287 289 290 175 295 309 322 179 299 310 321 323 324 372 371 373 374 176 180 190 311 192 313 329 126 125 127 128 134 181 177 182 183 213 212 214 215 193 216 326 325 327 328 278 277 279 280 281 283 282 284 285 286 232 231 233 234 346 345 347 348 236 365 377 240 356 366 376 378 379 419 418 420 237 241 251 367 253 369 185 184 186 187 194 242 238 243 244 273 272 274 275 254 381 380 382 336 335 337 338 339 341 340 342 343 292 291 293 294 398 397 399 413 423 300 406 414 422 424 453 452 297 301 312 415 314 246 245 247 248 302 298 303 304 332 331 333 427 426 389 388 390 391 394 393 395 350 349 351 439 438 449 456 357 445 450 455 354 358 368 306 305 307 359 355 360 386 385 432 431 433 436 435 402 401 470 407 468 404 408 363 362 409 405 461 460 446 443 
377 326 406 422 323 371 413 423 268 376 272 381 366 357 445 378 455 265 372 346 418 389 449 456 325 209 214 327 273 302 331 380 427 311 414 354 407 468 324 424 474 260 210 318 345 419 289 340 398 373 452 337 432 470 475 149 269 153 274 382 245 332 243 359 385 426 459 251 252 367 450 301 388 298 404 358 446 478 270 379 457 140 201 319 292 397 453 230 347 341 393 439 420 472 280 284 390 431 461 479 196 100 211 328 128 215 333 428 246 305 386 183 303 355 409 429 458 95 192 312 221 313 338 415 471 443 408 469 178 261 329 374 425 87 202 174 233 350 438 473 225 290 399 291 394 342 435 466 454 136 433 460 477 195 203 133 154 271 383 186 81 187 244 275 387 47 306 247 362 430 360 405 448 51 89 145 253 368 165 281 369 391 451 135 467 447 120 239 235 320 384 421 46 141 262 117 173 293 349 402 465 143 285 234 348 440 436 395 463 159 84 197 462 476 160 256 263 193 134 216 330 19 248 304 334 21 90 363 307 411 72 410 444 94 96 144 207 314 416 226 339 417 434 82 188 118 68 179 299 295 375 43 44 88 204 321 175 351 401 442 108 198 343 294 400 60 464 437 104 167 137 257 101 155 218 309 322 254 194 276 5 48 308 361 6 52 146 412 364 35 97 33 67 122 150 206 267 370 42 286 392 41 55 129 249 176 121 240 356 236 353 18 49 85 142 264 403 441 73 166 258 396 352 28 109 111 57 161 228 199 316 156 217 278 365 315 255 0 20 91 2 12 22 98 208 71 13 74 151 69 119 181 212 266 17 78 344 25 83 102 189 310 237 180 300 296 24 45 92 138 205 29 62 113 227 317 26 10 61 168 162 105 222 288 259 219 277 336 4 9 7 50 147 14 34 53 152 75 36 125 213 123 177 242 38 130 8 56 131 157 250 297 241 1 31 86 148 200 63 112 171 287 58 30 110 229 223 163 282 279 335 15 3 23 93 37 70 99 126 76 184 182 238 79 190 27 103 191 220 11 65 139 114 170 232 106 64 169 283 224 39 16 54 77 124 185 127 132 59 158 32 116 172 231 164 115 80 40 107 66 
323 371 413 423 376 265 366 378 372 377 346 418 406 389 449 422 456 326 260 210 324 311 414 424 318 325 345 419 289 340 398 373 452 357 445 337 432 470 381 455 475 268 272 209 201 319 149 252 270 269 379 251 367 450 457 273 380 292 397 453 230 347 341 393 439 420 472 354 302 407 468 388 280 284 390 431 461 479 331 427 474 196 214 327 174 261 374 100 211 221 313 329 328 425 301 192 312 338 415 471 87 245 332 426 233 350 438 473 225 290 399 291 394 342 435 466 454 136 298 404 243 359 358 446 478 433 460 477 195 274 385 382 459 140 203 153 117 235 320 421 133 154 271 165 281 253 369 384 383 46 368 391 451 135 141 246 305 386 458 173 186 293 349 402 465 143 285 234 348 440 436 395 463 159 84 197 355 443 183 303 409 408 469 178 462 476 160 256 215 333 429 428 95 202 263 128 81 175 226 295 375 44 193 134 216 330 339 314 417 43 19 88 416 434 82 188 204 306 247 362 430 89 351 401 442 108 198 343 294 400 60 464 437 104 167 137 257 405 467 244 360 448 447 120 239 101 155 218 309 275 387 51 47 145 262 322 187 236 286 353 18 85 254 194 276 5 392 370 41 49 48 142 42 55 129 249 264 363 307 411 72 144 403 441 73 166 258 396 352 28 109 111 57 161 228 199 316 444 118 304 410 94 68 179 299 156 217 278 365 248 334 21 96 90 207 321 296 344 24 45 138 315 255 0 20 25 17 83 92 91 205 78 102 189 310 412 364 35 97 206 29 62 113 227 317 26 10 61 168 162 105 222 288 259 67 176 361 33 122 121 240 356 219 277 336 308 6 52 150 146 267 1 8 31 86 200 4 9 7 50 56 38 131 148 147 130 157 250 71 13 74 151 266 63 112 171 287 58 30 110 229 223 163 282 119 237 12 69 181 180 300 279 335 2 22 98 212 208 11 27 65 139 15 3 23 93 103 79 191 190 220 75 36 125 213 114 170 232 106 64 169 283 224 177 297 34 123 242 241 14 53 152 32 59 116 39 16 54 158 132 126 76 184 172 231 164 115 238 70 182 37 99 66 107 80 40 185 127 124 77 
423 324 414 424 422 418 449 456 269 378 270 379 445 367 450 455 457 381 373 398 452 432 470 475 319 327 211 328 261 313 329 374 425 407 468 338 415 471 427 474 87 380 331 419 347 420 397 393 439 453 472 431 461 479 196 274 382 154 271 383 235 320 253 369 384 421 46 358 359 446 478 312 390 281 391 368 451 135 385 459 140 141 332 426 290 399 454 350 438 342 435 466 473 136 404 394 460 433 477 195 203 215 333 428 134 216 330 19 226 295 375 193 314 339 417 43 44 88 303 408 355 409 443 469 178 434 416 82 188 386 429 458 95 202 204 305 234 348 440 84 349 402 465 285 395 436 463 159 143 197 476 462 160 256 263 244 275 387 47 175 187 194 254 276 5 48 286 236 353 18 370 392 41 49 85 142 360 447 306 405 448 467 120 239 55 42 129 249 362 430 51 89 145 262 264 247 293 294 343 400 60 137 401 351 442 108 437 464 104 167 198 257 155 101 218 309 322 304 248 334 21 90 255 315 0 20 91 344 296 24 45 17 25 83 92 138 205 410 68 363 444 94 118 179 299 102 78 189 310 411 72 96 144 207 321 323 307 352 396 28 109 199 441 403 73 166 57 111 161 228 258 316 217 156 278 365 377 361 308 6 52 146 9 4 7 50 147 8 1 31 86 38 56 131 148 200 265 33 121 412 67 122 176 240 356 157 130 250 366 364 35 97 150 206 267 376 10 26 61 168 259 62 29 113 227 105 162 222 288 317 371 277 219 336 413 12 2 22 98 208 3 15 23 93 209 27 11 65 139 79 103 191 210 260 69 180 71 119 181 237 300 406 220 190 311 13 74 151 212 266 326 30 58 110 229 318 112 63 171 287 163 223 282 346 372 335 279 389 34 14 53 152 268 16 39 54 149 59 32 116 201 132 158 252 123 241 75 177 242 297 357 280 251 36 125 213 272 325 64 106 169 289 170 114 232 345 224 283 340 388 337 70 37 99 214 40 80 100 107 66 174 192 221 182 301 126 238 302 354 76 184 273 115 164 230 231 172 292 284 341 124 77 153 81 133 165 117 243 185 298 127 245 173 225 291 233 183 128 246 186 
374 424 329 425 328 420 320 421 455 379 450 457 271 369 384 383 46 382 452 399 454 295 375 44 456 427 468 474 470 415 471 475 87 216 330 339 417 43 428 19 88 426 333 453 439 472 438 348 440 473 84 236 353 18 85 385 459 446 478 140 461 479 368 451 135 196 141 254 275 276 5 314 286 391 392 370 41 49 387 47 48 142 386 458 435 466 136 402 465 343 400 60 143 137 194 294 296 344 24 45 138 409 429 95 443 469 178 202 433 477 195 408 416 434 82 188 203 204 304 315 248 334 255 0 20 25 17 83 92 430 21 89 90 91 205 362 436 463 159 197 351 442 108 395 396 352 28 109 198 199 1 8 31 86 200 360 448 51 145 460 405 467 447 120 239 262 462 476 160 256 42 55 129 249 263 264 361 4 307 308 6 9 7 50 56 38 131 148 411 72 52 144 146 147 265 363 401 464 437 104 167 257 403 441 73 166 26 10 61 168 258 259 11 27 65 139 260 410 444 94 96 207 118 68 179 299 321 101 155 218 309 78 102 189 310 322 323 12 15 364 2 22 3 23 93 103 79 191 210 35 97 98 206 208 209 324 412 111 57 161 228 316 29 62 113 227 58 30 110 229 317 318 32 59 116 201 319 33 67 122 150 267 176 121 240 356 376 156 217 278 365 130 157 250 366 377 378 34 39 13 14 53 16 54 149 158 132 252 270 71 74 151 152 266 268 269 162 105 222 288 371 63 112 171 287 106 64 169 289 372 373 66 107 174 261 69 119 181 212 326 237 180 300 406 422 219 277 336 413 190 220 311 414 423 70 80 36 37 99 40 100 211 221 192 313 75 125 213 214 325 327 223 163 282 346 418 114 170 232 345 164 115 230 347 419 117 165 235 123 177 242 272 381 297 241 357 445 279 335 389 449 251 280 367 124 133 76 77 153 81 154 281 253 126 184 273 274 380 283 224 340 398 172 231 292 397 225 173 290 175 226 182 238 302 331 354 301 407 337 388 432 312 338 183 193 127 128 215 134 185 245 332 341 284 393 233 291 350 285 234 243 298 359 404 358 390 431 244 186 187 246 305 394 342 293 349 303 355 247 306 
327 419 332 426 381 269 274 382 418 380 397 453 331 305 386 427 458 422 319 211 328 215 333 428 373 423 398 452 347 350 438 420 473 359 385 247 362 430 455 459 89 378 445 324 261 374 270 154 271 379 383 244 275 387 47 449 456 393 439 472 290 399 349 402 465 454 143 355 407 409 429 306 187 293 307 363 411 72 468 474 95 144 414 424 235 320 421 313 329 134 216 330 425 19 303 193 304 248 334 21 90 432 470 475 342 435 466 136 234 348 440 394 401 351 442 108 84 198 404 405 358 446 360 448 51 364 412 35 97 450 478 457 140 145 206 367 226 295 375 44 253 369 384 175 194 254 276 5 46 48 361 308 6 52 146 431 461 479 196 285 390 395 436 463 159 197 294 343 400 60 441 403 73 166 137 258 443 444 312 408 469 410 94 96 13 71 74 151 415 471 178 87 202 207 266 338 281 286 236 353 18 85 314 339 417 43 255 315 0 20 88 91 12 2 22 98 208 460 433 477 195 203 437 464 104 167 257 352 396 28 109 62 29 113 227 199 317 467 67 368 447 120 33 122 150 36 75 125 213 451 135 239 141 262 267 325 391 344 296 24 45 138 370 392 41 49 9 4 7 50 142 147 34 14 53 152 268 476 462 160 256 263 57 111 161 228 316 10 26 61 168 112 63 171 287 259 372 118 119 416 68 179 69 181 212 76 126 184 273 434 82 188 299 204 321 326 8 1 31 86 200 17 25 83 92 3 15 23 93 205 209 70 37 99 214 155 101 218 309 322 105 162 222 288 371 30 58 110 229 170 114 232 345 318 176 177 42 121 240 123 242 272 127 185 245 55 129 249 356 264 376 27 11 65 139 260 38 56 131 148 16 39 54 149 265 124 77 153 217 156 278 365 377 163 223 282 346 64 106 169 289 231 172 292 237 238 78 180 300 182 302 186 246 102 189 310 406 323 59 32 116 201 79 103 191 210 40 80 100 183 128 277 219 336 413 224 283 340 115 164 230 291 233 297 298 130 241 357 243 157 250 366 107 66 174 132 158 252 81 133 335 279 389 284 341 173 225 354 190 301 220 311 165 117 192 221 388 337 251 280 
380 422 331 427 327 419 332 426 378 381 445 455 274 359 385 382 459 269 418 397 453 305 386 458 423 324 414 424 449 407 468 456 474 215 333 355 409 429 328 428 95 319 211 373 398 452 347 350 438 420 473 247 362 430 89 270 379 367 450 457 432 470 358 446 478 475 140 244 154 275 387 303 306 404 405 360 448 51 271 383 47 145 261 374 393 439 472 290 399 349 402 465 454 143 187 293 307 363 411 72 144 313 329 425 338 415 471 87 431 461 479 312 408 443 469 178 196 202 193 304 134 216 248 334 21 444 410 94 96 320 330 421 19 90 207 235 342 435 466 136 234 348 440 394 401 351 442 108 84 198 364 412 35 97 206 253 369 384 46 390 281 391 368 451 135 141 460 433 477 195 447 467 120 239 203 262 254 361 175 194 276 308 6 52 67 33 122 150 295 375 5 44 48 146 267 226 285 395 436 463 159 197 294 343 400 60 441 403 73 166 137 258 13 71 74 151 266 314 339 417 43 88 434 416 82 188 204 476 462 160 256 68 118 179 299 263 321 315 12 236 255 0 2 22 98 119 69 181 212 353 18 20 85 91 208 326 286 437 464 104 167 257 352 396 28 109 62 29 113 227 199 317 36 75 125 213 325 370 392 41 49 142 55 42 129 249 264 155 101 218 309 121 176 240 356 322 376 4 34 296 9 7 14 53 152 177 123 242 272 344 24 45 50 138 147 268 57 111 161 228 316 10 26 61 168 112 63 171 287 259 372 76 126 184 273 17 25 83 92 205 102 78 189 310 323 217 156 278 365 180 237 300 406 377 15 70 1 3 23 37 99 214 238 182 302 8 31 86 93 200 209 105 162 222 288 371 30 58 110 229 170 114 232 345 318 127 185 245 38 56 131 148 265 157 130 250 366 277 219 336 413 241 297 357 39 124 11 16 54 77 153 298 243 27 65 139 149 260 163 223 282 346 64 106 169 289 231 172 292 186 246 79 103 191 210 220 190 311 335 279 389 301 354 80 183 32 40 100 128 59 116 201 224 283 340 115 164 230 291 233 132 158 252 280 251 388 337 133 66 81 107 174 284 341 173 225 192 221 117 165 
426 328 333 428 427 453 386 458 379 382 271 383 385 275 387 459 47 455 420 438 473 362 430 89 374 424 329 425 320 216 330 421 19 409 429 248 334 21 474 95 90 456 468 452 399 454 439 402 465 472 143 363 411 72 144 450 457 369 384 46 295 375 254 276 5 44 48 360 446 448 51 304 307 194 308 361 6 52 478 140 145 146 470 475 348 440 84 435 466 351 442 108 136 198 405 401 412 364 35 97 206 415 471 87 339 417 43 88 236 353 18 314 315 255 0 20 85 91 408 410 443 469 444 94 96 2 12 22 98 479 178 196 202 207 208 461 343 400 60 137 436 463 159 294 403 441 73 166 197 258 71 13 74 151 266 368 451 135 141 286 391 392 370 41 49 142 296 344 24 45 4 9 7 50 138 147 447 33 460 467 120 67 122 150 14 34 53 152 477 195 239 203 262 267 268 433 395 396 352 28 109 199 464 437 104 167 29 62 113 227 257 317 75 36 125 213 325 416 434 82 188 204 25 17 83 92 205 1 8 31 86 15 3 23 93 200 209 68 69 476 118 179 119 181 212 37 70 99 214 160 256 299 263 321 326 327 462 26 10 61 168 259 111 57 161 228 63 112 171 287 316 372 126 76 184 273 380 42 55 129 249 264 56 38 131 148 265 11 27 65 139 39 16 54 149 260 269 121 123 155 176 240 177 242 272 77 124 153 274 101 218 309 356 322 376 381 58 30 110 229 318 162 105 222 288 114 170 232 345 371 419 185 127 245 332 78 102 189 310 323 103 79 191 210 324 32 59 116 201 80 40 100 211 319 180 182 217 237 300 238 302 331 128 183 215 156 278 365 406 377 422 106 64 169 289 373 223 163 282 346 172 231 292 397 418 246 186 305 130 157 250 366 378 158 132 252 270 66 107 174 261 133 81 154 241 243 277 297 357 298 359 187 244 219 336 413 445 423 164 115 230 347 283 224 340 398 233 291 350 306 247 190 220 311 414 221 192 313 117 165 235 193 134 301 303 335 354 407 355 279 389 449 225 173 290 341 284 393 293 349 251 280 367 281 253 175 226 358 388 404 337 432 285 234 394 342 312 338 431 390 
421 428 330 19 425 454 375 44 459 383 387 47 384 276 5 46 48 457 473 440 84 353 18 85 458 474 429 95 430 334 21 89 90 417 43 255 0 20 87 88 91 475 471 472 465 143 466 400 60 136 137 344 24 45 138 478 140 448 51 145 411 72 361 6 52 144 146 370 451 41 49 315 296 308 9 4 7 50 135 141 142 147 479 196 442 108 198 463 159 352 28 109 197 199 392 396 8 1 31 86 200 469 178 202 444 94 96 207 364 35 97 410 12 2 22 98 206 208 416 17 434 82 25 83 92 3 15 23 93 195 188 203 204 205 209 477 441 73 166 258 437 104 167 403 10 26 61 168 257 259 27 11 65 139 260 447 120 239 262 412 467 67 33 122 150 267 13 71 74 151 34 14 53 152 266 268 42 38 462 55 129 56 131 148 16 39 54 149 160 256 249 263 264 265 269 476 464 62 29 113 227 317 57 111 161 228 30 58 110 229 316 318 59 32 116 201 319 68 118 179 299 321 119 69 181 212 326 36 75 125 213 70 37 99 214 325 327 78 79 101 102 189 103 191 210 40 80 100 211 218 309 310 322 323 324 328 155 112 63 171 287 372 105 162 222 288 64 106 169 289 371 373 107 66 174 261 374 121 176 240 356 376 177 123 242 272 381 76 126 184 273 124 77 153 274 380 382 130 132 156 157 250 158 252 270 81 133 154 271 217 278 365 366 377 378 379 170 114 232 345 419 163 223 282 346 115 164 230 347 418 420 165 117 235 320 180 237 300 406 422 238 182 302 331 427 127 185 245 332 183 128 215 333 426 190 192 219 220 311 221 313 329 134 193 216 277 336 413 414 423 424 231 172 292 397 453 224 283 340 398 173 225 290 399 452 226 175 295 241 297 357 445 455 298 243 359 385 186 246 305 386 244 187 275 251 253 279 280 367 281 369 194 254 335 389 449 450 456 291 233 350 438 284 341 393 439 234 285 348 286 236 301 354 407 468 355 303 409 247 306 362 304 248 312 314 337 338 415 339 388 432 470 349 293 402 342 394 435 294 343 358 404 446 405 360 307 363 368 390 391 431 461 401 351 395 436 408 443 433 460 
375 417 425 43 330 353 421 18 370 384 451 41 383 457 46 5 49 276 344 400 24 454 44 45 392 315 416 17 434 471 82 25 83 428 19 475 87 88 0 20 92 255 334 296 396 8 352 440 28 1 31 473 84 85 86 361 4 447 42 38 462 55 478 135 129 56 131 459 387 47 48 474 472 479 196 140 141 142 6 7 50 148 308 9 437 26 27 403 10 466 60 61 11 65 458 465 143 136 137 138 139 410 12 15 467 68 78 79 477 101 102 469 178 195 188 189 103 191 429 95 430 21 89 90 91 203 202 204 205 2 22 3 23 93 210 364 464 57 58 59 442 29 30 463 159 108 109 110 32 116 198 197 199 200 201 448 33 34 39 476 444 118 120 121 130 132 160 155 156 157 239 256 249 250 158 252 51 145 411 72 52 144 146 147 263 262 264 265 13 14 53 16 54 149 270 412 441 111 104 105 106 107 73 62 63 64 167 166 168 169 66 174 258 257 259 260 261 94 67 69 70 80 176 179 180 190 192 218 217 219 220 299 309 310 311 221 313 96 207 35 97 98 206 208 209 322 321 323 324 36 37 99 40 100 211 329 71 162 161 163 164 165 113 112 114 115 228 227 229 230 117 235 317 316 318 319 320 122 119 123 124 133 237 240 241 251 253 278 277 279 280 356 365 366 367 281 369 150 267 74 151 152 266 268 269 377 376 378 379 75 76 77 153 81 154 271 223 222 224 225 226 171 170 172 173 288 287 289 290 175 295 372 371 373 374 181 177 182 183 193 297 300 301 312 314 336 335 337 338 406 413 414 415 339 212 326 125 213 214 325 327 328 423 422 424 126 127 128 215 134 216 283 282 284 285 286 232 231 233 234 346 345 347 348 236 419 418 420 242 238 243 244 254 354 357 358 368 389 388 390 391 445 449 450 272 381 184 273 274 380 382 456 455 185 186 187 275 194 341 340 342 343 292 291 293 294 398 397 399 453 452 302 298 303 304 404 407 408 432 431 433 468 470 331 427 245 332 333 426 246 247 248 394 393 395 350 349 351 439 438 359 355 360 443 446 461 460 385 305 386 306 307 436 435 402 401 409 405 362 363 
386 409 427 429 333 362 426 430 360 385 446 448 382 455 459 387 51 275 363 402 411 453 458 72 405 304 408 410 443 468 469 444 94 328 428 456 474 95 334 21 96 248 216 307 401 412 351 438 442 364 35 420 473 89 97 254 361 368 447 33 460 467 450 478 120 67 122 379 271 383 47 424 452 470 475 457 140 145 276 6 52 150 194 308 436 441 71 294 403 439 465 73 13 74 374 399 454 472 143 144 151 314 315 12 391 416 68 69 461 476 118 415 471 479 178 179 119 181 329 425 320 330 421 19 90 196 87 202 207 255 0 2 22 98 212 236 395 464 62 75 348 352 29 435 466 440 108 113 36 125 84 136 198 206 213 369 370 4 34 433 339 434 451 42 121 123 477 462 155 176 135 195 239 240 177 242 384 46 295 375 5 44 48 146 203 141 262 267 296 9 7 14 53 152 272 286 343 437 463 111 112 126 400 396 10 63 159 60 166 171 76 184 137 197 258 266 273 417 392 17 15 70 55 82 78 180 182 160 101 217 237 188 256 299 300 238 302 43 88 353 18 20 85 91 208 263 204 321 326 1 3 23 37 99 214 331 344 57 104 162 170 185 28 26 30 114 167 109 227 232 127 245 199 257 317 325 332 41 25 38 39 124 102 129 130 241 243 218 156 277 297 249 309 356 357 298 359 49 142 24 45 50 138 147 268 322 264 376 381 8 11 16 54 77 153 274 105 161 223 231 246 61 58 64 172 228 168 287 292 186 305 259 316 372 380 83 56 79 80 183 157 189 190 301 303 278 219 335 354 310 365 406 407 355 92 205 31 86 93 200 209 327 377 323 422 27 32 40 100 128 215 163 222 283 291 306 110 106 115 233 288 229 345 350 247 318 371 419 131 103 132 133 244 220 250 251 358 336 279 388 404 366 413 445 148 265 65 139 149 260 269 423 378 59 66 81 154 187 224 282 341 349 169 164 173 293 346 289 397 373 418 191 158 192 193 280 311 312 389 337 431 414 449 210 324 116 201 211 319 107 117 134 284 340 394 230 225 234 398 347 252 221 253 338 367 432 390 270 174 261 165 175 342 393 290 285 313 281 235 226 
333 362 426 430 385 275 382 387 363 386 402 411 427 453 458 429 72 409 248 216 334 328 428 21 307 405 401 412 351 438 442 364 35 455 459 420 473 89 448 51 97 360 446 304 194 308 254 271 276 361 6 379 383 47 52 443 444 436 441 71 294 403 439 465 73 13 74 456 468 474 95 452 374 399 454 472 143 144 469 94 96 151 408 410 236 255 2 314 315 320 330 0 12 22 424 329 425 421 19 90 98 460 467 67 395 464 62 75 348 352 29 435 466 440 108 113 36 125 470 475 450 478 457 140 145 84 136 198 206 447 120 33 122 150 213 368 286 296 9 14 369 370 4 295 375 384 5 7 34 53 46 44 48 146 152 461 476 118 119 343 433 437 463 111 112 126 400 396 10 63 159 60 166 171 76 184 479 196 415 471 178 87 202 207 137 197 258 266 416 68 179 69 181 212 273 391 339 344 353 1 3 37 417 392 17 15 18 43 20 23 70 99 88 85 91 208 214 477 462 155 176 177 57 104 162 170 185 28 26 30 114 167 109 227 232 127 245 195 203 451 135 239 141 262 267 199 257 317 325 42 121 240 123 242 272 332 434 8 24 11 16 77 41 25 38 39 45 49 50 54 124 153 142 138 147 268 274 160 101 217 237 238 105 161 223 231 246 61 58 64 172 228 168 287 292 186 305 256 263 82 188 299 204 321 326 259 316 372 380 55 78 180 300 182 302 331 27 31 32 40 128 83 56 79 80 86 92 93 100 183 215 205 200 209 327 218 156 277 297 298 163 222 283 291 306 110 106 115 233 288 229 345 350 247 309 322 129 249 356 264 376 381 318 371 419 102 130 241 357 243 359 59 65 66 81 187 131 103 132 133 139 148 149 154 244 265 260 269 278 219 335 354 355 224 282 341 349 169 164 173 293 346 289 397 365 377 189 310 406 323 422 373 418 157 190 301 407 303 107 116 117 134 191 158 192 193 201 210 211 324 319 336 279 388 404 284 340 394 230 225 234 398 347 413 423 250 366 445 378 220 251 358 165 174 175 252 221 253 261 270 389 337 431 342 393 290 285 449 311 414 280 312 226 235 313 281 432 390 367 338 
430 334 428 21 429 411 458 72 361 387 276 6 459 383 47 51 52 448 364 442 35 473 89 97 308 410 315 12 255 330 0 2 22 474 95 421 19 90 94 96 98 444 469 412 403 13 441 465 73 71 74 472 143 144 151 447 33 370 4 34 296 9 384 5 7 14 53 457 478 140 145 425 454 375 44 46 48 146 120 122 150 152 467 67 352 29 36 464 62 440 108 113 75 125 475 466 136 84 198 206 213 416 68 69 392 17 15 70 353 1 3 417 43 18 20 23 37 99 471 87 479 178 196 202 207 85 88 91 208 118 179 119 181 212 214 476 396 10 63 76 463 111 112 400 60 159 166 171 126 184 197 137 258 266 273 451 42 121 123 344 434 25 41 38 39 124 24 8 11 16 49 45 50 54 77 153 135 141 477 195 239 203 262 267 138 142 147 268 155 176 240 177 242 272 274 462 437 26 28 30 114 127 104 57 162 170 109 167 227 232 185 245 257 199 317 325 332 82 55 78 180 182 56 83 79 80 183 31 27 32 40 92 86 93 100 128 215 188 204 160 256 299 263 321 326 200 205 209 327 217 237 300 238 302 331 333 101 58 61 64 172 186 161 105 223 231 168 228 287 292 246 305 316 259 372 380 386 129 102 130 241 243 103 131 132 133 244 65 59 66 81 148 139 149 154 187 275 249 264 218 309 356 322 376 381 260 265 269 382 156 277 297 357 298 359 385 106 110 115 233 247 222 163 283 291 229 288 345 350 306 362 371 318 419 426 189 157 190 301 303 158 191 192 193 304 116 107 117 134 210 201 211 216 248 310 323 278 365 406 377 422 427 319 324 328 219 335 354 407 355 409 164 169 173 293 307 282 224 341 349 289 346 397 402 363 418 373 453 250 220 251 358 360 221 252 253 254 174 165 175 194 270 261 271 366 378 336 413 445 423 455 374 379 279 388 404 446 405 225 230 234 351 340 284 394 401 347 398 438 452 420 311 280 312 408 281 313 314 235 226 236 329 320 414 424 389 449 468 456 337 431 443 285 290 294 393 342 436 399 439 367 338 368 339 369 295 286 450 432 470 390 460 343 348 435 395 415 391 461 433 
389 354 341 431 337 413 340 432 301 388 298 404 284 291 394 390 460 280 406 377 449 346 393 461 357 251 243 358 302 246 355 407 443 225 342 292 349 436 338 433 476 311 221 366 376 445 323 371 423 414 470 289 398 435 477 192 312 183 303 408 272 359 186 306 405 446 467 173 165 285 395 233 345 245 350 293 401 464 281 391 462 155 252 367 326 422 468 265 378 372 418 456 450 479 230 318 347 397 439 463 160 133 253 368 153 244 360 447 273 331 409 128 247 305 363 444 469 118 117 234 174 226 290 343 437 402 351 441 111 313 339 415 434 101 217 210 268 381 455 478 260 324 424 325 419 373 452 475 471 195 399 438 466 104 218 81 193 314 416 214 100 215 187 304 410 68 332 274 385 448 307 362 412 67 120 176 175 294 201 235 286 348 396 57 442 403 62 162 270 369 392 451 55 156 277 149 209 327 380 427 474 178 319 269 379 457 453 420 472 196 135 256 440 465 159 161 278 134 154 254 370 42 275 248 361 33 121 386 333 429 94 364 411 71 119 179 237 236 352 261 295 344 400 26 105 73 29 112 223 329 417 25 82 102 219 335 211 382 426 459 140 239 374 328 425 87 473 454 136 203 188 309 60 108 167 222 336 194 216 315 17 78 334 308 12 69 180 430 387 51 122 13 35 75 177 240 297 296 10 320 353 8 28 58 163 113 63 170 283 271 384 41 56 129 157 279 428 458 95 202 299 421 383 46 141 143 84 197 263 249 365 109 166 228 282 255 276 4 38 130 6 2 34 123 241 72 21 96 181 36 74 126 238 300 1 30 375 24 27 61 106 224 171 114 231 330 43 83 103 189 220 47 89 145 262 356 44 19 88 204 198 137 257 322 310 168 227 288 9 0 15 79 190 22 14 70 182 97 52 150 242 76 125 185 11 64 18 31 59 110 164 232 172 5 49 131 158 250 90 144 207 321 85 48 142 264 258 199 316 229 287 3 7 39 132 53 37 124 151 98 212 127 184 32 115 45 65 107 169 20 92 191 146 206 267 138 91 205 317 259 16 23 80 99 77 213 152 66 86 116 50 148 208 266 200 147 40 54 139 93 
337 413 340 432 388 280 284 390 406 389 377 449 341 346 393 431 461 354 311 221 338 225 342 433 366 357 376 445 323 371 423 414 470 291 394 289 398 435 404 460 477 301 298 251 252 367 192 165 281 312 391 173 285 395 462 302 407 326 422 468 265 378 372 418 456 450 479 292 246 349 436 345 230 318 347 397 439 463 355 443 476 160 243 358 210 313 415 133 253 174 226 339 368 434 233 117 234 290 343 437 101 272 359 446 268 381 455 478 260 324 424 325 419 373 452 475 471 195 245 350 186 306 293 401 464 399 438 466 104 303 405 408 467 155 218 183 149 270 369 451 81 193 314 201 235 175 286 392 416 55 294 348 396 57 156 273 331 409 469 209 214 327 380 427 474 178 319 269 379 457 453 420 472 196 135 256 305 402 128 247 363 351 441 111 440 465 159 161 244 360 444 447 118 217 278 153 100 211 261 329 417 82 134 154 254 370 295 236 344 25 42 102 352 400 26 105 219 332 274 385 448 120 382 426 459 140 239 374 328 425 87 473 454 136 203 188 309 362 442 187 307 412 403 62 162 60 108 167 222 304 410 67 68 176 277 336 215 271 320 384 41 129 194 216 315 17 353 296 8 56 78 157 10 28 58 163 279 386 333 429 94 179 428 458 95 202 299 421 383 46 141 143 84 197 263 249 365 411 73 248 364 71 29 112 223 109 166 228 282 275 361 33 119 121 237 335 330 375 43 83 189 255 276 4 38 24 1 27 103 130 220 30 61 106 224 430 387 51 122 240 47 89 145 262 356 44 19 88 204 198 137 257 322 310 35 113 308 13 75 63 170 283 168 227 288 334 12 69 177 180 297 5 18 49 131 250 9 0 15 79 31 11 59 158 190 64 110 164 72 21 96 181 300 90 144 207 321 85 48 142 264 258 199 316 74 171 2 36 126 114 231 229 287 6 34 123 238 241 20 45 92 191 3 7 39 132 65 32 107 115 169 97 52 150 242 146 206 267 138 91 205 317 259 125 232 14 76 185 172 22 70 182 50 86 148 16 23 80 116 66 151 98 212 208 266 200 147 184 37 127 53 124 93 139 40 54 213 152 77 99 
432 338 342 433 431 449 393 461 312 390 281 391 394 285 395 460 462 404 414 423 470 398 435 477 367 358 253 368 313 226 339 415 434 349 436 290 343 437 443 476 101 407 355 445 378 450 422 418 456 468 479 397 439 463 160 303 408 193 314 416 270 369 175 286 392 451 55 293 306 401 464 234 347 235 348 294 396 57 405 467 155 156 359 446 324 424 471 381 455 373 452 475 478 195 350 419 438 399 466 104 218 244 360 447 154 254 370 42 261 329 417 134 236 295 344 25 82 102 247 351 305 363 402 441 111 400 352 26 105 409 444 469 118 217 219 331 269 379 457 135 380 427 474 319 420 453 472 196 178 256 465 440 159 161 278 187 304 410 68 211 215 216 194 315 17 78 320 271 384 41 296 353 8 56 129 157 307 403 332 362 412 442 62 162 28 10 58 163 385 448 67 120 176 277 279 274 327 328 374 425 87 188 426 382 459 140 454 473 136 203 239 309 108 60 167 222 336 248 275 361 33 121 276 255 4 38 130 375 330 43 83 1 24 27 103 189 220 364 29 386 411 71 73 112 223 61 30 106 224 429 94 119 179 237 335 337 333 383 421 46 141 249 458 428 95 202 84 143 197 263 299 365 166 109 228 282 389 308 334 12 69 180 0 9 15 79 190 18 5 49 131 11 31 59 158 250 280 13 63 430 35 75 113 170 283 110 64 164 284 387 51 122 177 240 297 388 19 44 88 204 310 89 47 145 262 137 198 257 322 356 413 227 168 288 340 2 6 34 123 241 7 3 39 132 251 45 20 92 191 32 65 107 221 311 36 114 72 74 126 171 231 341 169 115 225 21 96 181 238 300 354 48 85 142 264 366 144 90 207 321 199 258 316 377 406 287 229 346 14 22 70 182 301 23 16 80 192 86 50 148 252 66 116 165 76 172 97 125 185 232 291 230 173 52 150 242 298 357 91 138 205 323 206 146 267 376 259 317 371 345 289 37 53 124 243 54 40 133 139 93 210 117 174 127 233 151 184 246 292 98 212 302 147 200 265 266 208 326 318 372 77 99 183 100 81 201 149 186 213 245 152 272 209 260 325 268 128 153 273 214 
415 433 339 434 368 450 369 451 460 391 395 462 314 286 392 416 55 408 470 424 471 329 417 82 461 443 436 476 435 343 437 477 101 254 370 295 344 25 447 42 102 446 360 468 456 479 455 379 457 478 135 271 384 41 129 405 467 401 464 155 439 463 294 396 57 160 156 194 304 315 17 236 320 348 353 296 8 56 410 68 78 157 409 469 452 475 195 427 474 374 425 87 178 188 216 328 330 375 43 83 189 363 444 118 402 441 111 217 399 466 104 351 352 400 26 105 218 219 248 255 275 361 276 4 38 24 1 27 103 448 33 120 121 130 220 385 453 472 196 256 382 459 140 420 421 383 46 141 239 249 5 18 49 131 250 307 412 67 176 438 362 442 403 62 162 277 440 465 159 161 10 28 58 163 278 279 308 9 333 334 12 0 15 79 31 11 59 158 429 94 69 179 180 190 280 386 426 473 454 136 203 309 428 458 95 202 44 19 88 204 299 310 20 45 92 191 311 364 411 71 119 237 73 29 112 223 335 60 108 167 222 30 61 106 224 336 337 2 3 387 6 34 7 39 132 65 32 107 221 51 122 123 240 241 251 338 430 143 84 197 263 365 47 89 145 262 85 48 142 264 356 366 50 86 148 252 367 13 35 75 177 297 113 63 170 283 388 109 166 228 282 64 110 164 284 389 390 14 16 21 22 70 23 80 192 116 66 165 281 72 96 181 182 300 301 312 198 137 257 322 413 90 144 207 321 138 91 205 323 406 414 93 139 210 313 36 74 126 238 354 171 114 231 341 431 168 227 288 340 115 169 225 342 432 37 40 52 53 124 54 133 253 174 117 226 97 150 242 243 357 358 258 199 316 377 449 146 206 267 376 200 147 265 378 445 149 201 270 76 125 185 298 404 232 172 291 394 229 287 346 393 173 230 285 77 81 98 99 183 100 193 235 175 151 212 302 303 407 317 259 371 423 208 266 326 422 260 209 324 211 261 127 184 246 355 292 233 349 289 345 398 234 290 128 134 152 153 244 154 213 272 359 372 318 418 268 325 381 319 269 186 245 306 350 293 347 397 187 214 215 273 331 419 373 327 380 247 305 274 332 
417 344 434 25 370 384 451 41 296 392 396 8 416 462 55 17 56 315 375 425 43 471 82 83 353 255 352 1 400 437 26 24 27 447 42 477 101 102 4 38 103 276 361 330 421 18 383 457 46 5 49 478 135 129 131 308 9 403 10 11 440 28 464 57 58 31 59 467 410 68 78 476 479 463 160 155 156 157 12 15 79 158 334 0 454 44 45 428 19 475 87 88 20 92 469 474 178 195 188 189 191 364 2 3 442 29 30 32 466 60 61 441 111 104 105 106 65 107 444 118 448 33 120 121 130 218 217 219 220 6 34 7 39 132 221 387 473 84 85 86 459 47 48 472 196 140 141 142 50 148 239 256 249 250 252 412 13 14 16 465 411 73 62 63 64 66 159 108 109 110 162 161 163 164 116 165 67 176 429 94 69 179 180 190 278 277 279 280 21 22 70 23 80 192 281 430 458 143 136 137 138 139 95 89 90 91 203 202 204 205 93 210 299 309 310 311 313 71 35 36 37 40 113 112 114 115 117 167 166 168 169 223 222 224 225 174 226 119 237 51 122 123 240 241 251 336 335 337 338 52 53 124 54 133 253 339 72 198 197 199 200 201 145 144 146 147 263 262 264 265 149 270 356 365 366 367 369 75 74 76 77 81 171 170 172 173 175 228 227 229 230 283 282 284 285 235 286 177 297 96 181 182 300 301 312 389 388 390 391 97 98 99 183 100 193 314 258 257 259 260 261 207 206 208 209 322 321 323 324 211 329 406 413 414 415 126 125 127 128 134 232 231 233 234 236 288 287 289 290 341 340 342 343 295 238 354 150 242 243 357 358 368 432 431 433 151 152 153 244 154 254 317 316 318 319 320 267 266 268 269 377 376 378 379 271 445 449 450 185 184 186 187 194 292 291 293 294 346 345 347 348 394 393 395 298 404 212 302 303 407 408 461 460 213 214 215 304 216 372 371 373 374 326 325 327 328 423 422 424 468 470 246 245 247 248 350 349 351 398 397 399 436 435 355 443 272 359 360 446 273 274 275 419 418 420 381 380 382 456 455 306 305 307 402 401 439 438 405 331 409 332 333 453 452 427 426 363 362 385 386 
342 398 432 435 394 285 390 395 397 393 418 439 431 449 461 436 463 349 290 226 343 338 433 437 347 350 419 438 373 423 452 399 466 404 460 414 470 477 401 464 104 293 306 234 235 348 175 281 286 294 396 312 391 462 57 305 402 380 453 465 319 420 422 456 472 440 159 407 355 443 476 445 367 378 450 468 479 160 363 441 111 161 247 351 261 295 400 134 236 313 339 344 352 26 358 253 368 415 434 101 105 332 362 442 327 426 473 108 324 374 454 381 455 424 475 136 60 167 359 446 303 405 408 467 155 471 478 195 218 307 412 403 62 162 222 187 211 320 353 28 193 194 296 270 369 314 392 8 10 58 416 451 55 156 163 331 386 411 73 269 274 382 427 458 143 166 379 328 421 84 474 457 196 197 109 228 409 469 244 360 444 447 118 217 135 178 256 278 248 364 71 29 112 223 282 215 154 271 329 375 24 61 254 216 255 1 417 370 25 27 30 106 42 82 102 219 224 385 333 430 35 113 428 459 89 198 227 425 383 44 137 140 87 203 257 168 288 448 120 304 410 67 68 176 277 188 239 309 336 308 13 75 63 170 283 340 275 330 384 18 31 110 315 276 9 11 41 17 56 59 64 164 78 129 157 279 284 429 387 72 74 171 47 95 144 258 287 46 19 85 199 202 141 263 316 229 346 94 179 361 33 119 121 237 335 249 299 365 389 334 2 36 126 114 231 341 5 43 45 65 169 4 0 3 32 83 38 103 107 115 225 130 189 220 337 51 21 97 125 232 90 145 206 317 345 88 48 138 259 262 204 322 371 289 122 240 12 69 177 180 297 388 310 356 413 6 14 76 185 172 291 20 49 86 116 230 15 7 16 66 131 79 158 165 173 190 250 280 96 52 151 184 292 146 207 266 372 142 91 200 318 321 264 377 181 300 34 123 238 241 354 366 406 22 37 127 246 233 50 92 139 174 39 23 40 117 191 132 221 251 311 150 98 213 245 208 267 325 205 147 260 376 323 242 357 70 182 298 301 53 77 186 93 148 201 80 54 81 252 192 212 152 273 268 326 265 209 302 124 243 99 128 149 210 133 100 272 214 183 153 
393 349 431 436 342 398 432 435 293 394 306 401 390 404 460 395 464 285 397 418 439 449 461 463 350 234 247 351 305 355 363 402 441 338 433 407 443 476 343 437 111 290 226 347 419 438 373 423 452 399 466 414 470 477 104 175 294 187 307 403 332 362 303 405 412 442 62 312 281 391 462 358 445 359 446 408 467 155 286 396 57 162 235 348 380 453 465 319 420 422 456 472 440 159 367 378 450 468 479 160 161 134 236 352 215 248 364 29 331 386 411 244 360 409 444 71 73 112 253 368 313 339 415 434 101 469 447 118 217 295 344 400 26 105 223 261 327 426 473 108 324 374 454 381 455 424 475 136 60 167 471 478 195 218 222 193 194 296 10 274 154 275 304 308 13 63 385 333 430 35 410 448 67 75 113 170 314 416 270 369 392 451 55 156 120 68 176 277 320 353 8 28 58 163 283 211 269 382 427 458 143 166 379 328 421 84 474 457 196 197 109 228 135 178 256 278 282 254 216 255 1 30 334 361 2 36 114 429 387 72 74 33 94 119 126 171 231 370 42 329 417 25 82 102 219 179 121 237 335 375 24 27 61 106 224 341 271 428 459 89 198 227 425 383 44 137 140 87 203 257 168 288 188 239 309 336 340 315 276 9 11 64 6 12 14 76 172 51 21 97 125 69 122 177 185 232 291 17 78 384 41 56 129 157 279 240 180 297 388 330 18 31 59 110 164 284 47 95 144 258 287 46 19 85 199 202 141 263 316 229 346 249 299 365 389 4 0 3 32 115 22 34 37 127 233 96 52 151 184 123 181 238 246 292 38 130 43 83 103 189 220 337 300 241 354 5 45 65 107 169 225 90 145 206 317 345 88 48 138 259 262 204 322 371 289 310 356 413 15 7 16 66 173 53 70 77 186 150 98 213 245 182 242 298 79 190 49 131 158 250 280 357 301 20 86 116 165 230 146 207 266 372 142 91 200 318 321 264 377 366 406 39 23 40 117 99 124 128 212 152 273 243 302 132 251 92 191 221 311 50 139 174 208 267 325 205 147 260 376 323 80 54 81 153 183 272 214 192 148 252 93 201 268 326 265 209 133 100 210 149 
435 343 433 437 436 439 461 463 294 395 286 396 460 391 462 464 57 401 399 452 466 470 477 104 348 351 236 352 295 339 344 400 26 443 476 415 434 101 441 111 105 402 363 438 420 440 453 456 472 465 159 468 479 160 161 307 403 194 296 10 320 353 314 392 8 28 58 408 405 467 155 368 450 369 451 416 55 156 412 62 162 163 362 442 374 454 60 426 473 424 475 136 108 167 446 455 478 471 195 218 222 248 364 29 216 255 1 30 329 375 24 254 370 417 25 27 61 106 360 447 409 444 469 118 217 82 42 102 219 411 71 73 112 223 224 386 328 421 84 109 427 458 143 379 457 474 196 197 166 228 178 135 256 278 282 304 308 13 63 271 275 276 315 9 11 64 384 330 18 31 17 41 56 59 110 164 410 68 385 448 67 120 176 277 129 78 157 279 430 35 75 113 170 283 284 333 382 383 425 44 137 168 459 428 89 198 87 140 203 257 227 288 239 188 309 336 340 361 334 2 36 114 0 4 3 32 115 43 5 45 65 38 83 103 107 169 225 33 121 429 94 119 179 237 335 189 130 220 337 72 74 126 171 231 341 342 387 19 46 85 199 229 95 47 144 258 141 202 263 316 287 346 299 249 365 389 393 12 6 14 76 172 7 15 16 66 173 49 20 86 116 79 131 158 165 230 285 69 180 51 122 177 240 297 388 250 190 280 390 21 97 125 185 232 291 394 48 88 138 259 289 145 90 206 317 204 262 322 371 345 398 356 310 413 432 34 22 37 127 233 23 39 40 117 234 92 50 139 174 132 191 221 226 290 123 241 96 181 238 300 354 431 311 251 338 52 151 184 246 292 349 91 142 200 318 347 207 146 266 372 264 321 377 418 397 406 366 449 70 53 77 186 293 54 80 81 175 148 93 201 235 192 252 281 182 301 150 242 298 357 404 367 312 98 213 245 306 350 147 205 260 373 267 208 325 419 323 376 423 445 414 124 99 128 247 100 133 134 210 149 261 253 313 243 358 212 302 355 407 152 273 305 209 265 319 326 268 380 378 422 183 153 187 154 193 270 211 303 272 359 214 332 269 324 381 327 244 215 331 274 
400 437 344 26 352 440 353 28 464 396 462 57 296 392 8 10 58 403 466 454 60 375 24 61 463 441 476 111 477 434 101 104 105 255 1 417 25 27 29 30 106 442 364 465 472 159 473 421 84 108 109 330 18 31 110 412 62 467 155 162 479 160 416 55 156 161 163 315 308 9 11 370 384 451 41 17 56 59 13 63 64 164 411 73 475 136 167 458 143 425 44 137 166 168 276 383 5 43 45 65 169 444 71 112 469 118 217 223 471 195 218 447 42 82 102 219 222 224 361 4 334 2 0 3 32 83 38 103 107 35 36 113 114 115 225 430 474 196 197 228 428 89 198 457 46 19 85 199 227 229 20 49 86 116 230 410 67 75 170 478 448 120 68 176 277 283 135 178 256 278 78 129 157 279 282 284 12 15 387 6 14 7 16 66 131 79 158 165 72 74 76 171 172 173 285 429 459 140 87 203 257 288 47 95 144 258 88 48 138 259 287 289 50 92 139 174 290 33 94 119 126 231 179 121 237 335 341 188 239 309 336 130 189 220 337 340 342 34 39 21 22 37 23 40 117 191 132 221 226 97 125 127 232 233 234 343 51 202 141 263 316 346 90 145 206 317 142 91 200 318 345 347 93 148 201 235 348 69 122 177 185 291 240 180 297 388 394 249 299 365 389 190 250 280 390 393 395 70 80 52 53 77 54 81 175 252 192 281 286 96 151 184 186 292 293 294 262 204 322 371 398 146 207 266 372 205 147 260 373 397 399 149 210 261 295 123 181 238 246 349 300 241 354 431 436 310 356 413 432 251 311 338 433 435 124 133 98 99 128 100 134 236 313 253 339 150 213 245 247 350 351 321 264 377 418 439 208 267 325 419 265 209 319 420 438 211 270 320 182 242 298 306 401 357 301 404 460 366 406 449 461 312 367 391 183 193 152 153 187 154 194 369 314 212 273 305 307 402 376 323 423 452 268 326 380 453 324 269 374 271 329 243 302 355 363 407 358 443 414 445 470 368 415 244 254 214 215 248 216 272 332 362 422 378 456 327 381 426 379 328 303 359 405 446 408 450 468 304 274 275 331 386 455 424 382 427 360 409 333 385 
347 350 419 438 398 290 373 399 349 397 305 402 418 380 453 439 465 393 234 235 348 319 420 440 293 394 306 401 247 332 362 351 442 423 452 327 426 473 435 466 108 342 432 285 175 294 226 261 295 343 400 324 374 454 60 431 436 355 363 441 187 307 331 386 411 403 73 422 449 456 472 381 269 274 382 427 458 143 461 463 159 166 390 395 134 236 352 281 286 211 320 353 396 28 378 270 379 328 421 84 109 404 460 464 303 405 412 62 215 248 364 359 385 333 430 35 29 113 445 455 414 470 424 475 136 428 459 89 198 433 477 437 104 167 227 338 193 194 296 10 313 339 344 154 271 329 375 24 26 61 425 383 44 137 168 407 443 476 111 244 358 360 409 444 71 112 275 304 308 13 429 387 72 74 63 171 468 474 367 450 479 457 196 197 47 95 144 258 391 462 160 57 161 228 287 312 253 254 216 255 1 30 369 314 392 8 330 384 18 31 58 110 46 19 85 199 229 446 408 467 155 162 410 448 67 75 170 334 361 2 36 51 21 97 125 114 232 478 140 415 471 195 87 203 257 90 145 206 317 434 101 218 105 222 288 345 368 315 276 9 11 64 417 370 25 27 5 43 45 65 106 169 88 48 138 259 289 469 447 118 217 223 33 94 119 126 231 6 12 14 76 96 52 151 184 172 292 178 202 451 135 256 141 263 316 146 207 266 372 416 55 156 278 163 282 346 4 0 3 32 115 41 17 56 59 20 49 86 116 164 230 142 91 200 318 120 68 176 277 283 69 122 177 185 291 22 34 37 127 150 98 213 245 233 239 262 82 188 309 204 322 371 208 267 325 42 102 219 336 224 340 15 7 16 66 173 83 38 103 107 50 92 139 174 225 205 147 260 179 121 237 335 341 123 181 238 246 53 70 77 186 212 152 273 299 321 129 249 365 264 377 268 326 78 157 279 389 284 39 23 40 117 131 79 158 165 93 148 201 265 209 240 180 297 388 182 242 298 99 124 128 272 214 356 376 189 310 413 323 130 220 337 80 54 81 191 132 221 149 210 300 241 354 243 302 153 183 406 250 366 190 280 133 100 252 192 357 301 311 251 
397 393 418 439 347 350 419 438 342 398 432 435 373 423 452 399 466 290 349 305 402 380 453 465 394 285 390 395 431 449 461 436 463 319 420 422 456 472 348 440 159 234 235 293 306 401 247 332 362 351 442 327 426 473 108 226 343 338 433 437 404 460 414 470 477 464 104 324 261 374 454 378 381 445 455 424 475 136 295 400 60 167 175 294 355 363 441 187 307 331 386 411 403 73 269 274 382 427 458 143 166 281 286 396 312 391 462 57 407 443 476 367 450 468 479 160 111 161 270 379 211 320 328 421 84 474 457 196 197 236 353 352 28 109 228 134 303 405 412 62 215 248 364 359 385 333 430 35 29 113 428 459 89 198 227 313 339 344 26 358 253 368 415 434 101 105 446 408 467 155 471 478 195 218 162 222 329 425 154 271 375 383 44 137 140 87 203 257 194 296 24 10 61 168 288 193 244 360 409 444 71 112 275 304 308 13 429 387 72 74 63 171 47 95 144 258 287 369 314 392 8 58 416 451 55 156 163 469 447 118 217 135 178 256 278 223 282 384 46 216 330 18 19 85 199 202 141 263 316 255 1 31 30 110 229 346 254 410 448 67 75 170 334 361 2 36 51 21 97 125 114 232 90 145 206 317 345 417 370 25 27 106 42 82 102 219 224 120 68 176 277 188 239 309 336 283 340 43 88 276 5 45 48 138 259 262 204 322 371 315 9 11 65 64 169 289 33 94 119 126 231 6 12 14 76 96 52 151 184 172 292 146 207 266 372 41 17 56 59 164 78 129 157 279 284 179 121 237 335 249 299 365 389 341 49 142 0 20 86 91 200 318 321 264 377 4 3 32 116 115 230 69 122 177 185 291 22 34 37 127 150 98 213 245 233 208 267 325 83 38 103 107 225 130 189 220 337 240 180 297 388 310 356 413 92 205 7 50 139 147 260 376 323 15 16 66 174 173 123 181 238 246 53 70 77 186 212 152 273 268 326 131 79 158 165 190 250 280 300 241 354 366 406 148 265 23 93 201 209 39 40 117 182 242 298 99 124 128 272 214 191 132 221 251 311 357 301 210 54 149 80 81 243 302 153 183 252 192 100 133 
438 348 420 440 439 402 453 465 343 399 295 400 452 374 454 466 60 435 351 362 442 426 473 108 294 395 286 396 236 320 353 352 28 456 472 328 421 84 463 159 109 436 461 401 307 403 363 386 411 441 73 427 458 143 166 433 437 339 344 26 194 296 329 375 24 10 61 424 470 475 136 379 382 271 383 425 44 137 477 104 167 168 460 464 248 364 29 405 412 333 430 35 62 113 455 385 459 428 89 198 227 391 462 57 314 392 8 58 216 255 1 369 384 330 18 31 30 110 450 457 468 479 474 196 197 19 46 85 199 476 160 111 161 228 229 443 304 308 13 63 409 444 71 275 387 429 72 74 112 171 95 47 144 258 287 415 434 101 105 254 368 370 417 25 27 106 276 315 9 11 43 5 45 65 64 169 471 87 446 478 195 140 203 257 48 88 138 259 467 155 218 162 222 288 289 408 360 361 334 2 36 114 448 410 67 75 21 51 97 125 170 232 145 90 206 317 345 451 416 55 156 163 17 41 56 59 164 0 4 3 32 49 20 86 116 115 230 135 141 469 178 256 202 263 316 91 142 200 318 118 217 278 223 282 346 347 447 12 6 14 76 172 94 33 119 126 52 96 151 184 231 292 207 146 266 372 397 82 42 102 219 224 38 83 103 107 225 7 15 16 66 92 50 139 174 173 290 188 204 120 239 309 262 322 371 147 205 260 373 68 176 277 336 283 340 398 34 22 37 127 233 122 69 177 185 98 150 213 245 291 350 267 208 325 419 129 78 157 279 284 79 131 158 165 285 23 39 40 117 148 93 201 235 234 249 264 179 299 365 321 377 418 209 265 319 121 237 335 389 341 393 70 53 77 186 293 181 123 238 246 152 212 273 305 349 326 268 380 189 130 220 337 342 132 191 221 226 54 80 81 175 210 149 261 310 323 240 356 413 376 423 269 324 180 297 388 432 394 124 99 128 247 242 182 298 306 214 272 332 381 327 250 190 280 390 192 252 281 100 133 134 270 211 366 378 300 406 449 422 241 354 431 183 153 187 302 243 355 274 331 311 251 338 253 313 154 193 414 357 445 301 404 244 215 359 303 367 312 407 358 
352 440 353 28 396 403 296 10 466 400 454 60 344 375 24 26 61 437 442 364 29 255 1 30 465 463 472 159 473 421 84 108 109 392 8 330 18 31 57 58 110 464 462 441 411 73 412 308 13 62 63 315 9 11 64 477 104 475 136 167 458 143 425 44 137 166 168 417 434 25 27 384 276 383 5 43 45 65 101 105 106 169 476 111 430 35 113 444 71 334 2 36 112 114 370 361 4 0 3 32 115 479 160 161 474 196 197 228 428 89 198 457 46 19 85 199 227 229 451 41 416 55 17 56 59 20 49 86 116 155 156 162 163 164 230 467 429 72 74 171 410 67 75 387 6 12 14 76 170 172 15 7 16 66 173 471 195 218 222 459 478 140 87 203 257 288 47 95 144 258 88 48 138 259 287 289 82 83 447 42 102 38 103 107 50 92 139 174 118 217 219 223 224 225 290 469 448 51 21 97 125 232 33 94 119 126 22 34 37 127 231 233 39 23 40 117 234 135 178 256 278 282 202 141 263 316 346 90 145 206 317 142 91 200 318 345 347 129 131 68 78 157 79 158 165 93 148 201 235 176 277 279 283 284 285 348 120 96 52 151 184 292 69 122 177 185 53 70 77 186 291 293 80 54 81 175 294 188 239 309 336 340 262 204 322 371 398 146 207 266 372 205 147 260 373 397 399 189 191 121 130 220 132 221 226 149 210 261 295 179 237 335 337 341 342 343 150 98 213 245 350 123 181 238 246 99 124 128 247 349 351 133 100 134 236 249 299 365 389 393 321 264 377 418 439 208 267 325 419 265 209 319 420 438 250 252 180 190 280 192 281 286 211 270 320 240 297 388 390 394 395 212 152 273 305 402 182 242 298 306 153 183 187 307 401 193 154 194 310 356 413 432 435 376 323 423 452 268 326 380 453 324 269 374 311 313 241 251 338 253 339 271 329 300 354 431 433 436 272 214 332 362 243 302 355 363 215 244 248 254 216 366 406 449 461 422 378 456 327 381 426 379 328 367 369 301 312 391 314 357 404 460 331 274 386 303 359 405 275 304 414 445 470 455 424 382 427 415 358 368 407 443 385 333 360 409 450 468 408 446 
402 436 363 441 351 438 362 442 395 401 460 464 307 405 412 403 62 294 439 453 465 386 411 73 435 343 433 437 461 443 476 463 111 248 364 409 444 71 352 29 112 348 236 399 452 466 420 426 473 440 108 333 430 35 113 286 396 391 462 57 470 477 408 467 155 104 162 304 194 308 13 360 385 446 448 410 67 75 296 10 63 170 295 400 456 472 159 374 454 427 458 143 60 166 275 382 387 429 72 74 171 339 344 26 415 434 101 105 468 479 160 368 447 469 118 217 161 223 254 361 216 255 334 2 36 94 33 119 126 353 1 28 30 114 231 320 424 475 136 167 328 421 84 455 459 428 89 198 109 227 21 51 97 125 232 314 392 8 58 450 369 451 416 55 156 163 478 471 195 218 68 120 176 277 222 283 315 12 271 276 9 6 14 76 122 69 177 185 375 24 11 61 64 172 291 329 379 457 474 196 197 228 383 425 44 137 95 47 144 258 168 287 52 96 151 184 292 370 417 25 27 106 82 42 102 219 224 178 135 256 278 121 179 237 335 282 341 4 34 330 0 3 22 37 127 181 123 238 246 18 31 32 110 115 233 349 384 87 140 203 257 288 19 46 85 199 145 90 206 317 229 345 98 150 213 245 350 17 41 56 59 164 129 78 157 279 284 239 188 309 336 180 240 297 388 340 394 15 70 5 7 16 53 77 186 242 182 298 306 43 45 65 66 169 173 293 141 202 263 316 346 48 88 138 259 207 146 266 372 289 397 152 212 273 305 38 83 103 107 225 189 130 220 337 342 299 249 365 389 241 300 354 431 393 39 124 20 23 40 99 128 247 302 243 355 49 86 116 117 230 234 204 262 322 371 398 91 142 200 318 267 208 325 419 347 214 272 332 79 131 158 165 285 250 190 280 390 356 310 413 432 301 357 404 80 183 50 54 81 153 187 359 303 92 139 174 175 290 264 321 377 418 147 205 260 373 326 268 380 274 331 132 191 221 226 311 251 338 406 366 449 358 407 133 244 93 100 134 215 148 201 235 323 376 423 209 265 319 381 327 192 252 281 367 312 445 414 193 149 154 210 261 378 422 269 324 253 313 211 270 
351 438 362 442 401 294 307 403 439 402 453 465 363 386 411 441 73 436 348 236 352 248 364 29 399 435 452 466 420 426 473 440 108 405 412 333 430 35 464 62 113 395 460 343 295 400 286 194 296 396 10 304 308 13 63 461 463 456 472 159 374 454 427 458 143 60 166 409 443 444 71 385 275 382 387 429 72 74 476 111 112 171 433 437 320 353 28 339 344 216 255 1 26 30 360 254 361 334 2 36 114 470 477 104 424 475 136 167 328 421 84 455 459 428 89 198 109 227 446 448 408 467 410 67 75 21 51 97 125 462 155 57 162 170 232 391 329 375 24 61 314 392 8 271 276 315 9 11 58 64 12 6 14 76 172 468 479 160 161 379 450 457 474 196 197 228 383 425 44 137 95 47 144 258 168 287 469 94 368 447 118 33 119 126 52 96 151 184 434 101 217 105 223 231 292 415 369 384 330 18 31 110 370 417 25 27 0 4 3 32 106 115 34 22 37 127 233 478 471 195 218 222 87 140 203 257 288 19 46 85 199 145 90 206 317 229 345 120 122 416 68 176 69 177 185 98 150 213 245 55 156 277 163 283 291 350 451 43 5 45 65 169 17 41 56 59 7 15 16 66 164 173 70 53 77 186 293 178 135 256 278 282 141 202 263 316 346 48 88 138 259 207 146 266 372 289 397 179 181 42 121 237 123 238 246 152 212 273 305 82 102 219 335 224 341 349 49 20 86 116 230 38 83 103 107 23 39 40 117 225 234 124 99 128 247 239 188 309 336 340 204 262 322 371 398 91 142 200 318 267 208 325 419 347 240 242 78 180 297 182 298 306 214 272 332 129 157 279 388 284 394 92 50 139 174 290 79 131 158 165 54 80 81 175 285 183 153 187 299 249 365 389 393 264 321 377 418 147 205 260 373 326 268 380 300 302 130 241 354 243 355 274 331 189 220 337 431 342 148 93 201 235 132 191 221 226 100 133 134 244 215 356 310 413 432 323 376 423 209 265 319 381 327 357 359 190 301 404 303 250 280 390 210 149 261 192 252 281 154 193 406 366 449 378 422 269 324 407 251 358 311 338 270 211 253 313 445 414 312 367 
442 352 364 29 441 465 411 73 396 403 296 10 412 308 13 62 63 464 440 473 108 430 35 113 400 437 344 26 353 255 1 28 30 444 71 334 2 36 111 112 114 463 476 466 454 60 472 458 143 159 166 429 72 74 171 462 57 392 8 58 375 24 315 9 11 61 64 410 467 67 75 361 387 276 6 12 14 76 155 162 170 172 477 104 421 84 109 475 136 428 89 198 167 227 448 459 51 21 97 125 232 434 101 105 417 25 27 106 330 18 31 370 4 0 3 32 110 115 447 33 469 118 94 119 126 22 34 37 127 160 217 161 223 231 233 479 425 44 137 168 474 196 197 383 47 95 144 258 228 287 96 52 151 184 292 416 55 156 163 384 451 41 17 56 59 164 5 43 45 65 15 7 16 66 169 173 68 69 478 120 176 122 177 185 53 70 77 186 195 218 277 222 283 291 293 471 457 46 19 85 199 229 140 87 203 257 90 145 206 317 288 345 150 98 213 245 350 42 82 102 219 224 83 38 103 107 225 20 49 86 116 39 23 40 117 230 234 121 123 178 179 237 181 238 246 99 124 128 247 256 278 335 282 341 349 351 135 88 48 138 259 289 202 141 263 316 146 207 266 372 346 397 212 152 273 305 402 78 129 157 279 284 131 79 158 165 285 50 92 139 174 80 54 81 175 290 294 180 182 239 240 297 242 298 306 153 183 187 307 188 309 336 388 340 394 401 142 91 200 318 347 262 204 322 371 208 267 325 419 398 438 272 214 332 362 130 189 220 337 342 191 132 221 226 343 93 148 201 235 133 100 134 236 348 241 243 299 300 354 302 355 363 215 244 248 249 365 389 431 393 436 205 147 260 373 399 321 264 377 418 268 326 380 453 439 331 274 386 190 250 280 390 395 252 192 281 286 149 210 261 295 193 154 194 301 303 356 357 404 359 405 275 304 310 413 432 460 435 265 209 319 420 376 323 423 452 327 381 426 385 333 251 311 338 433 313 253 339 211 270 320 254 216 358 360 406 407 443 409 366 449 461 324 269 374 422 378 456 382 427 312 367 391 369 314 271 329 408 445 446 414 470 379 328 455 424 368 415 468 450 
407 431 355 443 358 445 359 446 390 404 394 460 303 306 405 408 467 312 449 422 468 331 409 469 432 338 342 433 393 349 436 461 476 244 360 305 363 444 368 447 118 367 253 414 423 470 378 381 455 450 478 274 385 448 120 281 391 285 395 462 398 435 293 401 464 477 155 187 193 304 410 247 332 350 362 307 412 67 314 416 68 176 313 415 418 456 479 324 424 380 427 474 471 178 215 327 333 386 429 94 179 226 339 434 290 343 437 101 397 439 463 234 351 402 441 111 160 217 134 248 154 254 275 361 33 411 364 71 119 369 370 451 42 121 237 270 373 452 475 195 269 379 457 419 426 382 459 140 135 239 387 430 51 122 240 175 286 392 55 347 235 348 294 396 57 156 438 399 466 104 403 442 62 162 218 277 194 308 211 216 315 334 12 69 35 13 75 177 329 417 17 82 78 180 297 261 319 420 453 472 196 256 328 374 425 87 458 428 95 202 188 299 21 72 96 181 300 236 295 344 25 102 400 352 26 105 219 465 440 159 161 29 73 112 223 278 335 255 2 271 276 4 6 34 123 74 36 126 238 384 41 38 129 130 241 354 320 454 473 136 203 309 383 421 46 141 89 47 145 262 249 356 52 97 150 242 357 296 353 8 56 157 28 10 58 163 279 108 60 167 222 63 113 170 283 336 388 9 14 330 0 15 22 70 182 125 76 185 298 375 43 83 79 189 190 301 84 143 197 263 365 19 44 88 204 144 90 207 321 310 406 98 151 212 302 1 24 27 103 220 61 30 106 224 337 166 109 228 282 114 171 231 341 389 3 37 5 7 39 53 124 243 184 127 246 18 49 131 132 250 251 137 198 257 322 413 48 85 142 264 206 146 267 376 366 152 213 272 11 31 59 158 280 110 64 164 284 227 168 288 340 172 232 291 16 77 20 23 80 99 183 245 186 45 92 191 192 311 199 258 316 377 91 138 205 323 266 208 326 214 273 32 65 107 221 169 115 225 287 229 346 233 292 40 128 50 54 133 153 86 148 252 259 317 371 147 200 265 325 268 66 116 165 230 173 345 289 81 93 100 139 210 318 372 209 260 117 174 149 201 
409 363 443 444 360 385 446 448 307 405 401 412 408 460 467 410 67 304 386 427 429 468 469 94 362 248 351 364 402 436 441 411 71 368 447 461 476 118 361 33 119 275 254 333 426 430 382 455 459 387 51 450 478 120 122 194 308 294 403 13 438 442 395 464 62 35 75 391 314 416 68 433 470 435 477 462 155 176 315 12 69 177 216 334 453 458 72 328 428 456 474 95 21 96 415 424 471 479 178 179 181 236 255 2 348 352 29 36 439 465 73 343 437 463 111 112 74 126 339 434 369 370 451 42 121 160 101 217 237 276 4 6 34 123 238 271 420 473 89 97 379 383 47 452 475 457 140 145 52 150 135 195 239 240 242 286 296 9 14 399 295 400 396 10 63 76 466 440 108 113 57 104 162 170 125 185 392 55 329 417 17 82 78 180 218 156 277 297 330 0 15 22 70 182 298 320 374 454 472 143 144 151 425 421 19 90 196 87 202 207 98 212 188 256 299 300 302 344 353 1 3 37 28 26 30 114 127 159 60 166 171 105 161 223 231 184 246 25 102 384 41 38 129 130 241 278 219 335 354 5 7 39 53 124 243 355 375 84 136 198 206 213 46 44 48 146 203 141 262 267 152 272 249 309 356 357 359 8 24 11 16 77 61 58 64 172 186 167 109 227 232 163 222 283 291 245 306 56 157 43 83 79 189 190 301 336 279 388 404 18 20 23 80 99 183 303 137 197 258 266 273 88 85 91 208 263 204 321 326 214 331 310 365 406 407 27 31 32 40 128 110 106 115 233 247 228 168 287 292 224 282 341 349 305 103 220 49 131 132 250 251 358 389 337 431 45 50 54 133 153 244 199 257 317 325 332 142 138 147 268 322 264 376 381 274 366 413 445 59 65 66 81 187 169 164 173 293 288 229 345 350 284 340 394 158 280 92 191 192 311 312 432 390 86 93 100 193 215 259 316 372 380 205 200 209 327 377 323 422 414 449 107 116 117 134 230 225 234 346 289 397 342 393 221 338 148 252 253 367 139 149 154 318 371 419 265 260 269 423 378 165 174 175 290 285 398 347 281 210 313 201 211 373 418 324 319 226 235 270 261 
366 357 376 445 413 311 323 414 354 406 302 407 377 326 422 449 468 389 251 252 367 265 378 450 301 388 298 404 243 272 359 358 446 371 423 268 381 455 432 470 478 337 340 280 192 312 221 210 313 338 415 260 324 424 471 341 431 246 355 443 183 303 273 331 409 408 469 372 346 418 456 325 209 214 327 380 427 474 393 461 479 178 284 390 133 253 368 165 281 149 270 369 391 451 318 201 319 269 379 457 135 291 394 460 186 306 405 467 153 244 360 245 332 274 385 448 447 120 345 419 289 398 373 452 475 382 426 459 140 342 435 433 477 195 239 225 81 193 314 416 174 226 339 100 211 261 329 417 434 82 374 328 425 87 188 292 349 436 476 128 233 247 305 363 444 118 215 187 304 410 386 333 429 94 68 179 397 453 230 347 439 420 472 196 428 458 95 202 285 395 463 462 160 256 299 173 117 134 154 254 370 42 235 175 286 392 271 320 384 41 55 129 421 383 46 141 249 350 293 401 464 155 307 362 412 67 176 275 248 361 33 430 387 51 122 121 240 438 473 290 399 466 454 136 203 47 89 145 262 343 437 104 101 218 309 356 234 194 216 315 17 78 295 236 344 25 330 375 43 83 102 189 44 19 88 204 310 402 351 441 111 217 364 411 71 119 237 334 308 12 69 72 21 96 181 180 300 465 143 348 440 159 84 197 263 90 144 207 321 294 396 57 161 156 278 365 255 276 4 38 130 353 296 8 56 5 18 49 131 157 250 85 48 142 264 442 403 62 162 277 13 35 75 177 297 6 2 34 123 97 52 150 242 241 108 198 400 60 167 137 257 322 146 206 267 352 26 105 222 219 336 9 0 15 79 190 24 1 27 103 20 45 92 191 220 138 91 205 73 29 112 223 335 36 74 126 238 22 14 70 182 151 98 212 166 258 28 109 228 199 316 208 266 10 58 163 282 279 3 7 39 132 31 11 59 158 50 86 148 200 147 113 63 170 283 76 125 185 53 37 124 213 152 227 317 61 168 288 259 30 106 224 16 23 80 65 32 107 93 139 171 114 231 127 184 99 77 287 110 229 64 164 40 54 116 66 232 172 169 115 
358 445 359 446 404 312 303 408 449 407 422 468 355 331 409 443 469 431 367 253 368 244 360 447 414 432 423 470 378 381 455 450 478 306 405 274 385 448 460 467 120 390 394 338 313 415 281 193 314 391 416 187 304 410 68 393 461 418 456 479 324 424 380 427 474 471 178 305 349 363 444 332 215 327 333 386 429 94 436 476 118 179 342 433 270 369 451 226 339 154 254 370 434 42 247 134 248 275 361 33 121 398 435 477 373 452 475 195 269 379 457 419 426 382 459 140 135 239 350 362 293 401 307 412 67 387 430 51 122 395 464 462 155 176 240 285 261 329 417 82 175 286 392 211 216 194 315 17 55 78 308 334 12 69 180 397 439 463 160 319 347 420 453 472 196 256 328 374 425 87 458 428 95 202 188 299 402 411 234 351 441 364 71 119 21 72 96 181 343 437 111 101 217 237 300 290 235 320 271 384 41 129 236 295 344 25 276 255 4 38 102 130 2 6 34 123 241 438 399 466 104 218 454 473 136 203 309 383 421 46 141 89 47 145 262 249 356 442 35 294 403 62 13 75 177 52 97 150 242 396 57 162 156 277 297 357 348 375 330 43 83 189 296 353 8 56 0 9 15 79 157 190 14 22 70 182 301 465 440 159 161 278 84 143 197 263 365 19 44 88 204 144 90 207 321 310 406 73 74 352 29 112 36 126 238 98 151 212 302 400 26 105 223 219 335 354 18 5 49 131 250 1 24 27 103 7 3 39 132 220 251 37 53 124 243 108 60 167 222 336 137 198 257 322 413 48 85 142 264 206 146 267 376 366 113 125 10 63 170 76 185 298 152 213 272 28 58 163 283 279 388 45 20 92 191 311 11 31 59 158 23 16 80 192 280 77 99 183 166 109 228 282 389 199 258 316 377 91 138 205 323 266 208 326 171 184 30 114 231 127 246 214 273 61 106 224 341 337 86 50 148 252 32 65 107 221 54 40 133 128 153 227 168 288 340 259 317 371 147 200 265 325 268 232 245 64 172 291 186 110 164 284 139 93 210 66 116 165 100 81 287 229 346 318 372 209 260 292 115 233 169 225 201 149 117 174 345 289 173 230 
446 368 360 447 443 468 409 469 391 408 314 416 405 304 410 467 68 460 450 455 478 385 448 120 415 433 339 434 369 254 370 451 42 363 444 275 361 33 476 118 121 461 436 470 424 471 456 427 474 479 178 386 429 94 179 395 462 286 392 55 329 417 194 315 17 82 78 307 401 412 67 248 333 216 334 308 12 69 464 155 176 180 435 477 379 457 135 452 475 382 459 140 195 239 362 426 430 387 51 122 240 343 437 101 295 344 25 102 271 384 41 236 255 276 4 38 129 130 351 364 402 441 411 71 119 6 2 34 123 463 111 160 217 237 241 439 374 425 87 188 453 472 196 328 428 458 95 202 256 299 72 21 96 181 300 294 396 57 156 320 348 353 296 8 56 157 330 375 43 83 9 0 15 79 189 190 403 13 438 442 62 35 75 177 22 14 70 182 466 104 162 218 277 297 301 399 420 421 383 46 141 249 473 454 136 203 47 89 145 262 309 356 97 52 150 242 357 352 400 26 105 219 24 1 27 103 220 5 18 49 131 3 7 39 132 250 251 29 36 465 73 112 74 126 238 53 37 124 243 159 161 223 278 335 354 358 440 44 19 88 204 310 143 84 197 263 90 144 207 321 365 406 151 98 212 302 407 10 28 58 163 279 31 11 59 158 280 20 45 92 191 16 23 80 192 311 312 63 76 108 113 170 125 185 298 99 77 183 303 60 167 222 283 336 388 404 85 48 142 264 366 198 137 257 322 146 206 267 376 413 445 213 152 272 359 30 61 106 224 337 65 32 107 221 338 50 86 148 252 40 54 133 253 367 114 127 166 171 231 184 246 355 153 128 244 109 228 282 341 389 431 138 91 205 323 414 258 199 316 377 208 266 326 422 449 273 214 331 64 110 164 284 390 116 66 165 281 93 139 210 313 81 100 193 172 186 227 232 291 245 306 215 187 168 288 340 394 432 200 147 265 378 317 259 371 423 268 325 381 332 274 115 169 225 342 174 117 226 149 201 270 134 154 233 247 287 292 349 305 229 346 393 260 209 324 372 318 418 327 380 173 230 285 235 175 211 261 293 345 350 289 398 319 269 419 373 234 290 397 347 
360 385 446 448 405 304 408 410 386 409 427 429 443 468 469 444 94 363 275 254 361 368 447 33 333 362 426 430 382 455 459 387 51 460 467 450 478 120 412 67 122 307 401 248 216 334 194 314 315 308 12 391 416 68 69 402 411 453 458 72 328 428 456 474 95 21 96 461 436 476 118 470 415 424 471 479 178 179 441 71 119 181 351 364 271 276 6 236 255 369 370 4 2 34 433 339 434 451 42 121 123 438 442 35 420 473 89 97 379 383 47 452 475 457 140 145 52 150 435 477 395 464 462 155 176 135 195 239 240 403 62 13 75 177 242 294 320 330 0 22 286 296 9 329 417 392 17 15 14 70 55 82 78 180 182 439 465 73 74 374 399 454 472 143 144 151 425 421 19 90 196 87 202 207 98 212 463 160 343 437 111 101 217 237 188 256 299 300 352 29 112 36 126 238 302 348 295 375 384 5 7 53 344 353 1 3 41 25 38 39 37 124 102 129 130 241 243 466 440 108 113 125 84 136 198 206 213 46 44 48 146 203 141 262 267 152 272 104 218 396 57 162 156 277 297 249 309 356 357 10 63 170 76 185 298 359 400 18 43 20 23 99 8 24 11 16 83 56 79 80 77 183 157 189 190 301 303 159 60 166 171 184 137 197 258 266 273 88 85 91 208 263 204 321 326 214 331 161 278 26 105 223 219 335 354 310 365 406 407 28 30 114 231 127 246 355 45 49 50 54 153 27 31 32 40 131 103 132 133 128 244 220 250 251 358 167 109 227 232 245 199 257 317 325 332 142 138 147 268 322 264 376 381 274 222 336 58 163 283 279 388 404 366 413 445 61 64 172 291 186 306 86 92 93 100 215 59 65 66 81 191 158 192 193 187 280 311 312 228 168 287 292 305 259 316 372 380 205 200 209 327 377 323 422 282 389 106 224 341 337 431 414 449 110 115 233 349 247 139 148 149 154 107 116 117 134 252 221 253 338 367 288 229 345 350 318 371 419 265 260 269 423 378 340 432 164 284 394 390 169 173 293 201 210 211 165 174 175 313 281 346 289 397 373 418 324 319 393 225 342 230 234 261 270 226 235 398 347 285 290 
448 361 447 33 444 429 469 94 308 410 315 12 467 416 68 67 69 412 387 459 51 478 120 122 334 364 255 2 276 370 4 6 34 476 118 451 42 121 71 119 123 411 441 430 428 21 458 474 95 72 96 479 178 179 181 403 13 296 9 14 330 0 392 17 15 22 70 462 464 155 176 434 471 417 82 55 78 180 62 75 177 182 442 35 383 47 52 473 89 457 140 145 97 150 477 475 195 135 239 240 242 352 29 36 353 1 3 37 384 5 7 344 25 41 38 39 53 124 437 101 463 111 160 217 237 129 102 130 241 73 112 74 126 238 243 465 421 19 90 98 472 143 144 425 87 196 202 207 151 212 256 188 299 300 302 396 10 63 76 375 400 24 8 11 16 77 43 18 20 23 56 83 79 80 99 183 57 156 466 104 162 218 277 297 189 157 190 301 108 113 170 125 185 298 303 440 454 44 46 48 146 152 136 84 198 206 141 203 262 267 213 272 309 249 356 357 359 26 28 30 114 127 31 27 32 40 128 49 45 50 54 103 131 132 133 153 244 105 219 159 161 223 278 335 354 250 220 251 358 166 171 231 184 246 355 360 60 85 88 91 208 214 197 137 258 266 204 263 321 326 273 331 365 310 406 407 409 58 61 64 172 186 65 59 66 81 187 92 86 93 100 158 191 192 193 215 304 163 279 167 222 283 336 388 404 311 280 312 408 109 227 232 291 245 306 405 138 142 147 268 274 257 199 317 325 264 322 376 381 332 385 413 366 445 446 106 110 115 233 247 116 107 117 134 248 148 139 149 154 221 252 253 254 275 224 337 228 282 341 389 431 443 367 338 368 168 287 292 349 305 363 200 205 209 327 333 316 259 372 380 323 377 422 427 386 449 414 468 164 169 173 293 307 174 165 175 194 210 201 211 216 281 313 314 284 390 288 340 394 432 460 415 391 229 345 350 401 362 260 265 269 382 371 318 419 426 378 423 455 470 450 225 230 234 351 235 226 236 270 261 271 339 369 342 433 346 393 436 461 289 397 402 319 324 328 418 373 453 424 456 285 290 294 295 286 329 320 395 398 435 347 438 374 379 452 420 343 348 439 399 
364 430 442 35 412 308 403 13 429 411 458 72 441 465 73 71 74 444 334 255 2 352 29 36 387 448 459 51 428 473 89 21 97 464 62 440 108 113 67 75 125 410 467 361 276 6 315 296 9 12 14 396 10 63 76 469 94 474 95 96 383 47 472 143 144 52 151 463 476 111 112 466 400 454 60 159 166 171 118 119 126 184 447 33 330 0 22 370 4 353 1 3 34 37 437 344 26 28 30 114 127 478 120 122 457 140 145 150 421 19 90 475 136 84 198 206 98 213 477 104 462 155 57 162 170 109 167 227 232 68 176 69 177 185 245 416 384 5 7 53 392 17 15 375 24 8 11 16 70 77 58 61 64 172 186 479 178 179 181 425 471 87 196 202 207 212 44 46 48 146 197 137 258 266 152 273 160 161 434 101 217 105 223 231 168 228 287 292 42 121 237 123 238 246 305 451 417 43 18 20 23 99 25 41 38 39 31 27 32 40 124 128 106 110 115 233 247 195 135 239 240 242 141 203 262 267 272 85 88 91 208 257 199 317 325 214 332 218 222 55 156 277 163 283 291 229 288 345 350 78 180 297 182 298 306 362 82 49 45 50 54 153 56 83 79 80 65 59 66 81 183 187 164 169 173 293 307 256 188 299 300 302 204 263 321 326 331 138 142 147 268 316 259 372 380 274 386 278 282 102 219 335 224 341 349 289 346 397 402 129 130 241 354 243 355 363 92 86 93 100 215 103 131 132 133 116 107 117 134 244 248 225 230 234 351 309 249 356 357 359 264 322 376 381 385 200 205 209 327 371 318 419 426 333 336 340 157 279 388 284 394 401 347 398 438 189 190 301 404 303 405 148 139 149 154 275 158 191 192 193 174 165 175 194 304 285 290 294 365 310 406 407 409 323 377 422 427 260 265 269 382 418 373 453 389 393 220 337 431 342 436 399 439 250 251 358 443 360 210 201 211 216 221 252 253 254 235 226 236 343 348 413 366 445 446 378 423 455 319 324 328 452 420 432 435 280 390 460 395 311 312 408 270 261 271 281 313 314 295 286 449 414 468 424 456 374 379 461 338 433 367 368 329 320 339 369 470 450 391 415 
411 444 441 71 364 430 442 35 410 412 467 67 403 464 62 13 75 308 429 458 72 465 73 74 448 361 447 33 469 476 118 94 119 352 29 463 111 112 2 36 126 334 255 387 459 51 428 473 89 21 97 440 108 113 125 315 12 416 68 69 478 120 462 155 176 122 177 396 296 10 63 437 466 477 104 57 162 170 9 14 76 185 276 6 474 95 96 383 47 472 143 144 52 151 400 454 60 159 166 171 184 370 4 34 451 42 121 123 479 178 179 434 101 160 217 237 181 238 344 26 353 1 28 30 114 161 105 223 231 0 3 22 37 127 246 330 457 140 145 150 421 19 90 475 136 84 198 206 98 213 109 167 227 232 245 392 17 15 70 471 417 82 55 78 180 182 195 135 239 240 156 218 277 297 242 298 8 58 375 24 11 61 64 172 222 163 283 291 5 7 16 53 77 186 306 384 425 87 196 202 207 212 44 46 48 146 197 137 258 266 152 273 168 228 287 292 305 25 41 38 39 124 129 102 130 241 243 256 188 299 300 219 278 335 354 302 355 27 106 18 31 32 110 115 233 282 224 341 349 20 23 40 99 128 247 363 43 141 203 262 267 272 85 88 91 208 257 199 317 325 214 332 229 288 345 350 362 56 83 79 80 183 189 157 190 301 303 309 249 356 357 279 336 388 404 359 405 59 164 45 65 66 169 173 293 340 284 394 401 49 50 54 81 153 187 307 204 263 321 326 331 138 142 147 268 316 259 372 380 274 386 289 346 397 402 103 131 132 133 244 250 220 251 358 360 365 310 406 407 337 389 431 443 409 107 225 86 116 117 230 234 351 393 342 436 92 93 100 134 215 248 264 322 376 381 385 200 205 209 327 371 318 419 426 333 347 398 438 158 191 192 193 304 311 280 312 408 413 366 445 446 390 432 460 165 285 139 174 175 290 294 435 395 148 149 154 194 275 323 377 422 427 260 265 269 382 418 373 453 399 439 221 252 253 254 367 338 368 449 414 468 433 461 226 343 201 235 236 348 210 211 216 378 423 455 319 324 328 452 420 281 313 314 415 391 470 450 286 261 295 270 271 424 456 374 379 339 369 320 329 
406 389 377 449 366 357 376 445 337 413 340 432 323 371 423 414 470 311 354 302 407 326 422 468 388 280 284 390 341 346 393 431 461 265 378 372 418 456 367 450 479 251 252 301 298 404 243 272 359 358 446 268 381 455 478 221 338 225 342 433 291 394 289 398 435 460 477 260 210 324 424 318 325 345 419 373 452 475 313 415 471 195 192 312 246 355 443 183 303 273 331 409 408 469 209 214 327 380 427 474 178 165 281 391 173 285 395 462 292 349 436 230 347 397 439 463 476 160 201 319 149 270 269 379 457 453 420 472 196 253 369 368 451 135 256 133 186 306 405 467 153 244 360 245 332 274 385 448 447 120 382 426 459 140 239 174 226 339 434 233 117 234 290 343 437 101 350 293 401 464 399 438 466 104 155 218 261 374 100 211 329 328 425 87 473 454 136 203 193 314 417 416 82 188 309 81 128 247 305 363 444 118 215 187 304 410 386 333 429 94 68 179 428 458 95 202 299 235 175 286 392 55 294 348 396 57 156 402 351 441 111 440 465 159 161 217 278 320 421 154 271 384 383 46 141 143 84 197 263 254 370 41 42 129 249 365 134 307 362 412 67 176 275 248 361 33 430 387 51 122 121 240 47 89 145 262 356 295 236 344 25 102 352 400 26 105 219 442 403 62 162 60 108 167 222 277 336 375 44 216 330 43 19 88 204 198 137 257 322 194 315 17 83 78 189 310 364 411 71 119 237 334 308 12 69 72 21 96 181 180 300 90 144 207 321 353 296 8 56 157 10 28 58 163 279 73 29 112 223 109 166 228 282 335 18 85 276 5 49 48 142 264 258 199 316 255 4 38 131 130 250 13 35 75 177 297 6 2 34 123 97 52 150 242 241 146 206 267 24 1 27 103 220 30 61 106 224 113 63 170 283 168 227 288 45 138 0 20 92 91 205 317 259 9 15 79 191 190 36 74 126 238 22 14 70 182 151 98 212 208 266 31 11 59 158 64 110 164 171 114 231 229 287 86 200 7 50 148 147 3 39 132 76 125 185 53 37 124 213 152 65 32 107 115 169 232 172 139 23 93 16 80 127 184 99 77 116 66 54 40 
445 367 378 450 449 407 422 468 338 414 313 415 423 324 424 470 471 432 358 359 446 381 455 478 312 390 281 391 253 270 369 368 451 418 456 269 379 457 461 479 135 431 393 404 303 408 355 331 409 443 469 380 427 474 178 342 433 226 339 434 193 314 261 329 417 416 82 373 398 452 475 319 327 211 328 374 425 87 435 477 195 188 394 460 244 360 447 306 405 274 385 448 467 120 419 332 426 382 459 140 239 285 395 462 175 286 392 55 154 254 370 235 320 271 384 41 42 129 347 420 397 439 453 472 196 383 421 46 141 436 463 476 160 256 249 349 187 304 410 68 305 363 444 215 333 386 429 94 118 179 458 428 95 202 299 290 343 437 101 134 234 236 295 344 25 102 216 194 315 17 375 330 43 83 78 189 399 454 350 438 466 473 136 203 19 44 88 204 401 464 104 155 218 309 310 293 247 248 275 361 33 121 362 307 412 67 387 430 51 122 176 240 89 47 145 262 356 348 294 396 57 156 296 353 8 56 157 276 255 4 38 18 5 49 131 130 250 440 84 402 465 159 143 197 263 48 85 142 264 441 111 161 217 278 365 366 351 308 334 12 69 180 411 364 71 119 21 72 96 181 237 300 144 90 207 321 406 400 352 26 105 219 1 24 27 103 220 0 9 15 79 45 20 92 191 190 311 60 137 442 108 167 198 257 322 91 138 205 323 403 62 162 222 277 336 413 2 6 34 123 241 35 13 75 177 52 97 150 242 297 357 206 146 267 376 28 10 58 163 279 11 31 59 158 280 7 3 39 132 86 50 148 252 251 109 199 73 166 228 258 316 377 147 200 265 29 112 223 282 335 389 14 22 70 182 301 74 36 126 238 98 151 212 302 354 266 208 326 61 30 106 224 337 32 65 107 221 23 16 80 192 139 93 210 168 259 113 227 288 317 371 209 260 63 170 283 340 388 37 53 124 243 125 76 185 298 152 213 272 325 268 110 64 164 284 66 116 165 54 40 133 201 149 229 318 171 287 346 372 114 231 341 77 99 183 184 127 246 214 273 169 115 225 117 174 100 81 289 232 345 172 291 128 153 245 186 230 173 292 233 
368 450 369 451 391 408 314 416 470 415 424 471 339 329 417 434 82 433 446 360 447 254 370 42 468 461 456 479 455 379 457 478 135 286 392 271 384 41 462 55 129 460 395 443 409 469 405 304 410 467 68 194 315 17 78 435 477 452 475 195 427 474 374 425 87 178 188 295 343 344 25 320 216 328 330 375 43 83 437 101 102 189 436 476 385 448 120 363 444 275 361 33 118 121 236 248 255 276 4 38 130 439 463 160 453 472 196 256 382 459 140 420 421 383 46 141 239 249 348 353 294 396 296 8 56 5 18 49 131 464 57 155 156 157 250 401 386 429 94 179 307 412 67 333 334 308 12 69 176 180 9 0 15 79 190 399 466 104 218 426 438 473 454 136 203 309 428 458 95 202 44 19 88 204 299 310 400 24 351 352 26 1 27 103 20 45 92 191 441 111 105 217 219 220 311 402 362 430 387 51 122 240 364 411 71 119 6 2 34 123 237 241 3 7 39 132 251 440 465 159 161 278 143 84 197 263 365 47 89 145 262 85 48 142 264 356 366 28 31 403 10 58 11 59 158 50 86 148 252 62 162 163 277 279 280 367 442 72 21 96 181 300 13 35 75 177 22 14 70 182 297 301 16 23 80 192 312 60 108 167 222 336 198 137 257 322 413 90 144 207 321 138 91 205 323 406 414 61 65 29 30 106 32 107 221 93 139 210 313 73 112 223 224 335 337 338 97 52 150 242 357 36 74 126 238 53 37 124 243 354 358 40 54 133 253 109 166 228 282 389 258 199 316 377 449 146 206 267 376 200 147 265 378 445 110 116 63 64 164 66 165 281 149 201 270 113 170 283 284 388 390 151 98 212 302 407 76 125 185 298 99 77 183 303 404 81 100 193 168 227 288 340 432 317 259 371 423 208 266 326 422 260 209 324 169 174 114 115 225 117 226 211 261 171 231 341 342 431 213 152 272 359 127 184 246 355 153 128 244 134 154 229 287 346 393 372 318 418 268 325 381 319 269 230 235 172 173 285 175 232 291 394 273 214 331 186 245 306 215 187 289 345 398 419 373 327 380 290 233 234 292 349 332 274 247 305 347 397 293 350 
451 447 370 42 434 471 417 82 467 416 410 68 392 315 17 55 78 462 478 457 135 384 41 129 469 476 444 118 448 361 33 120 121 344 25 276 4 38 101 102 130 477 437 479 474 178 475 425 87 195 188 375 43 83 189 464 155 412 67 176 429 94 308 12 69 179 180 296 396 8 56 255 330 334 0 9 15 79 57 156 157 190 463 160 459 140 239 472 196 383 46 141 256 249 353 421 18 5 49 131 250 441 111 217 411 71 119 237 387 51 122 364 2 6 34 123 240 241 352 1 400 26 24 27 103 7 3 39 132 104 105 218 219 220 251 466 458 95 202 299 454 136 203 428 19 44 88 204 309 310 45 20 92 191 311 403 62 162 277 430 442 35 13 75 177 297 21 72 96 181 14 22 70 182 300 301 10 11 440 28 58 31 59 158 23 16 80 192 159 161 163 278 279 280 312 465 473 89 47 145 262 356 84 143 197 263 48 85 142 264 365 366 86 50 148 252 367 29 73 112 223 335 74 36 126 238 354 52 97 150 242 37 53 124 243 357 358 30 32 60 61 106 65 107 221 54 40 133 253 167 222 224 336 337 338 368 108 144 90 207 321 406 137 198 257 322 91 138 205 323 413 414 139 93 210 313 415 63 113 170 283 388 125 76 185 298 404 98 151 212 302 77 99 183 303 407 408 64 66 109 110 164 116 165 281 100 81 193 314 166 228 282 284 389 390 391 206 146 267 376 445 199 258 316 377 147 200 265 378 449 450 201 149 270 369 114 171 231 341 431 184 127 246 355 443 152 213 272 359 128 153 244 360 446 115 117 168 169 225 174 226 339 154 134 254 227 288 340 342 432 433 266 208 326 422 468 259 317 371 423 209 260 324 424 470 261 211 329 172 232 291 394 460 245 186 306 405 214 273 331 409 187 215 304 173 175 229 230 285 235 286 216 194 287 346 393 395 461 325 268 381 455 318 372 418 456 269 319 379 320 271 233 292 349 436 305 247 363 274 332 385 248 275 234 236 289 290 343 295 345 398 435 380 327 427 373 419 452 328 374 293 350 401 362 307 333 386 294 347 348 397 439 426 382 420 453 351 402 399 438 
370 384 451 41 392 315 416 17 375 417 425 43 434 471 82 25 83 344 276 361 4 447 42 38 330 353 421 18 383 457 46 5 49 462 55 478 135 129 8 56 131 296 396 255 334 0 308 410 12 9 15 467 68 78 79 400 24 454 44 45 428 19 475 87 88 20 92 477 437 101 102 479 469 474 178 195 188 189 26 27 103 191 352 1 387 6 7 364 2 448 33 34 3 39 476 444 118 120 121 130 132 440 28 31 473 84 85 86 459 47 48 472 196 140 141 142 50 148 463 160 464 57 155 156 157 239 256 249 250 10 58 11 59 158 252 403 430 21 22 23 412 13 14 429 94 67 69 70 16 80 176 179 180 190 192 466 60 61 65 458 465 143 136 137 138 139 95 89 90 91 203 202 204 205 93 210 104 218 441 111 105 217 219 220 299 309 310 311 29 30 106 32 107 221 313 442 411 72 51 52 53 54 71 35 36 37 122 119 123 124 40 133 237 240 241 251 253 159 108 109 110 116 198 197 199 200 201 145 144 146 147 263 262 264 265 149 270 161 278 62 162 163 277 279 280 356 365 366 367 63 64 164 66 165 281 369 73 97 96 98 99 100 75 74 76 77 181 177 182 183 81 193 297 300 301 312 314 167 166 168 169 174 258 257 259 260 261 207 206 208 209 322 321 323 324 211 329 222 336 112 223 224 335 337 338 406 413 414 415 113 114 115 225 117 226 339 151 150 152 153 154 126 125 127 128 242 238 243 244 134 254 354 357 358 368 228 227 229 230 235 317 316 318 319 320 267 266 268 269 377 376 378 379 271 282 389 170 283 284 388 390 391 445 449 450 171 172 173 285 175 286 213 212 214 215 216 185 184 186 187 302 298 303 304 194 404 407 408 288 287 289 290 295 372 371 373 374 326 325 327 328 423 422 424 340 432 231 341 342 431 433 468 470 232 233 234 343 236 273 272 274 275 246 245 247 248 359 355 360 443 446 346 345 347 348 419 418 420 381 380 382 456 455 393 461 291 394 395 460 292 293 294 332 331 333 306 305 307 409 405 398 397 399 453 452 427 426 435 349 436 350 351 386 385 363 362 439 438 401 402 
373 423 398 452 419 319 347 420 422 418 449 456 397 393 439 453 472 380 324 261 374 290 399 454 378 381 445 455 414 432 470 424 475 350 438 342 435 466 426 473 136 327 332 269 270 379 211 235 320 328 421 234 348 440 84 331 427 407 468 474 367 450 431 461 479 457 196 349 305 402 465 394 285 390 395 436 463 159 386 458 143 197 274 382 313 329 425 154 271 226 295 375 383 44 293 175 294 343 400 60 137 359 385 459 358 446 478 140 338 415 471 404 460 433 477 195 87 203 306 401 247 362 351 442 108 437 464 104 167 333 430 428 89 198 257 215 253 369 384 46 134 216 330 281 286 236 353 18 19 85 352 396 28 109 199 355 409 429 95 312 303 408 443 469 178 202 391 368 451 135 476 462 160 256 141 263 363 441 187 307 411 403 73 166 57 111 161 228 275 387 72 47 144 258 316 244 193 314 339 417 43 88 194 254 276 5 344 296 24 45 48 138 10 26 61 168 259 405 360 448 51 145 447 467 120 239 262 434 416 82 188 155 101 218 309 204 322 412 62 248 364 35 29 113 227 105 162 222 288 334 21 97 90 206 317 371 304 370 392 41 49 142 255 315 0 20 8 1 31 86 91 200 30 58 110 229 318 444 410 94 96 207 68 118 179 299 321 55 42 129 249 217 156 278 365 264 377 71 112 308 13 74 63 171 287 163 223 282 346 361 6 52 151 146 266 372 17 25 83 92 205 9 4 7 50 27 11 65 139 147 260 64 106 169 289 67 33 122 150 267 121 176 240 356 376 102 78 189 310 277 219 336 413 323 75 170 2 36 125 114 232 345 224 283 340 12 22 98 213 208 325 38 56 131 148 265 3 15 23 93 59 32 116 201 209 115 164 230 119 69 181 212 326 180 237 300 406 157 130 250 366 335 279 389 126 231 14 76 184 172 292 284 341 34 53 152 273 268 79 103 191 210 16 39 54 149 107 66 174 173 225 177 123 242 272 241 297 357 220 190 311 388 337 185 291 37 127 245 233 70 99 214 132 158 252 40 80 100 165 117 238 182 302 301 354 280 251 246 77 186 124 153 192 221 81 133 298 243 128 183 
418 380 397 453 373 423 398 452 327 419 332 426 347 350 438 420 473 319 422 449 456 393 439 472 381 269 274 382 331 305 386 427 458 290 399 349 402 465 374 454 143 324 261 378 445 455 414 432 470 424 475 342 435 466 136 211 328 215 333 428 359 385 247 362 430 459 89 234 235 348 440 293 394 306 401 351 442 108 320 421 84 198 270 379 407 468 474 367 450 431 461 479 457 196 285 390 395 436 463 159 197 154 271 383 244 275 387 47 355 409 429 187 307 363 411 72 95 144 175 294 226 295 343 400 60 441 403 73 166 329 375 425 44 137 258 313 358 446 478 140 338 415 471 404 460 433 477 195 87 203 437 464 104 167 257 134 216 330 19 303 193 304 248 334 21 90 405 360 448 51 364 412 35 97 145 206 236 352 281 286 353 396 28 109 62 29 113 227 369 384 18 46 85 199 317 253 312 408 443 469 178 202 391 368 451 135 476 462 160 256 141 263 57 111 161 228 316 194 254 276 5 48 361 308 6 52 146 444 410 94 96 13 71 74 151 207 266 296 10 339 344 24 26 61 168 112 63 171 287 417 43 45 88 138 259 372 314 447 467 120 239 262 434 416 82 188 155 101 218 309 204 322 105 162 222 288 371 255 315 0 20 91 12 2 22 98 208 67 33 122 150 36 75 125 213 267 325 1 30 392 8 31 58 110 229 170 114 232 345 370 41 49 86 142 200 318 68 118 179 299 321 55 42 129 249 217 156 278 365 264 377 163 223 282 346 9 4 7 50 147 34 14 53 152 268 119 69 181 212 76 126 184 273 326 11 64 25 27 65 106 169 289 231 172 292 17 83 92 139 205 260 121 176 240 356 376 102 78 189 310 277 219 336 413 323 224 283 340 3 15 23 93 209 70 37 99 214 177 123 242 272 127 185 245 32 115 56 59 116 164 230 291 233 38 131 148 201 265 180 237 300 406 157 130 250 366 335 279 389 284 341 16 39 54 149 124 77 153 238 182 302 186 246 66 173 103 107 174 225 79 191 210 241 297 357 220 190 311 388 337 40 80 100 183 128 298 243 117 158 165 132 252 301 354 280 251 81 133 221 192 
452 374 399 454 453 456 439 472 328 420 320 421 438 348 440 473 84 426 424 470 475 435 466 136 379 382 271 383 329 295 375 425 44 402 465 343 400 60 458 143 137 427 386 455 450 457 468 461 479 474 196 436 463 159 197 333 428 216 330 19 369 384 236 353 18 46 85 351 362 442 108 294 395 286 396 352 28 109 430 89 198 199 385 459 415 471 87 446 478 433 477 195 140 203 401 460 464 437 104 167 257 275 387 47 254 276 5 48 339 417 43 194 296 344 24 45 88 138 307 403 363 411 441 73 166 26 10 61 168 429 72 95 144 258 259 409 368 451 135 141 443 469 178 391 462 476 160 256 202 263 111 57 161 228 316 248 334 21 90 314 304 315 255 0 20 91 392 370 41 49 1 8 31 86 142 200 364 29 405 412 35 62 113 227 58 30 110 229 448 51 97 145 206 317 318 360 408 416 434 82 188 204 467 447 120 239 101 155 218 309 262 322 162 105 222 288 371 308 361 6 52 146 4 9 7 50 147 25 17 83 92 11 27 65 139 205 260 13 63 444 71 74 112 171 287 106 64 169 289 94 96 151 207 266 372 373 410 42 55 129 249 264 118 68 179 299 156 217 278 365 321 377 223 163 282 346 418 2 12 22 98 208 15 3 23 93 209 56 38 131 148 32 59 116 201 265 319 36 114 67 75 125 170 232 345 164 115 230 347 33 122 150 213 267 325 419 78 102 189 310 323 176 121 240 356 219 277 336 413 376 423 283 224 340 398 14 34 53 152 268 39 16 54 149 269 103 79 191 210 66 107 174 261 324 76 172 119 126 184 231 292 397 225 173 290 69 181 212 273 326 380 130 157 250 366 378 237 180 300 406 279 335 389 449 422 341 284 393 37 70 99 214 327 80 40 100 211 158 132 252 270 117 165 235 127 233 177 185 245 291 350 285 234 123 242 272 332 381 190 220 311 414 297 241 357 445 337 388 432 394 342 77 124 153 274 133 81 154 221 192 313 175 226 186 293 238 246 305 349 182 302 331 251 280 367 354 301 407 390 431 128 183 215 193 134 281 253 247 298 306 243 359 312 338 404 358 187 244 355 303 
425 454 375 44 383 457 384 46 473 421 440 84 330 353 18 19 85 428 475 471 87 417 43 88 472 458 465 143 466 400 60 136 137 276 5 344 24 45 47 48 138 459 387 474 479 196 478 451 135 140 141 370 41 49 142 430 89 442 108 198 463 159 352 28 109 197 199 255 334 0 20 296 392 396 8 1 31 86 21 90 91 200 429 95 477 195 203 469 178 434 82 188 202 204 315 416 17 25 83 92 205 411 72 144 441 73 166 258 437 104 167 403 10 26 61 168 257 259 308 9 361 6 4 7 50 27 11 65 139 51 52 145 146 147 260 448 476 160 256 263 447 120 239 462 55 42 129 249 262 264 38 56 131 148 265 364 35 97 206 464 412 62 29 113 227 317 57 111 161 228 30 58 110 229 316 318 2 3 410 12 22 15 23 93 59 32 116 201 94 96 98 207 208 209 319 444 467 155 101 218 309 322 68 118 179 299 102 78 189 310 321 323 79 103 191 210 324 13 71 74 151 266 112 63 171 287 372 105 162 222 288 64 106 169 289 371 373 14 16 33 34 53 39 54 149 107 66 174 261 122 150 152 267 268 269 374 67 217 156 278 365 377 121 176 240 356 157 130 250 366 376 378 132 158 252 270 379 36 75 125 213 325 170 114 232 345 419 163 223 282 346 115 164 230 347 418 420 37 40 69 70 99 80 100 211 165 117 235 320 119 181 212 214 326 327 328 277 219 336 413 423 180 237 300 406 220 190 311 414 422 424 192 221 313 329 76 126 184 273 380 231 172 292 397 453 224 283 340 398 173 225 290 399 452 77 81 123 124 153 133 154 271 226 175 295 177 242 272 274 381 382 335 279 389 449 456 241 297 357 445 280 251 367 450 455 253 281 369 127 185 245 332 426 291 233 350 438 284 341 393 439 234 285 348 128 134 182 183 215 193 216 286 236 238 302 331 333 427 388 337 432 470 301 354 407 468 338 312 415 314 339 186 246 305 386 349 293 402 342 394 435 294 343 187 194 243 244 275 254 298 359 385 431 390 461 358 404 446 391 368 247 306 362 401 351 395 436 248 303 304 355 409 460 433 408 443 307 363 360 405 
378 381 445 455 423 324 414 424 380 422 331 427 449 407 468 456 474 418 269 270 379 367 450 457 327 419 332 426 274 359 385 382 459 432 470 358 446 478 452 475 140 373 398 319 211 328 261 313 329 374 425 338 415 471 87 397 453 305 386 458 215 333 355 409 429 428 95 431 393 461 479 404 312 303 408 443 469 178 439 472 196 202 347 420 154 271 383 235 320 253 369 384 421 46 390 281 391 368 451 135 141 350 438 473 247 362 430 89 244 275 387 306 405 360 448 51 47 145 394 460 342 435 433 477 195 447 467 120 239 399 466 454 136 203 262 290 134 216 330 19 226 295 375 193 314 339 417 43 44 88 434 416 82 188 204 349 402 465 143 187 293 307 363 411 72 144 304 248 334 21 444 410 94 96 90 207 436 476 285 395 463 462 160 256 68 118 179 299 348 440 159 84 197 263 321 234 175 194 254 276 5 48 286 236 353 18 370 392 41 49 85 142 55 42 129 249 264 401 351 442 108 198 364 412 35 97 206 361 308 6 52 67 33 122 150 146 267 464 155 343 437 104 101 218 309 121 176 240 356 400 60 167 137 257 322 376 294 255 315 0 20 91 344 296 24 45 17 25 83 92 138 205 102 78 189 310 323 441 403 73 166 258 13 71 74 151 266 12 2 22 98 119 69 181 212 208 326 111 217 396 57 161 156 278 365 180 237 300 406 352 28 109 228 199 316 377 9 4 7 50 147 8 1 31 86 38 56 131 148 200 265 157 130 250 366 62 29 113 227 317 36 75 125 213 325 34 14 53 152 177 123 242 272 268 162 277 26 105 222 219 336 413 241 297 357 10 61 168 288 259 371 3 15 23 93 209 27 11 65 139 79 103 191 210 260 220 190 311 112 63 171 287 372 76 126 184 273 70 37 99 214 238 182 302 223 335 58 163 282 279 389 301 354 30 110 229 346 318 16 39 54 149 59 32 116 201 132 158 252 280 251 170 114 232 345 127 185 245 124 77 153 298 243 283 388 106 224 340 337 64 169 289 40 80 100 107 66 174 192 221 231 172 292 186 246 183 128 341 164 284 115 230 81 133 165 117 291 233 225 173 
422 418 449 456 378 381 445 455 373 423 398 452 414 432 470 424 475 324 380 331 427 407 468 474 419 319 347 420 397 393 439 453 472 367 450 431 461 479 379 457 196 269 270 327 332 426 274 359 385 382 459 358 446 478 140 261 374 290 399 454 350 438 342 435 466 473 136 338 313 415 471 390 404 394 460 433 477 195 329 425 87 203 211 328 305 386 458 215 333 355 409 429 428 95 312 303 408 443 469 178 202 235 320 421 234 348 440 84 349 402 465 285 395 436 463 159 143 197 281 391 253 369 368 451 135 476 462 160 256 271 384 383 46 141 263 154 247 362 430 89 244 275 387 306 405 360 448 51 47 145 447 467 120 239 262 226 295 375 44 293 175 294 343 400 60 137 401 351 442 108 437 464 104 167 198 257 339 434 193 314 417 416 82 188 155 101 218 309 216 330 43 19 88 204 322 134 187 307 363 411 72 144 304 248 334 21 444 410 94 96 90 207 68 118 179 299 321 286 236 353 18 85 352 396 28 109 199 441 403 73 166 57 111 161 228 258 316 392 55 254 370 41 42 129 249 217 156 278 365 276 5 49 48 142 264 377 194 364 412 35 97 206 361 308 6 52 67 33 122 150 146 267 121 176 240 356 376 344 296 24 45 138 10 26 61 168 259 62 29 113 227 105 162 222 288 317 371 25 102 315 17 83 78 189 310 277 219 336 413 255 0 20 92 91 205 323 13 71 74 151 266 12 2 22 98 119 69 181 212 208 326 180 237 300 406 8 1 31 86 200 30 58 110 229 318 112 63 171 287 163 223 282 346 372 56 157 4 38 131 130 250 366 335 279 389 9 7 50 148 147 265 36 75 125 213 325 34 14 53 152 177 123 242 272 268 241 297 357 27 11 65 139 260 64 106 169 289 170 114 232 345 224 283 340 103 220 15 79 191 190 311 388 337 3 23 93 210 209 76 126 184 273 70 37 99 214 238 182 302 301 354 59 32 116 201 115 164 230 231 172 292 284 341 158 280 39 132 252 251 16 54 149 127 185 245 124 77 153 298 243 107 66 174 173 225 291 233 221 80 192 40 100 186 246 183 128 165 117 133 81 
455 379 450 457 456 427 468 474 374 424 329 425 470 415 471 475 87 452 382 385 459 446 478 140 328 420 320 421 271 369 384 383 46 461 479 368 451 135 472 196 141 453 439 426 333 428 386 409 429 458 95 443 469 178 202 399 454 295 375 44 216 330 339 417 43 19 88 433 435 477 195 391 408 314 416 434 82 188 466 136 203 204 438 473 275 387 47 362 430 360 448 51 89 145 460 405 467 447 120 239 262 348 440 84 236 353 18 85 254 276 5 286 392 370 41 49 48 142 395 462 436 463 476 160 256 42 55 129 249 465 159 143 197 263 264 402 248 334 21 90 363 411 72 304 410 444 94 96 144 207 118 68 179 299 321 343 400 60 137 194 294 296 344 24 45 138 315 255 0 20 25 17 83 92 91 205 437 101 401 464 104 155 218 309 78 102 189 310 442 108 167 198 257 322 323 351 307 308 361 6 52 146 412 364 35 97 33 67 122 150 206 267 176 121 240 356 376 396 352 28 109 199 1 8 31 86 200 4 9 7 50 56 38 131 148 147 265 57 156 441 111 161 217 278 365 130 157 250 366 73 166 228 258 316 377 378 403 2 12 22 98 208 71 13 74 151 69 119 181 212 266 326 237 180 300 406 422 26 10 61 168 259 11 27 65 139 260 15 3 23 93 103 79 191 210 209 324 105 219 62 162 222 277 336 413 190 220 311 414 29 113 227 288 317 371 423 14 34 53 152 268 75 36 125 213 123 177 242 272 325 381 297 241 357 445 58 30 110 229 318 32 59 116 201 319 39 16 54 149 158 132 252 270 269 163 279 112 223 282 335 389 449 251 280 367 63 171 287 346 372 418 37 70 99 214 327 126 76 184 273 182 238 302 331 380 354 301 407 106 64 169 289 373 66 107 174 261 80 40 100 211 221 192 313 224 337 170 283 340 388 432 312 338 114 232 345 398 419 77 124 153 274 185 127 245 332 243 298 359 404 358 164 115 230 347 117 165 235 133 81 154 281 253 284 390 231 341 393 431 172 292 397 128 183 215 246 186 305 303 355 225 173 290 175 226 193 134 342 291 394 233 350 187 244 306 247 285 234 349 293 
383 457 384 46 421 428 330 19 475 425 471 87 375 417 43 44 88 454 459 387 47 276 5 48 474 472 479 196 478 451 135 140 141 353 18 370 41 49 84 85 142 473 440 458 429 95 430 334 21 89 90 255 0 20 91 466 136 477 195 203 469 178 434 82 188 202 204 344 400 24 45 392 315 416 17 25 83 92 60 137 138 205 465 143 448 51 145 411 72 361 6 52 144 146 296 308 9 4 7 50 147 463 159 197 476 160 256 263 447 120 239 462 55 42 129 249 262 264 396 8 352 28 1 31 86 38 56 131 148 108 109 198 199 200 265 442 444 94 96 207 364 35 97 410 12 2 22 98 206 208 3 15 23 93 209 437 104 167 257 467 464 155 101 218 309 322 68 118 179 299 102 78 189 310 321 323 26 27 403 10 61 11 65 139 79 103 191 210 73 166 168 258 259 260 324 441 412 67 33 122 150 267 13 71 74 151 34 14 53 152 266 268 16 39 54 149 269 57 111 161 228 316 217 156 278 365 377 121 176 240 356 157 130 250 366 376 378 58 59 29 30 110 32 116 201 132 158 252 270 113 227 229 317 318 319 379 62 119 69 181 212 326 36 75 125 213 70 37 99 214 325 327 40 80 100 211 328 105 162 222 288 371 277 219 336 413 423 180 237 300 406 220 190 311 414 422 424 106 107 63 64 169 66 174 261 192 221 313 329 112 171 287 289 372 373 374 177 123 242 272 381 76 126 184 273 124 77 153 274 380 382 81 133 154 271 163 223 282 346 418 335 279 389 449 456 241 297 357 445 280 251 367 450 455 164 165 114 115 230 117 235 320 253 281 369 170 232 345 347 419 420 238 182 302 331 427 127 185 245 332 183 128 215 333 426 134 193 216 224 283 340 398 452 388 337 432 470 301 354 407 468 338 312 415 225 226 172 173 290 175 295 314 339 231 292 397 399 453 298 243 359 385 186 246 305 386 244 187 275 194 254 284 341 393 439 431 390 461 358 404 446 391 368 285 286 233 234 348 236 291 350 438 355 303 409 247 306 362 304 248 342 394 435 460 433 408 443 343 293 294 349 402 405 360 307 363 395 436 351 401 
427 453 386 458 382 455 385 459 420 426 438 473 333 362 430 428 89 328 456 468 474 409 429 95 452 374 399 454 439 402 465 472 143 275 387 363 411 72 383 47 144 379 271 424 470 475 450 446 478 457 140 360 448 51 145 320 421 348 440 84 435 466 351 442 108 136 198 248 216 334 21 307 405 401 412 364 35 97 330 19 90 206 329 425 461 479 196 415 471 443 469 178 87 202 304 408 410 444 94 96 207 295 375 44 343 400 60 137 436 463 159 294 403 441 73 166 197 258 194 308 254 276 361 6 52 71 13 74 151 384 5 46 48 146 266 369 433 477 195 203 368 451 135 460 467 447 120 239 141 262 33 67 122 150 267 236 353 18 85 395 286 396 352 28 109 199 464 437 104 167 29 62 113 227 257 317 255 2 314 315 0 12 22 98 75 36 125 213 417 43 20 88 91 208 325 339 391 462 476 160 256 263 416 434 82 188 118 68 179 299 204 321 69 119 181 212 326 296 344 24 45 138 26 10 61 168 259 111 57 161 228 63 112 171 287 316 372 9 14 370 4 7 34 53 152 126 76 184 273 41 49 50 142 147 268 380 392 101 155 218 309 322 42 55 129 249 176 121 240 356 264 376 123 177 242 272 381 1 8 31 86 200 58 30 110 229 318 162 105 222 288 114 170 232 345 371 419 3 37 17 15 23 70 99 214 185 127 245 332 25 83 92 93 205 209 327 156 217 278 365 377 78 102 189 310 237 180 300 406 323 422 182 238 302 331 11 27 65 139 260 106 64 169 289 373 223 163 282 346 172 231 292 397 418 16 77 38 39 54 124 153 274 246 186 305 56 131 148 149 265 269 219 277 336 413 423 130 157 250 366 297 241 357 445 378 243 298 359 32 59 116 201 319 164 115 230 347 283 224 340 398 233 291 350 40 128 79 80 100 183 215 306 247 103 191 210 211 324 279 335 389 449 190 220 311 414 354 301 407 303 355 66 107 174 261 225 173 290 341 284 393 293 349 81 187 132 133 154 244 158 252 270 337 388 432 251 280 367 404 358 117 165 235 285 234 394 342 134 192 193 221 313 390 431 312 338 175 226 253 281 
382 455 385 459 426 328 333 428 456 427 468 474 386 409 429 458 95 453 379 271 383 275 387 47 424 452 470 475 450 446 478 457 140 362 430 360 448 51 473 89 145 420 438 374 329 425 320 216 330 421 19 248 334 21 90 439 472 461 479 196 415 471 443 469 178 87 202 363 402 411 72 405 304 408 410 444 94 96 465 143 144 207 399 454 369 384 46 295 375 254 276 5 44 48 307 194 308 361 6 52 146 435 466 136 433 477 195 203 368 451 135 460 467 447 120 239 141 262 401 412 351 442 364 35 97 33 67 122 150 440 108 84 198 206 267 348 339 417 43 88 236 353 18 314 315 255 0 20 85 91 2 12 22 98 208 436 463 159 197 391 395 462 476 160 256 263 416 434 82 188 118 68 179 299 204 321 441 71 294 403 73 13 74 151 69 119 181 212 400 60 166 137 258 266 326 343 286 392 370 41 49 142 296 344 24 45 4 9 7 50 138 147 14 34 53 152 268 464 437 104 167 257 101 155 218 309 322 42 55 129 249 176 121 240 356 264 376 62 75 352 29 113 36 125 213 123 177 242 272 28 109 227 199 317 325 381 396 25 17 83 92 205 1 8 31 86 15 3 23 93 200 209 37 70 99 214 327 111 57 161 228 316 156 217 278 365 377 78 102 189 310 237 180 300 406 323 422 112 126 10 63 171 76 184 273 182 238 302 331 26 61 168 287 259 372 380 56 38 131 148 265 11 27 65 139 39 16 54 149 260 269 77 124 153 274 162 105 222 288 371 219 277 336 413 423 130 157 250 366 297 241 357 445 378 170 185 30 114 232 127 245 332 243 298 359 58 110 229 345 318 419 103 79 191 210 324 32 59 116 201 80 40 100 211 319 128 183 215 223 163 282 346 418 279 335 389 449 190 220 311 414 354 301 407 231 246 64 172 292 186 305 303 355 106 169 289 397 373 158 132 252 270 66 107 174 261 133 81 154 187 244 283 224 340 398 337 388 432 251 280 367 404 358 291 306 115 233 350 247 164 230 347 221 192 313 117 165 235 193 134 341 284 393 390 431 312 338 349 173 293 225 290 281 253 175 226 394 342 234 285 
459 383 387 47 458 474 429 95 421 428 330 19 430 334 21 89 90 473 457 478 140 448 51 145 425 454 375 44 384 276 5 46 48 411 72 361 6 52 143 144 146 472 465 475 471 87 479 469 178 196 202 444 94 96 207 440 84 353 18 85 417 43 255 0 20 88 91 364 442 35 97 308 410 315 12 2 22 98 108 198 206 208 466 136 451 135 141 477 195 447 120 239 203 262 412 467 67 33 122 150 267 400 60 137 344 24 45 138 370 41 49 296 9 4 7 50 142 147 403 13 441 73 71 74 151 34 14 53 152 159 166 197 258 266 268 463 434 82 188 204 476 160 256 416 68 118 179 299 263 321 119 69 181 212 326 352 28 109 199 392 396 8 1 31 86 200 17 25 83 92 3 15 23 93 205 209 29 36 464 62 113 75 125 213 70 37 99 214 104 167 227 257 317 325 327 437 462 55 42 129 249 264 155 101 218 309 121 176 240 356 322 376 177 123 242 272 381 10 26 61 168 259 27 11 65 139 260 38 56 131 148 16 39 54 149 265 269 63 76 111 112 171 126 184 273 124 77 153 274 161 228 287 316 372 380 382 57 102 78 189 310 323 217 156 278 365 180 237 300 406 377 422 238 182 302 331 427 30 58 110 229 318 59 32 116 201 319 79 103 191 210 40 80 100 211 324 328 114 127 162 170 232 185 245 332 183 128 215 333 105 222 288 345 371 419 426 157 130 250 366 378 277 219 336 413 241 297 357 445 423 455 298 243 359 385 64 106 169 289 373 107 66 174 261 374 132 158 252 270 81 133 154 271 379 172 186 223 231 292 246 305 386 244 187 275 163 282 346 397 418 453 220 190 311 414 424 335 279 389 449 301 354 407 468 456 355 303 409 115 164 230 347 420 165 117 235 320 192 221 313 329 134 193 216 233 247 283 291 350 306 362 304 248 224 340 398 438 452 280 251 367 450 388 337 432 470 358 404 446 405 360 173 225 290 399 226 175 295 253 281 369 194 254 293 307 341 349 402 363 284 393 439 338 312 415 431 390 461 408 443 234 285 348 286 236 314 339 351 394 401 342 435 391 368 460 433 294 343 436 395 
387 448 459 51 430 334 428 21 444 429 469 94 458 474 95 72 96 411 361 276 6 383 47 52 410 412 467 67 447 478 120 33 122 473 89 457 140 145 35 97 150 364 442 308 315 12 255 330 0 2 22 421 19 90 98 441 71 476 118 119 416 68 479 178 179 69 181 472 465 143 144 475 425 471 87 196 202 207 73 74 151 212 403 13 370 4 34 296 9 384 5 7 14 53 454 375 44 46 48 146 152 464 62 75 462 155 176 177 451 42 121 477 195 135 239 240 123 242 466 136 440 108 84 198 206 141 203 262 267 29 113 36 125 213 272 352 392 17 15 70 353 1 3 417 43 18 20 23 37 99 85 88 91 208 214 463 111 112 126 434 437 101 160 217 237 238 82 55 78 180 256 188 299 300 182 302 159 197 400 60 166 137 258 266 204 263 321 326 10 63 171 76 184 273 331 396 344 25 41 38 39 124 24 8 11 16 49 45 50 54 77 153 138 142 147 268 274 104 57 162 170 185 156 218 277 297 298 129 102 130 241 309 249 356 357 243 359 167 257 28 109 227 199 317 325 264 322 376 381 30 114 232 127 245 332 385 26 56 83 79 80 183 31 27 32 40 92 86 93 100 128 215 200 205 209 327 333 161 105 223 231 246 219 278 335 354 355 189 157 190 301 365 310 406 407 303 409 228 316 61 168 287 259 372 380 323 377 422 427 58 64 172 292 186 305 386 103 131 132 133 244 65 59 66 81 148 139 149 154 187 275 260 265 269 382 222 163 283 291 306 279 336 388 404 405 250 220 251 358 413 366 445 446 360 288 371 110 229 345 318 419 426 378 423 455 106 115 233 350 247 362 158 191 192 193 304 116 107 117 134 210 201 211 216 248 319 324 328 282 224 341 349 363 337 389 431 443 311 280 312 408 449 414 468 346 418 169 289 397 373 453 424 456 164 173 293 402 307 221 252 253 254 174 165 175 194 270 261 271 374 379 340 284 394 401 390 432 460 367 338 368 470 450 398 452 230 347 438 420 225 234 351 281 313 314 235 226 236 329 320 393 342 436 433 461 415 391 439 290 399 285 294 339 369 295 286 435 395 348 343 
429 411 458 72 387 448 459 51 364 430 442 35 428 473 89 21 97 334 444 469 94 474 95 96 412 308 403 13 441 465 73 71 74 383 47 472 143 144 6 52 151 361 276 410 467 67 447 478 120 33 122 457 140 145 150 255 2 352 29 36 464 62 440 108 113 75 125 421 330 19 90 454 475 466 136 84 198 206 0 22 98 213 315 12 476 118 119 416 68 479 178 179 69 181 425 471 87 196 202 207 212 296 9 14 396 10 63 76 463 111 112 400 60 159 166 171 126 184 375 44 384 5 46 48 146 197 137 258 266 4 7 34 53 152 273 370 462 155 176 177 451 42 121 477 195 135 239 240 123 242 141 203 262 267 272 353 1 3 37 437 344 26 28 30 114 127 104 57 162 170 109 167 227 232 185 245 18 85 417 43 20 88 91 208 257 199 317 325 17 15 23 70 99 214 332 392 434 101 160 217 237 238 82 55 78 180 256 188 299 300 182 302 204 263 321 326 331 24 8 11 16 77 58 61 64 172 186 161 105 223 231 168 228 287 292 246 305 45 138 41 49 50 142 147 268 316 259 372 380 38 39 54 124 153 274 386 25 156 218 277 297 298 129 102 130 241 309 249 356 357 243 359 264 322 376 381 385 31 27 32 40 128 106 110 115 233 247 222 163 283 291 229 288 345 350 306 362 86 200 83 92 93 205 209 327 371 318 419 426 56 79 80 100 183 215 333 219 278 335 354 355 189 157 190 301 365 310 406 407 303 409 323 377 422 427 65 59 66 81 187 164 169 173 293 307 282 224 341 349 289 346 397 402 363 139 260 131 148 149 265 269 382 418 373 453 103 132 133 154 244 275 279 336 388 404 405 250 220 251 358 413 366 445 446 360 378 423 455 116 107 117 134 248 225 230 234 351 340 284 394 401 347 398 438 201 319 191 210 211 324 328 452 420 158 192 193 216 304 337 389 431 443 311 280 312 408 449 414 468 424 456 174 165 175 194 285 290 294 393 342 436 399 439 261 374 252 270 271 379 221 253 254 390 432 460 367 338 368 470 450 235 226 236 343 348 435 395 320 313 329 281 314 433 461 415 391 295 286 369 339 
390 404 394 460 432 338 342 433 407 431 355 443 393 349 436 461 476 449 312 281 391 285 395 462 358 445 359 446 303 306 405 408 467 398 435 293 401 464 470 477 155 414 423 367 253 368 313 226 339 415 434 290 343 437 101 422 468 331 409 469 244 360 305 363 444 447 118 397 418 439 463 350 234 247 351 402 441 111 456 479 160 217 378 450 193 314 416 270 369 175 286 392 451 55 347 235 348 294 396 57 156 381 455 478 274 385 448 120 187 304 410 332 362 307 412 67 68 176 419 438 373 452 399 466 104 403 442 62 162 424 475 471 195 218 277 324 154 254 370 42 261 329 417 134 236 295 344 25 82 102 400 352 26 105 219 380 427 474 178 215 327 333 386 429 94 179 248 275 361 33 411 364 71 119 121 237 453 465 319 420 472 440 159 161 29 73 112 223 379 457 196 135 256 278 335 269 211 216 194 315 17 78 320 271 384 41 296 353 8 56 129 157 28 10 58 163 279 426 382 459 140 239 387 430 51 122 240 308 334 12 69 35 13 75 177 180 297 473 108 374 454 136 60 167 222 63 113 170 283 425 87 203 188 309 336 388 328 276 255 4 38 130 375 330 43 83 1 24 27 103 189 220 61 30 106 224 337 458 428 95 202 299 21 72 96 181 300 2 6 34 123 74 36 126 238 241 354 143 166 421 84 197 109 228 282 114 171 231 341 383 46 141 263 249 365 389 0 9 15 79 190 18 5 49 131 11 31 59 158 250 280 110 64 164 284 89 47 145 262 356 52 97 150 242 357 14 22 70 182 125 76 185 298 301 198 227 44 137 257 168 288 340 172 232 291 19 88 204 322 310 413 7 3 39 132 251 45 20 92 191 32 65 107 221 311 169 115 225 144 90 207 321 406 98 151 212 302 37 53 124 243 184 127 246 258 287 85 199 316 229 346 233 292 48 142 264 377 366 23 16 80 192 86 50 148 252 66 116 165 230 173 206 146 267 376 152 213 272 77 99 183 245 186 317 345 138 259 371 289 91 205 323 54 40 133 139 93 210 117 174 266 208 326 214 273 128 153 372 200 318 147 265 100 81 201 149 325 268 260 209 
431 449 393 461 390 404 394 460 414 432 423 470 342 398 435 433 477 338 407 355 443 349 436 476 445 367 378 450 422 418 456 468 479 285 395 397 439 463 391 462 160 312 281 358 359 446 303 306 405 408 467 293 401 464 155 313 415 324 424 471 381 455 373 452 475 478 195 290 226 343 437 347 350 419 438 399 466 104 339 434 101 218 253 368 331 409 469 244 360 305 363 444 447 118 234 247 351 402 441 111 217 270 369 451 269 379 457 135 380 427 474 319 420 453 472 196 178 256 235 348 175 286 294 396 57 465 440 159 161 314 392 416 55 156 278 193 274 385 448 120 187 304 410 332 362 307 412 67 68 176 403 442 62 162 277 261 329 417 82 327 211 328 374 425 87 188 426 382 459 140 454 473 136 203 239 309 295 400 134 236 344 352 26 105 108 60 167 222 254 370 25 42 102 219 336 154 215 333 386 429 94 179 248 275 361 33 411 364 71 119 121 237 29 73 112 223 335 320 271 384 41 129 383 421 46 141 249 458 428 95 202 84 143 197 263 299 365 353 28 194 296 8 10 58 163 166 109 228 282 315 17 56 78 157 279 389 216 387 430 51 122 240 308 334 12 69 35 13 75 177 180 297 63 113 170 283 388 375 330 43 83 189 19 44 88 204 310 89 47 145 262 137 198 257 322 356 413 24 61 255 1 27 30 106 224 227 168 288 340 276 4 38 103 130 220 337 21 72 96 181 300 2 6 34 123 74 36 126 238 241 354 114 171 231 341 18 5 49 131 250 48 85 142 264 366 144 90 207 321 199 258 316 377 406 31 110 9 11 59 64 164 284 287 229 346 0 15 79 158 190 280 52 97 150 242 357 14 22 70 182 125 76 185 298 301 172 232 291 45 20 92 191 311 91 138 205 323 206 146 267 376 259 317 371 65 169 3 32 107 115 225 345 289 7 39 132 221 251 98 151 212 302 37 53 124 243 184 127 246 233 292 86 50 148 252 147 200 265 266 208 326 318 372 116 230 16 66 165 173 23 80 192 152 213 272 77 99 183 245 186 139 93 210 209 260 325 268 174 40 117 54 133 214 273 128 153 201 149 81 100 
460 391 395 462 461 443 436 476 415 433 339 434 435 343 437 477 101 470 408 405 467 401 464 155 368 450 369 451 314 286 392 416 55 439 463 294 396 57 479 160 156 468 456 446 360 447 409 363 444 469 118 402 441 111 217 424 471 329 417 82 254 370 295 344 25 42 102 399 452 466 104 348 351 236 352 400 26 105 475 195 218 219 455 478 304 410 68 385 448 307 412 67 120 176 438 362 442 403 62 162 277 379 457 135 271 384 41 129 194 315 17 320 353 296 8 56 78 157 420 440 453 472 465 159 161 10 28 58 163 474 196 178 256 278 279 427 275 361 33 121 386 429 94 248 364 411 71 119 179 237 73 29 112 223 335 374 425 87 188 216 328 330 375 43 83 189 255 276 4 38 24 1 27 103 130 220 454 60 426 473 136 108 167 222 30 61 106 224 459 140 203 239 309 336 337 382 333 334 308 12 69 180 430 387 51 122 13 35 75 177 240 297 113 63 170 283 388 421 383 46 141 249 5 18 49 131 250 9 0 15 79 31 11 59 158 190 280 84 109 458 143 197 166 228 282 64 110 164 284 95 202 263 299 365 389 390 428 6 2 34 123 241 72 21 96 181 36 74 126 238 300 354 171 114 231 341 431 44 19 88 204 310 20 45 92 191 311 3 7 39 132 65 32 107 221 251 338 137 168 89 198 257 227 288 340 115 169 225 342 47 145 262 322 356 413 432 22 14 70 182 301 97 52 150 242 76 125 185 298 357 404 232 172 291 394 85 48 142 264 366 50 86 148 252 367 16 23 80 192 116 66 165 281 312 199 229 144 258 316 287 346 393 173 230 285 90 207 321 377 406 449 53 37 124 243 358 151 98 212 302 127 184 246 355 407 292 233 349 138 91 205 323 414 93 139 210 313 40 54 133 253 174 117 226 259 289 206 317 371 345 398 234 290 146 267 376 423 445 99 77 183 303 213 152 272 359 186 245 306 350 293 200 147 265 378 149 201 270 81 100 193 235 175 318 347 266 372 418 397 208 326 422 153 128 244 273 214 331 247 305 260 209 324 211 261 134 154 373 325 419 268 381 215 187 332 274 319 269 380 327 
416 462 392 55 451 447 370 42 477 434 437 101 417 344 25 82 102 471 467 410 68 315 17 78 476 479 463 160 464 396 57 155 156 384 41 296 8 56 135 129 157 478 457 469 444 118 448 361 33 120 121 276 4 38 130 475 195 466 104 218 441 111 400 26 105 217 219 375 425 43 83 353 255 352 1 24 27 103 87 188 189 220 474 178 412 67 176 429 94 308 12 69 179 180 330 334 0 9 15 79 190 472 196 256 465 159 161 278 403 62 162 440 28 10 58 163 277 279 421 18 383 46 5 49 131 11 31 59 158 140 141 239 249 250 280 459 411 71 119 237 387 51 122 364 2 6 34 123 240 241 7 3 39 132 251 454 136 203 309 442 473 108 60 167 222 336 29 73 112 223 61 30 106 224 335 337 44 45 428 19 88 20 92 191 32 65 107 221 95 202 204 299 310 311 338 458 430 35 13 75 177 297 21 72 96 181 14 22 70 182 300 301 23 16 80 192 312 84 143 197 263 365 166 109 228 282 389 63 113 170 283 110 64 164 284 388 390 85 86 47 48 142 50 148 252 66 116 165 281 145 262 264 356 366 367 391 89 74 36 126 238 354 52 97 150 242 37 53 124 243 357 358 54 40 133 253 368 137 198 257 322 413 227 168 288 340 432 114 171 231 341 169 115 225 342 431 433 138 139 90 91 205 93 210 313 117 174 226 339 144 207 321 323 406 414 415 125 76 185 298 404 98 151 212 302 77 99 183 303 407 408 100 81 193 314 199 258 316 377 449 287 229 346 393 461 172 232 291 394 230 173 285 395 460 200 201 146 147 265 149 270 369 175 235 286 206 267 376 378 445 450 184 127 246 355 443 152 213 272 359 128 153 244 360 446 154 134 254 259 317 371 423 470 345 289 398 435 233 292 349 436 290 234 343 260 261 208 209 324 211 329 236 295 266 326 422 424 468 245 186 306 405 214 273 331 409 187 215 304 216 194 318 372 418 456 397 347 439 293 350 401 348 294 319 320 268 269 379 271 325 381 455 305 247 363 274 332 385 248 275 373 419 452 438 399 351 402 374 327 328 380 427 362 307 333 386 420 453 382 426 
436 439 461 463 395 401 460 464 399 435 452 466 433 470 477 437 104 343 402 363 441 443 476 111 438 348 420 440 453 456 472 465 159 391 462 468 479 160 396 57 161 294 286 351 362 442 307 405 412 403 62 408 467 155 162 295 400 374 454 60 426 473 424 475 136 108 167 415 339 434 101 450 446 455 478 471 195 218 344 26 105 222 236 352 386 411 73 248 364 409 444 71 29 112 368 360 447 469 118 217 223 320 353 28 328 421 84 109 427 458 143 379 457 474 196 197 166 228 369 451 314 392 416 55 156 178 135 256 278 296 8 10 58 163 282 194 333 430 35 113 304 308 13 385 448 410 67 75 63 170 68 120 176 277 283 329 375 24 61 382 271 383 425 44 137 168 459 428 89 198 87 140 203 257 227 288 417 82 254 370 25 42 102 219 239 188 309 336 255 1 27 30 106 224 340 216 275 387 429 72 74 171 361 334 2 36 94 33 119 126 114 231 121 179 237 335 341 384 330 18 31 110 19 46 85 199 229 95 47 144 258 141 202 263 316 287 346 41 129 315 17 56 78 157 279 299 249 365 389 9 11 59 64 164 284 393 276 21 51 97 125 232 12 6 14 76 122 69 177 185 172 291 180 240 297 388 394 43 5 45 65 169 48 88 138 259 289 145 90 206 317 204 262 322 371 345 398 83 189 4 38 103 130 220 337 356 310 413 432 0 3 32 107 115 225 342 52 96 151 184 292 34 22 37 127 181 123 238 246 233 349 241 300 354 431 49 20 86 116 230 91 142 200 318 347 207 146 266 372 264 321 377 418 397 131 250 15 79 158 190 280 390 406 366 449 7 16 66 165 173 285 98 150 213 245 350 70 53 77 186 242 182 298 306 293 301 357 404 92 50 139 174 290 147 205 260 373 267 208 325 419 323 376 423 191 311 39 132 221 251 338 445 414 23 40 117 226 234 152 212 273 305 124 99 128 247 302 243 355 358 407 148 93 201 235 209 265 319 326 268 380 378 422 252 367 80 192 281 312 54 81 175 214 272 332 183 153 187 359 303 210 149 261 269 324 381 327 313 133 253 100 134 274 331 244 215 270 211 193 154 
395 401 460 464 435 343 433 437 402 436 363 441 461 443 476 463 111 439 294 286 396 391 462 57 351 438 362 442 307 405 412 403 62 470 477 408 467 155 466 104 162 399 452 348 236 352 295 339 344 400 26 415 434 101 105 453 465 386 411 73 248 364 409 444 71 29 112 468 456 479 160 446 368 360 447 469 118 217 472 159 161 223 420 440 194 296 10 320 353 314 392 8 28 58 450 369 451 416 55 156 163 426 473 108 333 430 35 113 304 308 13 385 448 410 67 75 63 170 455 478 424 475 471 195 218 68 120 176 277 454 136 60 167 222 283 374 216 255 1 30 329 375 24 254 370 417 25 27 61 106 82 42 102 219 224 427 458 143 166 275 382 387 429 72 74 171 361 334 2 36 94 33 119 126 114 231 474 178 379 457 196 135 256 278 121 179 237 335 421 84 197 109 228 282 341 328 271 276 315 9 11 64 384 330 18 31 17 41 56 59 110 164 129 78 157 279 284 459 428 89 198 227 21 51 97 125 232 12 6 14 76 122 69 177 185 172 291 140 239 425 87 203 188 309 336 180 240 297 388 44 137 257 168 288 340 394 383 0 4 3 32 115 43 5 45 65 38 83 103 107 169 225 189 130 220 337 342 95 47 144 258 287 52 96 151 184 292 34 22 37 127 181 123 238 246 233 349 202 299 46 141 263 249 365 389 241 300 354 431 19 85 199 316 229 346 393 7 15 16 66 173 49 20 86 116 79 131 158 165 230 285 250 190 280 390 145 90 206 317 345 98 150 213 245 350 70 53 77 186 242 182 298 306 293 262 356 88 204 322 310 413 432 301 357 404 48 138 259 371 289 398 23 39 40 117 234 92 50 139 174 132 191 221 226 290 311 251 338 207 146 266 372 397 152 212 273 305 124 99 128 247 302 243 355 321 406 142 264 377 366 449 358 407 91 200 318 418 347 54 80 81 175 148 93 201 235 192 252 281 367 312 267 208 325 419 214 272 332 183 153 187 359 303 376 445 205 323 423 414 147 260 373 100 133 134 210 149 261 253 313 326 268 380 274 331 244 215 422 265 378 209 319 154 193 270 211 381 327 324 269 
464 396 462 57 463 441 476 111 400 437 344 26 477 434 101 104 105 466 403 412 62 467 155 162 352 440 353 28 296 392 8 10 58 479 160 416 55 156 159 161 163 465 472 442 364 29 411 444 71 73 112 469 118 217 223 454 60 375 24 61 255 1 417 25 27 30 106 471 475 195 218 451 447 370 42 82 102 219 136 167 222 224 473 108 308 13 63 430 35 410 67 75 113 170 478 448 120 68 176 277 283 421 84 109 330 18 31 110 315 9 11 384 41 17 56 59 64 164 457 135 474 196 178 256 278 78 129 157 279 143 197 166 228 282 284 458 334 2 36 114 429 72 74 361 33 94 119 126 171 231 179 121 237 335 341 425 44 137 168 276 383 5 43 45 65 169 4 0 3 32 83 38 103 107 115 225 87 188 459 140 203 239 309 336 130 189 220 337 89 198 257 227 288 340 342 428 387 6 12 14 76 172 51 21 97 125 69 122 177 185 232 291 240 180 297 388 394 46 19 85 199 229 20 49 86 116 230 15 7 16 66 131 79 158 165 173 285 141 249 95 202 263 299 365 389 190 250 280 390 144 258 316 287 346 393 395 47 22 34 37 127 233 96 52 151 184 123 181 238 246 292 349 300 241 354 431 436 88 48 138 259 289 50 92 139 174 290 39 23 40 117 191 132 221 226 234 343 204 310 145 262 322 356 413 432 251 311 338 433 90 206 317 371 345 398 435 53 70 77 186 293 150 98 213 245 182 242 298 306 350 401 357 301 404 460 142 91 200 318 347 93 148 201 235 348 80 54 81 175 252 192 281 286 294 264 366 207 321 377 406 449 461 312 367 391 146 266 372 418 397 439 99 124 128 247 351 212 152 273 305 243 302 355 363 402 407 358 443 205 147 260 373 399 149 210 261 295 133 100 134 236 313 253 339 323 414 267 376 423 445 470 368 415 208 325 419 452 438 153 183 187 307 272 214 332 362 303 359 405 446 408 265 209 319 420 211 270 320 193 154 194 369 314 378 450 326 422 456 468 268 380 453 215 244 248 331 274 386 360 409 324 269 374 271 329 254 216 424 381 455 327 426 275 304 385 333 379 328 427 382 
439 402 453 465 399 435 452 466 351 438 362 442 420 426 473 440 108 348 436 461 463 456 472 159 401 294 307 403 363 386 411 441 73 374 454 427 458 143 400 60 166 343 295 395 460 464 433 470 477 437 104 424 475 136 167 236 352 248 364 29 405 412 333 430 35 62 113 328 320 421 84 382 455 385 459 428 89 198 353 28 109 227 286 396 443 476 111 391 462 468 479 160 57 161 379 450 457 474 196 197 228 194 296 10 304 308 13 63 409 444 71 275 387 429 72 74 112 171 271 383 329 375 425 44 137 95 47 144 258 344 24 26 61 168 287 339 408 467 155 162 415 434 101 446 478 471 195 218 105 222 87 140 203 257 288 216 255 1 30 360 254 361 334 2 36 114 448 410 67 75 21 51 97 125 170 232 330 19 369 384 18 46 85 199 145 90 206 317 392 8 31 58 110 229 345 314 368 447 469 118 217 223 451 416 55 156 178 135 256 278 163 282 141 202 263 316 346 276 315 9 11 64 12 6 14 76 172 94 33 119 126 52 96 151 184 231 292 5 48 417 43 45 88 138 259 207 146 266 372 25 27 65 106 169 289 397 370 68 120 176 277 283 82 42 102 219 239 188 309 336 224 340 204 262 322 371 398 0 4 3 32 115 34 22 37 127 233 122 69 177 185 98 150 213 245 291 350 20 91 41 49 86 142 200 318 267 208 325 419 17 56 59 116 164 230 347 121 179 237 335 341 129 78 157 279 299 249 365 389 284 393 264 321 377 418 7 15 16 66 173 70 53 77 186 293 181 123 238 246 152 212 273 305 349 50 147 83 92 139 205 260 373 326 268 380 38 103 107 174 225 290 180 240 297 388 394 189 130 220 337 356 310 413 432 342 323 376 423 23 39 40 117 234 124 99 128 247 242 182 298 306 214 272 332 93 209 131 148 201 265 319 381 327 79 158 165 235 285 241 300 354 431 250 190 280 390 406 366 449 378 422 54 80 81 175 183 153 187 302 243 355 274 331 149 269 191 210 261 324 132 221 226 301 357 404 311 251 338 445 414 100 133 134 244 215 359 303 211 252 270 192 281 358 407 367 312 154 193 313 253 
399 435 452 466 438 348 420 440 436 439 461 463 453 456 472 465 159 402 343 295 400 374 454 60 395 401 460 464 433 470 477 437 104 426 473 424 475 136 442 108 167 351 362 294 286 396 236 320 353 352 28 328 421 84 109 363 441 443 476 111 391 462 468 479 160 57 161 427 386 458 143 455 379 450 457 474 196 197 411 73 166 228 307 403 339 344 26 194 296 329 375 24 10 61 382 271 383 425 44 137 168 405 412 62 408 467 155 162 415 434 101 446 478 471 195 218 105 222 385 459 333 430 428 89 198 87 140 203 257 364 35 29 113 227 288 248 314 392 8 58 216 255 1 369 384 330 18 31 30 110 19 46 85 199 229 409 444 71 112 368 360 447 469 118 217 223 451 416 55 156 178 135 256 278 163 282 429 95 275 387 72 47 144 258 141 202 263 316 308 13 74 63 171 287 346 304 254 370 417 25 27 106 276 315 9 11 43 5 45 65 64 169 48 88 138 259 289 448 410 67 75 170 68 120 176 277 283 82 42 102 219 239 188 309 336 224 340 51 145 334 21 97 90 206 317 204 262 322 371 2 36 125 114 232 345 398 361 17 41 56 59 164 0 4 3 32 49 20 86 116 115 230 91 142 200 318 347 94 33 119 126 231 121 179 237 335 341 129 78 157 279 299 249 365 389 284 393 96 207 6 52 151 146 266 372 264 321 377 418 12 14 76 184 172 292 397 38 83 103 107 225 7 15 16 66 92 50 139 174 173 290 147 205 260 373 122 69 177 185 291 180 240 297 388 394 189 130 220 337 356 310 413 432 342 150 267 22 98 213 208 325 419 323 376 423 34 37 127 245 233 350 79 131 158 165 285 23 39 40 117 148 93 201 235 234 209 265 319 181 123 238 246 349 241 300 354 431 250 190 280 390 406 366 449 212 326 53 152 273 268 380 378 422 70 77 186 305 293 132 191 221 226 54 80 81 175 210 149 261 269 324 242 182 298 306 301 357 404 311 251 338 445 414 272 381 99 214 332 327 124 128 247 192 252 281 100 133 134 270 211 302 243 355 358 407 367 312 331 153 274 183 187 253 313 154 193 359 303 215 244 
466 400 454 60 465 463 472 159 352 440 353 28 473 421 84 108 109 442 437 477 104 475 136 167 396 403 296 10 344 375 24 26 61 458 143 425 44 137 73 166 168 441 411 464 462 57 476 479 160 111 161 474 196 197 228 364 29 255 1 30 392 8 330 18 31 58 110 428 430 89 198 383 457 384 46 19 85 199 35 113 227 229 412 62 434 101 105 467 155 471 195 218 162 222 459 478 140 87 203 257 288 308 13 63 315 9 11 64 417 25 27 276 5 43 45 65 106 169 387 47 429 72 95 144 258 88 48 138 259 71 74 112 171 287 289 444 416 55 156 163 469 118 217 451 135 178 256 278 223 282 202 141 263 316 346 334 2 36 114 370 361 4 0 3 32 115 41 17 56 59 20 49 86 116 164 230 21 90 448 51 97 145 206 317 142 91 200 318 67 75 125 170 232 345 347 410 447 42 82 102 219 224 120 68 176 277 188 239 309 336 283 340 262 204 322 371 398 6 12 14 76 172 15 7 16 66 173 83 38 103 107 50 92 139 174 225 290 52 146 94 96 151 207 266 372 205 147 260 373 119 126 184 231 292 397 399 33 78 129 157 279 284 179 121 237 335 249 299 365 389 341 393 321 264 377 418 439 22 34 37 127 233 39 23 40 117 234 131 79 158 165 93 148 201 235 285 348 98 208 122 150 213 267 325 419 265 209 319 420 69 177 185 245 291 350 438 130 189 220 337 342 240 180 297 388 310 356 413 432 394 435 376 323 423 452 53 70 77 186 293 80 54 81 175 294 191 132 221 226 149 210 261 295 343 152 268 181 212 273 326 380 453 324 269 374 123 238 246 305 349 402 190 250 280 390 395 300 241 354 431 366 406 449 461 436 422 378 456 99 124 128 247 351 133 100 134 236 252 192 281 286 211 270 320 214 327 242 272 332 381 426 379 328 182 298 306 362 401 251 311 338 433 357 301 404 460 414 445 470 455 424 153 183 187 307 193 154 194 313 253 339 271 329 274 382 302 331 386 427 243 355 363 312 367 391 407 358 443 450 468 215 244 248 254 216 369 314 333 359 385 303 405 368 415 446 408 275 304 409 360 
403 464 412 62 442 352 364 29 463 441 476 111 411 444 71 73 112 465 396 296 10 308 13 63 437 466 477 104 462 467 155 57 162 430 35 410 67 75 108 113 170 440 473 400 344 26 353 255 1 28 30 334 2 36 114 472 159 479 160 161 434 101 469 118 217 105 223 429 458 72 74 448 361 447 33 94 119 126 143 166 171 231 454 60 392 8 58 375 24 315 9 11 61 64 387 276 6 12 14 76 172 475 136 167 471 195 218 222 416 55 156 478 120 68 176 277 163 283 459 51 428 89 21 97 125 69 122 177 185 84 198 109 227 232 291 421 417 25 27 106 330 18 31 370 4 0 3 32 110 115 22 34 37 127 233 474 196 197 228 451 457 135 178 256 278 282 42 82 102 219 179 121 237 335 224 341 95 96 383 47 144 52 151 184 123 181 238 246 44 137 258 168 287 292 349 425 384 41 17 56 59 164 5 43 45 65 15 7 16 66 169 173 53 70 77 186 293 140 87 203 257 288 188 239 309 336 340 78 129 157 279 240 180 297 388 284 394 145 150 19 90 206 98 213 245 182 242 298 306 85 199 317 229 345 350 401 46 83 38 103 107 225 20 49 86 116 39 23 40 117 230 234 99 124 128 247 351 202 141 263 316 346 249 299 365 389 393 130 189 220 337 300 241 354 431 342 436 207 212 48 146 266 152 273 305 243 302 355 363 88 138 259 372 289 397 402 131 79 158 165 285 50 92 139 174 80 54 81 175 290 294 153 183 187 307 262 204 322 371 398 310 356 413 432 435 190 250 280 390 357 301 404 460 395 267 272 91 208 325 214 332 362 303 359 405 142 200 318 419 347 438 191 132 221 226 343 93 148 201 235 133 100 134 236 348 215 244 248 321 264 377 418 439 366 406 449 461 251 311 338 433 407 358 443 326 331 147 268 380 274 386 360 409 205 260 373 453 399 252 192 281 286 149 210 261 295 193 154 194 275 304 376 323 423 452 414 445 470 312 367 391 446 408 381 385 209 327 426 333 265 319 420 313 253 339 211 270 320 254 216 422 378 456 450 468 368 415 427 269 382 324 374 369 314 271 329 455 424 328 379 
441 465 411 73 403 464 412 62 440 442 473 108 364 430 35 29 113 352 463 476 111 444 71 112 466 400 454 60 472 458 143 159 166 308 13 429 72 74 10 63 171 396 296 437 477 104 462 467 155 57 162 410 67 75 170 353 28 421 84 109 475 136 428 89 198 167 227 334 255 2 36 387 448 459 51 21 97 125 1 30 114 232 344 26 479 160 161 434 101 469 118 217 105 223 361 447 33 94 119 126 231 375 24 61 425 44 137 168 474 196 197 383 47 95 144 258 228 287 276 6 315 9 12 14 76 96 52 151 184 8 11 58 64 172 292 392 471 195 218 222 416 55 156 478 120 68 176 277 163 283 69 122 177 185 291 330 18 31 110 457 384 46 19 85 199 229 140 87 203 257 90 145 206 317 288 345 0 22 370 4 3 34 37 127 150 98 213 245 25 27 32 106 115 233 350 417 451 135 178 256 278 282 42 82 102 219 179 121 237 335 224 341 123 181 238 246 349 5 43 45 65 169 88 48 138 259 289 202 141 263 316 146 207 266 372 346 397 7 53 17 15 16 70 77 186 212 152 273 305 56 59 66 164 173 293 402 41 188 239 309 336 340 78 129 157 279 240 180 297 388 284 394 182 242 298 306 401 20 49 86 116 230 142 91 200 318 347 262 204 322 371 208 267 325 419 398 438 23 99 38 39 40 124 128 247 272 214 332 362 83 103 107 117 225 234 351 249 299 365 389 393 130 189 220 337 300 241 354 431 342 436 243 302 355 363 50 92 139 174 290 205 147 260 373 399 321 264 377 418 268 326 380 453 439 54 153 79 80 81 183 187 307 331 274 386 131 158 165 175 285 294 310 356 413 432 435 190 250 280 390 357 301 404 460 395 303 359 405 93 148 201 235 348 265 209 319 420 376 323 423 452 327 381 426 100 215 132 133 134 244 248 385 333 191 221 226 236 343 366 406 449 461 251 311 338 433 407 358 443 360 409 149 210 261 295 324 269 374 422 378 456 382 427 154 275 192 193 194 304 252 281 286 414 445 470 312 367 391 446 408 211 270 320 379 328 455 424 216 253 254 313 339 450 468 368 415 271 329 314 369 
408 460 405 467 446 368 360 447 461 443 436 476 409 363 444 469 118 468 391 314 416 304 410 68 433 470 435 477 395 401 464 462 155 385 448 307 412 67 478 120 176 450 455 415 339 434 369 254 370 451 42 275 361 33 121 456 479 439 463 160 343 437 402 441 111 101 217 386 427 429 94 362 248 351 364 411 71 119 474 178 179 237 424 471 286 392 55 329 417 194 315 17 82 78 333 216 334 308 12 69 180 452 475 195 399 466 104 218 294 396 57 438 442 403 62 162 156 277 426 430 382 459 387 51 122 13 35 75 177 457 140 135 239 240 297 379 295 344 25 102 271 384 41 236 255 276 4 38 129 130 6 2 34 123 241 453 472 196 256 348 420 440 465 159 161 278 352 400 26 105 73 29 112 223 219 335 458 72 328 428 95 21 96 181 36 74 126 238 425 87 202 188 299 300 354 374 320 353 296 8 56 157 330 375 43 83 9 0 15 79 189 190 22 14 70 182 301 473 454 136 203 309 60 108 167 222 336 10 28 58 163 113 63 170 283 279 388 89 97 383 47 145 52 150 242 76 125 185 298 46 141 262 249 356 357 404 421 24 1 27 103 220 5 18 49 131 3 7 39 132 250 251 53 37 124 243 358 143 84 197 263 365 109 166 228 282 389 30 61 106 224 171 114 231 341 337 431 144 151 19 90 207 98 212 302 127 184 246 355 44 88 204 321 310 406 407 31 11 59 158 280 20 45 92 191 16 23 80 192 311 312 99 77 183 303 198 137 257 322 413 168 227 288 340 432 64 110 164 284 232 172 291 394 390 206 213 48 146 267 152 272 359 186 245 306 85 142 264 376 366 445 65 32 107 221 338 50 86 148 252 40 54 133 253 367 153 128 244 258 199 316 377 449 229 287 346 393 115 169 225 342 292 233 349 266 273 91 208 326 214 331 247 305 138 205 323 422 414 116 66 165 281 93 139 210 313 81 100 193 215 187 317 259 371 423 289 345 398 173 230 285 350 293 325 332 147 268 381 274 200 265 378 174 117 226 149 201 270 134 154 372 318 418 347 397 234 290 380 209 327 260 324 235 175 211 261 419 373 269 319 
410 412 467 67 448 361 447 33 411 444 441 71 469 476 118 94 119 429 308 315 12 416 68 69 364 430 442 35 403 464 62 13 75 478 120 462 155 176 51 122 177 387 459 334 255 2 276 370 4 6 34 451 42 121 123 458 72 465 73 74 352 29 463 111 112 36 126 479 474 178 179 477 434 437 101 160 217 237 95 96 181 238 428 21 296 9 14 330 0 392 17 15 22 70 471 417 82 55 78 180 182 473 89 97 440 108 113 125 396 10 63 466 104 57 162 170 76 185 475 195 457 140 135 239 240 156 218 277 297 47 145 52 150 242 298 383 353 1 3 37 384 5 7 344 25 41 38 39 53 124 129 102 130 241 243 472 143 144 151 400 454 60 159 166 171 184 26 28 30 114 161 105 223 231 127 246 196 256 425 87 202 188 299 300 219 278 335 354 19 90 207 98 212 302 355 421 375 24 8 11 16 77 43 18 20 23 56 83 79 80 99 183 189 157 190 301 303 136 84 198 206 213 109 167 227 232 245 58 61 64 172 222 163 283 291 186 306 203 309 46 141 262 249 356 357 279 336 388 404 48 146 267 152 272 359 405 44 31 27 32 40 128 49 45 50 54 103 131 132 133 153 244 250 220 251 358 360 197 137 258 266 273 168 228 287 292 305 106 110 115 233 282 224 341 349 247 363 263 365 88 204 321 310 406 407 337 389 431 443 85 91 208 326 214 331 409 65 59 66 81 187 92 86 93 100 158 191 192 193 215 304 311 280 312 408 257 199 317 325 332 229 288 345 350 362 164 169 173 293 340 284 394 401 307 322 413 142 264 376 366 445 446 390 432 460 138 147 268 381 274 385 116 107 117 134 248 148 139 149 154 221 252 253 254 275 367 338 368 316 259 372 380 386 289 346 397 402 225 230 234 351 393 342 436 377 449 205 323 422 414 468 433 461 200 209 327 427 333 174 165 175 194 210 201 211 216 281 313 314 415 391 371 318 419 426 347 398 438 285 290 294 435 395 423 470 265 378 455 450 260 269 382 235 226 236 270 261 271 339 369 418 373 453 399 439 343 348 456 324 424 319 328 295 286 329 320 452 420 379 374 
449 407 422 468 414 432 423 470 358 445 359 446 378 381 455 450 478 367 431 393 461 418 456 479 404 312 303 408 355 331 409 443 469 324 424 380 427 474 415 471 178 338 313 390 394 460 342 398 435 433 477 373 452 475 195 253 368 244 360 447 306 405 274 385 448 467 120 269 270 379 457 327 419 332 426 382 459 140 369 451 135 239 281 391 349 436 476 285 395 397 439 463 462 160 319 347 420 453 472 196 256 193 314 416 187 304 410 68 305 363 444 215 333 386 429 94 118 179 211 328 261 329 374 425 87 458 428 95 202 339 417 434 82 188 299 226 293 401 464 155 290 343 437 350 438 399 466 104 101 218 454 473 136 203 309 154 254 370 42 247 134 248 275 361 33 121 362 307 412 67 387 430 51 122 176 240 271 383 235 320 384 421 46 141 89 47 145 262 286 392 41 55 129 249 356 175 234 351 402 441 111 217 348 294 396 57 465 440 159 161 156 278 84 143 197 263 365 216 194 315 17 78 308 334 12 69 180 411 364 71 119 21 72 96 181 237 300 330 19 295 375 43 44 88 204 144 90 207 321 344 25 83 102 189 310 406 236 403 442 62 162 277 400 352 26 105 108 60 167 222 219 336 137 198 257 322 413 276 255 4 38 130 2 6 34 123 241 35 13 75 177 52 97 150 242 297 357 5 48 353 18 49 85 142 264 206 146 267 376 296 8 56 131 157 250 366 29 73 112 223 335 28 10 58 163 166 109 228 282 279 389 199 258 316 377 0 9 15 79 190 14 22 70 182 301 74 36 126 238 98 151 212 302 354 20 91 24 45 92 138 205 323 266 208 326 1 27 103 191 220 311 63 113 170 283 388 61 30 106 224 227 168 288 340 337 259 317 371 7 3 39 132 251 37 53 124 243 125 76 185 298 152 213 272 50 147 31 86 148 200 265 325 268 11 59 158 252 280 114 171 231 341 110 64 164 284 287 229 346 318 372 23 16 80 192 77 99 183 184 127 246 214 273 93 209 65 139 210 260 32 107 221 172 232 291 169 115 225 345 289 54 40 133 128 153 245 186 149 116 201 66 165 233 292 230 173 100 81 174 117 
443 468 409 469 408 460 405 467 450 446 455 478 360 385 448 447 120 368 461 436 476 363 444 118 470 415 424 471 456 427 474 479 178 304 410 386 429 94 416 68 179 391 314 433 435 477 395 401 464 462 155 307 412 67 176 369 451 379 457 135 452 475 382 459 140 195 239 275 254 361 33 333 362 426 430 387 51 122 370 42 121 240 339 434 439 463 160 343 437 402 441 111 101 217 248 351 364 411 71 119 237 329 417 82 374 425 87 188 453 472 196 328 428 458 95 202 256 299 216 334 194 315 308 12 69 72 21 96 181 392 17 55 78 180 300 286 399 466 104 218 294 396 57 438 442 403 62 162 156 277 13 35 75 177 297 271 384 41 129 420 320 421 383 46 141 249 473 454 136 203 47 89 145 262 309 356 276 6 236 255 4 2 34 123 97 52 150 242 344 25 38 102 130 241 357 295 348 440 465 159 161 278 352 400 26 105 73 29 112 223 219 335 36 74 126 238 354 330 375 43 83 189 44 19 88 204 310 143 84 197 263 90 144 207 321 365 406 0 22 296 9 15 14 70 182 151 98 212 302 8 56 79 157 190 301 407 353 60 108 167 222 336 10 28 58 163 113 63 170 283 279 388 76 125 185 298 404 5 18 49 131 250 85 48 142 264 366 198 137 257 322 146 206 267 376 413 445 7 53 1 3 39 37 124 243 213 152 272 359 24 27 103 132 220 251 358 109 166 228 282 389 30 61 106 224 171 114 231 341 337 431 127 184 246 355 20 45 92 191 311 138 91 205 323 414 258 199 316 377 208 266 326 422 449 23 99 11 16 80 77 183 303 273 214 331 31 59 158 192 280 312 168 227 288 340 432 64 110 164 284 232 172 291 394 390 186 245 306 50 86 148 252 367 200 147 265 378 317 259 371 423 268 325 381 54 153 32 40 133 128 244 332 274 65 107 221 253 338 229 287 346 393 115 169 225 342 292 233 349 247 305 93 139 210 313 260 209 324 372 318 418 327 380 100 215 66 81 193 187 116 165 281 289 345 398 173 230 285 350 293 149 201 270 319 269 419 373 154 117 134 174 226 347 397 234 290 211 261 175 235 
467 416 410 68 469 476 444 118 451 447 370 42 448 361 33 120 121 478 462 464 155 412 67 176 434 471 417 82 392 315 17 55 78 429 94 308 12 69 178 179 180 479 474 477 437 101 463 441 111 160 217 411 71 119 237 457 135 384 41 129 344 25 276 4 38 102 130 387 459 51 122 334 364 255 2 6 34 123 140 239 240 241 475 195 396 57 156 466 104 403 62 162 218 277 430 442 35 13 75 177 297 425 87 188 375 43 83 189 296 8 56 330 0 9 15 79 157 190 428 21 458 95 72 96 181 14 22 70 182 196 202 256 299 300 301 472 400 26 105 219 465 159 161 352 29 73 112 223 278 335 74 36 126 238 354 383 46 141 249 353 421 18 5 49 131 250 1 24 27 103 7 3 39 132 220 251 47 52 473 89 145 97 150 242 37 53 124 243 136 203 262 309 356 357 358 454 440 28 10 58 163 279 108 60 167 222 63 113 170 283 336 388 125 76 185 298 404 19 44 88 204 310 45 20 92 191 311 11 31 59 158 23 16 80 192 280 312 90 98 143 144 207 151 212 302 77 99 183 303 197 263 321 365 406 407 408 84 61 30 106 224 337 166 109 228 282 114 171 231 341 389 431 184 127 246 355 443 48 85 142 264 366 86 50 148 252 367 32 65 107 221 54 40 133 253 338 368 146 152 198 206 267 213 272 359 128 153 244 360 137 257 322 376 413 445 446 110 64 164 284 390 227 168 288 340 172 232 291 394 432 460 245 186 306 405 91 138 205 323 414 139 93 210 313 415 66 116 165 281 100 81 193 314 391 208 214 258 266 326 273 331 409 187 215 304 199 316 377 422 449 468 169 115 225 342 433 287 229 346 393 233 292 349 436 461 305 247 363 147 200 265 378 450 201 149 270 369 117 174 226 339 154 134 254 268 274 317 325 381 332 385 248 275 259 371 423 455 470 230 173 285 395 345 289 398 435 293 350 401 362 307 209 260 324 424 261 211 329 175 235 286 216 194 327 333 372 380 427 386 318 418 456 290 234 343 397 347 439 351 402 269 319 379 320 271 236 295 382 419 426 373 452 348 294 438 399 328 374 453 420 
444 429 469 94 410 412 467 67 387 448 459 51 447 478 120 33 122 361 411 441 71 476 118 119 430 334 428 21 458 474 95 72 96 416 68 479 178 179 12 69 181 308 315 364 442 35 403 464 62 13 75 462 155 176 177 276 6 383 47 52 473 89 457 140 145 97 150 451 370 42 121 471 477 475 195 135 239 240 4 34 123 242 255 2 465 73 74 352 29 463 111 112 36 126 434 437 101 160 217 237 238 330 0 22 421 19 90 98 472 143 144 425 87 196 202 207 151 212 417 82 392 17 55 78 180 256 188 299 300 9 15 14 70 182 302 296 440 108 113 125 396 10 63 466 104 57 162 170 76 185 156 218 277 297 298 384 5 7 53 454 375 44 46 48 146 152 136 84 198 206 141 203 262 267 213 272 41 129 344 25 38 102 130 241 309 249 356 357 1 3 39 37 124 243 359 353 400 60 159 166 171 184 26 28 30 114 161 105 223 231 127 246 219 278 335 354 355 43 18 20 23 99 85 88 91 208 214 197 137 258 266 204 263 321 326 273 331 83 189 8 56 79 157 190 301 365 310 406 407 11 16 80 77 183 303 409 24 109 167 227 232 245 58 61 64 172 222 163 283 291 186 306 279 336 388 404 405 49 45 50 54 153 138 142 147 268 274 257 199 317 325 264 322 376 381 332 385 131 250 27 103 132 220 251 358 413 366 445 446 31 32 40 133 128 244 360 168 228 287 292 305 106 110 115 233 282 224 341 349 247 363 337 389 431 443 92 86 93 100 215 200 205 209 327 333 316 259 372 380 323 377 422 427 386 191 311 59 158 192 280 312 408 449 414 468 65 66 81 193 187 304 229 288 345 350 362 164 169 173 293 340 284 394 401 307 390 432 460 148 139 149 154 275 260 265 269 382 371 318 419 426 378 423 455 252 367 107 221 253 338 368 470 450 116 117 134 254 248 289 346 397 402 225 230 234 351 393 342 436 433 461 210 201 211 216 319 324 328 418 373 453 424 456 313 415 165 281 314 391 174 175 194 347 398 438 285 290 294 435 395 270 261 271 374 379 452 420 369 226 339 235 236 399 439 343 348 329 320 286 295 
414 432 423 470 445 367 378 450 431 449 393 461 422 418 456 468 479 407 338 313 415 324 424 471 390 404 394 460 342 398 435 433 477 381 455 373 452 475 446 478 195 358 359 312 281 391 253 270 369 368 451 269 379 457 135 355 443 349 436 476 285 395 397 439 463 462 160 380 331 427 474 419 319 347 420 453 472 196 409 469 178 256 303 408 226 339 434 193 314 261 329 417 416 82 327 211 328 374 425 87 188 306 405 467 293 401 464 155 290 343 437 350 438 399 466 104 101 218 332 426 274 385 382 459 140 454 473 136 203 360 448 447 120 239 309 244 175 286 392 55 154 254 370 235 320 271 384 41 42 129 383 421 46 141 249 305 363 444 118 234 247 351 402 441 111 217 348 294 396 57 465 440 159 161 156 278 386 458 215 333 429 428 95 202 84 143 197 263 304 410 94 68 179 299 365 187 134 236 295 344 25 102 216 194 315 17 375 330 43 83 78 189 19 44 88 204 310 362 307 412 67 176 403 442 62 162 277 400 352 26 105 108 60 167 222 219 336 430 89 275 387 51 47 145 262 137 198 257 322 361 33 122 121 240 356 413 248 296 353 8 56 157 276 255 4 38 18 5 49 131 130 250 48 85 142 264 366 411 364 71 119 237 29 73 112 223 335 28 10 58 163 166 109 228 282 279 389 72 144 334 21 96 90 207 321 199 258 316 377 308 12 69 181 180 300 406 1 24 27 103 220 0 9 15 79 45 20 92 191 190 311 91 138 205 323 35 13 75 177 297 63 113 170 283 388 61 30 106 224 227 168 288 340 337 97 206 6 52 150 146 267 376 259 317 371 2 34 123 242 241 357 11 31 59 158 280 7 3 39 132 86 50 148 252 251 147 200 265 74 36 126 238 354 114 171 231 341 110 64 164 284 287 229 346 151 266 22 98 212 208 326 318 372 14 70 182 302 301 32 65 107 221 23 16 80 192 139 93 210 209 260 125 76 185 298 172 232 291 169 115 225 345 289 213 325 53 152 272 268 37 124 243 66 116 165 54 40 133 201 149 184 127 246 233 292 230 173 273 99 214 77 183 117 174 100 81 245 186 153 128 
470 415 424 471 468 461 456 479 368 450 369 451 455 379 457 478 135 446 433 435 477 452 475 195 391 408 314 416 339 329 417 434 82 427 474 374 425 87 469 178 188 443 409 460 395 462 436 439 463 476 160 453 472 196 256 360 447 254 370 42 286 392 271 384 41 55 129 382 385 459 140 328 420 320 421 383 46 141 448 120 239 249 405 467 343 437 101 401 464 399 466 104 155 218 426 438 473 454 136 203 309 304 410 68 194 315 17 78 295 344 25 216 330 375 43 83 102 189 333 428 386 429 458 95 202 44 19 88 204 444 94 118 179 299 310 363 294 396 57 156 402 441 111 348 440 465 159 161 217 278 143 84 197 263 365 275 361 33 121 236 248 255 276 4 38 130 353 296 8 56 5 18 49 131 157 250 387 47 362 430 51 89 145 262 85 48 142 264 412 67 122 176 240 356 366 307 351 352 400 26 105 219 442 403 62 162 60 108 167 222 277 336 198 137 257 322 413 334 308 12 69 180 9 0 15 79 190 24 1 27 103 20 45 92 191 220 311 21 90 411 72 96 144 207 321 138 91 205 323 71 119 181 237 300 406 414 364 10 28 58 163 279 73 29 112 223 109 166 228 282 335 389 258 199 316 377 449 6 2 34 123 241 3 7 39 132 251 31 11 59 158 50 86 148 252 280 367 52 146 35 97 150 206 267 376 200 147 265 378 13 75 177 242 297 357 445 30 61 106 224 337 113 63 170 283 168 227 288 340 388 432 317 259 371 423 22 14 70 182 301 16 23 80 192 312 65 32 107 221 93 139 210 313 338 98 208 74 151 212 266 326 422 260 209 324 36 126 238 302 354 407 64 110 164 284 390 171 114 231 341 229 287 346 393 431 372 318 418 53 37 124 243 358 40 54 133 253 116 66 165 281 149 201 270 152 268 125 213 272 325 381 319 269 76 185 298 359 404 115 169 225 342 232 172 291 394 289 345 398 419 373 99 77 183 303 81 100 193 174 117 226 211 261 214 327 184 273 331 380 127 246 355 173 230 285 292 233 349 347 397 153 128 244 134 154 235 175 274 245 332 186 306 234 290 350 293 215 187 305 247 
434 471 417 82 416 462 392 55 478 451 457 135 370 384 41 42 129 447 477 437 101 344 25 102 479 469 474 178 475 425 87 195 188 315 17 375 43 83 68 78 189 467 410 476 463 160 464 396 57 155 156 296 8 56 157 448 120 459 140 239 472 196 383 46 141 256 249 276 361 4 38 330 353 421 18 5 49 131 33 121 130 250 444 118 466 104 218 441 111 400 26 105 217 219 255 352 1 24 27 103 220 429 94 179 458 95 202 299 454 136 203 428 19 44 88 204 309 310 334 0 308 12 9 15 79 45 20 92 191 67 69 176 180 190 311 412 465 159 161 278 403 62 162 440 28 10 58 163 277 279 11 31 59 158 280 387 51 122 240 473 430 89 47 145 262 356 84 143 197 263 48 85 142 264 365 366 6 7 364 2 34 3 39 132 86 50 148 252 71 119 123 237 241 251 367 411 442 108 60 167 222 336 29 73 112 223 61 30 106 224 335 337 32 65 107 221 338 21 72 96 181 300 144 90 207 321 406 137 198 257 322 91 138 205 323 413 414 22 23 13 14 70 16 80 192 139 93 210 313 75 177 182 297 301 312 415 35 166 109 228 282 389 63 113 170 283 110 64 164 284 388 390 66 116 165 281 391 52 97 150 242 357 206 146 267 376 445 199 258 316 377 147 200 265 378 449 450 53 54 36 37 124 40 133 253 201 149 270 369 74 126 238 243 354 358 368 227 168 288 340 432 114 171 231 341 169 115 225 342 431 433 117 174 226 339 98 151 212 302 407 266 208 326 422 468 259 317 371 423 209 260 324 424 470 99 100 76 77 183 81 193 314 261 211 329 125 185 298 303 404 408 287 229 346 393 461 172 232 291 394 230 173 285 395 460 175 235 286 152 213 272 359 446 325 268 381 455 318 372 418 456 269 319 379 153 154 127 128 244 134 254 320 271 184 246 355 360 443 345 289 398 435 233 292 349 436 290 234 343 236 295 214 273 331 409 380 327 427 373 419 452 328 374 215 216 186 187 304 194 245 306 405 397 347 439 293 350 401 348 294 274 332 385 426 382 420 453 275 247 248 305 363 438 399 351 402 333 386 307 362 
453 456 439 472 420 426 438 473 424 452 470 475 399 435 466 454 136 374 427 386 458 402 465 143 455 379 450 457 468 461 479 474 196 348 440 436 463 159 421 84 197 328 320 382 385 459 333 362 430 428 89 351 442 108 198 329 425 415 471 87 446 478 433 477 195 140 203 343 295 400 60 395 401 460 464 437 104 167 375 44 137 257 271 383 409 429 95 275 387 363 411 72 47 144 294 307 403 441 73 166 258 369 384 46 368 451 135 141 443 469 178 391 462 476 160 256 202 263 286 396 236 353 352 28 109 111 57 161 228 330 18 19 85 199 316 216 360 448 51 145 248 334 21 405 412 364 35 97 90 206 29 62 113 227 317 339 417 43 88 408 314 416 434 82 188 204 467 447 120 239 101 155 218 309 262 322 344 26 194 296 24 10 61 168 162 105 222 288 276 5 45 48 138 259 371 254 304 410 444 94 96 207 308 361 6 52 71 13 74 151 146 266 63 112 171 287 372 392 370 41 49 142 42 55 129 249 264 118 68 179 299 156 217 278 365 321 377 8 58 255 1 31 30 110 229 223 163 282 346 0 20 86 91 200 318 418 315 33 67 122 150 267 2 12 22 98 75 36 125 213 208 325 114 170 232 345 419 25 17 83 92 205 78 102 189 310 323 176 121 240 356 219 277 336 413 376 423 27 106 9 11 65 64 169 289 283 224 340 398 4 7 50 139 147 260 373 69 119 181 212 326 14 34 53 152 126 76 184 273 268 380 172 231 292 397 56 38 131 148 265 130 157 250 366 378 237 180 300 406 279 335 389 449 422 59 164 3 32 116 115 230 347 341 284 393 15 23 93 201 209 319 123 177 242 272 381 37 70 99 214 185 127 245 332 327 233 291 350 103 79 191 210 324 190 220 311 414 297 241 357 445 337 388 432 107 225 16 66 174 173 290 394 342 39 54 149 261 269 182 238 302 331 77 124 153 274 246 186 305 293 349 158 132 252 270 251 280 367 354 301 407 390 431 165 285 40 117 235 234 80 100 211 243 298 359 128 183 215 306 247 221 192 313 312 338 404 358 226 81 175 133 154 303 355 187 244 281 253 134 193 
420 426 438 473 452 374 399 454 427 453 386 458 439 402 465 472 143 456 328 320 421 348 440 84 382 455 385 459 333 362 430 428 89 435 466 351 442 108 475 136 198 424 470 379 271 383 329 295 375 425 44 343 400 60 137 468 474 409 429 95 275 387 363 411 72 47 144 436 461 463 159 401 294 307 403 441 73 166 479 196 197 258 450 457 216 330 19 369 384 236 353 18 46 85 395 286 396 352 28 109 199 446 478 140 360 448 51 145 248 334 21 405 412 364 35 97 90 206 460 464 433 477 437 104 167 29 62 113 227 471 195 87 203 257 317 415 254 276 5 48 339 417 43 194 296 344 24 45 88 138 26 10 61 168 259 443 469 178 202 304 408 410 444 94 96 207 308 361 6 52 71 13 74 151 146 266 476 111 391 462 160 57 161 228 63 112 171 287 451 135 256 141 263 316 372 368 314 315 255 0 20 91 392 370 41 49 1 8 31 86 142 200 58 30 110 229 318 467 447 120 239 262 33 67 122 150 267 2 12 22 98 75 36 125 213 208 325 155 162 434 101 218 105 222 288 114 170 232 345 82 188 309 204 322 371 419 416 4 9 7 50 147 25 17 83 92 11 27 65 139 205 260 106 64 169 289 373 118 68 179 299 321 69 119 181 212 326 14 34 53 152 126 76 184 273 268 380 217 223 55 156 278 163 282 346 172 231 292 397 42 129 249 365 264 377 418 15 3 23 93 209 56 38 131 148 32 59 116 201 265 319 164 115 230 347 176 121 240 356 376 123 177 242 272 381 37 70 99 214 185 127 245 332 327 277 283 102 219 336 224 340 398 233 291 350 78 189 310 413 323 423 39 16 54 149 269 103 79 191 210 66 107 174 261 324 225 173 290 237 180 300 406 422 182 238 302 331 77 124 153 274 246 186 305 335 341 157 279 389 284 393 293 349 130 250 366 449 378 80 40 100 211 158 132 252 270 117 165 235 285 234 297 241 357 445 243 298 359 128 183 215 306 247 388 394 220 337 432 342 190 311 414 133 81 154 221 192 313 175 226 354 301 407 303 355 187 244 431 280 390 251 367 193 134 281 253 404 358 338 312 
473 421 440 84 472 458 465 143 425 454 375 44 466 400 60 136 137 475 428 430 89 442 108 198 383 457 384 46 330 353 18 19 85 463 159 352 28 109 196 197 199 474 479 459 387 47 429 411 72 95 144 441 73 166 258 471 87 417 43 88 276 5 344 24 45 48 138 437 477 104 167 396 403 296 10 26 61 168 195 203 257 259 478 140 334 21 90 448 51 364 35 97 145 206 464 412 62 29 113 227 317 451 135 141 370 41 49 142 255 0 20 392 8 1 31 86 91 200 462 57 476 160 111 161 228 30 58 110 229 178 256 202 263 316 318 469 361 6 52 146 444 94 96 308 13 71 74 151 207 266 112 63 171 287 372 434 82 188 204 315 416 17 25 83 92 205 9 4 7 50 27 11 65 139 147 260 101 105 467 155 218 162 222 288 64 106 169 289 120 239 309 262 322 371 373 447 410 12 2 22 98 208 67 33 122 150 36 75 125 213 267 325 170 114 232 345 419 55 42 129 249 264 38 56 131 148 265 3 15 23 93 59 32 116 201 209 319 156 163 118 217 278 223 282 346 115 164 230 347 179 299 365 321 377 418 420 68 34 14 53 152 268 119 69 181 212 76 126 184 273 326 380 231 172 292 397 453 102 78 189 310 323 79 103 191 210 324 16 39 54 149 107 66 174 261 269 374 219 224 176 277 336 283 340 398 173 225 290 399 121 240 356 413 376 423 452 70 37 99 214 327 177 123 242 272 127 185 245 332 381 426 291 233 350 438 157 130 250 366 378 132 158 252 270 379 40 80 100 211 165 117 235 320 328 279 284 237 335 389 341 393 439 234 285 348 180 300 406 449 422 456 124 77 153 274 382 238 182 302 331 186 246 305 386 427 349 293 402 220 190 311 414 424 192 221 313 329 81 133 154 271 226 175 295 337 342 297 388 432 394 435 294 343 241 357 445 470 455 183 128 215 333 298 243 359 385 247 306 362 401 351 280 251 367 450 253 281 369 134 193 216 286 236 390 395 354 431 461 436 301 407 468 244 187 275 355 303 409 307 363 338 312 415 314 339 194 254 433 404 460 358 446 304 248 405 360 391 368 443 408 
456 427 468 474 424 452 470 475 382 455 385 459 450 446 478 457 140 379 453 439 472 461 479 196 426 328 333 428 386 409 429 458 95 415 471 443 469 178 425 87 202 374 329 420 438 473 399 435 466 454 136 433 477 195 203 271 383 275 387 47 362 430 360 448 51 89 145 368 369 451 135 408 460 405 467 447 120 239 384 46 141 262 320 421 402 465 143 348 440 436 463 159 84 197 391 395 462 476 160 256 263 216 330 19 248 334 21 90 363 411 72 304 410 444 94 96 144 207 314 416 339 417 434 82 188 118 68 179 299 375 43 44 88 204 321 295 351 442 108 198 343 400 60 401 464 437 104 167 137 257 101 155 218 309 322 254 276 5 48 307 194 308 361 6 52 146 412 364 35 97 33 67 122 150 206 267 370 42 286 392 41 55 129 249 176 121 240 356 353 18 49 85 142 264 376 236 294 403 441 73 166 258 396 352 28 109 111 57 161 228 199 316 156 217 278 365 377 315 255 0 20 91 2 12 22 98 208 71 13 74 151 69 119 181 212 266 326 17 78 344 25 83 102 189 310 237 180 300 406 24 45 92 138 205 323 422 296 29 62 113 227 317 26 10 61 168 162 105 222 288 259 371 219 277 336 413 423 4 9 7 50 147 14 34 53 152 268 75 36 125 213 123 177 242 272 325 381 38 130 8 56 131 157 250 366 297 241 357 445 1 31 86 148 200 265 378 63 112 171 287 372 58 30 110 229 223 163 282 346 318 418 279 335 389 449 15 3 23 93 209 37 70 99 214 327 126 76 184 273 182 238 302 331 380 79 190 27 103 191 220 311 414 354 301 407 11 65 139 210 260 324 114 170 232 345 419 106 64 169 289 283 224 340 398 373 337 388 432 39 16 54 149 269 77 124 153 274 185 127 245 332 243 298 359 132 251 59 158 252 280 367 404 358 32 116 201 270 319 172 231 292 397 164 115 230 347 341 284 393 390 431 80 40 100 211 128 183 215 246 186 305 303 355 192 312 107 221 313 338 66 174 261 233 291 350 225 173 290 394 342 133 81 154 187 244 306 247 253 165 281 117 235 293 349 285 234 193 134 226 175 
424 452 470 475 455 379 450 457 453 456 439 472 468 461 479 474 196 427 374 329 425 415 471 87 420 426 438 473 399 435 466 454 136 446 478 433 477 195 459 140 203 382 385 328 320 421 271 369 384 383 46 368 451 135 141 386 458 402 465 143 348 440 436 463 159 84 197 443 409 469 178 460 391 395 462 476 160 256 429 95 202 263 333 428 295 375 44 216 330 339 417 43 19 88 408 314 416 434 82 188 204 362 430 89 351 442 108 198 343 400 60 401 464 437 104 167 137 257 405 467 360 448 447 120 239 101 155 218 309 387 51 47 145 262 322 275 236 353 18 85 254 276 5 286 392 370 41 49 48 142 42 55 129 249 264 363 411 72 144 294 307 403 441 73 166 258 396 352 28 109 111 57 161 228 199 316 444 118 304 410 94 68 179 299 156 217 278 365 334 21 96 90 207 321 377 248 194 296 344 24 45 138 315 255 0 20 25 17 83 92 91 205 78 102 189 310 323 412 364 35 97 206 29 62 113 227 317 26 10 61 168 162 105 222 288 259 371 67 176 361 33 122 121 240 356 219 277 336 413 6 52 150 146 267 376 423 308 1 8 31 86 200 4 9 7 50 56 38 131 148 147 265 130 157 250 366 378 71 13 74 151 266 63 112 171 287 372 58 30 110 229 223 163 282 346 318 418 119 237 12 69 181 180 300 406 279 335 389 449 2 22 98 212 208 326 422 11 27 65 139 260 15 3 23 93 103 79 191 210 209 324 190 220 311 414 75 36 125 213 325 114 170 232 345 419 106 64 169 289 283 224 340 398 373 177 297 34 123 242 241 357 445 337 388 432 14 53 152 272 268 381 32 59 116 201 319 39 16 54 149 158 132 252 270 269 251 280 367 126 76 184 273 380 172 231 292 397 164 115 230 347 341 284 393 238 354 70 182 302 301 407 390 431 37 99 214 331 327 66 107 174 261 80 40 100 211 221 192 313 312 338 185 127 245 332 233 291 350 225 173 290 394 342 298 404 124 243 359 358 77 153 274 117 165 235 133 81 154 281 253 246 186 305 293 349 285 234 355 183 303 128 215 175 226 193 134 306 247 244 187 
475 425 471 87 474 472 479 196 383 457 384 46 478 451 135 140 141 459 454 466 136 477 195 203 421 428 330 19 375 417 43 44 88 469 178 434 82 188 95 202 204 458 429 473 440 84 465 463 159 143 197 476 160 256 263 387 47 276 5 48 353 18 370 41 49 85 142 447 448 120 239 416 462 392 55 42 129 249 51 145 262 264 430 89 400 60 137 442 108 437 104 167 198 257 467 464 155 101 218 309 322 334 21 90 255 0 20 91 344 24 45 315 17 25 83 92 138 205 410 68 444 94 118 179 299 102 78 189 310 72 96 144 207 321 323 411 352 28 109 199 441 73 166 396 57 111 161 228 258 316 217 156 278 365 377 361 6 52 146 296 308 9 4 7 50 147 8 1 31 86 38 56 131 148 200 265 33 121 412 67 122 176 240 356 157 130 250 366 35 97 150 206 267 376 378 364 403 10 26 61 168 259 62 29 113 227 105 162 222 288 317 371 277 219 336 413 423 12 2 22 98 208 3 15 23 93 209 27 11 65 139 79 103 191 210 260 324 69 180 71 119 181 237 300 406 220 190 311 414 74 151 212 266 326 422 424 13 30 58 110 229 318 112 63 171 287 163 223 282 346 372 418 335 279 389 449 456 34 14 53 152 268 16 39 54 149 269 59 32 116 201 132 158 252 270 319 379 123 241 75 177 242 297 357 445 280 251 367 450 36 125 213 272 325 381 455 64 106 169 289 373 170 114 232 345 224 283 340 398 419 452 388 337 432 470 70 37 99 214 327 40 80 100 211 328 107 66 174 261 192 221 313 329 374 182 301 126 238 302 354 407 468 338 312 415 76 184 273 331 380 427 115 164 230 347 420 231 172 292 397 284 341 393 439 453 431 390 461 124 77 153 274 382 81 133 154 271 165 117 235 320 253 281 369 243 358 185 298 359 404 446 391 368 127 245 332 385 426 173 225 290 399 291 233 350 438 342 394 435 460 433 183 128 215 333 134 193 216 226 175 295 314 339 303 408 246 355 409 443 186 305 386 234 285 348 349 293 402 395 436 244 187 275 194 254 286 236 360 306 405 247 362 294 343 401 351 304 248 363 307 
428 473 430 89 459 383 387 47 472 458 465 143 429 411 72 95 144 474 421 330 19 334 21 90 454 475 466 136 440 442 108 84 198 448 51 364 35 97 140 145 206 457 478 425 375 44 384 276 5 46 48 361 6 52 146 479 196 463 159 197 400 60 441 73 166 137 258 444 469 94 96 412 308 403 13 71 74 151 178 202 207 266 471 87 353 18 85 417 43 255 0 20 88 91 410 315 12 2 22 98 208 477 195 203 437 104 167 257 352 28 109 464 62 29 113 227 199 317 467 67 447 120 33 122 150 36 75 125 213 135 239 141 262 267 325 451 344 24 45 138 370 41 49 296 9 4 7 50 142 147 34 14 53 152 268 476 160 256 263 396 462 57 111 161 228 316 10 26 61 168 112 63 171 287 259 372 118 119 416 68 179 69 181 212 76 126 184 273 82 188 299 204 321 326 380 434 392 8 1 31 86 200 17 25 83 92 3 15 23 93 205 209 70 37 99 214 327 155 101 218 309 322 105 162 222 288 371 30 58 110 229 170 114 232 345 318 419 176 177 42 121 240 123 242 272 127 185 245 332 129 249 356 264 376 381 426 55 27 11 65 139 260 38 56 131 148 16 39 54 149 265 269 124 77 153 274 382 217 156 278 365 377 163 223 282 346 418 64 106 169 289 231 172 292 397 373 453 237 238 78 180 300 182 302 331 186 246 305 386 102 189 310 406 323 422 427 59 32 116 201 319 79 103 191 210 40 80 100 211 324 328 183 128 215 333 277 219 336 413 423 224 283 340 398 452 115 164 230 347 291 233 350 438 420 297 298 130 241 357 243 359 385 247 306 362 157 250 366 445 378 455 107 66 174 261 374 132 158 252 270 81 133 154 271 379 244 187 275 335 279 389 449 456 284 341 393 439 173 225 290 399 349 293 402 354 355 190 301 407 303 409 307 363 220 311 414 468 424 165 117 235 320 192 221 313 329 134 193 216 304 248 388 337 432 470 342 394 435 234 285 348 401 351 404 405 251 358 446 360 280 367 450 226 175 295 253 281 369 194 254 431 390 461 395 436 294 343 443 312 408 338 415 286 236 314 339 460 433 368 391 
458 474 429 95 428 473 430 89 457 459 478 140 387 448 51 47 145 383 472 465 143 411 72 144 475 425 471 87 479 469 178 196 202 334 21 444 94 96 19 90 207 421 330 454 466 136 440 442 108 84 198 364 35 97 206 384 46 451 135 141 477 195 447 120 239 203 262 361 276 6 52 410 412 467 67 33 122 150 5 48 146 267 375 44 463 159 197 400 60 441 73 166 137 258 308 403 13 71 74 151 266 417 43 88 434 82 188 204 476 160 256 416 68 118 179 299 263 321 315 12 255 0 2 22 98 119 69 181 212 18 20 85 91 208 326 353 437 104 167 257 352 28 109 464 62 29 113 227 199 317 36 75 125 213 325 370 41 49 142 462 392 55 42 129 249 264 155 101 218 309 121 176 240 356 322 376 4 34 296 9 7 14 53 152 177 123 242 272 24 45 50 138 147 268 381 344 396 57 111 161 228 316 10 26 61 168 112 63 171 287 259 372 76 126 184 273 380 17 25 83 92 205 102 78 189 310 323 217 156 278 365 180 237 300 406 377 422 15 70 1 3 23 37 99 214 238 182 302 331 31 86 93 200 209 327 427 8 105 162 222 288 371 30 58 110 229 170 114 232 345 318 419 127 185 245 332 426 38 56 131 148 265 157 130 250 366 378 277 219 336 413 241 297 357 445 423 455 39 124 11 16 54 77 153 274 298 243 359 385 27 65 139 149 260 269 382 163 223 282 346 418 64 106 169 289 231 172 292 397 373 453 186 246 305 386 79 103 191 210 324 220 190 311 414 424 335 279 389 449 301 354 407 468 456 80 183 32 40 100 128 215 333 355 303 409 59 116 201 211 319 328 224 283 340 398 452 115 164 230 347 291 233 350 438 420 247 306 362 132 158 252 270 379 280 251 367 450 388 337 432 470 358 404 446 133 244 66 81 154 187 275 405 360 107 174 261 271 374 284 341 393 439 173 225 290 399 349 293 402 307 363 192 221 313 329 338 312 415 431 390 461 408 443 193 304 117 134 216 248 165 235 320 342 394 435 234 285 348 401 351 253 281 369 391 368 460 433 254 175 194 226 295 395 436 294 343 314 339 236 286 
461 443 436 476 433 470 435 477 408 460 405 467 395 401 464 462 155 391 468 456 479 439 463 160 446 368 360 447 409 363 444 469 118 343 437 402 441 111 434 101 217 415 339 450 455 478 424 452 475 471 195 399 466 104 218 314 416 304 410 68 385 448 307 412 67 120 176 294 286 396 57 351 438 362 442 403 62 162 392 55 156 277 369 451 427 474 178 379 457 453 472 196 135 256 348 420 440 465 159 161 278 254 370 42 275 361 33 121 386 429 94 248 364 411 71 119 179 237 236 352 295 344 400 26 105 73 29 112 223 417 25 82 102 219 335 329 382 459 140 239 374 425 87 426 473 454 136 203 188 309 60 108 167 222 336 194 315 17 78 333 216 334 308 12 69 180 430 387 51 122 13 35 75 177 240 297 296 10 320 353 8 28 58 163 113 63 170 283 384 41 56 129 157 279 388 271 328 428 458 95 202 299 421 383 46 141 143 84 197 263 249 365 109 166 228 282 389 255 276 4 38 130 6 2 34 123 241 72 21 96 181 36 74 126 238 300 354 1 30 375 24 27 61 106 224 171 114 231 341 43 83 103 189 220 337 431 330 47 89 145 262 356 44 19 88 204 198 137 257 322 310 413 168 227 288 340 432 9 0 15 79 190 22 14 70 182 301 97 52 150 242 76 125 185 298 357 404 11 64 18 31 59 110 164 284 232 172 291 394 5 49 131 158 250 280 390 90 144 207 321 406 85 48 142 264 258 199 316 377 366 449 229 287 346 393 3 7 39 132 251 53 37 124 243 358 151 98 212 302 127 184 246 355 407 32 115 45 65 107 169 225 342 292 233 349 20 92 191 221 311 338 146 206 267 376 445 138 91 205 323 317 259 371 423 414 289 345 398 16 23 80 192 312 99 77 183 303 213 152 272 359 186 245 306 66 173 86 116 165 230 285 350 293 50 148 252 281 367 208 266 326 422 200 147 265 378 372 318 418 347 397 40 54 133 253 153 128 244 273 214 331 247 305 117 234 139 174 226 290 93 210 313 268 325 381 260 209 324 419 373 81 100 193 215 187 332 274 175 201 235 149 270 327 380 319 269 134 154 261 211 
433 470 435 477 460 391 395 462 468 461 456 479 436 439 463 476 160 443 415 339 434 343 437 101 450 446 455 478 424 452 475 471 195 401 464 399 466 104 467 155 218 408 405 368 369 451 314 286 392 416 55 294 396 57 156 409 469 427 474 178 379 457 453 472 196 135 256 402 363 441 111 438 348 420 440 465 159 161 444 118 217 278 360 447 329 417 82 254 370 295 344 25 42 102 351 236 352 400 26 105 219 385 448 120 382 459 140 239 374 425 87 426 473 454 136 203 188 309 362 442 307 412 403 62 162 60 108 167 222 410 67 68 176 277 336 304 271 384 41 129 194 315 17 320 353 296 8 56 78 157 10 28 58 163 279 386 429 94 179 328 333 428 458 95 202 299 421 383 46 141 143 84 197 263 249 365 411 73 248 364 71 29 112 223 109 166 228 282 361 33 119 121 237 335 389 275 216 330 375 43 83 189 255 276 4 38 24 1 27 103 130 220 30 61 106 224 337 430 387 51 122 240 47 89 145 262 356 44 19 88 204 198 137 257 322 310 413 35 113 308 13 75 63 170 283 168 227 288 340 12 69 177 180 297 388 432 334 5 18 49 131 250 9 0 15 79 31 11 59 158 190 280 64 110 164 284 390 72 21 96 181 300 90 144 207 321 406 85 48 142 264 258 199 316 377 366 449 74 171 2 36 126 114 231 341 229 287 346 393 6 34 123 238 241 354 431 20 45 92 191 311 3 7 39 132 65 32 107 221 251 338 115 169 225 342 97 52 150 242 357 146 206 267 376 445 138 91 205 323 317 259 371 423 414 125 232 14 76 185 172 291 394 289 345 398 22 70 182 298 301 404 50 86 148 252 367 16 23 80 192 116 66 165 281 312 173 230 285 151 98 212 302 407 208 266 326 422 200 147 265 378 372 318 418 184 292 37 127 246 233 349 347 397 53 124 243 355 358 93 139 210 313 40 54 133 253 174 117 226 234 290 213 152 272 359 268 325 381 260 209 324 419 373 245 350 77 186 306 293 99 183 303 149 201 270 81 100 193 235 175 273 214 331 327 380 319 269 305 128 247 153 244 211 261 134 154 332 274 187 215 
477 434 437 101 476 479 463 160 416 462 392 55 464 396 57 155 156 467 471 475 195 466 104 218 451 447 370 42 417 344 25 82 102 441 111 400 26 105 118 217 219 469 444 478 457 135 474 472 196 178 256 465 159 161 278 410 68 315 17 78 384 41 296 8 56 129 157 403 412 62 162 352 440 353 28 10 58 163 67 176 277 279 448 120 425 87 188 459 140 454 136 203 239 309 442 473 108 60 167 222 336 361 33 121 276 4 38 130 375 43 83 255 1 24 27 103 189 220 364 29 411 71 73 112 223 61 30 106 224 94 119 179 237 335 337 429 383 46 141 249 458 95 202 421 84 143 197 263 299 365 166 109 228 282 389 308 12 69 180 330 334 0 9 15 79 190 18 5 49 131 11 31 59 158 250 280 13 63 430 35 75 113 170 283 110 64 164 284 51 122 177 240 297 388 390 387 428 19 44 88 204 310 89 47 145 262 137 198 257 322 356 413 227 168 288 340 432 2 6 34 123 241 7 3 39 132 251 45 20 92 191 32 65 107 221 311 338 36 114 72 74 126 171 231 341 169 115 225 342 96 181 238 300 354 431 433 21 48 85 142 264 366 144 90 207 321 199 258 316 377 406 449 287 229 346 393 461 14 22 70 182 301 23 16 80 192 312 86 50 148 252 66 116 165 281 367 391 76 172 97 125 185 232 291 394 230 173 285 395 52 150 242 298 357 404 460 91 138 205 323 414 206 146 267 376 259 317 371 423 445 470 345 289 398 435 37 53 124 243 358 54 40 133 253 368 139 93 210 313 117 174 226 339 415 127 233 151 184 246 292 349 436 290 234 343 98 212 302 355 407 443 147 200 265 378 450 266 208 326 422 318 372 418 456 468 397 347 439 77 99 183 303 408 100 81 193 314 201 149 270 369 175 235 286 186 293 213 245 306 350 401 348 294 152 272 359 405 446 209 260 324 424 325 268 381 455 373 419 452 438 399 128 153 244 360 154 134 254 261 211 329 236 295 247 351 273 305 363 402 214 331 409 269 319 379 380 327 427 420 453 187 215 304 216 194 320 271 307 332 362 274 385 328 374 426 382 248 275 386 333 
437 466 477 104 464 396 462 57 465 463 472 159 476 479 160 111 161 441 400 344 26 434 101 105 440 442 473 108 454 475 136 60 167 467 155 471 195 218 62 162 222 403 412 352 353 28 296 392 8 10 58 416 55 156 163 411 73 458 143 166 421 84 474 196 197 109 228 469 444 118 217 478 451 457 135 178 256 278 71 112 223 282 364 29 375 24 61 255 1 417 25 27 30 106 447 370 42 82 102 219 224 430 35 113 428 89 198 227 425 44 137 459 140 87 203 257 168 288 448 120 410 67 68 176 277 188 239 309 336 13 75 63 170 283 340 308 330 18 31 110 315 9 11 384 41 17 56 59 64 164 78 129 157 279 284 429 72 74 171 383 387 47 95 144 258 287 46 19 85 199 202 141 263 316 229 346 94 179 361 33 119 121 237 335 249 299 365 389 2 36 126 114 231 341 393 334 276 5 43 45 65 169 4 0 3 32 83 38 103 107 115 225 130 189 220 337 342 51 21 97 125 232 90 145 206 317 345 88 48 138 259 262 204 322 371 289 398 122 240 12 69 177 180 297 388 310 356 413 432 14 76 185 172 291 394 435 6 20 49 86 116 230 15 7 16 66 131 79 158 165 173 285 190 250 280 390 395 96 52 151 184 292 146 207 266 372 397 142 91 200 318 321 264 377 418 347 439 181 300 34 123 238 241 354 431 366 406 449 461 22 37 127 246 233 349 436 50 92 139 174 290 39 23 40 117 191 132 221 226 234 343 251 311 338 433 150 98 213 245 350 208 267 325 419 438 205 147 260 373 376 323 423 452 399 242 357 70 182 298 301 404 460 414 445 470 53 77 186 306 293 401 93 148 201 235 348 80 54 81 175 252 192 281 286 294 312 367 391 212 152 273 305 402 268 326 380 453 265 209 319 420 422 378 456 302 407 124 243 355 358 443 450 468 99 128 247 363 351 149 210 261 295 133 100 134 236 313 253 339 368 415 272 214 332 362 327 381 426 324 269 374 455 424 359 446 183 303 405 408 153 187 307 211 270 320 193 154 194 369 314 331 274 386 382 427 379 328 409 244 360 215 248 271 329 254 216 385 333 304 275 
463 441 476 111 437 466 477 104 403 464 412 62 462 467 155 57 162 396 465 472 159 479 160 161 442 352 364 29 411 444 71 73 112 434 101 469 118 217 26 105 223 400 344 440 473 108 454 475 136 60 167 471 195 218 222 296 10 308 13 63 430 35 410 67 75 113 170 416 392 55 156 447 478 448 120 68 176 277 8 58 163 283 353 28 458 143 166 421 84 474 196 197 109 228 451 457 135 178 256 278 282 255 1 30 334 2 36 114 429 72 74 361 33 94 119 126 171 231 370 42 417 25 82 102 219 179 121 237 335 24 27 61 106 224 341 375 428 89 198 227 425 44 137 459 140 87 203 257 168 288 188 239 309 336 340 315 9 11 64 387 276 6 12 14 76 172 51 21 97 125 69 122 177 185 232 291 17 78 384 41 56 129 157 279 240 180 297 388 18 31 59 110 164 284 394 330 383 47 95 144 258 287 46 19 85 199 202 141 263 316 229 346 249 299 365 389 393 4 0 3 32 115 22 34 37 127 233 96 52 151 184 123 181 238 246 292 349 38 130 43 83 103 189 220 337 300 241 354 431 45 65 107 169 225 342 436 5 90 145 206 317 345 88 48 138 259 262 204 322 371 289 398 310 356 413 432 435 15 7 16 66 173 53 70 77 186 293 150 98 213 245 182 242 298 306 350 401 79 190 49 131 158 250 280 390 357 301 404 460 20 86 116 165 230 285 395 146 207 266 372 397 142 91 200 318 321 264 377 418 347 439 366 406 449 461 39 23 40 117 234 99 124 128 247 351 212 152 273 305 243 302 355 363 402 132 251 92 191 221 311 338 433 407 358 443 50 139 174 226 290 343 208 267 325 419 438 205 147 260 373 376 323 423 452 399 414 445 470 80 54 81 175 294 153 183 187 307 272 214 332 362 303 359 405 192 312 148 252 281 367 391 446 408 93 201 235 286 348 268 326 380 453 265 209 319 420 422 378 456 450 468 133 100 134 236 215 244 248 331 274 386 360 409 253 368 210 313 339 415 149 261 295 327 381 426 324 269 374 455 424 193 154 194 275 304 385 333 314 270 369 211 320 382 427 379 328 254 216 329 271 
440 442 473 108 466 400 454 60 441 465 411 73 472 458 143 159 166 463 352 353 28 421 84 109 403 464 412 62 364 430 35 29 113 475 136 428 89 198 104 167 227 437 477 396 296 10 344 375 24 26 61 425 44 137 168 476 111 444 71 112 308 13 429 72 74 63 171 474 479 196 197 459 383 387 47 95 144 258 160 161 228 287 462 57 255 1 30 392 8 330 18 31 58 110 457 384 46 19 85 199 229 467 155 162 410 67 75 170 334 2 36 448 51 21 97 125 114 232 478 140 471 195 87 203 257 90 145 206 317 101 218 105 222 288 345 434 315 9 11 64 417 25 27 276 5 43 45 65 106 169 88 48 138 259 289 469 118 217 223 361 447 33 94 119 126 231 6 12 14 76 96 52 151 184 172 292 178 202 451 135 256 141 263 316 146 207 266 372 55 156 278 163 282 346 397 416 370 4 0 3 32 115 41 17 56 59 20 49 86 116 164 230 142 91 200 318 347 120 68 176 277 283 69 122 177 185 291 22 34 37 127 150 98 213 245 233 350 239 262 82 188 309 204 322 371 208 267 325 419 102 219 336 224 340 398 438 42 15 7 16 66 173 83 38 103 107 50 92 139 174 225 290 205 147 260 373 399 179 121 237 335 341 123 181 238 246 349 53 70 77 186 212 152 273 305 293 402 299 321 129 249 365 264 377 418 268 326 380 453 78 157 279 389 284 393 439 39 23 40 117 234 131 79 158 165 93 148 201 235 285 348 265 209 319 420 240 180 297 388 394 182 242 298 306 401 99 124 128 247 272 214 332 362 351 356 376 189 310 413 323 423 452 327 381 426 130 220 337 432 342 435 80 54 81 175 294 191 132 221 226 149 210 261 295 343 324 269 374 300 241 354 431 436 243 302 355 363 153 183 187 307 331 274 386 406 422 250 366 449 378 456 382 427 190 280 390 461 395 133 100 134 236 252 192 281 286 211 270 320 379 328 357 301 404 460 303 359 405 215 244 248 385 333 445 455 311 414 470 424 251 338 433 193 154 194 313 253 339 271 329 407 358 443 360 409 275 304 468 367 450 312 391 254 216 369 314 446 408 415 368 
465 463 472 159 440 442 473 108 437 466 477 104 454 475 136 60 167 400 441 411 73 458 143 166 464 396 462 57 476 479 160 111 161 421 84 474 196 197 28 109 228 352 353 403 412 62 364 430 35 29 113 428 89 198 227 344 26 434 101 105 467 155 471 195 218 162 222 425 375 44 137 457 459 478 140 87 203 257 24 61 168 288 296 10 444 71 112 308 13 429 72 74 63 171 383 387 47 95 144 258 287 392 8 58 416 55 156 163 469 118 217 451 135 178 256 278 223 282 384 46 330 18 19 85 199 202 141 263 316 1 31 30 110 229 346 255 410 67 75 170 334 2 36 448 51 21 97 125 114 232 90 145 206 317 345 417 25 27 106 447 370 42 82 102 219 224 120 68 176 277 188 239 309 336 283 340 43 88 276 5 45 48 138 259 262 204 322 371 9 11 65 64 169 289 398 315 361 33 94 119 126 231 6 12 14 76 96 52 151 184 172 292 146 207 266 372 397 41 17 56 59 164 78 129 157 279 284 179 121 237 335 249 299 365 389 341 393 49 142 0 20 86 91 200 318 321 264 377 418 3 32 116 115 230 347 439 4 69 122 177 185 291 22 34 37 127 150 98 213 245 233 350 208 267 325 419 438 83 38 103 107 225 130 189 220 337 342 240 180 297 388 310 356 413 432 394 435 92 205 7 50 139 147 260 373 376 323 423 452 15 16 66 174 173 290 399 123 181 238 246 349 53 70 77 186 212 152 273 305 293 402 268 326 380 453 131 79 158 165 285 190 250 280 390 395 300 241 354 431 366 406 449 461 436 148 265 23 93 201 209 319 420 422 378 456 39 40 117 235 234 348 182 242 298 306 401 99 124 128 247 272 214 332 362 351 327 381 426 191 132 221 226 343 251 311 338 433 357 301 404 460 414 445 470 210 324 54 149 261 269 374 455 424 80 81 175 295 294 243 302 355 363 153 183 187 307 331 274 386 382 427 252 192 281 286 312 367 391 407 358 443 450 468 270 379 100 211 320 328 133 134 236 303 359 405 215 244 248 385 333 313 253 339 368 415 446 408 329 154 271 193 194 360 409 275 304 369 314 216 254 
469 476 444 118 447 478 448 120 462 467 464 155 410 412 67 68 176 416 479 474 178 429 94 179 477 434 437 101 463 441 111 160 217 361 33 411 71 119 42 121 237 451 370 471 475 195 457 459 140 135 239 387 51 122 240 392 55 396 57 156 466 104 403 62 162 218 277 308 315 12 69 364 430 442 35 13 75 177 17 78 180 297 417 82 472 196 256 425 87 458 95 202 188 299 334 428 21 72 96 181 300 344 25 102 400 26 105 219 465 159 161 352 29 73 112 223 278 335 255 2 276 4 6 34 123 74 36 126 238 41 38 129 130 241 354 384 454 136 203 309 383 46 141 473 89 47 145 262 249 356 52 97 150 242 357 296 8 56 157 440 353 28 10 58 163 279 108 60 167 222 63 113 170 283 336 388 9 14 330 0 15 22 70 182 125 76 185 298 43 83 79 189 190 301 404 375 421 84 143 197 263 365 19 44 88 204 144 90 207 321 310 406 98 151 212 302 407 1 24 27 103 220 61 30 106 224 337 166 109 228 282 114 171 231 341 389 431 3 37 5 7 39 53 124 243 184 127 246 355 49 131 132 250 251 358 443 18 137 198 257 322 413 48 85 142 264 206 146 267 376 366 445 152 213 272 359 446 11 31 59 158 280 110 64 164 284 390 227 168 288 340 172 232 291 394 432 460 16 77 20 23 80 99 183 303 245 186 306 405 45 92 191 192 311 312 408 199 258 316 377 449 91 138 205 323 266 208 326 422 414 468 214 273 331 409 32 65 107 221 338 169 115 225 342 433 287 229 346 393 233 292 349 436 461 40 128 50 54 133 153 244 360 305 247 363 86 148 252 253 367 368 259 317 371 423 470 147 200 265 378 325 268 381 455 450 274 332 385 66 116 165 281 391 230 173 285 395 345 289 398 435 293 350 401 81 187 93 100 193 215 304 362 307 139 210 313 314 415 318 372 418 456 209 260 324 424 380 327 427 333 386 117 174 226 339 290 234 343 397 347 439 351 402 134 248 149 154 254 275 201 270 369 373 419 452 269 319 379 426 382 175 235 286 348 294 438 399 194 211 216 261 329 420 453 328 374 236 295 271 320 
450 446 455 478 470 415 424 471 443 468 409 469 456 427 474 479 178 461 368 369 451 379 457 135 408 460 405 467 360 385 448 447 120 452 475 382 459 140 477 195 239 433 435 391 314 416 339 329 417 434 82 374 425 87 188 436 476 363 444 118 304 410 386 429 94 68 179 453 439 472 196 426 328 333 428 458 95 202 463 160 256 299 395 462 254 370 42 286 392 271 384 41 55 129 420 320 421 383 46 141 249 401 464 155 307 412 67 176 275 361 33 362 430 387 51 122 121 240 438 473 399 466 454 136 203 47 89 145 262 437 104 101 218 309 356 343 194 315 17 78 295 344 25 216 330 375 43 83 102 189 44 19 88 204 310 402 441 111 217 248 351 364 411 71 119 237 334 308 12 69 72 21 96 181 180 300 465 143 348 440 159 84 197 263 90 144 207 321 396 57 161 156 278 365 406 294 236 255 276 4 38 130 353 296 8 56 5 18 49 131 157 250 85 48 142 264 366 442 403 62 162 277 13 35 75 177 297 6 2 34 123 97 52 150 242 241 357 108 198 400 60 167 137 257 322 146 206 267 376 26 105 222 219 336 413 445 352 9 0 15 79 190 24 1 27 103 20 45 92 191 220 311 138 91 205 323 414 73 29 112 223 335 36 74 126 238 354 22 14 70 182 151 98 212 302 301 407 166 258 28 109 228 199 316 377 208 266 326 422 10 58 163 282 279 389 449 3 7 39 132 251 31 11 59 158 50 86 148 252 280 367 200 147 265 378 113 63 170 283 388 76 125 185 298 404 53 37 124 243 213 152 272 359 358 227 317 61 168 288 259 371 423 268 325 381 30 106 224 340 337 432 16 23 80 192 312 65 32 107 221 93 139 210 313 338 260 209 324 171 114 231 341 431 127 184 246 355 99 77 183 303 273 214 331 287 372 110 229 346 318 418 327 380 64 164 284 393 390 40 54 133 253 116 66 165 281 149 201 270 319 269 232 172 291 394 186 245 306 153 128 244 332 274 345 419 169 289 398 373 115 225 342 81 100 193 174 117 226 211 261 292 233 349 247 305 215 187 397 230 347 173 285 134 154 235 175 350 293 290 234 
447 478 448 120 467 416 410 68 479 469 474 178 444 429 94 118 179 476 451 370 42 361 33 121 471 477 475 195 457 459 140 135 239 412 67 387 51 122 155 176 240 462 464 434 417 82 392 315 17 55 78 308 12 69 180 463 160 472 196 256 425 87 458 95 202 188 299 411 441 71 119 430 334 428 21 72 96 181 111 217 237 300 437 101 384 41 129 344 25 276 4 38 102 130 364 255 2 6 34 123 241 466 104 218 454 136 203 309 383 46 141 473 89 47 145 262 249 356 442 35 403 62 13 75 177 52 97 150 242 57 162 156 277 297 357 396 375 43 83 189 296 8 56 330 0 9 15 79 157 190 14 22 70 182 301 465 159 161 278 421 440 84 143 197 263 365 19 44 88 204 144 90 207 321 310 406 73 74 352 29 112 36 126 238 98 151 212 302 26 105 223 219 335 354 407 400 353 18 5 49 131 250 1 24 27 103 7 3 39 132 220 251 37 53 124 243 358 108 60 167 222 336 137 198 257 322 413 48 85 142 264 206 146 267 376 366 445 113 125 10 63 170 76 185 298 152 213 272 359 58 163 283 279 388 404 446 28 45 20 92 191 311 11 31 59 158 23 16 80 192 280 312 77 99 183 303 408 166 109 228 282 389 199 258 316 377 449 91 138 205 323 266 208 326 422 414 468 171 184 30 114 231 127 246 355 214 273 331 409 61 106 224 341 337 431 443 86 50 148 252 367 32 65 107 221 54 40 133 253 338 368 128 153 244 360 227 168 288 340 432 259 317 371 423 470 147 200 265 378 325 268 381 455 450 232 245 64 172 291 186 306 405 274 332 385 110 164 284 394 390 460 139 93 210 313 415 66 116 165 281 100 81 193 314 391 187 215 304 287 229 346 393 461 318 372 418 456 209 260 324 424 380 327 427 292 305 115 233 349 247 363 333 386 169 225 342 436 433 201 149 270 369 117 174 226 339 154 134 254 248 275 345 289 398 435 373 419 452 269 319 379 426 382 350 362 173 293 401 307 230 285 395 261 211 329 175 235 286 216 194 397 347 439 420 453 328 374 402 234 351 290 343 320 271 236 295 438 399 294 348 
468 461 456 479 450 446 455 478 433 470 435 477 424 452 475 471 195 415 443 409 469 427 474 178 460 391 395 462 436 439 463 476 160 379 457 453 472 196 451 135 256 368 369 408 405 467 360 385 448 447 120 382 459 140 239 339 434 343 437 101 401 464 399 466 104 155 218 374 329 425 87 420 426 438 473 454 136 203 417 82 188 309 314 416 363 444 118 304 410 386 429 94 68 179 328 333 428 458 95 202 299 286 392 55 294 396 57 156 402 441 111 348 440 465 159 161 217 278 320 421 271 384 383 46 141 143 84 197 263 370 41 42 129 249 365 254 307 412 67 176 275 361 33 362 430 387 51 122 121 240 47 89 145 262 356 295 344 25 102 351 236 352 400 26 105 219 442 403 62 162 60 108 167 222 277 336 375 44 216 330 43 19 88 204 198 137 257 322 315 17 83 78 189 310 413 194 248 364 411 71 119 237 334 308 12 69 72 21 96 181 180 300 90 144 207 321 406 353 296 8 56 157 10 28 58 163 279 73 29 112 223 109 166 228 282 335 389 18 85 276 5 49 48 142 264 258 199 316 377 4 38 131 130 250 366 449 255 13 35 75 177 297 6 2 34 123 97 52 150 242 241 357 146 206 267 376 445 24 1 27 103 220 30 61 106 224 337 113 63 170 283 168 227 288 340 388 432 45 138 0 20 92 91 205 323 317 259 371 423 9 15 79 191 190 311 414 36 74 126 238 354 22 14 70 182 151 98 212 302 301 407 208 266 326 422 31 11 59 158 280 64 110 164 284 390 171 114 231 341 229 287 346 393 431 86 200 7 50 148 147 265 378 372 318 418 3 39 132 252 251 367 76 125 185 298 404 53 37 124 243 213 152 272 359 358 268 325 381 65 32 107 221 338 115 169 225 342 232 172 291 394 289 345 398 139 260 23 93 210 209 324 419 373 16 80 192 313 312 127 184 246 355 99 77 183 303 273 214 331 327 380 116 66 165 281 173 230 285 292 233 349 347 397 201 319 54 149 270 269 40 133 253 186 245 306 153 128 244 332 274 174 117 226 234 290 350 293 261 100 211 81 193 247 305 215 187 235 175 154 134 
478 451 457 135 479 469 474 178 434 471 417 82 475 425 87 195 188 477 447 448 120 459 140 239 416 462 392 55 370 384 41 42 129 472 196 383 46 141 160 256 249 476 463 467 410 68 444 429 94 118 179 458 95 202 299 437 101 344 25 102 315 17 375 43 83 78 189 454 466 136 203 421 428 330 19 44 88 204 104 218 309 310 464 155 361 33 121 412 67 387 51 122 176 240 473 430 89 47 145 262 356 396 57 156 296 8 56 157 276 4 38 353 18 5 49 131 130 250 440 84 465 159 143 197 263 48 85 142 264 111 161 217 278 365 366 441 308 12 69 180 411 71 119 334 21 72 96 181 237 300 144 90 207 321 406 400 26 105 219 255 352 1 24 27 103 220 0 9 15 79 45 20 92 191 190 311 60 137 442 108 167 198 257 322 91 138 205 323 62 162 222 277 336 413 414 403 364 2 6 34 123 241 35 13 75 177 52 97 150 242 297 357 206 146 267 376 445 28 10 58 163 279 11 31 59 158 280 7 3 39 132 86 50 148 252 251 367 109 199 73 166 228 258 316 377 147 200 265 378 112 223 282 335 389 449 450 29 14 22 70 182 301 74 36 126 238 98 151 212 302 354 407 266 208 326 422 468 61 30 106 224 337 32 65 107 221 338 23 16 80 192 139 93 210 313 312 415 168 259 113 227 288 317 371 423 209 260 324 424 63 170 283 340 388 432 470 37 53 124 243 358 125 76 185 298 152 213 272 359 404 446 325 268 381 455 110 64 164 284 390 66 116 165 281 391 54 40 133 253 201 149 270 369 368 229 318 171 287 346 372 418 456 269 319 379 114 231 341 393 431 461 77 99 183 303 408 184 127 246 355 214 273 331 409 443 380 327 427 169 115 225 342 433 117 174 226 339 100 81 193 314 261 211 329 289 373 232 345 398 419 452 328 374 172 291 394 435 460 128 153 244 360 245 186 306 405 274 332 385 426 382 230 173 285 395 175 235 286 154 134 254 320 271 347 420 292 397 439 453 233 349 436 187 215 304 305 247 363 333 386 290 234 343 236 295 216 194 399 350 438 293 401 248 275 362 307 348 294 402 351 
454 475 466 136 473 421 440 84 474 472 479 196 465 463 159 143 197 458 425 375 44 400 60 137 457 459 478 140 471 477 195 87 203 442 108 437 104 167 89 198 257 428 430 383 384 46 330 353 18 19 85 352 28 109 199 429 95 469 178 202 451 135 476 160 256 141 263 441 411 73 166 464 396 462 57 111 161 228 72 144 258 316 387 47 417 43 88 276 5 344 24 45 48 138 403 296 10 26 61 168 259 448 51 145 447 120 239 262 434 82 188 467 155 101 218 309 204 322 412 62 364 35 29 113 227 105 162 222 288 21 97 90 206 317 371 334 370 41 49 142 255 0 20 392 8 1 31 86 91 200 30 58 110 229 318 444 94 96 207 416 410 68 118 179 299 321 55 42 129 249 217 156 278 365 264 377 71 112 308 13 74 63 171 287 163 223 282 346 6 52 151 146 266 372 418 361 315 17 25 83 92 205 9 4 7 50 27 11 65 139 147 260 64 106 169 289 373 67 33 122 150 267 121 176 240 356 376 102 78 189 310 277 219 336 413 323 423 75 170 2 36 125 114 232 345 224 283 340 398 22 98 213 208 325 419 452 12 38 56 131 148 265 3 15 23 93 59 32 116 201 209 319 115 164 230 347 420 119 69 181 212 326 180 237 300 406 422 157 130 250 366 335 279 389 449 378 456 126 231 14 76 184 172 292 397 284 341 393 439 34 53 152 273 268 380 453 79 103 191 210 324 16 39 54 149 107 66 174 261 269 374 173 225 290 399 177 123 242 272 381 241 297 357 445 455 220 190 311 414 388 337 432 470 424 185 291 37 127 245 233 350 438 342 394 435 70 99 214 332 327 426 132 158 252 270 379 40 80 100 211 165 117 235 320 328 234 285 348 238 182 302 331 427 301 354 407 468 280 251 367 450 431 390 461 246 349 77 186 305 293 402 395 436 124 153 274 386 382 192 221 313 329 81 133 154 271 226 175 295 294 343 298 243 359 385 358 404 446 338 312 415 460 433 306 401 128 247 362 351 183 215 333 253 281 369 134 193 216 286 236 355 303 409 408 443 391 368 363 187 307 244 275 314 339 194 254 405 360 248 304 
472 458 465 143 454 475 466 136 428 473 430 89 440 442 108 84 198 421 474 479 196 463 159 197 459 383 387 47 429 411 72 95 144 400 60 441 73 166 44 137 258 425 375 457 478 140 471 477 195 87 203 437 104 167 257 330 19 334 21 90 448 51 364 35 97 145 206 352 353 28 109 403 464 412 62 29 113 227 18 85 199 317 384 46 469 178 202 451 135 476 160 256 141 263 396 462 57 111 161 228 316 276 5 48 361 6 52 146 444 94 96 308 13 71 74 151 207 266 296 10 344 24 26 61 168 112 63 171 287 43 45 88 138 259 372 417 447 120 239 262 434 82 188 467 155 101 218 309 204 322 105 162 222 288 371 255 0 20 91 410 315 12 2 22 98 208 67 33 122 150 36 75 125 213 267 325 1 30 392 8 31 58 110 229 170 114 232 345 41 49 86 142 200 318 419 370 416 68 118 179 299 321 55 42 129 249 217 156 278 365 264 377 163 223 282 346 418 9 4 7 50 147 34 14 53 152 268 119 69 181 212 76 126 184 273 326 380 11 64 25 27 65 106 169 289 231 172 292 397 83 92 139 205 260 373 453 17 121 176 240 356 376 102 78 189 310 277 219 336 413 323 423 224 283 340 398 452 3 15 23 93 209 70 37 99 214 327 177 123 242 272 127 185 245 332 381 426 32 115 56 59 116 164 230 347 291 233 350 438 38 131 148 201 265 319 420 180 237 300 406 422 157 130 250 366 335 279 389 449 378 456 284 341 393 439 16 39 54 149 269 124 77 153 274 382 238 182 302 331 186 246 305 386 427 66 173 103 107 174 225 290 399 349 293 402 79 191 210 261 324 374 241 297 357 445 455 220 190 311 414 388 337 432 470 424 342 394 435 40 80 100 211 328 183 128 215 333 298 243 359 385 247 306 362 117 234 158 165 235 285 348 401 351 132 252 270 320 379 301 354 407 468 280 251 367 450 431 390 461 395 436 81 133 154 271 244 187 275 355 303 409 307 363 175 294 221 226 295 343 192 313 329 358 404 446 338 312 415 460 433 134 193 216 304 248 405 360 236 281 286 253 369 408 443 391 368 194 254 339 314 
457 459 478 140 475 425 471 87 458 474 429 95 479 469 178 196 202 472 383 384 46 451 135 141 428 473 430 89 387 448 51 47 145 477 195 447 120 239 136 203 262 454 466 421 330 19 375 417 43 44 88 434 82 188 204 465 143 411 72 144 334 21 444 94 96 90 207 476 463 160 256 467 416 410 68 118 179 299 159 197 263 321 440 84 276 5 48 353 18 370 41 49 85 142 462 392 55 42 129 249 264 442 108 198 364 35 97 206 361 6 52 412 67 33 122 150 146 267 464 155 437 104 101 218 309 121 176 240 356 60 167 137 257 322 376 400 255 0 20 91 344 24 45 315 17 25 83 92 138 205 102 78 189 310 323 441 73 166 258 308 403 13 71 74 151 266 12 2 22 98 119 69 181 212 208 326 111 217 396 57 161 156 278 365 180 237 300 406 28 109 228 199 316 377 422 352 296 9 4 7 50 147 8 1 31 86 38 56 131 148 200 265 157 130 250 366 378 62 29 113 227 317 36 75 125 213 325 34 14 53 152 177 123 242 272 268 381 162 277 26 105 222 219 336 413 241 297 357 445 61 168 288 259 371 423 455 10 3 15 23 93 209 27 11 65 139 79 103 191 210 260 324 220 190 311 414 424 112 63 171 287 372 76 126 184 273 380 70 37 99 214 238 182 302 331 327 427 223 335 58 163 282 279 389 449 301 354 407 468 30 110 229 346 318 418 456 16 39 54 149 269 59 32 116 201 132 158 252 270 319 379 280 251 367 450 170 114 232 345 419 127 185 245 332 426 124 77 153 274 298 243 359 385 382 283 388 106 224 340 337 432 470 358 404 446 64 169 289 398 373 452 40 80 100 211 328 107 66 174 261 192 221 313 329 374 338 312 415 231 172 292 397 453 186 246 305 386 183 128 215 333 355 303 409 341 431 164 284 393 390 461 408 443 115 230 347 439 420 81 133 154 271 165 117 235 320 253 281 369 391 368 291 233 350 438 247 306 362 244 187 275 405 360 394 460 225 342 435 433 173 290 399 134 193 216 226 175 295 314 339 349 293 402 307 363 304 248 436 285 395 234 348 194 254 286 236 401 351 343 294 
474 472 479 196 457 459 478 140 454 475 466 136 471 477 195 87 203 425 458 429 95 469 178 202 473 421 440 84 465 463 159 143 197 451 135 476 160 256 46 141 263 383 384 428 430 89 387 448 51 47 145 447 120 239 262 375 44 400 60 137 442 108 437 104 167 198 257 434 417 82 188 462 467 464 155 101 218 309 43 88 204 322 330 19 411 72 144 334 21 444 94 96 90 207 416 410 68 118 179 299 321 353 18 85 352 28 109 199 441 73 166 396 57 111 161 228 258 316 392 55 370 41 42 129 249 217 156 278 365 5 49 48 142 264 377 276 364 35 97 206 361 6 52 412 67 33 122 150 146 267 121 176 240 356 376 344 24 45 138 403 296 10 26 61 168 259 62 29 113 227 105 162 222 288 317 371 25 102 315 17 83 78 189 310 277 219 336 413 0 20 92 91 205 323 423 255 308 13 71 74 151 266 12 2 22 98 119 69 181 212 208 326 180 237 300 406 422 8 1 31 86 200 30 58 110 229 318 112 63 171 287 163 223 282 346 372 418 56 157 4 38 131 130 250 366 335 279 389 449 7 50 148 147 265 378 456 9 36 75 125 213 325 34 14 53 152 177 123 242 272 268 381 241 297 357 445 455 27 11 65 139 260 64 106 169 289 373 170 114 232 345 224 283 340 398 419 452 103 220 15 79 191 190 311 414 388 337 432 470 3 23 93 210 209 324 424 76 126 184 273 380 70 37 99 214 238 182 302 331 327 427 301 354 407 468 59 32 116 201 319 115 164 230 347 420 231 172 292 397 284 341 393 439 453 158 280 39 132 252 251 367 450 431 390 461 16 54 149 270 269 379 127 185 245 332 426 124 77 153 274 298 243 359 385 382 358 404 446 107 66 174 261 374 173 225 290 399 291 233 350 438 342 394 435 221 338 80 192 313 312 415 460 433 40 100 211 329 328 186 246 305 386 183 128 215 333 355 303 409 408 443 165 117 235 320 234 285 348 349 293 402 395 436 281 391 133 253 369 368 81 154 271 247 306 362 244 187 275 405 360 226 175 295 294 343 401 351 339 193 314 134 216 307 363 304 248 286 236 254 194 
462 467 464 155 477 434 437 101 469 476 444 118 463 441 111 160 217 479 416 392 55 396 57 156 447 478 448 120 410 412 67 68 176 466 104 403 62 162 195 218 277 471 475 451 370 42 417 344 25 82 102 400 26 105 219 474 178 429 94 179 361 33 411 71 119 121 237 465 472 159 161 442 352 364 29 73 112 223 196 256 278 335 457 135 315 17 78 384 41 296 8 56 129 157 440 353 28 10 58 163 279 459 140 239 387 51 122 240 308 12 69 430 35 13 75 177 180 297 473 108 454 136 60 167 222 63 113 170 283 87 203 188 309 336 388 425 276 4 38 130 375 43 83 255 1 24 27 103 189 220 61 30 106 224 337 458 95 202 299 334 428 21 72 96 181 300 2 6 34 123 74 36 126 238 241 354 143 166 421 84 197 109 228 282 114 171 231 341 46 141 263 249 365 389 431 383 330 0 9 15 79 190 18 5 49 131 11 31 59 158 250 280 110 64 164 284 390 89 47 145 262 356 52 97 150 242 357 14 22 70 182 125 76 185 298 301 404 198 227 44 137 257 168 288 340 172 232 291 394 88 204 322 310 413 432 460 19 7 3 39 132 251 45 20 92 191 32 65 107 221 311 338 169 115 225 342 433 144 90 207 321 406 98 151 212 302 407 37 53 124 243 184 127 246 355 358 443 258 287 85 199 316 229 346 393 233 292 349 436 48 142 264 377 366 449 461 23 16 80 192 312 86 50 148 252 66 116 165 281 367 391 230 173 285 395 206 146 267 376 445 152 213 272 359 446 77 99 183 303 245 186 306 405 408 317 345 138 259 371 289 398 435 293 350 401 91 205 323 423 414 470 54 40 133 253 368 139 93 210 313 117 174 226 339 415 290 234 343 266 208 326 422 468 214 273 331 409 128 153 244 360 305 247 363 372 397 200 318 418 347 439 351 402 147 265 378 456 450 100 81 193 314 201 149 270 369 175 235 286 348 294 325 268 381 455 274 332 385 187 215 304 362 307 419 438 260 373 452 399 209 324 424 154 134 254 261 211 329 236 295 380 327 427 333 386 248 275 453 319 420 269 379 216 194 320 271 426 382 374 328 
476 479 463 160 462 467 464 155 471 477 475 195 437 466 104 101 218 434 469 444 118 441 111 217 478 451 457 135 474 472 196 178 256 396 57 465 159 161 55 156 278 416 392 447 448 120 410 412 67 68 176 403 62 162 277 417 82 425 87 188 459 140 454 136 203 239 309 400 344 26 105 440 442 473 108 60 167 222 25 102 219 336 370 42 429 94 179 361 33 411 71 119 121 237 352 364 29 73 112 223 335 384 41 129 383 46 141 249 458 95 202 421 84 143 197 263 299 365 353 28 296 8 10 58 163 166 109 228 282 17 56 78 157 279 389 315 387 51 122 240 308 12 69 430 35 13 75 177 180 297 63 113 170 283 388 375 43 83 189 428 330 19 44 88 204 310 89 47 145 262 137 198 257 322 356 413 24 61 255 1 27 30 106 224 227 168 288 340 4 38 103 130 220 337 432 276 334 21 72 96 181 300 2 6 34 123 74 36 126 238 241 354 114 171 231 341 431 18 5 49 131 250 48 85 142 264 366 144 90 207 321 199 258 316 377 406 449 31 110 9 11 59 64 164 284 287 229 346 393 15 79 158 190 280 390 461 0 52 97 150 242 357 14 22 70 182 125 76 185 298 301 404 172 232 291 394 460 45 20 92 191 311 91 138 205 323 414 206 146 267 376 259 317 371 423 445 470 65 169 3 32 107 115 225 342 345 289 398 435 7 39 132 221 251 338 433 98 151 212 302 407 37 53 124 243 184 127 246 355 358 443 233 292 349 436 86 50 148 252 367 147 200 265 378 450 266 208 326 422 318 372 418 456 468 116 230 16 66 165 173 285 395 397 347 439 23 80 192 281 312 391 152 213 272 359 446 77 99 183 303 245 186 306 405 408 293 350 401 139 93 210 313 415 209 260 324 424 325 268 381 455 373 419 452 174 290 40 117 226 234 343 438 399 54 133 253 339 368 214 273 331 409 128 153 244 360 305 247 363 351 402 201 149 270 369 269 319 379 380 327 427 420 453 235 348 81 175 286 294 100 193 314 274 332 385 187 215 304 362 307 261 211 329 328 374 426 382 295 134 236 154 254 333 386 248 275 320 271 194 216 
479 469 474 178 471 477 475 195 447 478 448 120 457 459 140 135 239 451 476 463 160 472 196 256 467 416 410 68 444 429 94 118 179 425 87 458 95 202 82 188 299 434 417 462 464 155 437 466 104 101 218 454 136 203 309 370 42 361 33 121 412 67 387 51 122 176 240 383 384 46 141 428 473 430 89 47 145 262 41 129 249 356 392 55 441 111 217 396 57 465 159 161 156 278 421 440 84 143 197 263 365 315 17 78 308 12 69 180 411 71 119 334 21 72 96 181 237 300 330 19 375 43 44 88 204 144 90 207 321 25 83 102 189 310 406 344 403 62 162 277 400 26 105 442 108 60 167 222 219 336 137 198 257 322 413 276 4 38 130 364 255 2 6 34 123 241 35 13 75 177 52 97 150 242 297 357 5 48 353 18 49 85 142 264 206 146 267 376 8 56 131 157 250 366 445 296 352 29 73 112 223 335 28 10 58 163 166 109 228 282 279 389 199 258 316 377 449 0 9 15 79 190 14 22 70 182 301 74 36 126 238 98 151 212 302 354 407 20 91 24 45 92 138 205 323 266 208 326 422 27 103 191 220 311 414 468 1 63 113 170 283 388 61 30 106 224 227 168 288 340 337 432 259 317 371 423 470 7 3 39 132 251 37 53 124 243 358 125 76 185 298 152 213 272 359 404 446 50 147 31 86 148 200 265 378 325 268 381 455 11 59 158 252 280 367 450 114 171 231 341 431 110 64 164 284 287 229 346 393 390 461 318 372 418 456 23 16 80 192 312 77 99 183 303 408 184 127 246 355 214 273 331 409 443 93 209 65 139 210 260 324 424 380 327 427 32 107 221 313 338 415 172 232 291 394 460 169 115 225 342 345 289 398 435 433 373 419 452 54 40 133 253 368 128 153 244 360 245 186 306 405 274 332 385 149 269 116 201 270 319 379 426 382 66 165 281 369 391 233 292 349 436 230 173 285 395 397 347 439 420 453 100 81 193 314 187 215 304 305 247 363 333 386 211 328 174 261 329 374 117 226 339 293 350 401 290 234 343 438 399 154 134 254 248 275 362 307 271 235 320 175 286 351 402 348 294 216 194 295 236 
471 477 475 195 478 451 457 135 476 479 463 160 474 472 196 178 256 469 434 417 82 425 87 188 462 467 464 155 437 466 104 101 218 459 140 454 136 203 120 239 309 447 448 416 392 55 370 384 41 42 129 383 46 141 249 444 118 441 111 217 396 57 465 159 161 156 278 458 429 95 202 473 421 440 84 143 197 263 94 179 299 365 410 68 344 25 102 315 17 375 43 83 78 189 428 330 19 44 88 204 310 412 67 176 403 62 162 277 400 26 105 442 108 60 167 222 219 336 430 89 387 51 47 145 262 137 198 257 322 33 122 121 240 356 413 361 296 8 56 157 276 4 38 353 18 5 49 131 130 250 48 85 142 264 366 411 71 119 237 352 364 29 73 112 223 335 28 10 58 163 166 109 228 282 279 389 72 144 334 21 96 90 207 321 199 258 316 377 12 69 181 180 300 406 449 308 255 1 24 27 103 220 0 9 15 79 45 20 92 191 190 311 91 138 205 323 414 35 13 75 177 297 63 113 170 283 388 61 30 106 224 227 168 288 340 337 432 97 206 6 52 150 146 267 376 259 317 371 423 34 123 242 241 357 445 470 2 11 31 59 158 280 7 3 39 132 86 50 148 252 251 367 147 200 265 378 450 74 36 126 238 354 114 171 231 341 431 110 64 164 284 287 229 346 393 390 461 151 266 22 98 212 208 326 422 318 372 418 456 14 70 182 302 301 407 468 32 65 107 221 338 23 16 80 192 139 93 210 313 312 415 209 260 324 424 125 76 185 298 404 172 232 291 394 460 169 115 225 342 345 289 398 435 433 213 325 53 152 272 268 381 455 373 419 452 37 124 243 359 358 446 66 116 165 281 391 54 40 133 253 201 149 270 369 368 269 319 379 184 127 246 355 443 233 292 349 436 230 173 285 395 397 347 439 273 380 99 214 331 327 427 420 453 77 183 303 409 408 117 174 226 339 100 81 193 314 261 211 329 328 374 245 186 306 405 293 350 401 290 234 343 438 399 332 426 153 274 385 382 128 244 360 175 235 286 154 134 254 320 271 305 247 363 351 402 348 294 386 215 333 187 304 236 295 216 194 362 307 275 248 
